frame_idx,video_epoch,cloud_ordinal,cloud_delta_s,n_points_exported
0,1785426647.603766,19,0.09983968734741211,2106
3,1785426647.7037659,19,-0.00016021728515625,2106
6,1785426647.803766,19,-0.10016036033630371,2106
9,1785426647.903766,20,0.0013437271118164062,2087
12,1785426648.003766,20,-0.09865641593933105,2087
15,1785426648.103766,21,-0.000415802001953125,2057
18,1785426648.2037659,21,-0.10041570663452148,2057
21,1785426648.303766,22,0.0007045269012451172,2058
24,1785426648.403766,23,0.09543466567993164,2996
27,1785426648.503766,23,-0.00456547737121582,2996
30,1785426648.603766,24,0.09745335578918457,2073
33,1785426648.7037659,24,-0.002546548843383789,2073
36,1785426648.803766,25,0.09984731674194336,2079
39,1785426648.903766,25,-0.000152587890625,2079
42,1785426649.003766,25,-0.10015273094177246,2079
45,1785426649.103766,26,0.0009343624114990234,2019
48,1785426649.2037659,27,0.09642338752746582,2064
51,1785426649.303766,27,-0.0035767555236816406,2064
54,1785426649.403766,28,0.09781265258789062,2064
57,1785426649.503766,28,-0.002187490463256836,2064
60,1785426649.603766,29,0.10070967674255371,2071
63,1785426649.7037659,29,0.0007097721099853516,2071
66,1785426649.803766,29,-0.09929037094116211,2071
69,1785426649.903766,30,0.001256704330444336,2017
72,1785426650.003766,31,0.09646916389465332,2064
75,1785426650.103766,31,-0.003530740737915039,2064
78,1785426650.2037659,32,0.09781670570373535,2067
81,1785426650.303766,32,-0.0021834373474121094,2067
84,1785426650.403766,33,0.10080671310424805,2056
87,1785426650.503766,33,0.0008065700531005859,2056
90,1785426650.603766,33,-0.09919333457946777,2056
93,1785426650.7037659,34,0.0013866424560546875,2061
96,1785426650.803766,34,-0.09861350059509277,2061
99,1785426650.903766,35,0.0005784034729003906,2054
102,1785426651.003766,35,-0.09942173957824707,2054
105,1785426651.103766,36,0.0013227462768554688,2054
108,1785426651.2037659,36,-0.09867715835571289,2054
111,1785426651.303766,37,0.0011055469512939453,2085
114,1785426651.403766,37,-0.09889435768127441,2085
117,1785426651.503766,38,0.0013539791107177734,2070
120,1785426651.603766,39,0.09663677215576172,2044
123,1785426651.7037659,39,-0.0033631324768066406,2044
126,1785426651.803766,40,0.09948015213012695,2065
129,1785426651.903766,40,-0.0005197525024414062,2065
132,1785426652.003766,40,-0.10051989555358887,2065
135,1785426652.103766,41,0.0013408660888671875,2052
138,1785426652.2037659,42,0.09463119506835938,2052
141,1785426652.303766,42,-0.005368947982788086,2052
144,1785426652.403766,43,0.09700131416320801,2076
147,1785426652.503766,43,-0.002998828887939453,2076
150,1785426652.603766,44,0.09891676902770996,2073
153,1785426652.7037659,44,-0.0010831356048583984,2073
156,1785426652.803766,44,-0.10108327865600586,2073
159,1785426652.903766,45,0.0013892650604248047,2058
162,1785426653.003766,46,0.09540247917175293,2003
165,1785426653.103766,46,-0.00459742546081543,2003
168,1785426653.2037659,47,0.09792685508728027,2003
171,1785426653.303766,47,-0.0020732879638671875,2003
174,1785426653.403766,48,0.09975028038024902,2042
177,1785426653.503766,48,-0.0002498626708984375,2042
180,1785426653.603766,48,-0.1002497673034668,2042
183,1785426653.7037659,49,0.001422882080078125,2022
186,1785426653.803766,50,0.09571647644042969,2013
189,1785426653.903766,50,-0.004283428192138672,2013
192,1785426654.003766,51,0.1015925407409668,2060
195,1785426654.103766,51,0.0015926361083984375,2060
198,1785426654.2037659,51,-0.09840726852416992,2060
201,1785426654.303766,52,0.0004177093505859375,2071
204,1785426654.403766,52,-0.09958219528198242,2071
207,1785426654.503766,53,0.001600027084350586,2085
210,1785426654.603766,53,-0.09839987754821777,2085
213,1785426654.7037659,54,0.0007863044738769531,2107
216,1785426654.803766,54,-0.09921383857727051,2107
219,1785426654.903766,55,0.0014421939849853516,2107
222,1785426655.003766,55,-0.09855794906616211,2107
225,1785426655.103766,56,-0.0002224445343017578,2117
228,1785426655.2037659,56,-0.10022234916687012,2117
231,1785426655.303766,57,0.001443624496459961,2025
234,1785426655.403766,58,0.09563946723937988,2044
237,1785426655.503766,58,-0.004360675811767578,2044
240,1785426655.603766,59,0.09790635108947754,2074
243,1785426655.7037659,59,-0.0020935535430908203,2074
246,1785426655.803766,60,0.10080385208129883,2074
249,1785426655.903766,60,0.0008039474487304688,2074
252,1785426656.003766,60,-0.09919619560241699,2074
255,1785426656.103766,61,0.0015070438385009766,2074
258,1785426656.2037659,62,0.09649276733398438,2058
261,1785426656.303766,62,-0.003507375717163086,2058
264,1785426656.403766,63,0.09872889518737793,2075
267,1785426656.503766,63,-0.0012712478637695312,2075
270,1785426656.603766,63,-0.10127115249633789,2075
273,1785426656.7037659,64,0.0014772415161132812,2068
276,1785426656.803766,65,0.09516072273254395,2015
279,1785426656.903766,65,-0.004839181900024414,2015
282,1785426657.003766,66,0.09685730934143066,2015
285,1785426657.103766,66,-0.0031425952911376953,2015
288,1785426657.2037659,67,0.09867429733276367,2065
291,1785426657.303766,67,-0.001325845718383789,2065
294,1785426657.403766,67,-0.10132575035095215,2065
297,1785426657.503766,68,0.0016646385192871094,2059
300,1785426657.603766,68,-0.09833526611328125,2059
303,1785426657.7037659,69,-0.0011279582977294922,2068
306,1785426657.803766,69,-0.10112810134887695,2068
309,1785426657.903766,70,0.0015263557434082031,2118
312,1785426658.003766,70,-0.09847378730773926,2118
315,1785426658.103766,71,-0.0013556480407714844,2067
318,1785426658.2037659,72,0.10111880302429199,2067
321,1785426658.303766,72,0.0011186599731445312,2067
324,1785426658.403766,72,-0.09888124465942383,2067
327,1785426658.503766,73,-2.384185791015625e-07,2042
330,1785426658.603766,74,0.09677743911743164,2060
333,1785426658.7037659,74,-0.0032224655151367188,2060
336,1785426658.803766,75,0.10000443458557129,2066
339,1785426658.903766,75,4.5299530029296875e-06,2066
342,1785426659.003766,75,-0.09999561309814453,2066
345,1785426659.103766,76,0.0012083053588867188,2071
348,1785426659.2037659,77,0.09487557411193848,2001
351,1785426659.303766,77,-0.005124568939208984,2001
354,1785426659.403766,78,0.09740447998046875,2066
357,1785426659.503766,78,-0.002595663070678711,2066
360,1785426659.603766,79,0.10082316398620605,2066
363,1785426659.7037659,79,0.0008232593536376953,2066
366,1785426659.803766,79,-0.09917688369750977,2066
369,1785426659.903766,80,0.0012655258178710938,2963
372,1785426660.003766,81,0.0958566665649414,2016
375,1785426660.103766,81,-0.004143238067626953,2016
378,1785426660.2037659,82,0.09777355194091797,2042
381,1785426660.303766,82,-0.002226591110229492,2042
384,1785426660.403766,83,0.10039806365966797,2048
387,1785426660.503766,83,0.0003979206085205078,2048
390,1785426660.603766,83,-0.09960198402404785,2048
393,1785426660.7037659,84,0.0014269351959228516,2996
396,1785426660.803766,85,0.09687924385070801,2996
399,1785426660.903766,85,-0.0031206607818603516,2996
402,1785426661.003766,86,0.10138511657714844,2996
405,1785426661.103766,86,0.0013852119445800781,2996
408,1785426661.2037659,86,-0.09861469268798828,2996
411,1785426661.303766,87,0.0002052783966064453,2647
414,1785426661.403766,87,-0.09979462623596191,2647
417,1785426661.503766,88,0.0017199516296386719,2357
420,1785426661.603766,88,-0.09827995300292969,2357
423,1785426661.7037659,89,0.0007815361022949219,2235
426,1785426661.803766,89,-0.09921860694885254,2235
429,1785426661.903766,90,0.0016503334045410156,2173
432,1785426662.003766,90,-0.09834980964660645,2173
435,1785426662.103766,91,0.0011301040649414062,2173
438,1785426662.2037659,91,-0.09886980056762695,2173
441,1785426662.303766,92,0.0012736320495605469,2173
444,1785426662.403766,93,0.09692859649658203,2108
447,1785426662.503766,93,-0.0030715465545654297,2108
450,1785426662.603766,94,0.09889340400695801,2193
453,1785426662.7037659,94,-0.0011065006256103516,2193
456,1785426662.803766,95,0.10099077224731445,2217
459,1785426662.903766,95,0.0009908676147460938,2217
462,1785426663.003766,96,0.09540963172912598,2128
465,1785426663.103766,96,-0.004590272903442383,2128
468,1785426663.2037659,97,0.09665870666503906,2128
471,1785426663.303766,97,-0.0033414363861083984,2128
474,1785426663.403766,98,0.10009002685546875,2128
477,1785426663.503766,98,8.988380432128906e-05,2128
480,1785426663.603766,98,-0.09991002082824707,2128
483,1785426663.7037659,99,0.001466512680053711,2331
486,1785426663.803766,100,0.09541654586791992,2322
489,1785426663.903766,100,-0.0045833587646484375,2322
492,1785426664.003766,101,0.09733438491821289,2329
495,1785426664.103766,101,-0.0026655197143554688,2329
498,1785426664.2037659,102,0.10059642791748047,2244
501,1785426664.303766,102,0.0005962848663330078,2244
504,1785426664.403766,102,-0.09940361976623535,2244
507,1785426664.503766,103,0.0014698505401611328,2223
510,1785426664.603766,103,-0.09853005409240723,2223
513,1785426664.7037659,104,-0.0008633136749267578,2315
516,1785426664.803766,104,-0.10086345672607422,2315
519,1785426664.903766,105,0.001554250717163086,2315
522,1785426665.003766,105,-0.09844589233398438,2315
525,1785426665.103766,106,-0.0006706714630126953,2222
528,1785426665.2037659,106,-0.10067057609558105,2222
531,1785426665.303766,107,0.0012433528900146484,2267
534,1785426665.403766,107,-0.09875655174255371,2267
537,1785426665.503766,108,0.0009589195251464844,2085
540,1785426665.603766,109,0.09754657745361328,2039
543,1785426665.7037659,109,-0.002453327178955078,2039
546,1785426665.803766,110,0.10015988349914551,2137
549,1785426665.903766,110,0.00015997886657714844,2137
552,1785426666.003766,110,-0.09984016418457031,2137
555,1785426666.103766,111,0.0013911724090576172,2899
558,1785426666.2037659,112,0.09546589851379395,2999
561,1785426666.303766,112,-0.004534244537353516,2999
564,1785426666.403766,113,0.09755182266235352,2050
567,1785426666.503766,113,-0.0024483203887939453,2050
570,1785426666.603766,114,0.10089278221130371,2050
573,1785426666.7037659,114,0.0008928775787353516,2050
576,1785426666.803766,114,-0.09910726547241211,2050
579,1785426666.903766,115,0.0015807151794433594,2028
582,1785426667.003766,116,0.09650659561157227,2011
585,1785426667.103766,116,-0.0034933090209960938,2011
588,1785426667.2037659,117,0.09856438636779785,2061
591,1785426667.303766,117,-0.0014357566833496094,2061
594,1785426667.403766,118,0.10126852989196777,2059
597,1785426667.503766,118,0.0012683868408203125,2059
600,1785426667.603766,119,0.09445714950561523,2989
603,1785426667.7037659,119,-0.005542755126953125,2989
606,1785426667.803766,120,0.09684967994689941,2051
609,1785426667.903766,120,-0.0031502246856689453,2051
612,1785426668.003766,121,0.10226941108703613,2051
615,1785426668.103766,121,0.0022695064544677734,2051
618,1785426668.2037659,121,-0.09773039817810059,2051
621,1785426668.303766,122,0.0007452964782714844,2099
624,1785426668.403766,122,-0.09925460815429688,2099
627,1785426668.503766,123,0.001615285873413086,2075
630,1785426668.603766,123,-0.09838461875915527,2075
633,1785426668.7037659,124,0.0013840198516845703,2087
636,1785426668.803766,125,0.0982065200805664,2059
639,1785426668.903766,125,-0.0017933845520019531,2059
642,1785426669.003766,126,0.10114264488220215,2078
645,1785426669.103766,126,0.001142740249633789,2078
648,1785426669.2037659,127,0.09483504295349121,2996
651,1785426669.303766,127,-0.00516510009765625,2996
654,1785426669.403766,128,0.09734940528869629,2996
657,1785426669.503766,128,-0.002650737762451172,2996
660,1785426669.603766,129,0.10001707077026367,2996
663,1785426669.7037659,129,1.71661376953125e-05,2996
666,1785426669.803766,129,-0.09998297691345215,2996
669,1785426669.903766,130,0.0013208389282226562,2075
672,1785426670.003766,131,0.09531712532043457,2003
675,1785426670.103766,131,-0.004682779312133789,2003
678,1785426670.2037659,132,0.0973970890045166,2075
681,1785426670.303766,132,-0.0026030540466308594,2075
684,1785426670.403766,133,0.09996271133422852,2075
687,1785426670.503766,133,-3.743171691894531e-05,2075
690,1785426670.603766,133,-0.1000373363494873,2075
693,1785426670.7037659,134,0.0014462471008300781,2026
696,1785426670.803766,135,0.09608697891235352,2026
699,1785426670.903766,135,-0.003912925720214844,2026
702,1785426671.003766,136,0.09761548042297363,2066
705,1785426671.103766,136,-0.0023844242095947266,2066
708,1785426671.2037659,137,0.0995016098022461,2061
711,1785426671.303766,137,-0.0004985332489013672,2061
714,1785426671.403766,137,-0.10049843788146973,2061
717,1785426671.503766,138,0.0014157295227050781,2897
720,1785426671.603766,138,-0.09858417510986328,2897
723,1785426671.7037659,139,0.0005006790161132812,2749
726,1785426671.803766,139,-0.09949946403503418,2749
729,1785426671.903766,140,0.0014057159423828125,2582
732,1785426672.003766,140,-0.09859442710876465,2582
735,1785426672.103766,141,0.0011758804321289062,2591
738,1785426672.2037659,141,-0.09882402420043945,2591
741,1785426672.303766,142,0.0015108585357666016,2588
744,1785426672.403766,142,-0.09848904609680176,2588
747,1785426672.503766,143,0.00010514259338378906,2618
750,1785426672.603766,144,0.09756278991699219,2616
753,1785426672.7037659,144,-0.002437114715576172,2616
756,1785426672.803766,145,0.09996223449707031,2619
759,1785426672.903766,145,-3.7670135498046875e-05,2619
762,1785426673.003766,145,-0.10003781318664551,2619
765,1785426673.103766,146,0.0013966560363769531,2604
768,1785426673.2037659,147,0.09602212905883789,2622
771,1785426673.303766,147,-0.00397801399230957,2622
774,1785426673.403766,148,0.09872937202453613,2653
777,1785426673.503766,148,-0.0012707710266113281,2653
780,1785426673.603766,148,-0.10127067565917969,2653
783,1785426673.7037659,149,0.001294851303100586,2620
786,1785426673.803766,149,-0.09870529174804688,2620
789,1785426673.903766,150,0.0015189647674560547,2578
792,1785426674.003766,151,0.09636116027832031,2658
795,1785426674.103766,151,-0.003638744354248047,2658
798,1785426674.2037659,152,0.09936690330505371,2687
801,1785426674.303766,152,-0.00063323974609375,2687
804,1785426674.403766,152,-0.10063314437866211,2687
807,1785426674.503766,153,0.0013580322265625,2625
810,1785426674.603766,154,0.0954587459564209,2693
813,1785426674.7037659,154,-0.004541158676147461,2693
816,1785426674.803766,155,0.10025358200073242,2765
819,1785426674.903766,155,0.0002536773681640625,2765
822,1785426675.003766,156,0.09972119331359863,2750
825,1785426675.103766,156,-0.00027871131896972656,2750
828,1785426675.2037659,156,-0.10027861595153809,2750
831,1785426675.303766,157,0.0014379024505615234,2785
834,1785426675.403766,157,-0.09856200218200684,2785
837,1785426675.503766,158,-0.0005755424499511719,2743
840,1785426675.603766,158,-0.10057544708251953,2743
843,1785426675.7037659,159,0.0016257762908935547,2797
846,1785426675.803766,159,-0.0983743667602539,2797
849,1785426675.903766,160,-0.000545501708984375,2772
852,1785426676.003766,160,-0.10054564476013184,2772
855,1785426676.103766,161,0.0010449886322021484,2835
858,1785426676.2037659,162,0.09531736373901367,2748
861,1785426676.303766,162,-0.004682779312133789,2748
864,1785426676.403766,163,0.09804201126098633,2851
867,1785426676.503766,163,-0.001958131790161133,2851
870,1785426676.603766,164,0.09914064407348633,2892
873,1785426676.7037659,164,-0.0008592605590820312,2892
876,1785426676.803766,164,-0.10085940361022949,2892
879,1785426676.903766,165,0.0013413429260253906,2861
882,1785426677.003766,166,0.09605669975280762,2949
885,1785426677.103766,166,-0.003943204879760742,2949
888,1785426677.2037659,167,0.09760618209838867,2043
891,1785426677.303766,167,-0.002393960952758789,2043
894,1785426677.403766,168,0.09973311424255371,2064
897,1785426677.503766,168,-0.00026702880859375,2064
900,1785426677.603766,168,-0.10026693344116211,2064
903,1785426677.7037659,169,0.00130462646484375,2073
906,1785426677.803766,170,0.09604740142822266,2082
909,1785426677.903766,170,-0.003952503204345703,2082
912,1785426678.003766,171,0.09840989112854004,2136
915,1785426678.103766,171,-0.0015900135040283203,2136
918,1785426678.2037659,172,0.0996406078338623,2118
921,1785426678.303766,172,-0.00035953521728515625,2118
924,1785426678.403766,172,-0.10035943984985352,2118
927,1785426678.503766,173,0.001573324203491211,2106
930,1785426678.603766,173,-0.09842658042907715,2106
933,1785426678.7037659,174,0.0014758110046386719,2279
936,1785426678.803766,175,0.09778451919555664,2283
939,1785426678.903766,175,-0.0022153854370117188,2283
942,1785426679.003766,176,0.10042572021484375,2436
945,1785426679.103766,176,0.0004258155822753906,2436
948,1785426679.2037659,176,-0.09957408905029297,2436
951,1785426679.303766,177,0.0013303756713867188,2473
954,1785426679.403766,177,-0.09866952896118164,2473
957,1785426679.503766,178,0.0014801025390625,2543
960,1785426679.603766,179,0.09768104553222656,2729
963,1785426679.7037659,179,-0.002318859100341797,2729
966,1785426679.803766,180,0.0998685359954834,2898
969,1785426679.903766,180,-0.00013136863708496094,2898
972,1785426680.003766,180,-0.10013151168823242,2898
975,1785426680.103766,181,0.001466989517211914,2988
978,1785426680.2037659,182,0.09634613990783691,2413
981,1785426680.303766,182,-0.003654003143310547,2413
984,1785426680.403766,183,0.09877490997314453,2431
987,1785426680.503766,183,-0.0012252330780029297,2431
990,1785426680.603766,183,-0.10122513771057129,2431
993,1785426680.7037659,184,0.0013968944549560547,2382
996,1785426680.803766,185,0.09436821937561035,2918
999,1785426680.903766,185,-0.005631685256958008,2918
1002,1785426681.003766,186,0.0968475341796875,2528
1005,1785426681.103766,186,-0.0031523704528808594,2528
1008,1785426681.2037659,187,0.09875154495239258,2121
1011,1785426681.303766,187,-0.0012485980987548828,2121
1014,1785426681.403766,188,0.10115790367126465,2961
1017,1785426681.503766,188,0.0011577606201171875,2961
1020,1785426681.603766,188,-0.09884214401245117,2961
1023,1785426681.7037659,189,0.0016279220581054688,2822
1026,1785426681.803766,189,-0.09837222099304199,2822
1029,1785426681.903766,190,0.0015246868133544922,2933
1032,1785426682.003766,190,-0.09847545623779297,2933
1035,1785426682.103766,191,-0.0010709762573242188,2899
1038,1785426682.2037659,191,-0.10107088088989258,2899
1041,1785426682.303766,192,0.0015606880187988281,2921
1044,1785426682.403766,192,-0.09843921661376953,2921
1047,1785426682.503766,193,0.0007631778717041016,2830
1050,1785426682.603766,194,0.09656333923339844,2805
1053,1785426682.7037659,194,-0.003436565399169922,2805
1056,1785426682.803766,195,0.09862971305847168,2896
1059,1785426682.903766,195,-0.0013701915740966797,2896
1062,1785426683.003766,196,0.10135340690612793,2777
1065,1785426683.103766,196,0.0013535022735595703,2777
1068,1785426683.2037659,197,0.09571266174316406,2784
1071,1785426683.303766,197,-0.0042874813079833984,2784
1074,1785426683.403766,198,0.09730219841003418,2865
1077,1785426683.503766,198,-0.0026979446411132812,2865
1080,1785426683.603766,199,0.0997467041015625,2918
1083,1785426683.7037659,199,-0.0002532005310058594,2918
1086,1785426683.803766,199,-0.10025334358215332,2918
1089,1785426683.903766,200,0.0015475749969482422,2943
1092,1785426684.003766,201,0.0957183837890625,2930
1095,1785426684.103766,201,-0.004281520843505859,2930
1098,1785426684.2037659,202,0.09851670265197754,2024
1101,1785426684.303766,202,-0.0014834403991699219,2024
1104,1785426684.403766,203,0.10144495964050293,2077
1107,1785426684.503766,203,0.0014448165893554688,2077
1110,1785426684.603766,203,-0.09855508804321289,2077
1113,1785426684.7037659,204,0.0013887882232666016,2010
1116,1785426684.803766,205,0.09637069702148438,2101
1119,1785426684.903766,205,-0.0036292076110839844,2101
1122,1785426685.003766,206,0.09862494468688965,2151
1125,1785426685.103766,206,-0.001374959945678711,2151
1128,1785426685.2037659,207,0.10041451454162598,2195
1131,1785426685.303766,207,0.0004143714904785156,2195
1134,1785426685.403766,208,0.09850931167602539,2215
1137,1785426685.503766,208,-0.0014908313751220703,2215
1140,1785426685.603766,209,0.101348876953125,2360
1143,1785426685.7037659,209,0.0013489723205566406,2360
1146,1785426685.803766,210,0.09779572486877441,2360
1149,1785426685.903766,210,-0.0022041797637939453,2360
1152,1785426686.003766,211,0.10179543495178223,2408
1155,1785426686.103766,211,0.0017955303192138672,2408
1158,1785426686.2037659,211,-0.09820437431335449,2408
1161,1785426686.303766,212,0.0005164146423339844,2467
1164,1785426686.403766,212,-0.09948348999023438,2467
1167,1785426686.503766,213,0.0005712509155273438,2407
1170,1785426686.603766,214,0.09862947463989258,2448
1173,1785426686.7037659,214,-0.0013704299926757812,2448
1176,1785426686.803766,215,0.10135102272033691,2482
1179,1785426686.903766,215,0.0013511180877685547,2482
1182,1785426687.003766,215,-0.0986490249633789,2482
1185,1785426687.103766,216,0.001485586166381836,2433
1188,1785426687.2037659,217,0.09685254096984863,2529
1191,1785426687.303766,217,-0.003147602081298828,2529
1194,1785426687.403766,218,0.09878420829772949,2578
1197,1785426687.503766,218,-0.0012159347534179688,2578
1200,1785426687.603766,218,-0.10121583938598633,2578
1203,1785426687.7037659,219,0.0014293193817138672,2577
1206,1785426687.803766,220,0.09593558311462402,2606
1209,1785426687.903766,220,-0.004064321517944336,2606
1212,1785426688.003766,221,0.09789776802062988,2720
1215,1785426688.103766,221,-0.0021021366119384766,2720
1218,1785426688.2037659,222,0.0993959903717041,2784
1221,1785426688.303766,222,-0.0006041526794433594,2784
1224,1785426688.403766,222,-0.10060405731201172,2784
1227,1785426688.503766,223,0.0013735294342041016,2807
1230,1785426688.603766,224,0.09636211395263672,2784
1233,1785426688.7037659,224,-0.0036377906799316406,2784
1236,1785426688.803766,225,0.10143542289733887,2784
1239,1785426688.903766,225,0.0014355182647705078,2784
1242,1785426689.003766,225,-0.09856462478637695,2784
1245,1785426689.103766,226,0.0009207725524902344,2924
1248,1785426689.2037659,226,-0.09907913208007812,2924
1251,1785426689.303766,227,0.0013506412506103516,2269
1254,1785426689.403766,227,-0.09864926338195801,2269
1257,1785426689.503766,228,0.0010106563568115234,2268
1260,1785426689.603766,229,0.09794163703918457,2993
1263,1785426689.7037659,229,-0.002058267593383789,2993
1266,1785426689.803766,230,0.0995173454284668,2327
1269,1785426689.903766,230,-0.0004825592041015625,2327
1272,1785426690.003766,230,-0.10048270225524902,2327
1275,1785426690.103766,231,0.0013821125030517578,2954
1278,1785426690.2037659,232,0.09635043144226074,2985
1281,1785426690.303766,232,-0.0036497116088867188,2985
1284,1785426690.403766,233,0.09802436828613281,2293
1287,1785426690.503766,233,-0.0019757747650146484,2293
1290,1785426690.603766,234,0.1019437313079834,2305
1293,1785426690.7037659,234,0.001943826675415039,2305
1296,1785426690.803766,234,-0.09805631637573242,2305
1299,1785426690.903766,235,0.001102447509765625,2860
1302,1785426691.003766,236,0.09690475463867188,2987
1305,1785426691.103766,236,-0.0030951499938964844,2987
1308,1785426691.2037659,237,0.09866714477539062,2276
1311,1785426691.303766,237,-0.001332998275756836,2276
1314,1785426691.403766,237,-0.1013329029083252,2276
1317,1785426691.503766,238,0.0015723705291748047,2293
1320,1785426691.603766,239,0.0947866439819336,2316
1323,1785426691.7037659,239,-0.005213260650634766,2316
1326,1785426691.803766,240,0.0976712703704834,2440
1329,1785426691.903766,240,-0.002328634262084961,2440
1332,1785426692.003766,241,0.09943866729736328,2484
1335,1785426692.103766,241,-0.0005612373352050781,2484
1338,1785426692.2037659,241,-0.10056114196777344,2484
1341,1785426692.303766,242,0.0014803409576416016,2551
1344,1785426692.403766,242,-0.09851956367492676,2551
1347,1785426692.503766,243,0.00023245811462402344,2619
1350,1785426692.603766,243,-0.09976744651794434,2619
1353,1785426692.7037659,244,0.0013709068298339844,2674
1356,1785426692.803766,244,-0.09862923622131348,2674
1359,1785426692.903766,245,-0.0009005069732666016,2674
1362,1785426693.003766,245,-0.10090065002441406,2674
1365,1785426693.103766,246,0.0014996528625488281,2713
1368,1785426693.2037659,246,-0.09850025177001953,2713
1371,1785426693.303766,247,0.0016193389892578125,2672
1374,1785426693.403766,248,0.09742069244384766,2619
1377,1785426693.503766,248,-0.0025794506072998047,2619
1380,1785426693.603766,249,0.09902572631835938,2726
1383,1785426693.7037659,249,-0.0009741783142089844,2726
1386,1785426693.803766,249,-0.10097432136535645,2726
1389,1785426693.903766,250,0.0014510154724121094,2783
1392,1785426694.003766,250,-0.09854912757873535,2783
1395,1785426694.103766,251,0.0017552375793457031,2844
1398,1785426694.2037659,252,0.0977792739868164,2935
1401,1785426694.303766,252,-0.0022208690643310547,2935
1404,1785426694.403766,253,0.10016870498657227,2419
1407,1785426694.503766,253,0.0001685619354248047,2419
1410,1785426694.603766,253,-0.09983134269714355,2419
1413,1785426694.7037659,254,0.0013527870178222656,2457
1416,1785426694.803766,255,0.09680461883544922,2465
1419,1785426694.903766,255,-0.0031952857971191406,2465
1422,1785426695.003766,256,0.09836387634277344,2547
1425,1785426695.103766,256,-0.0016360282897949219,2547
1428,1785426695.2037659,257,0.10086297988891602,2538
1431,1785426695.303766,257,0.0008628368377685547,2538
1434,1785426695.403766,257,-0.0991370677947998,2538
1437,1785426695.503766,258,0.0017669200897216797,2489
1440,1785426695.603766,259,0.09601807594299316,2469
1443,1785426695.7037659,259,-0.003981828689575195,2469
1446,1785426695.803766,260,0.09929394721984863,2495
1449,1785426695.903766,260,-0.0007059574127197266,2495
1452,1785426696.003766,260,-0.10070610046386719,2495
1455,1785426696.103766,261,0.0013494491577148438,2540
1458,1785426696.2037659,261,-0.09865045547485352,2540
1461,1785426696.303766,262,0.0017642974853515625,2523
1464,1785426696.403766,262,-0.0982356071472168,2523
1467,1785426696.503766,263,0.0015573501586914062,2546
1470,1785426696.603766,264,0.09815645217895508,2528
1473,1785426696.7037659,264,-0.0018434524536132812,2528
1476,1785426696.803766,265,0.1000068187713623,2594
1479,1785426696.903766,265,6.9141387939453125e-06,2594
1482,1785426697.003766,265,-0.09999322891235352,2594
1485,1785426697.103766,266,0.001798391342163086,2494
1488,1785426697.2037659,267,0.09696269035339355,2494
1491,1785426697.303766,267,-0.0030374526977539062,2494
1494,1785426697.403766,268,0.09832167625427246,2503
1497,1785426697.503766,268,-0.001678466796875,2503
1500,1785426697.603766,269,0.1013338565826416,2977
1503,1785426697.7037659,269,0.0013339519500732422,2977
1506,1785426697.803766,269,-0.09866619110107422,2977
1509,1785426697.903766,270,0.0013706684112548828,2690
1512,1785426698.003766,271,0.09735655784606934,2555
1515,1785426698.103766,271,-0.0026433467864990234,2555
1518,1785426698.2037659,272,0.09896731376647949,2482
1521,1785426698.303766,272,-0.0010328292846679688,2482
1524,1785426698.403766,272,-0.10103273391723633,2482
1527,1785426698.503766,273,0.0013849735260009766,2476
1530,1785426698.603766,273,-0.09861493110656738,2476
1533,1785426698.7037659,274,0.001920461654663086,2359
1536,1785426698.803766,275,0.09793782234191895,2381
1539,1785426698.903766,275,-0.002062082290649414,2381
1542,1785426699.003766,276,0.09938454627990723,2310
1545,1785426699.103766,276,-0.0006153583526611328,2310
1548,1785426699.2037659,276,-0.10061526298522949,2310
1551,1785426699.303766,277,0.0018718242645263672,2286
1554,1785426699.403766,277,-0.09812808036804199,2286
1557,1785426699.503766,278,0.0018284320831298828,2979
1560,1785426699.603766,279,0.09809994697570801,2870
1563,1785426699.7037659,279,-0.0018999576568603516,2870
1566,1785426699.803766,280,0.09992313385009766,2905
1569,1785426699.903766,280,-7.677078247070312e-05,2905
1572,1785426700.003766,280,-0.10007691383361816,2905
1575,1785426700.103766,281,0.0014481544494628906,2785
1578,1785426700.2037659,281,-0.09855175018310547,2785
1581,1785426700.303766,282,0.000202178955078125,2701
1584,1785426700.403766,283,0.09778499603271484,2692
1587,1785426700.503766,283,-0.002215147018432617,2692
1590,1785426700.603766,284,0.10032796859741211,2707
1593,1785426700.7037659,284,0.00032806396484375,2707
1596,1785426700.803766,284,-0.09967207908630371,2707
1599,1785426700.903766,285,0.0012993812561035156,2698
1602,1785426701.003766,286,0.09606170654296875,2769
1605,1785426701.103766,286,-0.003938198089599609,2769
1608,1785426701.2037659,287,0.09846830368041992,2717
1611,1785426701.303766,287,-0.001531839370727539,2717
1614,1785426701.403766,288,0.10033822059631348,2674
1617,1785426701.503766,288,0.0003380775451660156,2674
1620,1785426701.603766,288,-0.09966182708740234,2674
1623,1785426701.7037659,289,0.002409219741821289,2588
1626,1785426701.803766,290,0.09704375267028809,2676
1629,1785426701.903766,290,-0.0029561519622802734,2676
1632,1785426702.003766,291,0.09893679618835449,2711
1635,1785426702.103766,291,-0.0010631084442138672,2711
1638,1785426702.2037659,291,-0.10106301307678223,2711
1641,1785426702.303766,292,0.0012366771697998047,2733
1644,1785426702.403766,293,0.09485435485839844,2688
1647,1785426702.503766,293,-0.0051457881927490234,2688
1650,1785426702.603766,294,0.09670615196228027,2804
1653,1785426702.7037659,294,-0.003293752670288086,2804
1656,1785426702.803766,295,0.09850525856018066,2839
1659,1785426702.903766,295,-0.0014946460723876953,2839
1662,1785426703.003766,296,0.10074973106384277,2985
1665,1785426703.103766,296,0.0007498264312744141,2985
1668,1785426703.2037659,296,-0.09925007820129395,2985
1671,1785426703.303766,297,0.00018072128295898438,2968
1674,1785426703.403766,297,-0.09981918334960938,2968
1677,1785426703.503766,298,0.001390218734741211,2281
1680,1785426703.603766,298,-0.09860968589782715,2281
1683,1785426703.7037659,299,-0.0007812976837158203,2349
1686,1785426703.803766,299,-0.10078144073486328,2349
1689,1785426703.903766,300,0.001535177230834961,2377
1692,1785426704.003766,301,0.0951073169708252,2287
1695,1785426704.103766,301,-0.004892587661743164,2287
1698,1785426704.2037659,302,0.09788775444030762,2363
1701,1785426704.303766,302,-0.0021123886108398438,2363
1704,1785426704.403766,303,0.09939217567443848,2363
1707,1785426704.503766,303,-0.0006079673767089844,2363
1710,1785426704.603766,303,-0.10060787200927734,2363
1713,1785426704.7037659,304,0.0015311241149902344,2362
1716,1785426704.803766,305,0.09531831741333008,2278
1719,1785426704.903766,305,-0.004681587219238281,2278
1722,1785426705.003766,306,0.09812378883361816,2349
1725,1785426705.103766,306,-0.0018761157989501953,2349
1728,1785426705.2037659,307,0.1000974178314209,2341
1731,1785426705.303766,307,9.72747802734375e-05,2341
1734,1785426705.403766,307,-0.09990262985229492,2341
1737,1785426705.503766,308,0.0014607906341552734,2939
1740,1785426705.603766,309,0.09620189666748047,2671
1743,1785426705.7037659,309,-0.0037980079650878906,2671
1746,1785426705.803766,310,0.09842395782470703,2478
1749,1785426705.903766,310,-0.0015759468078613281,2478
1752,1785426706.003766,311,0.10055112838745117,2478
1755,1785426706.103766,311,0.0005512237548828125,2478
1758,1785426706.2037659,311,-0.09944868087768555,2478
1761,1785426706.303766,312,0.0015990734100341797,2435
1764,1785426706.403766,312,-0.09840083122253418,2435
1767,1785426706.503766,313,0.0003292560577392578,2526
1770,1785426706.603766,313,-0.0996706485748291,2526
1773,1785426706.7037659,314,0.0013575553894042969,2518
1776,1785426706.803766,314,-0.09864258766174316,2518
1779,1785426706.903766,315,0.0006735324859619141,2592
1782,1785426707.003766,315,-0.09932661056518555,2592
1785,1785426707.103766,316,0.0015413761138916016,2596
1788,1785426707.2037659,316,-0.09845852851867676,2596
1791,1785426707.303766,317,0.0020062923431396484,2585
1794,1785426707.403766,317,-0.09799361228942871,2585
1797,1785426707.503766,318,-0.0016906261444091797,2631
1800,1785426707.603766,319,0.10065913200378418,2678
1803,1785426707.7037659,319,0.0006592273712158203,2678
1806,1785426707.803766,319,-0.09934091567993164,2678
1809,1785426707.903766,320,0.0014333724975585938,2643
1812,1785426708.003766,321,0.0971381664276123,2752
1815,1785426708.103766,321,-0.0028617382049560547,2752
1818,1785426708.2037659,322,0.09858155250549316,2751
1821,1785426708.303766,322,-0.0014185905456542969,2751
1824,1785426708.403766,323,0.10123872756958008,2736
1827,1785426708.503766,323,0.0012385845184326172,2736
1830,1785426708.603766,324,0.09477066993713379,2652
1833,1785426708.7037659,324,-0.00522923469543457,2652
1836,1785426708.803766,325,0.09773683547973633,2780
1839,1785426708.903766,325,-0.0022630691528320312,2780
1842,1785426709.003766,326,0.10026335716247559,2819
1845,1785426709.103766,326,0.00026345252990722656,2819
1848,1785426709.2037659,326,-0.09973645210266113,2819
1851,1785426709.303766,327,0.001405954360961914,2805
1854,1785426709.403766,328,0.09604263305664062,2871
1857,1785426709.503766,328,-0.003957509994506836,2871
1860,1785426709.603766,329,0.09807419776916504,2924
1863,1785426709.7037659,329,-0.0019257068634033203,2924
1866,1785426709.803766,330,0.09952855110168457,2949
1869,1785426709.903766,330,-0.00047135353088378906,2949
1872,1785426710.003766,330,-0.10047149658203125,2949
1875,1785426710.103766,331,0.0013976097106933594,2303
1878,1785426710.2037659,331,-0.098602294921875,2303
1881,1785426710.303766,332,-0.0002994537353515625,2274
1884,1785426710.403766,332,-0.10029935836791992,2274
1887,1785426710.503766,333,0.0021560192108154297,2274
1890,1785426710.603766,333,-0.09784388542175293,2274
1893,1785426710.7037659,334,-0.00043272972106933594,2331
1896,1785426710.803766,334,-0.1004328727722168,2331
1899,1785426710.903766,335,0.0014293193817138672,2327
1902,1785426711.003766,336,0.09609198570251465,2327
1905,1785426711.103766,336,-0.003907918930053711,2327
1908,1785426711.2037659,337,0.09847378730773926,2399
1911,1785426711.303766,337,-0.0015263557434082031,2399
1914,1785426711.403766,338,0.1004183292388916,2415
1917,1785426711.503766,338,0.0004181861877441406,2415
1920,1785426711.603766,339,0.0949714183807373,2354
1923,1785426711.7037659,339,-0.005028486251831055,2354
1926,1785426711.803766,340,0.09742569923400879,2466
1929,1785426711.903766,340,-0.0025742053985595703,2466
1932,1785426712.003766,341,0.09951448440551758,2465
1935,1785426712.103766,341,-0.00048542022705078125,2465
1938,1785426712.2037659,341,-0.10048532485961914,2465
1941,1785426712.303766,342,0.0010673999786376953,2465
1944,1785426712.403766,342,-0.09893250465393066,2465
1947,1785426712.503766,343,0.0016949176788330078,2384
1950,1785426712.603766,344,0.09793448448181152,2452
1953,1785426712.7037659,344,-0.002065420150756836,2452
1956,1785426712.803766,345,0.10065579414367676,2486
1959,1785426712.903766,345,0.0006558895111083984,2486
1962,1785426713.003766,345,-0.09934425354003906,2486
1965,1785426713.103766,346,0.0015635490417480469,2489
1968,1785426713.2037659,347,0.09840750694274902,2500
1971,1785426713.303766,347,-0.0015926361083984375,2500
1974,1785426713.403766,348,0.1008143424987793,2500
1977,1785426713.503766,348,0.0008141994476318359,2500
1980,1785426713.603766,348,-0.09918570518493652,2500
1983,1785426713.7037659,349,0.001600503921508789,2500
1986,1785426713.803766,349,-0.09839963912963867,2500
1989,1785426713.903766,350,0.002357006072998047,2636
1992,1785426714.003766,350,-0.09764313697814941,2636
1995,1785426714.103766,351,-0.0007307529449462891,2607
1998,1785426714.2037659,351,-0.10073065757751465,2607
2001,1785426714.303766,352,0.0016474723815917969,2625
2004,1785426714.403766,352,-0.09835243225097656,2625
2007,1785426714.503766,353,-0.00016236305236816406,2644
2010,1785426714.603766,353,-0.10016226768493652,2644
2013,1785426714.7037659,354,0.0015311241149902344,2611
2016,1785426714.803766,355,0.09668445587158203,2629
2019,1785426714.903766,355,-0.003315448760986328,2629
2022,1785426715.003766,356,0.09888243675231934,2634
2025,1785426715.103766,356,-0.0011174678802490234,2634
2028,1785426715.2037659,357,0.10086345672607422,2586
2031,1785426715.303766,357,0.0008633136749267578,2586
2034,1785426715.403766,357,-0.0991365909576416,2586
2037,1785426715.503766,358,0.001584768295288086,2542
2040,1785426715.603766,359,0.09638381004333496,2545
2043,1785426715.7037659,359,-0.0036160945892333984,2545
2046,1785426715.803766,360,0.09866571426391602,2478
2049,1785426715.903766,360,-0.0013341903686523438,2478
2052,1785426716.003766,361,0.10120606422424316,2420
2055,1785426716.103766,361,0.0012061595916748047,2420
2058,1785426716.2037659,362,0.09605789184570312,2420
2061,1785426716.303766,362,-0.003942251205444336,2420
2064,1785426716.403766,363,0.0979158878326416,2717
2067,1785426716.503766,363,-0.0020842552185058594,2717
2070,1785426716.603766,364,0.10156106948852539,2694
2073,1785426716.7037659,364,0.0015611648559570312,2694
2076,1785426716.803766,364,-0.09843897819519043,2694
2079,1785426716.903766,365,0.0016841888427734375,2694
2082,1785426717.003766,366,0.09800124168395996,2600
2085,1785426717.103766,366,-0.0019986629486083984,2600
2088,1785426717.2037659,367,0.10009050369262695,2611
2091,1785426717.303766,367,9.036064147949219e-05,2611
2094,1785426717.403766,367,-0.09990954399108887,2611
2097,1785426717.503766,368,0.0016312599182128906,2545
2100,1785426717.603766,368,-0.09836864471435547,2545
2103,1785426717.7037659,369,0.0005319118499755859,2481
2106,1785426717.803766,370,0.09508728981018066,2435
2109,1785426717.903766,370,-0.004912614822387695,2435
2112,1785426718.003766,371,0.0981285572052002,2551
2115,1785426718.103766,371,-0.001871347427368164,2551
2118,1785426718.2037659,372,0.09968972206115723,2572
2121,1785426718.303766,372,-0.0003104209899902344,2572
2124,1785426718.403766,372,-0.1003103256225586,2572
2127,1785426718.503766,373,0.0010914802551269531,2603
2130,1785426718.603766,374,0.09513354301452637,2539
2133,1785426718.7037659,374,-0.004866361618041992,2539
2136,1785426718.803766,375,0.09776735305786133,2640
2139,1785426718.903766,375,-0.0022325515747070312,2640
2142,1785426719.003766,376,0.09906339645385742,2656
2145,1785426719.103766,376,-0.0009365081787109375,2656
2148,1785426719.2037659,376,-0.1009364128112793,2656
2151,1785426719.303766,377,0.0016918182373046875,2656
2154,1785426719.403766,378,0.0965266227722168,2613
2157,1785426719.503766,378,-0.003473520278930664,2613
2160,1785426719.603766,379,0.09783768653869629,2685
2163,1785426719.7037659,379,-0.0021622180938720703,2685
2166,1785426719.803766,380,0.09940481185913086,2731
2169,1785426719.903766,380,-0.0005950927734375,2731
2172,1785426720.003766,380,-0.10059523582458496,2731
2175,1785426720.103766,381,0.0017077922821044922,2762
2178,1785426720.2037659,382,0.09818840026855469,2712
2181,1785426720.303766,382,-0.0018117427825927734,2712
2184,1785426720.403766,383,0.10167241096496582,2902
2187,1785426720.503766,383,0.0016722679138183594,2902
2190,1785426720.603766,383,-0.09832763671875,2902
2193,1785426720.7037659,384,-0.0009770393371582031,2838
2196,1785426720.803766,384,-0.10097718238830566,2838
2199,1785426720.903766,385,0.0017976760864257812,2937
2202,1785426721.003766,385,-0.09820246696472168,2937
2205,1785426721.103766,386,0.0025658607482910156,2930
2208,1785426721.2037659,386,-0.09743404388427734,2930
2211,1785426721.303766,387,-0.00028705596923828125,2952
2214,1785426721.403766,387,-0.10028696060180664,2952
2217,1785426721.503766,388,0.0010788440704345703,2952
2220,1785426721.603766,388,-0.09892106056213379,2952
2223,1785426721.7037659,389,0.0017709732055664062,2285
2226,1785426721.803766,389,-0.09822916984558105,2285
2229,1785426721.903766,390,0.0018780231475830078,2285
2232,1785426722.003766,390,-0.09812211990356445,2285
2235,1785426722.103766,391,-0.0013148784637451172,2445
2238,1785426722.2037659,392,0.10111594200134277,2481
2241,1785426722.303766,392,0.0011157989501953125,2481
2244,1785426722.403766,392,-0.09888410568237305,2481
2247,1785426722.503766,393,0.001298666000366211,2479
2250,1785426722.603766,394,0.09776091575622559,2512
2253,1785426722.7037659,394,-0.0022389888763427734,2512
2256,1785426722.803766,395,0.09893608093261719,2666
2259,1785426722.903766,395,-0.0010638236999511719,2666
2262,1785426723.003766,395,-0.10106396675109863,2666
2265,1785426723.103766,396,0.00118255615234375,2751
2268,1785426723.2037659,396,-0.09881734848022461,2751
2271,1785426723.303766,397,0.0011630058288574219,2784
2274,1785426723.403766,398,0.09813427925109863,2783
2277,1785426723.503766,398,-0.0018658638000488281,2783
2280,1785426723.603766,399,0.10071754455566406,2886
2283,1785426723.7037659,399,0.0007176399230957031,2886
2286,1785426723.803766,399,-0.09928250312805176,2886
2289,1785426723.903766,400,0.0015366077423095703,2903
2292,1785426724.003766,400,-0.09846353530883789,2903
2295,1785426724.103766,401,0.0019693374633789062,2898
2298,1785426724.2037659,401,-0.09803056716918945,2898
2301,1785426724.303766,402,0.0013017654418945312,2854
2304,1785426724.403766,402,-0.09869813919067383,2854
2307,1785426724.503766,403,0.0012128353118896484,2854
2310,1785426724.603766,403,-0.09878706932067871,2854
2313,1785426724.7037659,404,0.001561880111694336,2803
2316,1785426724.803766,404,-0.09843826293945312,2803
2319,1785426724.903766,405,0.0013501644134521484,2732
2322,1785426725.003766,406,0.09778404235839844,2752
2325,1785426725.103766,406,-0.002215862274169922,2752
2328,1785426725.2037659,407,0.09993672370910645,2762
2331,1785426725.303766,407,-6.341934204101562e-05,2762
2334,1785426725.403766,408,0.09897613525390625,2690
2337,1785426725.503766,408,-0.001024007797241211,2690
2340,1785426725.603766,408,-0.10102391242980957,2690
2343,1785426725.7037659,409,0.0013513565063476562,2704
2346,1785426725.803766,410,0.0984494686126709,2690
2349,1785426725.903766,410,-0.001550436019897461,2690
2352,1785426726.003766,411,0.10033941268920898,2680
2355,1785426726.103766,411,0.000339508056640625,2680
2358,1785426726.2037659,412,0.09937095642089844,2644
2361,1785426726.303766,412,-0.0006291866302490234,2644
2364,1785426726.403766,412,-0.10062909126281738,2644
2367,1785426726.503766,413,0.0016355514526367188,2651
2370,1785426726.603766,413,-0.09836435317993164,2651
2373,1785426726.7037659,414,-0.0013992786407470703,2613
2376,1785426726.803766,415,0.10139298439025879,2637
2379,1785426726.903766,415,0.0013930797576904297,2637
2382,1785426727.003766,415,-0.09860706329345703,2637
2385,1785426727.103766,416,0.0019559860229492188,2576
2388,1785426727.2037659,416,-0.09804391860961914,2576
2391,1785426727.303766,417,0.0013806819915771484,2576
2394,1785426727.403766,417,-0.09861922264099121,2576
2397,1785426727.503766,418,0.0009410381317138672,2584
2400,1785426727.603766,418,-0.09905886650085449,2584
2403,1785426727.7037659,419,0.0019941329956054688,2564
2406,1785426727.803766,419,-0.09800601005554199,2564
2409,1785426727.903766,420,0.00029754638671875,2441
2412,1785426728.003766,420,-0.09970259666442871,2441
2415,1785426728.103766,421,0.0014739036560058594,2434
2418,1785426728.2037659,421,-0.0985260009765625,2434
2421,1785426728.303766,422,0.0006315708160400391,2325
2424,1785426728.403766,422,-0.09936833381652832,2325
2427,1785426728.503766,423,0.0008909702301025391,2273
2430,1785426728.603766,423,-0.09910893440246582,2273
2433,1785426728.7037659,424,0.00041604042053222656,2867
2436,1785426728.803766,425,0.09811592102050781,2818
2439,1785426728.903766,425,-0.0018839836120605469,2818
2442,1785426729.003766,426,0.09917116165161133,2762
2445,1785426729.103766,426,-0.0008287429809570312,2762
2448,1785426729.2037659,426,-0.10082864761352539,2762
2451,1785426729.303766,427,0.0014941692352294922,2678
2454,1785426729.403766,427,-0.09850573539733887,2678
2457,1785426729.503766,428,0.00014734268188476562,2599
2460,1785426729.603766,429,0.09789156913757324,2493
2463,1785426729.7037659,429,-0.002108335494995117,2493
2466,1785426729.803766,430,0.09943008422851562,2493
2469,1785426729.903766,430,-0.0005698204040527344,2493
2472,1785426730.003766,431,0.09888291358947754,2303
2475,1785426730.103766,431,-0.0011169910430908203,2303
2478,1785426730.2037659,431,-0.10111689567565918,2303
2481,1785426730.303766,432,0.0015251636505126953,2276
2484,1785426730.403766,432,-0.09847474098205566,2276
2487,1785426730.503766,433,-0.0011463165283203125,2173
2490,1785426730.603766,434,0.10073018074035645,2118
2493,1785426730.7037659,434,0.0007302761077880859,2118
2496,1785426730.803766,435,0.09902381896972656,2012
2499,1785426730.903766,435,-0.0009760856628417969,2012
2502,1785426731.003766,436,0.10043478012084961,2051
2505,1785426731.103766,436,0.00043487548828125,2051
2508,1785426731.2037659,437,0.09947729110717773,2034
2511,1785426731.303766,437,-0.0005228519439697266,2034
2514,1785426731.403766,437,-0.10052275657653809,2034
2517,1785426731.503766,438,0.0028984546661376953,2028
2520,1785426731.603766,438,-0.09710144996643066,2028
2523,1785426731.7037659,439,0.001466512680053711,2949
2526,1785426731.803766,440,0.09689831733703613,2046
2529,1785426731.903766,440,-0.0031015872955322266,2046
2532,1785426732.003766,441,0.09805417060852051,2088
2535,1785426732.103766,441,-0.0019457340240478516,2088
2538,1785426732.2037659,442,0.09986996650695801,2088
2541,1785426732.303766,442,-0.00013017654418945312,2088
2544,1785426732.403766,442,-0.10013008117675781,2088
2547,1785426732.503766,443,0.001300811767578125,2137
2550,1785426732.603766,444,0.09689950942993164,2178
2553,1785426732.7037659,444,-0.0031003952026367188,2178
2556,1785426732.803766,445,0.09823155403137207,2166
2559,1785426732.903766,445,-0.001768350601196289,2166
2562,1785426733.003766,446,0.10018682479858398,2153
2565,1785426733.103766,446,0.000186920166015625,2153
2568,1785426733.2037659,447,0.09468483924865723,2097
2571,1785426733.303766,447,-0.005315303802490234,2097
2574,1785426733.403766,448,0.09654617309570312,2194
2577,1785426733.503766,448,-0.003453969955444336,2194
2580,1785426733.603766,449,0.09829044342041016,2219
2583,1785426733.7037659,449,-0.0017094612121582031,2219
2586,1785426733.803766,450,0.10020995140075684,2197
2589,1785426733.903766,450,0.00021004676818847656,2197
2592,1785426734.003766,450,-0.09979009628295898,2197
2595,1785426734.103766,451,0.001651763916015625,2149
2598,1785426734.2037659,451,-0.09834814071655273,2149
2601,1785426734.303766,452,-0.00016117095947265625,2229
2604,1785426734.403766,452,-0.10016107559204102,2229
2607,1785426734.503766,453,0.0014867782592773438,2243
2610,1785426734.603766,453,-0.09851312637329102,2243
2613,1785426734.7037659,454,0.0001430511474609375,2243
2616,1785426734.803766,454,-0.09985709190368652,2243
2619,1785426734.903766,455,0.0030541419982910156,2206
2622,1785426735.003766,455,-0.09694600105285645,2206
2625,1785426735.103766,456,0.00035190582275390625,2156
2628,1785426735.2037659,457,0.09913325309753418,2175
2631,1785426735.303766,457,-0.0008668899536132812,2175
2634,1785426735.403766,457,-0.10086679458618164,2175
2637,1785426735.503766,458,0.0009996891021728516,2197
2640,1785426735.603766,458,-0.09900021553039551,2197
2643,1785426735.7037659,459,0.0013077259063720703,2126
2646,1785426735.803766,460,0.09660601615905762,2213
2649,1785426735.903766,460,-0.003393888473510742,2213
2652,1785426736.003766,461,0.09900689125061035,2278
2655,1785426736.103766,461,-0.0009930133819580078,2278
2658,1785426736.2037659,461,-0.10099291801452637,2278
2661,1785426736.303766,462,0.0013511180877685547,2270
2664,1785426736.403766,463,0.09517121315002441,2284
2667,1785426736.503766,463,-0.004828929901123047,2284
2670,1785426736.603766,464,0.09743165969848633,2284
2673,1785426736.7037659,464,-0.0025682449340820312,2284
2676,1785426736.803766,465,0.09937191009521484,2357
2679,1785426736.903766,465,-0.0006279945373535156,2357
2682,1785426737.003766,465,-0.10062813758850098,2357
2685,1785426737.103766,466,0.0014545917510986328,2327
2688,1785426737.2037659,467,0.09569978713989258,2317
2691,1785426737.303766,467,-0.004300355911254883,2317
2694,1785426737.403766,468,0.10133004188537598,2365
2697,1785426737.503766,468,0.0013298988342285156,2365
2700,1785426737.603766,468,-0.09867000579833984,2365
2703,1785426737.7037659,469,-0.0006582736968994141,2328
2706,1785426737.803766,469,-0.10065841674804688,2328
2709,1785426737.903766,470,0.001520395278930664,2342
2712,1785426738.003766,470,-0.0984797477722168,2342
2715,1785426738.103766,471,-0.0005016326904296875,2358
2718,1785426738.2037659,471,-0.10050153732299805,2358
2721,1785426738.303766,472,0.001462697982788086,2315
2724,1785426738.403766,472,-0.09853720664978027,2315
2727,1785426738.503766,473,-0.0004374980926513672,2315
2730,1785426738.603766,473,-0.10043740272521973,2315
2733,1785426738.7037659,474,0.0014500617980957031,2339
2736,1785426738.803766,475,0.0958108901977539,2242
2739,1785426738.903766,475,-0.004189014434814453,2242
2742,1785426739.003766,476,0.09819769859313965,2316
2745,1785426739.103766,476,-0.001802206039428711,2316
2748,1785426739.2037659,477,0.10030508041381836,2316
2751,1785426739.303766,477,0.00030493736267089844,2316
2754,1785426739.403766,477,-0.09969496726989746,2316
2757,1785426739.503766,478,0.00148773193359375,2308
2760,1785426739.603766,479,0.0976417064666748,2283
2763,1785426739.7037659,479,-0.0023581981658935547,2283
2766,1785426739.803766,480,0.09833741188049316,2291
2769,1785426739.903766,480,-0.0016624927520751953,2291
2772,1785426740.003766,481,0.10059785842895508,2281
2775,1785426740.103766,481,0.0005979537963867188,2281
2778,1785426740.2037659,481,-0.09940195083618164,2281
2781,1785426740.303766,482,0.0014421939849853516,2218
2784,1785426740.403766,483,0.09656405448913574,2218
2787,1785426740.503766,483,-0.0034360885620117188,2218
2790,1785426740.603766,484,0.09835600852966309,2262
2793,1785426740.7037659,484,-0.0016438961029052734,2262
2796,1785426740.803766,485,0.10145783424377441,2260
2799,1785426740.903766,485,0.0014579296112060547,2260
2802,1785426741.003766,486,0.09482693672180176,2196
2805,1785426741.103766,486,-0.0051729679107666016,2196
2808,1785426741.2037659,487,0.10073971748352051,2319
2811,1785426741.303766,487,0.0007395744323730469,2319
2814,1785426741.403766,488,0.09879136085510254,2233
2817,1785426741.503766,488,-0.0012087821960449219,2233
2820,1785426741.603766,489,0.10102176666259766,2286
2823,1785426741.7037659,489,0.0010218620300292969,2286
2826,1785426741.803766,490,0.09858465194702148,2286
2829,1785426741.903766,490,-0.001415252685546875,2286
2832,1785426742.003766,491,0.10135602951049805,2213
2835,1785426742.103766,491,0.0013561248779296875,2213
2838,1785426742.2037659,491,-0.09864377975463867,2213
2841,1785426742.303766,492,-0.0008554458618164062,2213
2844,1785426742.403766,493,0.10061311721801758,2194
2847,1785426742.503766,493,0.0006129741668701172,2194
2850,1785426742.603766,494,0.09479427337646484,2125
2853,1785426742.7037659,494,-0.005205631256103516,2125
2856,1785426742.803766,495,0.09709954261779785,2202
2859,1785426742.903766,495,-0.002900362014770508,2202
2862,1785426743.003766,496,0.09945368766784668,2212
2865,1785426743.103766,496,-0.0005462169647216797,2212
2868,1785426743.2037659,496,-0.10054612159729004,2212
2871,1785426743.303766,497,0.0014543533325195312,2172
2874,1785426743.403766,498,0.0957636833190918,2172
2877,1785426743.503766,498,-0.004236459732055664,2172
2880,1785426743.603766,499,0.09801816940307617,2258
2883,1785426743.7037659,499,-0.0019817352294921875,2258
2886,1785426743.803766,500,0.09933328628540039,2264
2889,1785426743.903766,500,-0.0006666183471679688,2264
2892,1785426744.003766,500,-0.10066676139831543,2264
2895,1785426744.103766,501,0.0014159679412841797,2246
2898,1785426744.2037659,502,0.09560632705688477,2219
2901,1785426744.303766,502,-0.004393815994262695,2219
2904,1785426744.403766,503,0.09899353981018066,2262
2907,1785426744.503766,503,-0.0010066032409667969,2262
2910,1785426744.603766,504,0.09982681274414062,2257
2913,1785426744.7037659,504,-0.00017309188842773438,2257
2916,1785426744.803766,504,-0.1001732349395752,2257
2919,1785426744.903766,505,0.0015635490417480469,2281
2922,1785426745.003766,505,-0.09843659400939941,2281
2925,1785426745.103766,506,0.0008311271667480469,2316
2928,1785426745.2037659,506,-0.09916877746582031,2316
2931,1785426745.303766,507,0.0015041828155517578,2271
2934,1785426745.403766,507,-0.0984957218170166,2271
2937,1785426745.503766,508,0.00036597251892089844,2301
2940,1785426745.603766,508,-0.09963393211364746,2301
2943,1785426745.7037659,509,0.0016741752624511719,2254
2946,1785426745.803766,510,0.0964510440826416,2254
2949,1785426745.903766,510,-0.003548860549926758,2254
2952,1785426746.003766,511,0.09763073921203613,2256
2955,1785426746.103766,511,-0.0023691654205322266,2256
2958,1785426746.2037659,512,0.10097050666809082,2258
2961,1785426746.303766,512,0.0009703636169433594,2258
2964,1785426746.403766,513,0.09452271461486816,2181
2967,1785426746.503766,513,-0.005477428436279297,2181
2970,1785426746.603766,514,0.09728741645812988,2265
2973,1785426746.7037659,514,-0.0027124881744384766,2265
2976,1785426746.803766,515,0.09877490997314453,2273
2979,1785426746.903766,515,-0.0012249946594238281,2273
2982,1785426747.003766,516,0.10110616683959961,2276
2985,1785426747.103766,516,0.00110626220703125,2276
2988,1785426747.2037659,516,-0.09889364242553711,2276
2991,1785426747.303766,517,0.0015175342559814453,2276
2994,1785426747.403766,518,0.09763956069946289,2275
2997,1785426747.503766,518,-0.0023605823516845703,2275
3000,1785426747.603766,519,0.09952664375305176,2272
3003,1785426747.7037659,519,-0.00047326087951660156,2272
3006,1785426747.803766,519,-0.10047340393066406,2272
3009,1785426747.903766,520,0.0010075569152832031,2313
3012,1785426748.003766,520,-0.09899258613586426,2313
3015,1785426748.103766,521,-0.0007038116455078125,2258
3018,1785426748.2037659,521,-0.10070371627807617,2258
3021,1785426748.303766,522,0.0017352104187011719,2239
3024,1785426748.403766,522,-0.09826469421386719,2239
3027,1785426748.503766,523,-0.00029587745666503906,2127
3030,1785426748.603766,523,-0.1002957820892334,2127
3033,1785426748.7037659,524,0.0010173320770263672,2201
3036,1785426748.803766,524,-0.0989828109741211,2201
3039,1785426748.903766,525,-0.0004107952117919922,2201
3042,1785426749.003766,525,-0.10041093826293945,2201
3045,1785426749.103766,526,0.0015530586242675781,2088
3048,1785426749.2037659,526,-0.09844684600830078,2088
3051,1785426749.303766,527,-0.0010802745819091797,2093
3054,1785426749.403766,528,0.10074591636657715,2102
3057,1785426749.503766,528,0.0007457733154296875,2102
3060,1785426749.603766,529,0.0958259105682373,2070
3063,1785426749.7037659,529,-0.004173994064331055,2070
3066,1785426749.803766,530,0.09879779815673828,2170
3069,1785426749.903766,530,-0.0012021064758300781,2170
3072,1785426750.003766,531,0.09963417053222656,2170
3075,1785426750.103766,531,-0.0003657341003417969,2170
3078,1785426750.2037659,531,-0.10036563873291016,2170
3081,1785426750.303766,532,0.0014224052429199219,2206
3084,1785426750.403766,533,0.09623885154724121,2227
3087,1785426750.503766,533,-0.00376129150390625,2227
3090,1785426750.603766,534,0.09785175323486328,2251
3093,1785426750.7037659,534,-0.002148151397705078,2251
3096,1785426750.803766,535,0.10006952285766602,2248
3099,1785426750.903766,535,6.961822509765625e-05,2248
3102,1785426751.003766,536,0.09472846984863281,2172
3105,1785426751.103766,536,-0.005271434783935547,2172
3108,1785426751.2037659,537,0.09625005722045898,2269
3111,1785426751.303766,537,-0.0037500858306884766,2269
3114,1785426751.403766,538,0.09887051582336426,2281
3117,1785426751.503766,538,-0.0011296272277832031,2281
3120,1785426751.603766,539,0.10078787803649902,2326
3123,1785426751.7037659,539,0.0007879734039306641,2326
3126,1785426751.803766,539,-0.0992121696472168,2326
3129,1785426751.903766,540,0.0019562244415283203,2438
3132,1785426752.003766,540,-0.09804391860961914,2438
3135,1785426752.103766,541,0.0008199214935302734,2438
3138,1785426752.2037659,542,0.09888029098510742,2475
3141,1785426752.303766,542,-0.001119852066040039,2475
3144,1785426752.403766,543,0.10011601448059082,2649
3147,1785426752.503766,543,0.00011587142944335938,2649
3150,1785426752.603766,543,-0.099884033203125,2649
3153,1785426752.7037659,544,0.001967906951904297,2689
3156,1785426752.803766,545,0.09676957130432129,2770
3159,1785426752.903766,545,-0.0032303333282470703,2770
3162,1785426753.003766,546,0.09925699234008789,2846
3165,1785426753.103766,546,-0.0007429122924804688,2846
3168,1785426753.2037659,547,0.1005411148071289,2863
3171,1785426753.303766,547,0.0005409717559814453,2863
3174,1785426753.403766,547,-0.09945893287658691,2863
3177,1785426753.503766,548,0.0015192031860351562,2788
3180,1785426753.603766,549,0.09787583351135254,2844
3183,1785426753.7037659,549,-0.0021240711212158203,2844
3186,1785426753.803766,550,0.09918951988220215,2871
3189,1785426753.903766,550,-0.0008103847503662109,2871
3192,1785426754.003766,550,-0.10081052780151367,2871
3195,1785426754.103766,551,0.0019140243530273438,2874
3198,1785426754.2037659,552,0.09549212455749512,2793
3201,1785426754.303766,552,-0.004508018493652344,2793
3204,1785426754.403766,553,0.0982816219329834,2863
3207,1785426754.503766,553,-0.0017185211181640625,2863
3210,1785426754.603766,554,0.09985589981079102,2849
3213,1785426754.7037659,554,-0.00014400482177734375,2849
3216,1785426754.803766,554,-0.1001441478729248,2849
3219,1785426754.903766,555,0.0016851425170898438,2822
3222,1785426755.003766,555,-0.09831500053405762,2822
3225,1785426755.103766,556,-0.0008461475372314453,2822
3228,1785426755.2037659,556,-0.1008460521697998,2822
3231,1785426755.303766,557,0.0013976097106933594,2842
3234,1785426755.403766,557,-0.098602294921875,2842
3237,1785426755.503766,558,0.0001773834228515625,2820
3240,1785426755.603766,558,-0.0998225212097168,2820
3243,1785426755.7037659,559,0.0016791820526123047,2814
3246,1785426755.803766,559,-0.09832096099853516,2814
3249,1785426755.903766,560,7.176399230957031e-05,2815
3252,1785426756.003766,561,0.0982968807220459,2759
3255,1785426756.103766,561,-0.001703023910522461,2759
3258,1785426756.2037659,562,0.10084199905395508,2759
3261,1785426756.303766,562,0.0008418560028076172,2759
3264,1785426756.403766,562,-0.09915804862976074,2759
3267,1785426756.503766,563,0.0013251304626464844,2714
3270,1785426756.603766,564,0.09613919258117676,2789
3273,1785426756.7037659,564,-0.0038607120513916016,2789
3276,1785426756.803766,565,0.09844565391540527,2902
3279,1785426756.903766,565,-0.001554250717163086,2902
3282,1785426757.003766,566,0.10054492950439453,2926
3285,1785426757.103766,566,0.0005450248718261719,2926
3288,1785426757.2037659,566,-0.09945487976074219,2926
3291,1785426757.303766,567,0.0016679763793945312,2861
3294,1785426757.403766,568,0.09692573547363281,2928
3297,1785426757.503766,568,-0.0030744075775146484,2928
3300,1785426757.603766,569,0.09873366355895996,2944
3303,1785426757.7037659,569,-0.0012662410736083984,2944
3306,1785426757.803766,570,0.10099315643310547,2951
3309,1785426757.903766,570,0.0009932518005371094,2951
3312,1785426758.003766,570,-0.09900689125061035,2951
3315,1785426758.103766,571,0.0021355152130126953,2870
3318,1785426758.2037659,571,-0.09786438941955566,2870
3321,1785426758.303766,572,-0.002120494842529297,2899
3324,1785426758.403766,573,0.10211038589477539,2876
3327,1785426758.503766,573,0.0021102428436279297,2876
3330,1785426758.603766,573,-0.09788966178894043,2876
3333,1785426758.7037659,574,0.0013256072998046875,2884
3336,1785426758.803766,574,-0.09867453575134277,2884
3339,1785426758.903766,575,0.0022161006927490234,2895
3342,1785426759.003766,575,-0.09778404235839844,2895
3345,1785426759.103766,576,0.0012042522430419922,2912
3348,1785426759.2037659,576,-0.09879565238952637,2912
3351,1785426759.303766,577,-0.0011589527130126953,2847
3354,1785426759.403766,577,-0.10115885734558105,2847
3357,1785426759.503766,578,0.0011763572692871094,2944
3360,1785426759.603766,579,0.09540462493896484,2764
3363,1785426759.7037659,579,-0.004595279693603516,2764
3366,1785426759.803766,580,0.09789466857910156,2845
3369,1785426759.903766,580,-0.002105236053466797,2845
3372,1785426760.003766,581,0.09949779510498047,2849
3375,1785426760.103766,581,-0.0005021095275878906,2849
3378,1785426760.2037659,581,-0.10050201416015625,2849
3381,1785426760.303766,582,0.0011909008026123047,2844
3384,1785426760.403766,583,0.09576535224914551,2741
3387,1785426760.503766,583,-0.004234790802001953,2741
3390,1785426760.603766,584,0.09747910499572754,2834
3393,1785426760.7037659,584,-0.0025207996368408203,2834
3396,1785426760.803766,585,0.09972381591796875,2812
3399,1785426760.903766,585,-0.0002760887145996094,2812
3402,1785426761.003766,585,-0.10027623176574707,2812
3405,1785426761.103766,586,0.001585245132446289,2780
3408,1785426761.2037659,587,0.09601426124572754,2766
3411,1785426761.303766,587,-0.003985881805419922,2766
3414,1785426761.403766,588,0.09875035285949707,2845
3417,1785426761.503766,588,-0.0012497901916503906,2845
3420,1785426761.603766,589,0.10051989555358887,2844
3423,1785426761.7037659,589,0.0005199909210205078,2844
3426,1785426761.803766,590,0.09496045112609863,2769
3429,1785426761.903766,590,-0.0050394535064697266,2769
3432,1785426762.003766,591,0.09992051124572754,2880
3435,1785426762.103766,591,-7.939338684082031e-05,2880
3438,1785426762.2037659,591,-0.10007929801940918,2880
3441,1785426762.303766,592,0.002185344696044922,2876
3444,1785426762.403766,592,-0.09781455993652344,2876
3447,1785426762.503766,593,0.0005083084106445312,2876
3450,1785426762.603766,593,-0.09949159622192383,2876
3453,1785426762.7037659,594,0.0015523433685302734,2862
3456,1785426762.803766,594,-0.09844779968261719,2862
3459,1785426762.903766,595,0.0010447502136230469,2909
3462,1785426763.003766,596,0.09836316108703613,2825
3465,1785426763.103766,596,-0.0016367435455322266,2825
3468,1785426763.2037659,597,0.10007858276367188,2858
3471,1785426763.303766,597,7.843971252441406e-05,2858
3474,1785426763.403766,597,-0.09992146492004395,2858
3477,1785426763.503766,598,0.0015478134155273438,2858
3480,1785426763.603766,599,0.09817743301391602,2840
3483,1785426763.7037659,599,-0.0018224716186523438,2840
3486,1785426763.803766,600,0.0997159481048584,2877
3489,1785426763.903766,600,-0.00028395652770996094,2877
3492,1785426764.003766,600,-0.10028409957885742,2877
3495,1785426764.103766,601,0.0007450580596923828,2855
3498,1785426764.2037659,601,-0.09925484657287598,2855
3501,1785426764.303766,602,0.0013871192932128906,2768
3504,1785426764.403766,603,0.09746909141540527,2858
3507,1785426764.503766,603,-0.0025310516357421875,2858
3510,1785426764.603766,604,0.09957695007324219,2858
3513,1785426764.7037659,604,-0.0004229545593261719,2858
3516,1785426764.803766,604,-0.10042309761047363,2858
3519,1785426764.903766,605,0.0014159679412841797,2871
3522,1785426765.003766,606,0.09622478485107422,2781
3525,1785426765.103766,606,-0.0037751197814941406,2781
3528,1785426765.2037659,607,0.09791207313537598,2870
3531,1785426765.303766,607,-0.0020880699157714844,2870
3534,1785426765.403766,608,0.09957551956176758,2859
3537,1785426765.503766,608,-0.0004246234893798828,2859
3540,1785426765.603766,608,-0.10042452812194824,2859
3543,1785426765.7037659,609,0.0013434886932373047,2885
3546,1785426765.803766,609,-0.09865665435791016,2885
3549,1785426765.903766,610,-0.00013446807861328125,2892
3552,1785426766.003766,610,-0.10013461112976074,2892
3555,1785426766.103766,611,0.0012979507446289062,2875
3558,1785426766.2037659,611,-0.09870195388793945,2875
3561,1785426766.303766,612,0.0006580352783203125,2944
3564,1785426766.403766,612,-0.09934186935424805,2944
3567,1785426766.503766,613,0.0011675357818603516,2972
3570,1785426766.603766,613,-0.09883236885070801,2972
3573,1785426766.7037659,614,0.0006902217864990234,2833
3576,1785426766.803766,615,0.09825563430786133,2911
3579,1785426766.903766,615,-0.0017442703247070312,2911
3582,1785426767.003766,616,0.10003924369812012,2911
3585,1785426767.103766,616,3.933906555175781e-05,2911
3588,1785426767.2037659,616,-0.0999605655670166,2911
3591,1785426767.303766,617,0.0012819766998291016,2892
3594,1785426767.403766,618,0.09605622291564941,2837
3597,1785426767.503766,618,-0.003943920135498047,2837
3600,1785426767.603766,619,0.09883975982666016,2912
3603,1785426767.7037659,619,-0.0011601448059082031,2912
3606,1785426767.803766,620,0.10057926177978516,2907
3609,1785426767.903766,620,0.0005793571472167969,2907
3612,1785426768.003766,620,-0.09942078590393066,2907
3615,1785426768.103766,621,0.0014684200286865234,2821
3618,1785426768.2037659,622,0.09680461883544922,2900
3621,1785426768.303766,622,-0.003195524215698242,2900
3624,1785426768.403766,623,0.09944486618041992,2884
3627,1785426768.503766,623,-0.0005552768707275391,2884
3630,1785426768.603766,623,-0.1005551815032959,2884
3633,1785426768.7037659,624,0.0006325244903564453,2857
3636,1785426768.803766,624,-0.09936761856079102,2857
3639,1785426768.903766,625,0.0014882087707519531,2786
3642,1785426769.003766,625,-0.09851193428039551,2786
3645,1785426769.103766,626,0.0009713172912597656,2887
3648,1785426769.2037659,626,-0.0990285873413086,2887
3651,1785426769.303766,627,0.0013804435729980469,2815
3654,1785426769.403766,627,-0.09861946105957031,2815
3657,1785426769.503766,628,0.0007233619689941406,2870
3660,1785426769.603766,628,-0.09927654266357422,2870
3663,1785426769.7037659,629,0.0016176700592041016,2788
3666,1785426769.803766,629,-0.09838247299194336,2788
3669,1785426769.903766,630,0.0014929771423339844,2794
3672,1785426770.003766,630,-0.09850716590881348,2794
3675,1785426770.103766,631,-0.000667572021484375,2761
3678,1785426770.2037659,631,-0.10066747665405273,2761
3681,1785426770.303766,632,0.001146078109741211,2773
3684,1785426770.403766,632,-0.09885382652282715,2773
3687,1785426770.503766,633,0.0015666484832763672,2773
3690,1785426770.603766,634,0.09801006317138672,2795
3693,1785426770.7037659,634,-0.0019898414611816406,2795
3696,1785426770.803766,635,0.09954333305358887,2839
3699,1785426770.903766,635,-0.0004565715789794922,2839
3702,1785426771.003766,635,-0.10045671463012695,2839
3705,1785426771.103766,636,0.001239776611328125,2845
3708,1785426771.2037659,637,0.09604215621948242,2758
3711,1785426771.303766,637,-0.003957986831665039,2758
3714,1785426771.403766,638,0.09796380996704102,2855
3717,1785426771.503766,638,-0.0020363330841064453,2855
3720,1785426771.603766,639,0.0998227596282959,2860
3723,1785426771.7037659,639,-0.00017714500427246094,2860
3726,1785426771.803766,639,-0.10017728805541992,2860
3729,1785426771.903766,640,0.0015139579772949219,2851
3732,1785426772.003766,641,0.09626650810241699,2780
3735,1785426772.103766,641,-0.003733396530151367,2780
3738,1785426772.2037659,642,0.09866166114807129,2848
3741,1785426772.303766,642,-0.0013384819030761719,2848
3744,1785426772.403766,643,0.10007905960083008,2840
3747,1785426772.503766,643,7.891654968261719e-05,2840
3750,1785426772.603766,643,-0.09992098808288574,2840
3753,1785426772.7037659,644,0.0015614032745361328,2890
3756,1785426772.803766,644,-0.09843873977661133,2890
3759,1785426772.903766,645,0.0005056858062744141,2971
3762,1785426773.003766,645,-0.09949445724487305,2971
3765,1785426773.103766,646,0.0016362667083740234,2930
3768,1785426773.2037659,646,-0.09836363792419434,2930
3771,1785426773.303766,647,0.0003209114074707031,2898
3774,1785426773.403766,647,-0.09967899322509766,2898
3777,1785426773.503766,648,0.001619577407836914,2881
3780,1785426773.603766,649,0.09596109390258789,2845
3783,1785426773.7037659,649,-0.004038810729980469,2845
3786,1785426773.803766,650,0.09831881523132324,2870
3789,1785426773.903766,650,-0.0016810894012451172,2870
3792,1785426774.003766,651,0.10062241554260254,2879
3795,1785426774.103766,651,0.0006225109100341797,2879
3798,1785426774.2037659,651,-0.09937739372253418,2879
3801,1785426774.303766,652,0.0017278194427490234,2764
3804,1785426774.403766,653,0.09685158729553223,2822
3807,1785426774.503766,653,-0.0031485557556152344,2822
3810,1785426774.603766,654,0.09916567802429199,2755
3813,1785426774.7037659,654,-0.0008342266082763672,2755
3816,1785426774.803766,654,-0.10083436965942383,2755
3819,1785426774.903766,655,0.0014522075653076172,2668
3822,1785426775.003766,655,-0.09854793548583984,2668
3825,1785426775.103766,656,0.0017237663269042969,2497
3828,1785426775.2037659,657,0.09687995910644531,2496
3831,1785426775.303766,657,-0.0031201839447021484,2496
3834,1785426775.403766,658,0.09955835342407227,2462
3837,1785426775.503766,658,-0.0004417896270751953,2462
3840,1785426775.603766,658,-0.10044169425964355,2462
3843,1785426775.7037659,659,0.0013706684112548828,2399
3846,1785426775.803766,660,0.09561347961425781,2280
3849,1785426775.903766,660,-0.004386425018310547,2280
3852,1785426776.003766,661,0.1016535758972168,2330
3855,1785426776.103766,661,0.0016536712646484375,2330
3858,1785426776.2037659,661,-0.09834623336791992,2330
3861,1785426776.303766,662,-0.0005564689636230469,2262
3864,1785426776.403766,662,-0.1005563735961914,2262
3867,1785426776.503766,663,0.0015566349029541016,2294
3870,1785426776.603766,663,-0.09844326972961426,2294
3873,1785426776.7037659,664,-1.9788742065429688e-05,2261
3876,1785426776.803766,664,-0.10001993179321289,2261
3879,1785426776.903766,665,0.0016753673553466797,2259
3882,1785426777.003766,665,-0.09832477569580078,2259
3885,1785426777.103766,666,0.00011205673217773438,2248
3888,1785426777.2037659,666,-0.09988784790039062,2248
3891,1785426777.303766,667,0.0014681816101074219,2197
3894,1785426777.403766,668,0.09555411338806152,2185
3897,1785426777.503766,668,-0.0044460296630859375,2185
3900,1785426777.603766,669,0.09789609909057617,2217
3903,1785426777.7037659,669,-0.0021038055419921875,2217
3906,1785426777.803766,670,0.1001589298248291,2180
3909,1785426777.903766,670,0.0001590251922607422,2180
3912,1785426778.003766,670,-0.09984111785888672,2180
3915,1785426778.103766,671,0.0013670921325683594,2136
3918,1785426778.2037659,672,0.09614825248718262,2092
3921,1785426778.303766,672,-0.0038518905639648438,2092
3924,1785426778.403766,673,0.09821486473083496,2117
3927,1785426778.503766,673,-0.0017852783203125,2117
3930,1785426778.603766,674,0.10021114349365234,2101
3933,1785426778.7037659,674,0.00021123886108398438,2101
3936,1785426778.803766,674,-0.09978890419006348,2101
3939,1785426778.903766,675,0.0017385482788085938,2078
3942,1785426779.003766,676,0.09631633758544922,2057
3945,1785426779.103766,676,-0.0036835670471191406,2057
3948,1785426779.2037659,677,0.09866738319396973,2102
3951,1785426779.303766,677,-0.0013327598571777344,2102
3954,1785426779.403766,678,0.10041356086730957,2100
3957,1785426779.503766,678,0.0004134178161621094,2100
3960,1785426779.603766,678,-0.09958648681640625,2100
3963,1785426779.7037659,679,0.0018126964569091797,2165
3966,1785426779.803766,679,-0.09818744659423828,2165
3969,1785426779.903766,680,0.0015821456909179688,2170
3972,1785426780.003766,681,0.09816479682922363,2207
3975,1785426780.103766,681,-0.0018351078033447266,2207
3978,1785426780.2037659,682,0.10022759437561035,2384
3981,1785426780.303766,682,0.00022745132446289062,2384
3984,1785426780.403766,682,-0.09977245330810547,2384
3987,1785426780.503766,683,0.0018963813781738281,2265
3990,1785426780.603766,684,0.0964803695678711,2255
3993,1785426780.7037659,684,-0.0035195350646972656,2255
3996,1785426780.803766,685,0.09905576705932617,2270
3999,1785426780.903766,685,-0.0009441375732421875,2270
4002,1785426781.003766,686,0.10072112083435059,2276
4005,1785426781.103766,686,0.0007212162017822266,2276
4008,1785426781.2037659,687,0.09529614448547363,2199
4011,1785426781.303766,687,-0.004703998565673828,2199
4014,1785426781.403766,688,0.09675955772399902,2270
4017,1785426781.503766,688,-0.0032405853271484375,2270
4020,1785426781.603766,689,0.0992884635925293,2253
4023,1785426781.7037659,689,-0.0007114410400390625,2253
4026,1785426781.803766,689,-0.10071158409118652,2253
4029,1785426781.903766,690,0.0014960765838623047,2229
4032,1785426782.003766,691,0.09592175483703613,2133
4035,1785426782.103766,691,-0.0040781497955322266,2133
4038,1785426782.2037659,692,0.09860944747924805,2204
4041,1785426782.303766,692,-0.001390695571899414,2204
4044,1785426782.403766,693,0.09963822364807129,2195
4047,1785426782.503766,693,-0.0003619194030761719,2195
4050,1785426782.603766,693,-0.10036182403564453,2195
4053,1785426782.7037659,694,0.001909494400024414,2178
4056,1785426782.803766,695,0.09593725204467773,2183
4059,1785426782.903766,695,-0.004062652587890625,2183
4062,1785426783.003766,696,0.1017313003540039,2306
4065,1785426783.103766,696,0.0017313957214355469,2306
4068,1785426783.2037659,696,-0.09826850891113281,2306
4071,1785426783.303766,697,-0.0006382465362548828,2244
4074,1785426783.403766,697,-0.10063815116882324,2244
4077,1785426783.503766,698,0.001898050308227539,2331
4080,1785426783.603766,698,-0.09810185432434082,2331
4083,1785426783.7037659,699,0.0007936954498291016,2280
4086,1785426783.803766,699,-0.09920644760131836,2280
4089,1785426783.903766,700,0.0017745494842529297,2277
4092,1785426784.003766,700,-0.09822559356689453,2277
4095,1785426784.103766,701,-0.0006728172302246094,2258
4098,1785426784.2037659,701,-0.10067272186279297,2258
4101,1785426784.303766,702,0.0016813278198242188,2192
4104,1785426784.403766,703,0.09670257568359375,2188
4107,1785426784.503766,703,-0.003297567367553711,2188
4110,1785426784.603766,704,0.09833884239196777,2205
4113,1785426784.7037659,704,-0.001661062240600586,2205
4116,1785426784.803766,705,0.1000676155090332,2201
4119,1785426784.903766,705,6.771087646484375e-05,2201
4122,1785426785.003766,705,-0.09993243217468262,2201
4125,1785426785.103766,706,0.0013027191162109375,2157
4128,1785426785.2037659,707,0.09708166122436523,2191
4131,1785426785.303766,707,-0.0029184818267822266,2191
4134,1785426785.403766,708,0.09879136085510254,2261
4137,1785426785.503766,708,-0.0012087821960449219,2261
4140,1785426785.603766,709,0.10090112686157227,2264
4143,1785426785.7037659,709,0.0009012222290039062,2264
4146,1785426785.803766,710,0.09577202796936035,2190
4149,1785426785.903766,710,-0.004227876663208008,2190
4152,1785426786.003766,711,0.09721064567565918,2271
4155,1785426786.103766,711,-0.0027892589569091797,2271
4158,1785426786.2037659,712,0.09918904304504395,2270
4161,1785426786.303766,712,-0.0008111000061035156,2270
4164,1785426786.403766,713,0.10079216957092285,2261
4167,1785426786.503766,713,0.0007920265197753906,2261
4170,1785426786.603766,714,0.0989840030670166,2261
4173,1785426786.7037659,714,-0.0010159015655517578,2261
4176,1785426786.803766,714,-0.10101604461669922,2261
4179,1785426786.903766,715,0.0014421939849853516,2310
4182,1785426787.003766,715,-0.09855794906616211,2310
4185,1785426787.103766,716,-0.0011203289031982422,2286
4188,1785426787.2037659,716,-0.1011202335357666,2286
4191,1785426787.303766,717,0.0011470317840576172,2286
4194,1785426787.403766,717,-0.09885287284851074,2286
4197,1785426787.503766,718,-0.0007946491241455078,2248
4200,1785426787.603766,719,0.09691882133483887,2275
4203,1785426787.7037659,719,-0.003081083297729492,2275
4206,1785426787.803766,720,0.09907793998718262,2306
4209,1785426787.903766,720,-0.0009219646453857422,2306
4212,1785426788.003766,720,-0.1009221076965332,2306
4215,1785426788.103766,721,0.0019042491912841797,2310
4218,1785426788.2037659,722,0.09587383270263672,2240
4221,1785426788.303766,722,-0.004126310348510742,2240
4224,1785426788.403766,723,0.09758114814758301,2321
4227,1785426788.503766,723,-0.002418994903564453,2321
4230,1785426788.603766,724,0.10031270980834961,2343
4233,1785426788.7037659,724,0.00031280517578125,2343
4236,1785426788.803766,724,-0.09968733787536621,2343
4239,1785426788.903766,725,0.0014634132385253906,2344
4242,1785426789.003766,726,0.09656262397766113,2280
4245,1785426789.103766,726,-0.0034372806549072266,2280
4248,1785426789.2037659,727,0.09885358810424805,2362
4251,1785426789.303766,727,-0.001146554946899414,2362
4254,1785426789.403766,728,0.10077691078186035,2357
4257,1785426789.503766,728,0.0007767677307128906,2357
4260,1785426789.603766,728,-0.09922313690185547,2357
4263,1785426789.7037659,729,0.0014009475708007812,2309
4266,1785426789.803766,729,-0.09859919548034668,2309
4269,1785426789.903766,730,0.0004737377166748047,2358
4272,1785426790.003766,730,-0.09952640533447266,2358
4275,1785426790.103766,731,0.0014827251434326172,2357
4278,1785426790.2037659,731,-0.09851717948913574,2357
4281,1785426790.303766,732,0.00039315223693847656,2358
4284,1785426790.403766,732,-0.09960675239562988,2358
4287,1785426790.503766,733,0.0015072822570800781,2272
4290,1785426790.603766,733,-0.09849262237548828,2272
4293,1785426790.7037659,734,0.001049041748046875,2313
4296,1785426790.803766,735,0.09799766540527344,2235
4299,1785426790.903766,735,-0.002002239227294922,2235
4302,1785426791.003766,736,0.10059332847595215,2238
4305,1785426791.103766,736,0.0005934238433837891,2238
4308,1785426791.2037659,737,0.09509563446044922,2238
4311,1785426791.303766,737,-0.004904508590698242,2238
4314,1785426791.403766,738,0.09671878814697266,2304
4317,1785426791.503766,738,-0.0032813549041748047,2304
4320,1785426791.603766,739,0.09932541847229004,2316
4323,1785426791.7037659,739,-0.0006744861602783203,2316
4326,1785426791.803766,740,0.10056090354919434,2315
4329,1785426791.903766,740,0.0005609989166259766,2315
4332,1785426792.003766,741,0.09579110145568848,2213
4335,1785426792.103766,741,-0.004208803176879883,2213
4338,1785426792.2037659,742,0.09743666648864746,2302
4341,1785426792.303766,742,-0.0025634765625,2302
4344,1785426792.403766,743,0.09949731826782227,2311
4347,1785426792.503766,743,-0.0005028247833251953,2311
4350,1785426792.603766,743,-0.10050272941589355,2311
4353,1785426792.7037659,744,0.0011835098266601562,2299
4356,1785426792.803766,745,0.09637928009033203,2239
4359,1785426792.903766,745,-0.003620624542236328,2239
4362,1785426793.003766,746,0.09761619567871094,2309
4365,1785426793.103766,746,-0.002383708953857422,2309
4368,1785426793.2037659,747,0.0991981029510498,2309
4371,1785426793.303766,747,-0.0008020401000976562,2309
4374,1785426793.403766,747,-0.10080194473266602,2309
4377,1785426793.503766,748,0.0014722347259521484,2304
4380,1785426793.603766,748,-0.09852766990661621,2304
4383,1785426793.7037659,749,-0.00024819374084472656,2309
4386,1785426793.803766,749,-0.10024833679199219,2309
4389,1785426793.903766,750,0.0014812946319580078,2324
4392,1785426794.003766,750,-0.09851884841918945,2324
4395,1785426794.103766,751,-0.0004036426544189453,2363
4398,1785426794.2037659,751,-0.1004035472869873,2363
4401,1785426794.303766,752,0.0015721321105957031,2376
4404,1785426794.403766,752,-0.09842777252197266,2376
4407,1785426794.503766,753,0.00045990943908691406,2282
4410,1785426794.603766,754,0.09806203842163086,2275
4413,1785426794.7037659,754,-0.0019378662109375,2275
4416,1785426794.803766,755,0.10021257400512695,2259
4419,1785426794.903766,755,0.00021266937255859375,2259
4422,1785426795.003766,756,0.09448814392089844,2191
4425,1785426795.103766,756,-0.005511760711669922,2191
4428,1785426795.2037659,757,0.09683871269226074,2256
4431,1785426795.303766,757,-0.0031614303588867188,2256
4434,1785426795.403766,758,0.09870147705078125,2315
4437,1785426795.503766,758,-0.001298666000366211,2315
4440,1785426795.603766,758,-0.10129857063293457,2315
4443,1785426795.7037659,759,0.0013036727905273438,2405
4446,1785426795.803766,760,0.0953664779663086,2381
4449,1785426795.903766,760,-0.004633426666259766,2381
4452,1785426796.003766,761,0.09770059585571289,2452
4455,1785426796.103766,761,-0.0022993087768554688,2452
4458,1785426796.2037659,762,0.09950137138366699,2466
4461,1785426796.303766,762,-0.0004987716674804688,2466
4464,1785426796.403766,762,-0.10049867630004883,2466
4467,1785426796.503766,763,0.0013928413391113281,2445
4470,1785426796.603766,763,-0.09860706329345703,2445
4473,1785426796.7037659,764,0.0010535717010498047,2453
4476,1785426796.803766,764,-0.09894657135009766,2453
4479,1785426796.903766,765,0.0016460418701171875,2526
4482,1785426797.003766,765,-0.09835410118103027,2526
4485,1785426797.103766,766,0.0014362335205078125,2696
4488,1785426797.2037659,766,-0.09856367111206055,2696
4491,1785426797.303766,767,0.0014598369598388672,2731
4494,1785426797.403766,767,-0.09854006767272949,2731
4497,1785426797.503766,768,0.0012416839599609375,2843
4500,1785426797.603766,768,-0.09875822067260742,2843
4503,1785426797.7037659,769,-0.00033855438232421875,2763
4506,1785426797.803766,769,-0.10033869743347168,2763
4509,1785426797.903766,770,0.0013020038604736328,2807
4512,1785426798.003766,770,-0.09869813919067383,2807
4515,1785426798.103766,771,-0.000637054443359375,2643
4518,1785426798.2037659,771,-0.10063695907592773,2643
4521,1785426798.303766,772,0.0014617443084716797,2647
4524,1785426798.403766,772,-0.09853816032409668,2647
4527,1785426798.503766,773,-0.0009210109710693359,2706
4530,1785426798.603766,774,0.10056829452514648,2791
4533,1785426798.7037659,774,0.000568389892578125,2791
4536,1785426798.803766,774,-0.09943175315856934,2791
4539,1785426798.903766,775,0.0005443096160888672,2871
4542,1785426799.003766,776,0.0956871509552002,2867
4545,1785426799.103766,776,-0.004312753677368164,2867
4548,1785426799.2037659,777,0.0969552993774414,2297
4551,1785426799.303766,777,-0.0030448436737060547,2297
4554,1785426799.403766,778,0.09948229789733887,2345
4557,1785426799.503766,778,-0.0005178451538085938,2345
4560,1785426799.603766,778,-0.10051774978637695,2345
4563,1785426799.7037659,779,0.0013668537139892578,2372
4566,1785426799.803766,780,0.09632134437561035,2326
4569,1785426799.903766,780,-0.003678560256958008,2326
4572,1785426800.003766,781,0.09798526763916016,2336
4575,1785426800.103766,781,-0.002014636993408203,2336
4578,1785426800.2037659,782,0.10024714469909668,2329
4581,1785426800.303766,782,0.00024700164794921875,2329
4584,1785426800.403766,782,-0.09975290298461914,2329
4587,1785426800.503766,783,0.0014951229095458984,2354
4590,1785426800.603766,783,-0.09850478172302246,2354
4593,1785426800.7037659,784,0.0007121562957763672,2352
4596,1785426800.803766,784,-0.0992879867553711,2352
4599,1785426800.903766,785,0.0013885498046875,2352
4602,1785426801.003766,785,-0.09861159324645996,2352
4605,1785426801.103766,786,-0.0004405975341796875,2371
4608,1785426801.2037659,786,-0.10044050216674805,2371
4611,1785426801.303766,787,0.0015716552734375,2375
4614,1785426801.403766,787,-0.09842824935913086,2375
4617,1785426801.503766,788,0.0011677742004394531,2309
4620,1785426801.603766,789,0.09823799133300781,2339
4623,1785426801.7037659,789,-0.0017619132995605469,2339
4626,1785426801.803766,790,0.10094523429870605,2342
4629,1785426801.903766,790,0.0009453296661376953,2342
4632,1785426802.003766,790,-0.09905481338500977,2342
4635,1785426802.103766,791,0.0013768672943115234,2342
4638,1785426802.2037659,792,0.09666848182678223,2290
4641,1785426802.303766,792,-0.0033316612243652344,2290
4644,1785426802.403766,793,0.0993964672088623,2327
4647,1785426802.503766,793,-0.0006036758422851562,2327
4650,1785426802.603766,793,-0.10060358047485352,2327
4653,1785426802.7037659,794,0.0013782978057861328,2303
4656,1785426802.803766,794,-0.09862184524536133,2303
4659,1785426802.903766,795,0.0015997886657714844,2265
4662,1785426803.003766,796,0.09744691848754883,2320
4665,1785426803.103766,796,-0.0025529861450195312,2320
4668,1785426803.2037659,797,0.10007596015930176,2329
4671,1785426803.303766,797,7.581710815429688e-05,2329
4674,1785426803.403766,797,-0.09992408752441406,2329
4677,1785426803.503766,798,0.0008580684661865234,2329
4680,1785426803.603766,799,0.0957803726196289,2673
4683,1785426803.7037659,799,-0.004219532012939453,2673
4686,1785426803.803766,800,0.10146784782409668,2691
4689,1785426803.903766,800,0.0014679431915283203,2691
4692,1785426804.003766,800,-0.09853219985961914,2691
4695,1785426804.103766,801,-0.0007383823394775391,2499
4698,1785426804.2037659,801,-0.1007382869720459,2499
4701,1785426804.303766,802,0.001069784164428711,2549
4704,1785426804.403766,802,-0.09893012046813965,2549
4707,1785426804.503766,803,-0.00016832351684570312,2502
4710,1785426804.603766,803,-0.10016822814941406,2502
4713,1785426804.7037659,804,0.001516103744506836,2557
4716,1785426804.803766,804,-0.09848403930664062,2557
4719,1785426804.903766,805,-0.0005087852478027344,2565
4722,1785426805.003766,805,-0.1005089282989502,2565
4725,1785426805.103766,806,0.0009222030639648438,2578
4728,1785426805.2037659,807,0.09625983238220215,2516
4731,1785426805.303766,807,-0.0037403106689453125,2516
4734,1785426805.403766,808,0.09779953956604004,2633
4737,1785426805.503766,808,-0.002200603485107422,2633
4740,1785426805.603766,809,0.09974169731140137,2682
4743,1785426805.7037659,809,-0.0002582073211669922,2682
4746,1785426805.803766,809,-0.10025835037231445,2682
4749,1785426805.903766,810,0.0014634132385253906,2641
4752,1785426806.003766,811,0.09644746780395508,2657
4755,1785426806.103766,811,-0.0035524368286132812,2657
4758,1785426806.2037659,812,0.09939289093017578,2703
4761,1785426806.303766,812,-0.0006072521209716797,2703
4764,1785426806.403766,812,-0.10060715675354004,2703
4767,1785426806.503766,813,0.0012493133544921875,2720
4770,1785426806.603766,813,-0.09875059127807617,2720
4773,1785426806.7037659,814,0.0014691352844238281,2677
4776,1785426806.803766,815,0.09738445281982422,2673
4779,1785426806.903766,815,-0.0026154518127441406,2673
4782,1785426807.003766,816,0.09908866882324219,2684
4785,1785426807.103766,816,-0.0009112358093261719,2684
4788,1785426807.2037659,817,0.10062122344970703,2663
4791,1785426807.303766,817,0.0006210803985595703,2663
4794,1785426807.403766,818,0.09855985641479492,2583
4797,1785426807.503766,818,-0.001440286636352539,2583
4800,1785426807.603766,819,0.1008751392364502,2727
4803,1785426807.7037659,819,0.0008752346038818359,2727
4806,1785426807.803766,819,-0.09912490844726562,2727
4809,1785426807.903766,820,0.001455068588256836,2656
4812,1785426808.003766,820,-0.09854507446289062,2656
4815,1785426808.103766,821,0.0013349056243896484,2753
4818,1785426808.2037659,821,-0.09866499900817871,2753
4821,1785426808.303766,822,0.0015227794647216797,2707
4824,1785426808.403766,823,0.09705805778503418,2689
4827,1785426808.503766,823,-0.0029420852661132812,2689
4830,1785426808.603766,824,0.09879112243652344,2716
4833,1785426808.7037659,824,-0.0012087821960449219,2716
4836,1785426808.803766,825,0.10092425346374512,2739
4839,1785426808.903766,825,0.0009243488311767578,2739
4842,1785426809.003766,826,0.09606647491455078,2646
4845,1785426809.103766,826,-0.003933429718017578,2646
4848,1785426809.2037659,827,0.09790658950805664,2725
4851,1785426809.303766,827,-0.0020935535430908203,2725
4854,1785426809.403766,828,0.09997272491455078,2725
4857,1785426809.503766,828,-2.7418136596679688e-05,2725
4860,1785426809.603766,828,-0.10002732276916504,2725
4863,1785426809.7037659,829,0.001569986343383789,2648
4866,1785426809.803766,830,0.09670138359069824,2550
4869,1785426809.903766,830,-0.003298521041870117,2550
4872,1785426810.003766,831,0.09878277778625488,2597
4875,1785426810.103766,831,-0.0012171268463134766,2597
4878,1785426810.2037659,832,0.10031962394714355,2460
4881,1785426810.303766,832,0.00031948089599609375,2460
4884,1785426810.403766,832,-0.09968042373657227,2460
4887,1785426810.503766,833,0.0015091896057128906,2404
4890,1785426810.603766,834,0.09665036201477051,2423
4893,1785426810.7037659,834,-0.0033495426177978516,2423
4896,1785426810.803766,835,0.10129761695861816,2575
4899,1785426810.903766,835,0.0012977123260498047,2575
4902,1785426811.003766,835,-0.09870243072509766,2575
4905,1785426811.103766,836,0.0007371902465820312,2435
4908,1785426811.2037659,836,-0.09926271438598633,2435
4911,1785426811.303766,837,0.0015578269958496094,2550
4914,1785426811.403766,837,-0.09844207763671875,2550
4917,1785426811.503766,838,0.00043201446533203125,2550
4920,1785426811.603766,838,-0.09956789016723633,2550
4923,1785426811.7037659,839,0.0014374256134033203,2526
4926,1785426811.803766,839,-0.09856271743774414,2526
4929,1785426811.903766,840,0.0006425380706787109,2549
4932,1785426812.003766,840,-0.09935760498046875,2549
4935,1785426812.103766,841,0.0015878677368164062,2412
4938,1785426812.2037659,842,0.09729170799255371,2344
4941,1785426812.303766,842,-0.00270843505859375,2344
4944,1785426812.403766,843,0.09853482246398926,2422
4947,1785426812.503766,843,-0.0014653205871582031,2422
4950,1785426812.603766,844,0.10108137130737305,2461
4953,1785426812.7037659,844,0.0010814666748046875,2461
4956,1785426812.803766,844,-0.09891867637634277,2461
4959,1785426812.903766,845,0.0015342235565185547,2382
4962,1785426813.003766,845,-0.0984659194946289,2382
4965,1785426813.103766,846,0.0005314350128173828,2453
4968,1785426813.2037659,846,-0.09946846961975098,2453
4971,1785426813.303766,847,-0.0003504753112792969,2496
4974,1785426813.403766,847,-0.10035037994384766,2496
4977,1785426813.503766,848,0.0013053417205810547,2516
4980,1785426813.603766,849,0.0958409309387207,2439
4983,1785426813.7037659,849,-0.004158973693847656,2439
4986,1785426813.803766,850,0.09792089462280273,2527
4989,1785426813.903766,850,-0.002079010009765625,2527
4992,1785426814.003766,851,0.09992861747741699,2522
4995,1785426814.103766,851,-7.128715515136719e-05,2522
4998,1785426814.2037659,851,-0.10007119178771973,2522
5001,1785426814.303766,852,0.0021729469299316406,2554
5004,1785426814.403766,852,-0.09782695770263672,2554
5007,1785426814.503766,853,-0.0002918243408203125,2603
5010,1785426814.603766,853,-0.10029172897338867,2603
5013,1785426814.7037659,854,0.00118255615234375,2705
5016,1785426814.803766,854,-0.09881758689880371,2705
5019,1785426814.903766,855,0.0018515586853027344,2662
5022,1785426815.003766,855,-0.09814858436584473,2662
5025,1785426815.103766,856,0.0018277168273925781,2734
5028,1785426815.2037659,856,-0.09817218780517578,2734
5031,1785426815.303766,857,0.0008652210235595703,2654
5034,1785426815.403766,858,0.09818530082702637,2693
5037,1785426815.503766,858,-0.0018148422241210938,2693
5040,1785426815.603766,859,0.09922218322753906,2693
5043,1785426815.7037659,859,-0.0007777214050292969,2693
5046,1785426815.803766,859,-0.10077786445617676,2693
5049,1785426815.903766,860,0.0017924308776855469,2521
5052,1785426816.003766,861,0.0962824821472168,2483
5055,1785426816.103766,861,-0.0037174224853515625,2483
5058,1785426816.2037659,862,0.09836363792419434,2492
5061,1785426816.303766,862,-0.001636505126953125,2492
5064,1785426816.403766,863,0.10029387474060059,2519
5067,1785426816.503766,863,0.000293731689453125,2519
5070,1785426816.603766,863,-0.09970617294311523,2519
5073,1785426816.7037659,864,0.0015783309936523438,2477
5076,1785426816.803766,865,0.0973207950592041,2621
5079,1785426816.903766,865,-0.002679109573364258,2621
5082,1785426817.003766,866,0.09889936447143555,2621
5085,1785426817.103766,866,-0.0011005401611328125,2621
5088,1785426817.2037659,866,-0.10110044479370117,2621
5091,1785426817.303766,867,0.0011560916900634766,2738
5094,1785426817.403766,868,0.0960686206817627,2692
5097,1785426817.503766,868,-0.003931522369384766,2692
5100,1785426817.603766,869,0.09730339050292969,2815
5103,1785426817.7037659,869,-0.002696514129638672,2815
5106,1785426817.803766,870,0.10137414932250977,2924
5109,1785426817.903766,870,0.0013742446899414062,2924
5112,1785426818.003766,870,-0.09862589836120605,2924
5115,1785426818.103766,871,0.00032520294189453125,2873
5118,1785426818.2037659,871,-0.09967470169067383,2873
5121,1785426818.303766,872,0.0013654232025146484,2869
5124,1785426818.403766,872,-0.09863448143005371,2869
5127,1785426818.503766,873,0.0009641647338867188,2937
5130,1785426818.603766,874,0.0989220142364502,2896
5133,1785426818.7037659,874,-0.001077890396118164,2896
5136,1785426818.803766,875,0.10085272789001465,2896
5139,1785426818.903766,875,0.0008528232574462891,2896
5142,1785426819.003766,875,-0.09914731979370117,2896
5145,1785426819.103766,876,0.0015513896942138672,2258
5148,1785426819.2037659,877,0.09749794006347656,2286
5151,1785426819.303766,877,-0.0025022029876708984,2286
5154,1785426819.403766,878,0.09935379028320312,2305
5157,1785426819.503766,878,-0.0006463527679443359,2305
5160,1785426819.603766,878,-0.1006462574005127,2305
5163,1785426819.7037659,879,0.0013654232025146484,2324
5166,1785426819.803766,879,-0.09863471984863281,2324
5169,1785426819.903766,880,0.0016214847564697266,2255
5172,1785426820.003766,881,0.09773373603820801,2268
5175,1785426820.103766,881,-0.0022661685943603516,2268
5178,1785426820.2037659,882,0.10008478164672852,2306
5181,1785426820.303766,882,8.463859558105469e-05,2306
5184,1785426820.403766,882,-0.0999152660369873,2306
5187,1785426820.503766,883,0.0017921924591064453,2673
5190,1785426820.603766,884,0.0965569019317627,2670
5193,1785426820.7037659,884,-0.003443002700805664,2670
5196,1785426820.803766,885,0.0979464054107666,2693
5199,1785426820.903766,885,-0.002053499221801758,2693
5202,1785426821.003766,886,0.10039758682250977,2552
5205,1785426821.103766,886,0.00039768218994140625,2552
5208,1785426821.2037659,886,-0.09960222244262695,2552
5211,1785426821.303766,887,0.0015075206756591797,2508
5214,1785426821.403766,887,-0.09849238395690918,2508
5217,1785426821.503766,888,-0.0003554821014404297,2599
5220,1785426821.603766,888,-0.10035538673400879,2599
5223,1785426821.7037659,889,0.0021636486053466797,2665
5226,1785426821.803766,889,-0.09783649444580078,2665
5229,1785426821.903766,890,-0.0004837512969970703,2650
5232,1785426822.003766,890,-0.10048389434814453,2650
5235,1785426822.103766,891,0.0013608932495117188,2758
5238,1785426822.2037659,891,-0.09863901138305664,2758
5241,1785426822.303766,892,0.0005857944488525391,2692
5244,1785426822.403766,893,0.09836935997009277,2725
5247,1785426822.503766,893,-0.0016307830810546875,2725
5250,1785426822.603766,894,0.10047030448913574,2749
5253,1785426822.7037659,894,0.0004703998565673828,2749
5256,1785426822.803766,894,-0.09952974319458008,2749
5259,1785426822.903766,895,0.0015454292297363281,2725
5262,1785426823.003766,896,0.09701085090637207,2798
5265,1785426823.103766,896,-0.002989053726196289,2798
5268,1785426823.2037659,897,0.09875178337097168,2795
5271,1785426823.303766,897,-0.0012483596801757812,2795
5274,1785426823.403766,897,-0.10124826431274414,2795
5277,1785426823.503766,898,0.0016226768493652344,2713
5280,1785426823.603766,899,0.09531331062316895,2694
5283,1785426823.7037659,899,-0.004686594009399414,2694
5286,1785426823.803766,900,0.09756064414978027,2743
5289,1785426823.903766,900,-0.002439260482788086,2743
5292,1785426824.003766,901,0.09899139404296875,2748
5295,1785426824.103766,901,-0.0010085105895996094,2748
5298,1785426824.2037659,901,-0.10100841522216797,2748
5301,1785426824.303766,902,0.0013360977172851562,2705
5304,1785426824.403766,903,0.09654903411865234,2571
5307,1785426824.503766,903,-0.003451108932495117,2571
5310,1785426824.603766,904,0.10004281997680664,2633
5313,1785426824.7037659,904,4.291534423828125e-05,2633
5316,1785426824.803766,904,-0.09995722770690918,2633
5319,1785426824.903766,905,0.0016169548034667969,2659
5322,1785426825.003766,905,-0.09838318824768066,2659
5325,1785426825.103766,906,0.001331329345703125,2695
5328,1785426825.2037659,906,-0.09866857528686523,2695
5331,1785426825.303766,907,-0.0012660026550292969,2655
5334,1785426825.403766,907,-0.10126590728759766,2655
5337,1785426825.503766,908,0.001363515853881836,2713
5340,1785426825.603766,908,-0.09863638877868652,2713
5343,1785426825.7037659,909,-0.0007736682891845703,2640
5346,1785426825.803766,909,-0.10077381134033203,2640
5349,1785426825.903766,910,0.0009396076202392578,2637
5352,1785426826.003766,911,0.09634208679199219,2437
5355,1785426826.103766,911,-0.003657817840576172,2437
5358,1785426826.2037659,912,0.09786295890808105,2530
5361,1785426826.303766,912,-0.0021371841430664062,2530
5364,1785426826.403766,913,0.10014486312866211,2556
5367,1785426826.503766,913,0.00014472007751464844,2556
5370,1785426826.603766,913,-0.09985518455505371,2556
5373,1785426826.7037659,914,0.0015234947204589844,2598
5376,1785426826.803766,915,0.09651303291320801,2598
5379,1785426826.903766,915,-0.0034868717193603516,2598
5382,1785426827.003766,916,0.09820270538330078,2698
5385,1785426827.103766,916,-0.0017971992492675781,2698
5388,1785426827.2037659,917,0.1010274887084961,2741
5391,1785426827.303766,917,0.0010273456573486328,2741
5394,1785426827.403766,917,-0.09897255897521973,2741
5397,1785426827.503766,918,0.0014526844024658203,2662
5400,1785426827.603766,919,0.09764719009399414,2632
5403,1785426827.7037659,919,-0.0023527145385742188,2632
5406,1785426827.803766,920,0.0983736515045166,2651
5409,1785426827.903766,920,-0.0016262531280517578,2651
5412,1785426828.003766,921,0.10038113594055176,2641
5415,1785426828.103766,921,0.00038123130798339844,2641
5418,1785426828.2037659,921,-0.09961867332458496,2641
5421,1785426828.303766,922,0.0016372203826904297,2559
5424,1785426828.403766,922,-0.09836268424987793,2559
5427,1785426828.503766,923,0.0006322860717773438,2717
5430,1785426828.603766,923,-0.09936761856079102,2717
5433,1785426828.7037659,924,0.0014617443084716797,2729
5436,1785426828.803766,924,-0.09853839874267578,2729
5439,1785426828.903766,925,6.341934204101562e-05,2700
5442,1785426829.003766,926,0.09847903251647949,2698
5445,1785426829.103766,926,-0.0015208721160888672,2698
5448,1785426829.2037659,927,0.10088086128234863,2698
5451,1785426829.303766,927,0.0008807182312011719,2698
5454,1785426829.403766,928,0.09856486320495605,2687
5457,1785426829.503766,928,-0.0014352798461914062,2687
5460,1785426829.603766,929,0.10046529769897461,2687
5463,1785426829.7037659,929,0.00046539306640625,2687
5466,1785426829.803766,929,-0.09953474998474121,2687
5469,1785426829.903766,930,0.0015211105346679688,2648
5472,1785426830.003766,931,0.09756255149841309,2706
5475,1785426830.103766,931,-0.0024373531341552734,2706
5478,1785426830.2037659,932,0.09874868392944336,2660
5481,1785426830.303766,932,-0.0012514591217041016,2660
5484,1785426830.403766,932,-0.10125136375427246,2660
5487,1785426830.503766,933,0.0013463497161865234,2626
5490,1785426830.603766,934,0.09594225883483887,2500
5493,1785426830.7037659,934,-0.004057645797729492,2500
5496,1785426830.803766,935,0.09797167778015137,2604
5499,1785426830.903766,935,-0.002028226852416992,2604
5502,1785426831.003766,936,0.09959983825683594,2582
5505,1785426831.103766,936,-0.0004000663757324219,2582
5508,1785426831.2037659,936,-0.10039997100830078,2582
5511,1785426831.303766,937,0.0015153884887695312,2470
5514,1785426831.403766,938,0.09623217582702637,2412
5517,1785426831.503766,938,-0.0037679672241210938,2412
5520,1785426831.603766,939,0.0975794792175293,2407
5523,1785426831.7037659,939,-0.0024204254150390625,2407
5526,1785426831.803766,940,0.10032916069030762,2436
5529,1785426831.903766,940,0.0003292560577392578,2436
5532,1785426832.003766,940,-0.0996708869934082,2436
5535,1785426832.103766,941,0.0015671253204345703,2540
5538,1785426832.2037659,941,-0.09843277931213379,2540
5541,1785426832.303766,942,0.00020599365234375,2596
5544,1785426832.403766,942,-0.09979391098022461,2596
5547,1785426832.503766,943,0.0014696121215820312,2663
5550,1785426832.603766,943,-0.09853029251098633,2663
5553,1785426832.7037659,944,0.00010251998901367188,2816
5556,1785426832.803766,944,-0.09989762306213379,2816
5559,1785426832.903766,945,0.0016341209411621094,2911
5562,1785426833.003766,946,0.09640932083129883,2997
5565,1785426833.103766,946,-0.0035905838012695312,2997
5568,1785426833.2037659,947,0.09829473495483398,2997
5571,1785426833.303766,947,-0.0017054080963134766,2997
5574,1785426833.403766,948,0.1008293628692627,2531
5577,1785426833.503766,948,0.0008292198181152344,2531
5580,1785426833.603766,948,-0.09917068481445312,2531
5583,1785426833.7037659,949,0.0014128684997558594,2564
5586,1785426833.803766,950,0.09740996360778809,2731
5589,1785426833.903766,950,-0.0025899410247802734,2731
5592,1785426834.003766,951,0.09890031814575195,2850
5595,1785426834.103766,951,-0.0010995864868164062,2850
5598,1785426834.2037659,951,-0.10109949111938477,2850
5601,1785426834.303766,952,0.0014615058898925781,2922
5604,1785426834.403766,952,-0.09853839874267578,2922
5607,1785426834.503766,953,0.0015311241149902344,2999
5610,1785426834.603766,954,0.09778571128845215,2999
5613,1785426834.7037659,954,-0.002214193344116211,2999
5616,1785426834.803766,955,0.10027551651000977,2999
5619,1785426834.903766,955,0.00027561187744140625,2999
5622,1785426835.003766,955,-0.09972453117370605,2999
5625,1785426835.103766,956,0.0017747879028320312,2637
5628,1785426835.2037659,956,-0.09822511672973633,2637
5631,1785426835.303766,957,0.0014262199401855469,2595
5634,1785426835.403766,957,-0.09857368469238281,2595
5637,1785426835.503766,958,0.0016794204711914062,2634
5640,1785426835.603766,958,-0.09832048416137695,2634
5643,1785426835.7037659,959,0.0008950233459472656,2573
5646,1785426835.803766,959,-0.0991051197052002,2573
5649,1785426835.903766,960,0.0016210079193115234,2165
5652,1785426836.003766,960,-0.09837913513183594,2165
5655,1785426836.103766,961,0.0007748603820800781,2009
5658,1785426836.2037659,962,0.0987386703491211,2511
5661,1785426836.303766,962,-0.0012614727020263672,2511
5664,1785426836.403766,963,0.10065460205078125,2114
5667,1785426836.503766,963,0.0006544589996337891,2114
5670,1785426836.603766,964,0.09481692314147949,1503
5673,1785426836.7037659,964,-0.005182981491088867,1503
5676,1785426836.803766,965,0.09718799591064453,2305
5679,1785426836.903766,965,-0.002811908721923828,2305
5682,1785426837.003766,966,0.09880661964416504,1849
5685,1785426837.103766,966,-0.0011932849884033203,1849
5688,1785426837.2037659,967,0.09251213073730469,1413
5691,1785426837.303766,967,-0.0074880123138427734,1413
5694,1785426837.403766,968,0.08786988258361816,1027
5697,1785426837.503766,968,-0.012130260467529297,1027
5700,1785426837.603766,969,0.08162188529968262,680
5703,1785426837.7037659,969,-0.018378019332885742,680
5706,1785426837.803766,970,0.06810617446899414,409
5709,1785426837.903766,970,-0.03189373016357422,409
5712,1785426838.003766,971,0.09712767601013184,303
5715,1785426838.103766,971,-0.0028722286224365234,303
5718,1785426838.2037659,972,0.09908866882324219,217
5721,1785426838.303766,972,-0.0009114742279052734,217
5724,1785426838.403766,973,0.093414306640625,266
5727,1785426838.503766,973,-0.006585836410522461,266
5730,1785426838.603766,974,0.05401611328125,360
5733,1785426838.7037659,974,-0.04598379135131836,360
5736,1785426838.803766,975,0.04749608039855957,463
5739,1785426838.903766,975,-0.05250382423400879,463
5742,1785426839.003766,976,0.04904317855834961,463
5745,1785426839.103766,976,-0.05095672607421875,463
5748,1785426839.2037659,977,0.09824800491333008,856
5751,1785426839.303766,977,-0.0017521381378173828,856
5754,1785426839.403766,978,0.1005864143371582,1257
5757,1785426839.503766,978,0.0005862712860107422,1257
5760,1785426839.603766,978,-0.09941363334655762,1257
5763,1785426839.7037659,979,0.001558542251586914,1431
5766,1785426839.803766,980,0.09693646430969238,1749
5769,1785426839.903766,980,-0.0030634403228759766,1749
5772,1785426840.003766,981,0.09810447692871094,2110
5775,1785426840.103766,981,-0.0018954277038574219,2110
5778,1785426840.2037659,982,0.09982657432556152,2110
5781,1785426840.303766,982,-0.0001735687255859375,2110
5784,1785426840.403766,983,0.09373354911804199,2165
5787,1785426840.503766,983,-0.006266593933105469,2165
5790,1785426840.603766,984,0.09716415405273438,2095
5793,1785426840.7037659,984,-0.0028357505798339844,2095
5796,1785426840.803766,985,0.09874796867370605,1972
5799,1785426840.903766,985,-0.0012519359588623047,1972
5802,1785426841.003766,986,0.10063624382019043,1899
5805,1785426841.103766,986,0.0006363391876220703,1899
5808,1785426841.2037659,987,0.0937490463256836,1893
5811,1785426841.303766,987,-0.006251096725463867,1893
5814,1785426841.403766,988,0.09745216369628906,1893
5817,1785426841.503766,988,-0.0025479793548583984,1893
5820,1785426841.603766,989,0.09840154647827148,1923
5823,1785426841.7037659,989,-0.001598358154296875,1923
5826,1785426841.803766,990,0.10098671913146973,2085
5829,1785426841.903766,990,0.0009868144989013672,2085
5832,1785426842.003766,991,0.09489274024963379,2474
5835,1785426842.103766,991,-0.00510716438293457,2474
5838,1785426842.2037659,992,0.09738373756408691,1539
5841,1785426842.303766,992,-0.002616405487060547,1539
5844,1785426842.403766,993,0.10009121894836426,1768
5847,1785426842.503766,993,9.107589721679688e-05,1768
5850,1785426842.603766,993,-0.09990882873535156,1768
5853,1785426842.7037659,994,0.003692626953125,1825
5856,1785426842.803766,995,0.09624576568603516,1825
5859,1785426842.903766,995,-0.003754138946533203,1825
5862,1785426843.003766,996,0.09832596778869629,2224
5865,1785426843.103766,996,-0.0016739368438720703,2224
5868,1785426843.2037659,997,0.09950113296508789,2347
5871,1785426843.303766,997,-0.0004990100860595703,2347
5874,1785426843.403766,997,-0.10049891471862793,2347
5877,1785426843.503766,998,0.0010471343994140625,2380
5880,1785426843.603766,999,0.09505367279052734,2410
5883,1785426843.7037659,999,-0.004946231842041016,2410
5886,1785426843.803766,1000,0.09784722328186035,2583
5889,1785426843.903766,1000,-0.002152681350708008,2583
5892,1785426844.003766,1001,0.09885382652282715,2583
5895,1785426844.103766,1001,-0.001146078109741211,2583
5898,1785426844.2037659,1001,-0.10114598274230957,2583
5901,1785426844.303766,1002,0.0011620521545410156,2742
5904,1785426844.403766,1003,0.0959160327911377,2746
5907,1785426844.503766,1003,-0.004084110260009766,2746
5910,1785426844.603766,1004,0.09818053245544434,2855
5913,1785426844.7037659,1004,-0.0018193721771240234,2855
5916,1785426844.803766,1005,0.09987115859985352,2922
5919,1785426844.903766,1005,-0.00012874603271484375,2922
5922,1785426845.003766,1005,-0.1001288890838623,2922
5925,1785426845.103766,1006,0.0018296241760253906,2961
5928,1785426845.2037659,1007,0.09672880172729492,2004
5931,1785426845.303766,1007,-0.003271341323852539,2004
5934,1785426845.403766,1008,0.09799551963806152,2101
5937,1785426845.503766,1008,-0.0020046234130859375,2101
5940,1785426845.603766,1009,0.10095334053039551,2178
5943,1785426845.7037659,1009,0.0009534358978271484,2178
5946,1785426845.803766,1009,-0.09904670715332031,2178
5949,1785426845.903766,1010,0.0014095306396484375,2079
5952,1785426846.003766,1011,0.0981142520904541,2148
5955,1785426846.103766,1011,-0.0018856525421142578,2148
5958,1785426846.2037659,1012,0.09956169128417969,2115
5961,1785426846.303766,1012,-0.00043845176696777344,2115
5964,1785426846.403766,1012,-0.10043835639953613,2115
5967,1785426846.503766,1013,0.0014140605926513672,2096
5970,1785426846.603766,1013,-0.09858584403991699,2096
5973,1785426846.7037659,1014,0.0010635852813720703,2114
5976,1785426846.803766,1015,0.09540700912475586,2955
5979,1785426846.903766,1015,-0.0045928955078125,2955
5982,1785426847.003766,1016,0.09757423400878906,2025
5985,1785426847.103766,1016,-0.002425670623779297,2025
5988,1785426847.2037659,1017,0.09958362579345703,2050
5991,1785426847.303766,1017,-0.0004165172576904297,2050
5994,1785426847.403766,1017,-0.10041642189025879,2050
5997,1785426847.503766,1018,0.0011773109436035156,2094
6000,1785426847.603766,1019,0.09619903564453125,2066
6003,1785426847.7037659,1019,-0.0038008689880371094,2066
6006,1785426847.803766,1020,0.09781765937805176,2196
6009,1785426847.903766,1020,-0.0021822452545166016,2196
6012,1785426848.003766,1021,0.0992584228515625,2231
6015,1785426848.103766,1021,-0.0007414817810058594,2231
6018,1785426848.2037659,1021,-0.10074138641357422,2231
6021,1785426848.303766,1022,0.0014598369598388672,2252
6024,1785426848.403766,1023,0.09679603576660156,2284
6027,1785426848.503766,1023,-0.0032041072845458984,2284
6030,1785426848.603766,1024,0.0983283519744873,2398
6033,1785426848.7037659,1024,-0.0016715526580810547,2398
6036,1785426848.803766,1025,0.09955048561096191,2442
6039,1785426848.903766,1025,-0.0004494190216064453,2442
6042,1785426849.003766,1025,-0.1004495620727539,2442
6045,1785426849.103766,1026,0.0015215873718261719,2491
6048,1785426849.2037659,1026,-0.09847831726074219,2491
6051,1785426849.303766,1027,0.0009369850158691406,2491
6054,1785426849.403766,1027,-0.09906291961669922,2491
6057,1785426849.503766,1028,0.001432180404663086,2747
6060,1785426849.603766,1028,-0.09856772422790527,2747
6063,1785426849.7037659,1029,-0.0004937648773193359,2774
6066,1785426849.803766,1029,-0.1004939079284668,2774
6069,1785426849.903766,1030,0.0015101432800292969,2790
6072,1785426850.003766,1030,-0.09848999977111816,2790
6075,1785426850.103766,1031,0.0009250640869140625,2669
6078,1785426850.2037659,1031,-0.0990748405456543,2669
6081,1785426850.303766,1032,-0.0006973743438720703,2620
6084,1785426850.403766,1033,0.10031342506408691,2607
6087,1785426850.503766,1033,0.0003132820129394531,2607
6090,1785426850.603766,1033,-0.0996866226196289,2607
6093,1785426850.7037659,1034,0.0014634132385253906,2586
6096,1785426850.803766,1035,0.09713101387023926,2519
6099,1785426850.903766,1035,-0.0028688907623291016,2519
6102,1785426851.003766,1036,0.09814167022705078,2571
6105,1785426851.103766,1036,-0.0018582344055175781,2571
6108,1785426851.2037659,1037,0.10147595405578613,2603
6111,1785426851.303766,1037,0.0014758110046386719,2603
6114,1785426851.403766,1038,0.09547996520996094,2564
6117,1785426851.503766,1038,-0.0045201778411865234,2564
6120,1785426851.603766,1039,0.09778475761413574,2697
6123,1785426851.7037659,1039,-0.002215147018432617,2697
6126,1785426851.803766,1040,0.09903907775878906,2746
6129,1785426851.903766,1040,-0.0009608268737792969,2746
6132,1785426852.003766,1040,-0.10096096992492676,2746
6135,1785426852.103766,1041,0.0011775493621826172,2747
6138,1785426852.2037659,1042,0.09518814086914062,2629
6141,1785426852.303766,1042,-0.004812002182006836,2629
6144,1785426852.403766,1043,0.09759879112243652,2704
6147,1785426852.503766,1043,-0.0024013519287109375,2704
6150,1785426852.603766,1044,0.09931325912475586,2688
6153,1785426852.7037659,1044,-0.0006866455078125,2688
6156,1785426852.803766,1044,-0.10068678855895996,2688
6159,1785426852.903766,1045,0.0016434192657470703,2688
6162,1785426853.003766,1045,-0.09835672378540039,2688
6165,1785426853.103766,1046,0.0014290809631347656,2751
6168,1785426853.2037659,1046,-0.0985708236694336,2751
6171,1785426853.303766,1047,0.00133514404296875,2799
6174,1785426853.403766,1047,-0.09866476058959961,2799
6177,1785426853.503766,1048,-0.0005953311920166016,2799
6180,1785426853.603766,1048,-0.10059523582458496,2799
6183,1785426853.7037659,1049,0.001421213150024414,2811
6186,1785426853.803766,1049,-0.09857892990112305,2811
6189,1785426853.903766,1050,0.0014927387237548828,2683
6192,1785426854.003766,1051,0.09761881828308105,2738
6195,1785426854.103766,1051,-0.0023810863494873047,2738
6198,1785426854.2037659,1052,0.09968400001525879,2764
6201,1785426854.303766,1052,-0.0003161430358886719,2764
6204,1785426854.403766,1052,-0.10031604766845703,2764
6207,1785426854.503766,1053,0.0015773773193359375,2748
6210,1785426854.603766,1054,0.09664750099182129,2712
6213,1785426854.7037659,1054,-0.0033524036407470703,2712
6216,1785426854.803766,1055,0.09856534004211426,2812
6219,1785426854.903766,1055,-0.0014345645904541016,2812
6222,1785426855.003766,1056,0.10045289993286133,2829
6225,1785426855.103766,1056,0.00045299530029296875,2829
6228,1785426855.2037659,1056,-0.09954690933227539,2829
6231,1785426855.303766,1057,0.0015048980712890625,2784
6234,1785426855.403766,1058,0.09730362892150879,2889
6237,1785426855.503766,1058,-0.002696514129638672,2889
6240,1785426855.603766,1059,0.09933090209960938,2967
6243,1785426855.7037659,1059,-0.0006690025329589844,2967
6246,1785426855.803766,1060,0.10026812553405762,2952
6249,1785426855.903766,1060,0.0002682209014892578,2952
6252,1785426856.003766,1060,-0.0997319221496582,2952
6255,1785426856.103766,1061,0.0013790130615234375,2804
6258,1785426856.2037659,1061,-0.09862089157104492,2804
6261,1785426856.303766,1062,0.000972747802734375,2804
6264,1785426856.403766,1062,-0.09902715682983398,2804
6267,1785426856.503766,1063,0.0014050006866455078,2839
6270,1785426856.603766,1063,-0.09859490394592285,2839
6273,1785426856.7037659,1064,0.00023102760314941406,2714
6276,1785426856.803766,1064,-0.09976911544799805,2714
6279,1785426856.903766,1065,0.0009911060333251953,2703
6282,1785426857.003766,1065,-0.09900903701782227,2703
6285,1785426857.103766,1066,0.0015091896057128906,2630
6288,1785426857.2037659,1066,-0.09849071502685547,2630
6291,1785426857.303766,1067,-0.0004782676696777344,2434
6294,1785426857.403766,1067,-0.1004781723022461,2434
6297,1785426857.503766,1068,0.0008206367492675781,2385
6300,1785426857.603766,1068,-0.09917926788330078,2385
6303,1785426857.7037659,1069,0.0015339851379394531,2293
6306,1785426857.803766,1070,0.09825468063354492,2296
6309,1785426857.903766,1070,-0.0017452239990234375,2296
6312,1785426858.003766,1071,0.09915518760681152,2357
6315,1785426858.103766,1071,-0.0008447170257568359,2357
6318,1785426858.2037659,1071,-0.1008446216583252,2357
6321,1785426858.303766,1072,0.001302957534790039,2401
6324,1785426858.403766,1073,0.09509110450744629,2429
6327,1785426858.503766,1073,-0.004909038543701172,2429
6330,1785426858.603766,1074,0.09789657592773438,2515
6333,1785426858.7037659,1074,-0.0021033287048339844,2515
6336,1785426858.803766,1075,0.10001802444458008,2432
6339,1785426858.903766,1075,1.811981201171875e-05,2432
6342,1785426859.003766,1075,-0.09998202323913574,2432
6345,1785426859.103766,1076,0.0014922618865966797,2139
6348,1785426859.2037659,1077,0.09658670425415039,2139
6351,1785426859.303766,1077,-0.0034134387969970703,2139
6354,1785426859.403766,1078,0.09819388389587402,2124
6357,1785426859.503766,1078,-0.0018062591552734375,2124
6360,1785426859.603766,1079,0.09949827194213867,2103
6363,1785426859.7037659,1079,-0.0005016326904296875,2103
6366,1785426859.803766,1079,-0.10050177574157715,2103
6369,1785426859.903766,1080,0.0013833045959472656,2130
6372,1785426860.003766,1080,-0.0986168384552002,2130
6375,1785426860.103766,1081,0.0005431175231933594,2142
6378,1785426860.2037659,1081,-0.099456787109375,2142
6381,1785426860.303766,1082,0.0014634132385253906,2177
6384,1785426860.403766,1082,-0.09853649139404297,2177
6387,1785426860.503766,1083,-0.0004980564117431641,2177
6390,1785426860.603766,1083,-0.10049796104431152,2177
6393,1785426860.7037659,1084,0.0013875961303710938,2277
6396,1785426860.803766,1085,0.09665727615356445,2293
6399,1785426860.903766,1085,-0.0033426284790039062,2293
6402,1785426861.003766,1086,0.09930729866027832,2417
6405,1785426861.103766,1086,-0.0006926059722900391,2417
6408,1785426861.2037659,1087,0.10051512718200684,2421
6411,1785426861.303766,1087,0.000514984130859375,2421
6414,1785426861.403766,1088,0.09436249732971191,2245
6417,1785426861.503766,1088,-0.005637645721435547,2245
6420,1785426861.603766,1089,0.096710205078125,2193
6423,1785426861.7037659,1089,-0.0032896995544433594,2193
6426,1785426861.803766,1090,0.09862041473388672,2193
6429,1785426861.903766,1090,-0.0013794898986816406,2193
6432,1785426862.003766,1091,0.10073614120483398,2114
6435,1785426862.103766,1091,0.000736236572265625,2114
6438,1785426862.2037659,1091,-0.09926366806030273,2114
6441,1785426862.303766,1092,0.0013039112091064453,2063
6444,1785426862.403766,1093,0.09759259223937988,2130
6447,1785426862.503766,1093,-0.002407550811767578,2130
6450,1785426862.603766,1094,0.09887146949768066,2198
6453,1785426862.7037659,1094,-0.0011284351348876953,2198
6456,1785426862.803766,1095,0.1005556583404541,2256
6459,1785426862.903766,1095,0.0005557537078857422,2256
6462,1785426863.003766,1095,-0.09944438934326172,2256
6465,1785426863.103766,1096,0.0015306472778320312,2292
6468,1785426863.2037659,1096,-0.09846925735473633,2292
6471,1785426863.303766,1097,0.0006029605865478516,2474
6474,1785426863.403766,1098,0.09875774383544922,2586
6477,1785426863.503766,1098,-0.0012423992156982422,2586
6480,1785426863.603766,1098,-0.1012423038482666,2586
6483,1785426863.7037659,1099,0.0015571117401123047,2725
6486,1785426863.803766,1099,-0.09844303131103516,2725
6489,1785426863.903766,1100,-0.0005915164947509766,2725
6492,1785426864.003766,1100,-0.10059165954589844,2725
6495,1785426864.103766,1101,0.0014269351959228516,2554
6498,1785426864.2037659,1101,-0.09857296943664551,2554
6501,1785426864.303766,1102,-0.0008864402770996094,2586
6504,1785426864.403766,1102,-0.10088634490966797,2586
6507,1785426864.503766,1103,0.0016570091247558594,2537
6510,1785426864.603766,1104,0.09650087356567383,2468
6513,1785426864.7037659,1104,-0.0034990310668945312,2468
6516,1785426864.803766,1105,0.09752893447875977,2546
6519,1785426864.903766,1105,-0.0024709701538085938,2546
6522,1785426865.003766,1106,0.09966731071472168,2571
6525,1785426865.103766,1106,-0.0003325939178466797,2571
6528,1785426865.2037659,1106,-0.10033249855041504,2571
6531,1785426865.303766,1107,0.0015208721160888672,2555
6534,1785426865.403766,1108,0.09593629837036133,2576
6537,1785426865.503766,1108,-0.004063844680786133,2576
6540,1785426865.603766,1109,0.09831953048706055,2640
6543,1785426865.7037659,1109,-0.0016803741455078125,2640
6546,1785426865.803766,1110,0.10044479370117188,2631
6549,1785426865.903766,1110,0.0004448890686035156,2631
6552,1785426866.003766,1111,0.09448003768920898,2505
6555,1785426866.103766,1111,-0.005519866943359375,2505
6558,1785426866.2037659,1112,0.09692978858947754,2522
6561,1785426866.303766,1112,-0.003070354461669922,2522
6564,1785426866.403766,1113,0.10135293006896973,2522
6567,1785426866.503766,1113,0.0013527870178222656,2522
6570,1785426866.603766,1113,-0.0986471176147461,2522
6573,1785426866.7037659,1114,-0.00028252601623535156,2287
6576,1785426866.803766,1114,-0.10028266906738281,2287
6579,1785426866.903766,1115,0.0018589496612548828,2292
6582,1785426867.003766,1115,-0.09814119338989258,2292
6585,1785426867.103766,1116,0.0009069442749023438,2299
6588,1785426867.2037659,1116,-0.09909296035766602,2299
6591,1785426867.303766,1117,0.0017750263214111328,2322
6594,1785426867.403766,1117,-0.09822487831115723,2322
6597,1785426867.503766,1118,4.0531158447265625e-06,2399
6600,1785426867.603766,1118,-0.09999585151672363,2399
6603,1785426867.7037659,1119,0.001745462417602539,2447
6606,1785426867.803766,1120,0.09704232215881348,2447
6609,1785426867.903766,1120,-0.002957582473754883,2447
6612,1785426868.003766,1121,0.09877729415893555,2642
6615,1785426868.103766,1121,-0.0012226104736328125,2642
6618,1785426868.2037659,1122,0.10062766075134277,2711
6621,1785426868.303766,1122,0.0006275177001953125,2711
6624,1785426868.403766,1122,-0.09937238693237305,2711
6627,1785426868.503766,1123,0.0018267631530761719,2642
6630,1785426868.603766,1124,0.09755611419677734,2589
6633,1785426868.7037659,1124,-0.0024437904357910156,2589
6636,1785426868.803766,1125,0.09878754615783691,2596
6639,1785426868.903766,1125,-0.0012123584747314453,2596
6642,1785426869.003766,1125,-0.1012125015258789,2596
6645,1785426869.103766,1126,0.001367807388305664,2514
6648,1785426869.2037659,1127,0.09557890892028809,2508
6651,1785426869.303766,1127,-0.004421234130859375,2508
6654,1785426869.403766,1128,0.09769368171691895,2518
6657,1785426869.503766,1128,-0.0023064613342285156,2518
6660,1785426869.603766,1129,0.0995028018951416,2515
6663,1785426869.7037659,1129,-0.0004971027374267578,2515
6666,1785426869.803766,1129,-0.10049724578857422,2515
6669,1785426869.903766,1130,0.0010366439819335938,2544
6672,1785426870.003766,1130,-0.09896349906921387,2544
6675,1785426870.103766,1131,-0.0007295608520507812,2536
6678,1785426870.2037659,1131,-0.10072946548461914,2536
6681,1785426870.303766,1132,0.0017940998077392578,2675
6684,1785426870.403766,1132,-0.0982058048248291,2675
6687,1785426870.503766,1133,-0.0008690357208251953,2584
6690,1785426870.603766,1133,-0.10086894035339355,2584
6693,1785426870.7037659,1134,0.0011096000671386719,2514
6696,1785426870.803766,1134,-0.09889054298400879,2514
6699,1785426870.903766,1135,-1.9073486328125e-05,2306
6702,1785426871.003766,1136,0.09755277633666992,2110
6705,1785426871.103766,1136,-0.0024471282958984375,2110
6708,1785426871.2037659,1137,0.09966683387756348,2115
6711,1785426871.303766,1137,-0.0003333091735839844,2115
6714,1785426871.403766,1137,-0.10033321380615234,2115
6717,1785426871.503766,1138,0.0014331340789794922,2125
6720,1785426871.603766,1139,0.09570693969726562,2196
6723,1785426871.7037659,1139,-0.004292964935302734,2196
6726,1785426871.803766,1140,0.09846854209899902,2351
6729,1785426871.903766,1140,-0.001531362533569336,2351
6732,1785426872.003766,1141,0.09992432594299316,2467
6735,1785426872.103766,1141,-7.557868957519531e-05,2467
6738,1785426872.2037659,1141,-0.10007548332214355,2467
6741,1785426872.303766,1142,0.0014870166778564453,2467
6744,1785426872.403766,1143,0.09707999229431152,2617
6747,1785426872.503766,1143,-0.0029201507568359375,2617
6750,1785426872.603766,1144,0.09874582290649414,2626
6753,1785426872.7037659,1144,-0.0012540817260742188,2626
6756,1785426872.803766,1145,0.10093903541564941,2524
6759,1785426872.903766,1145,0.0009391307830810547,2524
6762,1785426873.003766,1146,0.09526252746582031,2433
6765,1785426873.103766,1146,-0.004737377166748047,2433
6768,1785426873.2037659,1147,0.09790873527526855,2482
6771,1785426873.303766,1147,-0.0020914077758789062,2482
6774,1785426873.403766,1148,0.10180902481079102,2486
6777,1785426873.503766,1148,0.0018088817596435547,2486
6780,1785426873.603766,1148,-0.0981910228729248,2486
6783,1785426873.7037659,1149,0.0010037422180175781,2455
6786,1785426873.803766,1149,-0.09899640083312988,2455
6789,1785426873.903766,1150,0.001361846923828125,2473
6792,1785426874.003766,1150,-0.09863829612731934,2473
6795,1785426874.103766,1151,0.0014684200286865234,2532
6798,1785426874.2037659,1151,-0.09853148460388184,2532
6801,1785426874.303766,1152,0.0015566349029541016,2539
6804,1785426874.403766,1152,-0.09844326972961426,2539
6807,1785426874.503766,1153,0.0008504390716552734,2596
6810,1785426874.603766,1153,-0.09914946556091309,2596
6813,1785426874.7037659,1154,0.0020606517791748047,2359
6816,1785426874.803766,1155,0.09682416915893555,2355
6819,1785426874.903766,1155,-0.0031757354736328125,2355
6822,1785426875.003766,1156,0.0990755558013916,2355
6825,1785426875.103766,1156,-0.0009243488311767578,2355
6828,1785426875.2037659,1156,-0.10092425346374512,2355
6831,1785426875.303766,1157,0.001135110855102539,2020
6834,1785426875.403766,1157,-0.09886479377746582,2020
6837,1785426875.503766,1158,0.0017426013946533203,2961
6840,1785426875.603766,1159,0.0980520248413086,2063
6843,1785426875.7037659,1159,-0.0019478797912597656,2063
6846,1785426875.803766,1160,0.09936857223510742,2103
6849,1785426875.903766,1160,-0.0006313323974609375,2103
6852,1785426876.003766,1160,-0.1006314754486084,2103
6855,1785426876.103766,1161,0.0020122528076171875,2116
6858,1785426876.2037659,1162,0.09593987464904785,2084
6861,1785426876.303766,1162,-0.004060268402099609,2084
6864,1785426876.403766,1163,0.09801650047302246,2215
6867,1785426876.503766,1163,-0.001983642578125,2215
6870,1785426876.603766,1164,0.10010838508605957,2285
6873,1785426876.7037659,1164,0.00010848045349121094,2285
6876,1785426876.803766,1164,-0.09989166259765625,2285
6879,1785426876.903766,1165,0.0014050006866455078,2326
6882,1785426877.003766,1165,-0.09859514236450195,2326
6885,1785426877.103766,1166,-3.5762786865234375e-06,2521
6888,1785426877.2037659,1166,-0.10000348091125488,2521
6891,1785426877.303766,1167,0.001383066177368164,2606
6894,1785426877.403766,1167,-0.0986168384552002,2606
6897,1785426877.503766,1168,-0.00010371208190917969,2565
6900,1785426877.603766,1168,-0.10010361671447754,2565
6903,1785426877.7037659,1169,0.0014567375183105469,2586
6906,1785426877.803766,1169,-0.09854340553283691,2586
6909,1785426877.903766,1170,0.00031375885009765625,2617
6912,1785426878.003766,1171,0.09877276420593262,2549
6915,1785426878.103766,1171,-0.0012271404266357422,2549
6918,1785426878.2037659,1172,0.10047173500061035,2503
6921,1785426878.303766,1172,0.0004715919494628906,2503
6924,1785426878.403766,1172,-0.09952831268310547,2503
6927,1785426878.503766,1173,0.0014564990997314453,2475
6930,1785426878.603766,1174,0.09768271446228027,2510
6933,1785426878.7037659,1174,-0.002317190170288086,2510
6936,1785426878.803766,1175,0.09928178787231445,2580
6939,1785426878.903766,1175,-0.0007181167602539062,2580
6942,1785426879.003766,1176,0.10061049461364746,2563
6945,1785426879.103766,1176,0.0006105899810791016,2563
6948,1785426879.2037659,1177,0.09487605094909668,2381
6951,1785426879.303766,1177,-0.005124092102050781,2381
6954,1785426879.403766,1178,0.09718441963195801,2388
6957,1785426879.503766,1178,-0.002815723419189453,2388
6960,1785426879.603766,1179,0.09947347640991211,2260
6963,1785426879.7037659,1179,-0.00052642822265625,2260
6966,1785426879.803766,1179,-0.10052657127380371,2260
6969,1785426879.903766,1180,0.0007450580596923828,2308
6972,1785426880.003766,1180,-0.09925508499145508,2308
6975,1785426880.103766,1181,0.0010936260223388672,2275
6978,1785426880.2037659,1182,0.09760212898254395,2317
6981,1785426880.303766,1182,-0.0023980140686035156,2317
6984,1785426880.403766,1183,0.09997272491455078,2295
6987,1785426880.503766,1183,-2.7418136596679688e-05,2295
6990,1785426880.603766,1183,-0.10002732276916504,2295
6993,1785426880.7037659,1184,0.001802682876586914,2375
6996,1785426880.803766,1184,-0.09819746017456055,2375
6999,1785426880.903766,1185,0.0012454986572265625,2321
7002,1785426881.003766,1185,-0.0987546443939209,2321
7005,1785426881.103766,1186,0.0012478828430175781,2383
7008,1785426881.2037659,1186,-0.09875202178955078,2383
7011,1785426881.303766,1187,-0.000518798828125,2372
7014,1785426881.403766,1187,-0.10051870346069336,2372
7017,1785426881.503766,1188,0.0012955665588378906,2621
7020,1785426881.603766,1188,-0.09870433807373047,2621
7023,1785426881.7037659,1189,0.0010445117950439453,2459
7026,1785426881.803766,1190,0.09777426719665527,2358
7029,1785426881.903766,1190,-0.002225637435913086,2358
7032,1785426882.003766,1191,0.09987688064575195,2358
7035,1785426882.103766,1191,-0.00012302398681640625,2358
7038,1785426882.2037659,1191,-0.10012292861938477,2358
7041,1785426882.303766,1192,0.0012052059173583984,2386
7044,1785426882.403766,1193,0.09581542015075684,2300
7047,1785426882.503766,1193,-0.004184722900390625,2300
7050,1785426882.603766,1194,0.09911370277404785,2372
7053,1785426882.7037659,1194,-0.0008862018585205078,2372
7056,1785426882.803766,1195,0.10052323341369629,2353
7059,1785426882.903766,1195,0.0005233287811279297,2353
7062,1785426883.003766,1195,-0.09947681427001953,2353
7065,1785426883.103766,1196,0.0015187263488769531,2280
7068,1785426883.2037659,1197,0.09643030166625977,2290
7071,1785426883.303766,1197,-0.0035698413848876953,2290
7074,1785426883.403766,1198,0.0993049144744873,2350
7077,1785426883.503766,1198,-0.0006952285766601562,2350
7080,1785426883.603766,1199,0.10055899620056152,2353
7083,1785426883.7037659,1199,0.0005590915679931641,2353
7086,1785426883.803766,1199,-0.0994410514831543,2353
7089,1785426883.903766,1200,0.0013885498046875,2353
7092,1785426884.003766,1200,-0.09861159324645996,2353
7095,1785426884.103766,1201,0.00010585784912109375,2398
7098,1785426884.2037659,1201,-0.09989404678344727,2398
7101,1785426884.303766,1202,0.0013532638549804688,2356
7104,1785426884.403766,1202,-0.09864664077758789,2356
7107,1785426884.503766,1203,0.00030994415283203125,2388
7110,1785426884.603766,1203,-0.09968996047973633,2388
7113,1785426884.7037659,1204,0.0015141963958740234,2416
7116,1785426884.803766,1204,-0.09848594665527344,2416
7119,1785426884.903766,1205,0.0012247562408447266,2466
7122,1785426885.003766,1205,-0.09877538681030273,2466
7125,1785426885.103766,1206,-0.0007472038269042969,2542
7128,1785426885.2037659,1207,0.10033416748046875,2597
7131,1785426885.303766,1207,0.00033402442932128906,2597
7134,1785426885.403766,1207,-0.09966588020324707,2597
7137,1785426885.503766,1208,0.0014340877532958984,2597
7140,1785426885.603766,1209,0.09818434715270996,2509
7143,1785426885.7037659,1209,-0.0018155574798583984,2509
7146,1785426885.803766,1210,0.09897971153259277,2433
7149,1785426885.903766,1210,-0.001020193099975586,2433
7152,1785426886.003766,1211,0.10089492797851562,2363
7155,1785426886.103766,1211,0.0008950233459472656,2363
7158,1785426886.2037659,1212,0.09516096115112305,2247
7161,1785426886.303766,1212,-0.004839181900024414,2247
7164,1785426886.403766,1213,0.09851837158203125,2291
7167,1785426886.503766,1213,-0.001481771469116211,2291
7170,1785426886.603766,1214,0.1001584529876709,2350
7173,1785426886.7037659,1214,0.00015854835510253906,2350
7176,1785426886.803766,1214,-0.09984159469604492,2350
7179,1785426886.903766,1215,0.0013761520385742188,2289
7182,1785426887.003766,1216,0.0963888168334961,2273
7185,1785426887.103766,1216,-0.0036110877990722656,2273
7188,1785426887.2037659,1217,0.09823203086853027,2282
7191,1785426887.303766,1217,-0.0017681121826171875,2282
7194,1785426887.403766,1218,0.10003209114074707,2274
7197,1785426887.503766,1218,3.1948089599609375e-05,2274
7200,1785426887.603766,1218,-0.09996795654296875,2274
7203,1785426887.7037659,1219,0.001333475112915039,2316
7206,1785426887.803766,1219,-0.09866666793823242,2316
7209,1785426887.903766,1220,0.000102996826171875,2338
7212,1785426888.003766,1220,-0.09989714622497559,2338
7215,1785426888.103766,1221,0.001348257064819336,2382
7218,1785426888.2037659,1221,-0.09865164756774902,2382
7221,1785426888.303766,1222,-0.00046539306640625,2347
7224,1785426888.403766,1222,-0.10046529769897461,2347
7227,1785426888.503766,1223,0.001377105712890625,2310
7230,1785426888.603766,1224,0.0963292121887207,2258
7233,1785426888.7037659,1224,-0.0036706924438476562,2258
7236,1785426888.803766,1225,0.09823226928710938,2307
7239,1785426888.903766,1225,-0.0017676353454589844,2307
7242,1785426889.003766,1226,0.10047650337219238,2340
7245,1785426889.103766,1226,0.00047659873962402344,2340
7248,1785426889.2037659,1226,-0.09952330589294434,2340
7251,1785426889.303766,1227,0.0015056133270263672,2277
7254,1785426889.403766,1228,0.09758663177490234,2361
7257,1785426889.503766,1228,-0.002413511276245117,2361
7260,1785426889.603766,1229,0.09933614730834961,2337
7263,1785426889.7037659,1229,-0.00066375732421875,2337
7266,1785426889.803766,1230,0.10058021545410156,2290
7269,1785426889.903766,1230,0.0005803108215332031,2290
7272,1785426890.003766,1230,-0.09941983222961426,2290
7275,1785426890.103766,1231,0.0014014244079589844,2208
7278,1785426890.2037659,1232,0.09764599800109863,2208
7281,1785426890.303766,1232,-0.002354145050048828,2208
7284,1785426890.403766,1233,0.09998416900634766,2416
7287,1785426890.503766,1233,-1.5974044799804688e-05,2416
7290,1785426890.603766,1233,-0.10001587867736816,2416
7293,1785426890.7037659,1234,0.001527547836303711,2427
7296,1785426890.803766,1234,-0.09847259521484375,2427
7299,1785426890.903766,1235,0.0009846687316894531,2395
7302,1785426891.003766,1235,-0.09901547431945801,2395
7305,1785426891.103766,1236,0.0015439987182617188,2612
7308,1785426891.2037659,1236,-0.09845590591430664,2612
7311,1785426891.303766,1237,-0.00033974647521972656,2559
7314,1785426891.403766,1237,-0.10033965110778809,2559
7317,1785426891.503766,1238,0.0015888214111328125,2613
7320,1785426891.603766,1238,-0.09841108322143555,2613
7323,1785426891.7037659,1239,-7.891654968261719e-05,2546
7326,1785426891.803766,1239,-0.10007905960083008,2546
7329,1785426891.903766,1240,0.0014128684997558594,2557
7332,1785426892.003766,1240,-0.0985872745513916,2557
7335,1785426892.103766,1241,-0.0006766319274902344,2520
7338,1785426892.2037659,1241,-0.1006765365600586,2520
7341,1785426892.303766,1242,0.001565694808959961,2593
7344,1785426892.403766,1243,0.09565114974975586,2538
7347,1785426892.503766,1243,-0.0043489933013916016,2538
7350,1785426892.603766,1244,0.0979156494140625,2606
7353,1785426892.7037659,1244,-0.0020842552185058594,2606
7356,1785426892.803766,1245,0.09967613220214844,2601
7359,1785426892.903766,1245,-0.0003237724304199219,2601
7362,1785426893.003766,1245,-0.10032391548156738,2601
7365,1785426893.103766,1246,0.0016214847564697266,2601
7368,1785426893.2037659,1247,0.09609246253967285,2525
7371,1785426893.303766,1247,-0.003907680511474609,2525
7374,1785426893.403766,1248,0.09831643104553223,2507
7377,1785426893.503766,1248,-0.0016837120056152344,2507
7380,1785426893.603766,1249,0.10010051727294922,2425
7383,1785426893.7037659,1249,0.00010061264038085938,2425
7386,1785426893.803766,1249,-0.0998995304107666,2425
7389,1785426893.903766,1250,0.0018033981323242188,2303
7392,1785426894.003766,1251,0.0970468521118164,2221
7395,1785426894.103766,1251,-0.002953052520751953,2221
7398,1785426894.2037659,1252,0.09874510765075684,2184
7401,1785426894.303766,1252,-0.001255035400390625,2184
7404,1785426894.403766,1253,0.10013651847839355,2128
7407,1785426894.503766,1253,0.00013637542724609375,2128
7410,1785426894.603766,1253,-0.09986352920532227,2128
7413,1785426894.7037659,1254,0.0014400482177734375,2112
7416,1785426894.803766,1254,-0.09856009483337402,2112
7419,1785426894.903766,1255,0.0006122589111328125,2095
7422,1785426895.003766,1255,-0.09938788414001465,2095
7425,1785426895.103766,1256,0.0016658306121826172,2020
7428,1785426895.2037659,1256,-0.09833407402038574,2020
7431,1785426895.303766,1257,0.00023674964904785156,2077
7434,1785426895.403766,1257,-0.09976315498352051,2077
7437,1785426895.503766,1258,0.0015223026275634766,2004
7440,1785426895.603766,1259,0.09782648086547852,2025
7443,1785426895.7037659,1259,-0.0021734237670898438,2025
7446,1785426895.803766,1260,0.09922432899475098,2245
7449,1785426895.903766,1260,-0.0007755756378173828,2245
7452,1785426896.003766,1260,-0.10077571868896484,2245
7455,1785426896.103766,1261,0.0011992454528808594,2422
7458,1785426896.2037659,1261,-0.0988006591796875,2422
7461,1785426896.303766,1262,0.0017769336700439453,2430
7464,1785426896.403766,1263,0.0979313850402832,2549
7467,1785426896.503766,1263,-0.002068758010864258,2549
7470,1785426896.603766,1264,0.09928035736083984,2562
7473,1785426896.7037659,1264,-0.0007195472717285156,2562
7476,1785426896.803766,1264,-0.10071969032287598,2562
7479,1785426896.903766,1265,0.0017385482788085938,2523
7482,1785426897.003766,1266,0.09578990936279297,2440
7485,1785426897.103766,1266,-0.004209995269775391,2440
7488,1785426897.2037659,1267,0.09851932525634766,2498
7491,1785426897.303766,1267,-0.0014808177947998047,2498
7494,1785426897.403766,1268,0.09981560707092285,2487
7497,1785426897.503766,1268,-0.00018453598022460938,2487
7500,1785426897.603766,1268,-0.10018444061279297,2487
7503,1785426897.7037659,1269,0.0015349388122558594,2447
7506,1785426897.803766,1270,0.09588909149169922,2445
7509,1785426897.903766,1270,-0.004110813140869141,2445
7512,1785426898.003766,1271,0.1013495922088623,2572
7515,1785426898.103766,1271,0.0013496875762939453,2572
7518,1785426898.2037659,1271,-0.09865021705627441,2572
7521,1785426898.303766,1272,-0.0003292560577392578,2491
7524,1785426898.403766,1272,-0.10032916069030762,2491
7527,1785426898.503766,1273,0.0018067359924316406,2633
7530,1785426898.603766,1273,-0.09819316864013672,2633
7533,1785426898.7037659,1274,0.00015401840209960938,2652
7536,1785426898.803766,1274,-0.09984612464904785,2652
7539,1785426898.903766,1275,0.0014138221740722656,2601
7542,1785426899.003766,1275,-0.0985863208770752,2601
7545,1785426899.103766,1276,-0.00017905235290527344,2524
7548,1785426899.2037659,1276,-0.10017895698547363,2524
7551,1785426899.303766,1277,0.00145721435546875,2381
7554,1785426899.403766,1278,0.0957038402557373,2323
7557,1785426899.503766,1278,-0.004296302795410156,2323
7560,1785426899.603766,1279,0.09825754165649414,2280
7563,1785426899.7037659,1279,-0.0017423629760742188,2280
7566,1785426899.803766,1280,0.10070323944091797,2221
7569,1785426899.903766,1280,0.0007033348083496094,2221
7572,1785426900.003766,1280,-0.09929680824279785,2221
7575,1785426900.103766,1281,0.0018162727355957031,2160
7578,1785426900.2037659,1282,0.09646797180175781,2100
7581,1785426900.303766,1282,-0.0035321712493896484,2100
7584,1785426900.403766,1283,0.09883475303649902,2144
7587,1785426900.503766,1283,-0.0011653900146484375,2144
7590,1785426900.603766,1284,0.10083127021789551,2289
7593,1785426900.7037659,1284,0.0008313655853271484,2289
7596,1785426900.803766,1284,-0.09916877746582031,2289
7599,1785426900.903766,1285,0.0015647411346435547,2382
7602,1785426901.003766,1286,0.09768104553222656,2483
7605,1785426901.103766,1286,-0.002318859100341797,2483
7608,1785426901.2037659,1287,0.10167312622070312,2575
7611,1785426901.303766,1287,0.001672983169555664,2575
7614,1785426901.403766,1287,-0.0983269214630127,2575
7617,1785426901.503766,1288,0.0007011890411376953,2575
7620,1785426901.603766,1288,-0.09929871559143066,2575
7623,1785426901.7037659,1289,0.0019080638885498047,2553
7626,1785426901.803766,1289,-0.09809207916259766,2553
7629,1785426901.903766,1290,0.0008265972137451172,2575
7632,1785426902.003766,1291,0.09885263442993164,2518
7635,1785426902.103766,1291,-0.0011472702026367188,2518
7638,1785426902.2037659,1291,-0.10114717483520508,2518
7641,1785426902.303766,1292,0.0013594627380371094,2608
7644,1785426902.403766,1292,-0.09864044189453125,2608
7647,1785426902.503766,1293,0.0014307498931884766,2526
7650,1785426902.603766,1294,0.09710383415222168,2579
7653,1785426902.7037659,1294,-0.0028960704803466797,2579
7656,1785426902.803766,1295,0.09918093681335449,2586
7659,1785426902.903766,1295,-0.0008189678192138672,2586
7662,1785426903.003766,1295,-0.10081911087036133,2586
7665,1785426903.103766,1296,0.0013966560363769531,2587
7668,1785426903.2037659,1296,-0.0986032485961914,2587
7671,1785426903.303766,1297,0.002028226852416992,2612
7674,1785426903.403766,1297,-0.09797167778015137,2612
7677,1785426903.503766,1298,-0.0017504692077636719,2659
7680,1785426903.603766,1299,0.10007834434509277,2634
7683,1785426903.7037659,1299,7.843971252441406e-05,2634
7686,1785426903.803766,1299,-0.09992170333862305,2634
7689,1785426903.903766,1300,0.0015790462493896484,2634
7692,1785426904.003766,1301,0.09624814987182617,2469
7695,1785426904.103766,1301,-0.0037517547607421875,2469
7698,1785426904.2037659,1302,0.09917140007019043,2426
7701,1785426904.303766,1302,-0.0008287429809570312,2426
7704,1785426904.403766,1303,0.1001746654510498,2341
7707,1785426904.503766,1303,0.00017452239990234375,2341
7710,1785426904.603766,1303,-0.09982538223266602,2341
7713,1785426904.7037659,1304,0.0014307498931884766,2271
7716,1785426904.803766,1304,-0.09856939315795898,2271
7719,1785426904.903766,1305,-0.00018548965454101562,2235
7722,1785426905.003766,1305,-0.10018563270568848,2235
7725,1785426905.103766,1306,0.0017442703247070312,2264
7728,1785426905.2037659,1306,-0.09825563430786133,2264
7731,1785426905.303766,1307,0.0006148815155029297,2264
7734,1785426905.403766,1307,-0.09938502311706543,2264
7737,1785426905.503766,1308,0.001810312271118164,2458
7740,1785426905.603766,1308,-0.0981895923614502,2458
7743,1785426905.7037659,1309,0.0005958080291748047,2516
7746,1785426905.803766,1309,-0.09940433502197266,2516
7749,1785426905.903766,1310,0.0014328956604003906,2598
7752,1785426906.003766,1310,-0.09856724739074707,2598
7755,1785426906.103766,1311,0.0007786750793457031,2648
7758,1785426906.2037659,1311,-0.09922122955322266,2648
7761,1785426906.303766,1312,0.0013709068298339844,2555
7764,1785426906.403766,1313,0.09613823890686035,2561
7767,1785426906.503766,1313,-0.0038619041442871094,2561
7770,1785426906.603766,1314,0.09986567497253418,2577
7773,1785426906.7037659,1314,-0.0001342296600341797,2577
7776,1785426906.803766,1314,-0.10013437271118164,2577
7779,1785426906.903766,1315,0.0014235973358154297,2572
7782,1785426907.003766,1316,0.0953986644744873,2473
7785,1785426907.103766,1316,-0.004601240158081055,2473
7788,1785426907.2037659,1317,0.09786295890808105,2545
7791,1785426907.303766,1317,-0.0021371841430664062,2545
7794,1785426907.403766,1318,0.09934878349304199,2545
7797,1785426907.503766,1318,-0.0006513595581054688,2545
7800,1785426907.603766,1318,-0.10065126419067383,2545
7803,1785426907.7037659,1319,0.0013298988342285156,2564
7806,1785426907.803766,1320,0.09549975395202637,2496
7809,1785426907.903766,1320,-0.004500150680541992,2496
7812,1785426908.003766,1321,0.09818005561828613,2578
7815,1785426908.103766,1321,-0.0018198490142822266,2578
7818,1785426908.2037659,1322,0.10015463829040527,2591
7821,1785426908.303766,1322,0.0001544952392578125,2591
7824,1785426908.403766,1322,-0.09984540939331055,2591
7827,1785426908.503766,1323,0.0012133121490478516,2738
7830,1785426908.603766,1323,-0.09878659248352051,2738
7833,1785426908.7037659,1324,-0.00018525123596191406,2679
7836,1785426908.803766,1324,-0.10018539428710938,2679
7839,1785426908.903766,1325,0.001321554183959961,2610
7842,1785426909.003766,1325,-0.0986785888671875,2610
7845,1785426909.103766,1326,0.0012814998626708984,2487
7848,1785426909.2037659,1326,-0.09871840476989746,2487
7851,1785426909.303766,1327,0.0013577938079833984,2404
7854,1785426909.403766,1327,-0.09864211082458496,2404
7857,1785426909.503766,1328,-7.152557373046875e-07,2244
7860,1785426909.603766,1329,0.09722423553466797,2193
7863,1785426909.7037659,1329,-0.0027756690979003906,2193
7866,1785426909.803766,1330,0.09999251365661621,2153
7869,1785426909.903766,1330,-7.3909759521484375e-06,2153
7872,1785426910.003766,1330,-0.10000753402709961,2153
7875,1785426910.103766,1331,0.001371622085571289,2153
7878,1785426910.2037659,1332,0.09574007987976074,2080
7881,1785426910.303766,1332,-0.004260063171386719,2080
7884,1785426910.403766,1333,0.09813308715820312,2144
7887,1785426910.503766,1333,-0.001867055892944336,2144
7890,1785426910.603766,1334,0.10049939155578613,2146
7893,1785426910.7037659,1334,0.0004994869232177734,2146
7896,1785426910.803766,1334,-0.09950065612792969,2146
7899,1785426910.903766,1335,0.0013031959533691406,2112
7902,1785426911.003766,1336,0.0962064266204834,2231
7905,1785426911.103766,1336,-0.003793478012084961,2231
7908,1785426911.2037659,1337,0.09881281852722168,2362
7911,1785426911.303766,1337,-0.0011873245239257812,2362
7914,1785426911.403766,1338,0.10100173950195312,2383
7917,1785426911.503766,1338,0.001001596450805664,2383
7920,1785426911.603766,1339,0.0948491096496582,2315
7923,1785426911.7037659,1339,-0.005150794982910156,2315
7926,1785426911.803766,1340,0.10054683685302734,2436
7929,1785426911.903766,1340,0.0005469322204589844,2436
7932,1785426912.003766,1340,-0.09945321083068848,2436
7935,1785426912.103766,1341,0.0013270378112792969,2372
7938,1785426912.2037659,1341,-0.09867286682128906,2372
7941,1785426912.303766,1342,0.0007331371307373047,2398
7944,1785426912.403766,1342,-0.09926676750183105,2398
7947,1785426912.503766,1343,0.0014154911041259766,2398
7950,1785426912.603766,1343,-0.09858441352844238,2398
7953,1785426912.7037659,1344,0.0010399818420410156,2297
7956,1785426912.803766,1344,-0.09896016120910645,2297
7959,1785426912.903766,1345,-0.0005600452423095703,2186
7962,1785426913.003766,1345,-0.10056018829345703,2186
7965,1785426913.103766,1346,0.0010600090026855469,2154
7968,1785426913.2037659,1347,0.09524011611938477,2058
7971,1785426913.303766,1347,-0.004760026931762695,2058
7974,1785426913.403766,1348,0.09691834449768066,2101
7977,1785426913.503766,1348,-0.003081798553466797,2101
7980,1785426913.603766,1349,0.10068392753601074,2102
7983,1785426913.7037659,1349,0.0006840229034423828,2102
7986,1785426913.803766,1349,-0.09931612014770508,2102
7989,1785426913.903766,1350,0.001247406005859375,2119
7992,1785426914.003766,1351,0.09567832946777344,2049
7995,1785426914.103766,1351,-0.004321575164794922,2049
7998,1785426914.2037659,1352,0.09765076637268066,2127
8001,1785426914.303766,1352,-0.002349376678466797,2127
8004,1785426914.403766,1353,0.10024046897888184,2136
8007,1785426914.503766,1353,0.000240325927734375,2136
8010,1785426914.603766,1353,-0.09975957870483398,2136
8013,1785426914.7037659,1354,0.0013000965118408203,2136
8016,1785426914.803766,1355,0.09614253044128418,2467
8019,1785426914.903766,1355,-0.0038573741912841797,2467
8022,1785426915.003766,1356,0.09844493865966797,2532
8025,1785426915.103766,1356,-0.0015549659729003906,2532
8028,1785426915.2037659,1357,0.10033440589904785,2487
8031,1785426915.303766,1357,0.0003342628479003906,2487
8034,1785426915.403766,1357,-0.09966564178466797,2487
8037,1785426915.503766,1358,0.0013706684112548828,2372
8040,1785426915.603766,1358,-0.09862923622131348,2372
8043,1785426915.7037659,1359,0.0014605522155761719,2433
8046,1785426915.803766,1359,-0.09853959083557129,2433
8049,1785426915.903766,1360,0.0014472007751464844,2413
8052,1785426916.003766,1360,-0.09855294227600098,2413
8055,1785426916.103766,1361,0.00016069412231445312,2420
8058,1785426916.2037659,1361,-0.0998392105102539,2420
8061,1785426916.303766,1362,0.0015363693237304688,2410
8064,1785426916.403766,1362,-0.09846353530883789,2410
8067,1785426916.503766,1363,0.0013659000396728516,2410
8070,1785426916.603766,1364,0.09846162796020508,2430
8073,1785426916.7037659,1364,-0.0015382766723632812,2430
8076,1785426916.803766,1365,0.10056066513061523,2506
8079,1785426916.903766,1365,0.000560760498046875,2506
8082,1785426917.003766,1365,-0.09943938255310059,2506
8085,1785426917.103766,1366,0.0015568733215332031,2531
8088,1785426917.2037659,1367,0.09618878364562988,2531
8091,1785426917.303766,1367,-0.003811359405517578,2531
8094,1785426917.403766,1368,0.0993032455444336,2609
8097,1785426917.503766,1368,-0.0006968975067138672,2609
8100,1785426917.603766,1368,-0.10069680213928223,2609
8103,1785426917.7037659,1369,0.0008313655853271484,2750
8106,1785426917.803766,1369,-0.09916877746582031,2750
8109,1785426917.903766,1370,0.0014536380767822266,2821
8112,1785426918.003766,1371,0.09714889526367188,2897
8115,1785426918.103766,1371,-0.0028510093688964844,2897
8118,1785426918.2037659,1372,0.09992051124572754,2962
8121,1785426918.303766,1372,-7.963180541992188e-05,2962
8124,1785426918.403766,1372,-0.10007953643798828,2962
8127,1785426918.503766,1373,0.0011355876922607422,2978
8130,1785426918.603766,1374,0.0964207649230957,2853
8133,1785426918.7037659,1374,-0.0035791397094726562,2853
8136,1785426918.803766,1375,0.10080599784851074,2896
8139,1785426918.903766,1375,0.0008060932159423828,2896
8142,1785426919.003766,1375,-0.09919404983520508,2896
8145,1785426919.103766,1376,-0.0006742477416992188,2829
8148,1785426919.2037659,1376,-0.10067415237426758,2829
8151,1785426919.303766,1377,0.0008356571197509766,2874
8154,1785426919.403766,1377,-0.09916424751281738,2874
8157,1785426919.503766,1378,0.0004038810729980469,2782
8160,1785426919.603766,1378,-0.09959602355957031,2782
8163,1785426919.7037659,1379,0.0014259815216064453,2746
8166,1785426919.803766,1379,-0.09857416152954102,2746
8169,1785426919.903766,1380,-0.0002827644348144531,2707
8172,1785426920.003766,1380,-0.10028290748596191,2707
8175,1785426920.103766,1381,0.001501321792602539,2611
8178,1785426920.2037659,1382,0.0952446460723877,2492
8181,1785426920.303766,1382,-0.004755496978759766,2492
8184,1785426920.403766,1383,0.09762692451477051,2539
8187,1785426920.503766,1383,-0.002373218536376953,2539
8190,1785426920.603766,1384,0.09989380836486816,2535
8193,1785426920.7037659,1384,-0.00010609626770019531,2535
8196,1785426920.803766,1384,-0.10010623931884766,2535
8199,1785426920.903766,1385,0.0013909339904785156,2536
8202,1785426921.003766,1386,0.09664201736450195,2539
8205,1785426921.103766,1386,-0.0033578872680664062,2539
8208,1785426921.2037659,1387,0.10038447380065918,2652
8211,1785426921.303766,1387,0.00038433074951171875,2652
8214,1785426921.403766,1387,-0.09961557388305664,2652
8217,1785426921.503766,1388,0.0006663799285888672,2639
8220,1785426921.603766,1388,-0.09933352470397949,2639
8223,1785426921.7037659,1389,0.0014216899871826172,2677
8226,1785426921.803766,1390,0.09671473503112793,2734
8229,1785426921.903766,1390,-0.0032851696014404297,2734
8232,1785426922.003766,1391,0.09948372840881348,2741
8235,1785426922.103766,1391,-0.0005161762237548828,2741
8238,1785426922.2037659,1392,0.10050463676452637,2640
8241,1785426922.303766,1392,0.0005044937133789062,2640
8244,1785426922.403766,1392,-0.09949541091918945,2640
8247,1785426922.503766,1393,0.0015630722045898438,2575
8250,1785426922.603766,1393,-0.09843683242797852,2575
8253,1785426922.7037659,1394,0.0007059574127197266,2554
8256,1785426922.803766,1394,-0.09929418563842773,2554
8259,1785426922.903766,1395,0.001371145248413086,2363
8262,1785426923.003766,1395,-0.09862899780273438,2363
8265,1785426923.103766,1396,0.0005905628204345703,2363
8268,1785426923.2037659,1396,-0.09940934181213379,2363
8271,1785426923.303766,1397,0.001444101333618164,2212
8274,1785426923.403766,1398,0.09660696983337402,2191
8277,1785426923.503766,1398,-0.0033931732177734375,2191
8280,1785426923.603766,1399,0.09875249862670898,2191
8283,1785426923.7037659,1399,-0.001247406005859375,2191
8286,1785426923.803766,1400,0.10061120986938477,2146
8289,1785426923.903766,1400,0.0006113052368164062,2146
8292,1785426924.003766,1401,0.09507322311401367,2080
8295,1785426924.103766,1401,-0.0049266815185546875,2080
8298,1785426924.2037659,1402,0.09747099876403809,2178
8301,1785426924.303766,1402,-0.002529144287109375,2178
8304,1785426924.403766,1403,0.09925246238708496,2186
8307,1785426924.503766,1403,-0.0007476806640625,2186
8310,1785426924.603766,1403,-0.10074758529663086,2186
8313,1785426924.7037659,1404,0.0013480186462402344,2159
8316,1785426924.803766,1405,0.09700727462768555,2159
8319,1785426924.903766,1405,-0.0029926300048828125,2159
8322,1785426925.003766,1406,0.09786605834960938,2375
8325,1785426925.103766,1406,-0.0021338462829589844,2375
8328,1785426925.2037659,1407,0.10046601295471191,2412
8331,1785426925.303766,1407,0.0004658699035644531,2412
8334,1785426925.403766,1407,-0.0995340347290039,2412
8337,1785426925.503766,1408,0.001608133316040039,2400
8340,1785426925.603766,1409,0.09594202041625977,2292
8343,1785426925.7037659,1409,-0.004057884216308594,2292
8346,1785426925.803766,1410,0.10156631469726562,2343
8349,1785426925.903766,1410,0.0015664100646972656,2343
8352,1785426926.003766,1410,-0.0984337329864502,2343
8355,1785426926.103766,1411,-7.700920104980469e-05,2235
8358,1785426926.2037659,1411,-0.10007691383361816,2235
8361,1785426926.303766,1412,0.0014536380767822266,2235
8364,1785426926.403766,1412,-0.09854626655578613,2235
8367,1785426926.503766,1413,0.0005307197570800781,2205
8370,1785426926.603766,1413,-0.09946918487548828,2205
8373,1785426926.7037659,1414,0.001483917236328125,2207
8376,1785426926.803766,1414,-0.09851622581481934,2207
8379,1785426926.903766,1415,0.0006015300750732422,2151
8382,1785426927.003766,1415,-0.09939861297607422,2151
8385,1785426927.103766,1416,0.0016198158264160156,2120
8388,1785426927.2037659,1417,0.09798121452331543,2108
8391,1785426927.303766,1417,-0.0020189285278320312,2108
8394,1785426927.403766,1418,0.10022330284118652,2213
8397,1785426927.503766,1418,0.0002231597900390625,2213
8400,1785426927.603766,1418,-0.0997767448425293,2213
8403,1785426927.7037659,1419,0.0005047321319580078,2213
8406,1785426927.803766,1419,-0.09949541091918945,2213
8409,1785426927.903766,1420,0.0014262199401855469,2242
8412,1785426928.003766,1421,0.0969846248626709,2340
8415,1785426928.103766,1421,-0.003015279769897461,2340
8418,1785426928.2037659,1422,0.09904789924621582,2500
8421,1785426928.303766,1422,-0.0009522438049316406,2500
8424,1785426928.403766,1422,-0.1009521484375,2500
8427,1785426928.503766,1423,0.0012009143829345703,2655
8430,1785426928.603766,1423,-0.09879899024963379,2655
8433,1785426928.7037659,1424,0.0014879703521728516,2737
8436,1785426928.803766,1425,0.0976567268371582,2743
8439,1785426928.903766,1425,-0.0023431777954101562,2743
8442,1785426929.003766,1426,0.09975838661193848,2743
8445,1785426929.103766,1426,-0.0002415180206298828,2743
8448,1785426929.2037659,1426,-0.10024142265319824,2743
8451,1785426929.303766,1427,0.0015118122100830078,2641
8454,1785426929.403766,1427,-0.09848809242248535,2641
8457,1785426929.503766,1428,-0.0010492801666259766,2622
8460,1785426929.603766,1428,-0.10104918479919434,2622
8463,1785426929.7037659,1429,0.0011715888977050781,2751
8466,1785426929.803766,1429,-0.09882855415344238,2751
8469,1785426929.903766,1430,0.0014982223510742188,2728
8472,1785426930.003766,1430,-0.09850192070007324,2728
8475,1785426930.103766,1431,0.0012552738189697266,2803
8478,1785426930.2037659,1431,-0.09874463081359863,2803
8481,1785426930.303766,1432,-0.0004191398620605469,2793
8484,1785426930.403766,1433,0.0996706485748291,2859
8487,1785426930.503766,1433,-0.0003294944763183594,2859
8490,1785426930.603766,1433,-0.10032939910888672,2859
8493,1785426930.7037659,1434,0.00041174888610839844,2948
8496,1785426930.803766,1434,-0.09958839416503906,2948
8499,1785426930.903766,1435,0.0012257099151611328,2303
8502,1785426931.003766,1436,0.09702467918395996,2398
8505,1785426931.103766,1436,-0.0029752254486083984,2398
8508,1785426931.2037659,1437,0.09902763366699219,2398
8511,1785426931.303766,1437,-0.0009725093841552734,2398
8514,1785426931.403766,1437,-0.10097241401672363,2398
8517,1785426931.503766,1438,0.0011196136474609375,2398
8520,1785426931.603766,1438,-0.09888029098510742,2398
8523,1785426931.7037659,1439,0.0013375282287597656,2566
8526,1785426931.803766,1440,0.09692597389221191,2621
8529,1785426931.903766,1440,-0.0030739307403564453,2621
8532,1785426932.003766,1441,0.10066556930541992,2692
8535,1785426932.103766,1441,0.0006656646728515625,2692
8538,1785426932.2037659,1441,-0.0993342399597168,2692
8541,1785426932.303766,1442,0.001438140869140625,2798
8544,1785426932.403766,1442,-0.09856176376342773,2798
8547,1785426932.503766,1443,0.001451730728149414,2802
8550,1785426932.603766,1443,-0.09854817390441895,2802
8553,1785426932.7037659,1444,-0.0011181831359863281,2802
8556,1785426932.803766,1444,-0.10111832618713379,2802
8559,1785426932.903766,1445,0.0016756057739257812,2802
8562,1785426933.003766,1445,-0.09832453727722168,2802
8565,1785426933.103766,1446,0.002046823501586914,2802
8568,1785426933.2037659,1446,-0.09795308113098145,2802
8571,1785426933.303766,1447,0.001950979232788086,2872
8574,1785426933.403766,1447,-0.09804892539978027,2872
8577,1785426933.503766,1448,0.0009779930114746094,2863
8580,1785426933.603766,1448,-0.09902191162109375,2863
8583,1785426933.7037659,1449,0.001359701156616211,2699
8586,1785426933.803766,1449,-0.09864044189453125,2699
8589,1785426933.903766,1450,0.000942230224609375,2627
8592,1785426934.003766,1451,0.09506630897521973,2447
8595,1785426934.103766,1451,-0.004933595657348633,2447
8598,1785426934.2037659,1452,0.0969550609588623,2447
8601,1785426934.303766,1452,-0.0030450820922851562,2447
8604,1785426934.403766,1453,0.09937882423400879,2389
8607,1785426934.503766,1453,-0.0006213188171386719,2389
8610,1785426934.603766,1453,-0.10062122344970703,2389
8613,1785426934.7037659,1454,0.001041412353515625,2341
8616,1785426934.803766,1454,-0.09895873069763184,2341
8619,1785426934.903766,1455,0.001435995101928711,2995
8622,1785426935.003766,1456,0.0982828140258789,2965
8625,1785426935.103766,1456,-0.0017170906066894531,2965
8628,1785426935.2037659,1457,0.10036373138427734,2913
8631,1785426935.303766,1457,0.0003635883331298828,2913
8634,1785426935.403766,1457,-0.09963631629943848,2913
8637,1785426935.503766,1458,0.0013124942779541016,2826
8640,1785426935.603766,1459,0.09619879722595215,2712
8643,1785426935.7037659,1459,-0.003801107406616211,2712
8646,1785426935.803766,1460,0.09806084632873535,2693
8649,1785426935.903766,1460,-0.0019390583038330078,2693
8652,1785426936.003766,1461,0.09980058670043945,2661
8655,1785426936.103766,1461,-0.00019931793212890625,2661
8658,1785426936.2037659,1461,-0.10019922256469727,2661
8661,1785426936.303766,1462,0.0013718605041503906,2592
8664,1785426936.403766,1462,-0.09862804412841797,2592
8667,1785426936.503766,1463,-0.00036716461181640625,2686
8670,1785426936.603766,1463,-0.10036706924438477,2686
8673,1785426936.7037659,1464,0.0014672279357910156,2684
8676,1785426936.803766,1464,-0.09853291511535645,2684
8679,1785426936.903766,1465,0.0004019737243652344,2603
8682,1785426937.003766,1465,-0.09959816932678223,2603
8685,1785426937.103766,1466,0.0014586448669433594,2678
8688,1785426937.2037659,1466,-0.098541259765625,2678
8691,1785426937.303766,1467,0.0005147457122802734,2565
8694,1785426937.403766,1468,0.09724879264831543,2596
8697,1785426937.503766,1468,-0.0027513504028320312,2596
8700,1785426937.603766,1469,0.10092759132385254,2596
8703,1785426937.7037659,1469,0.0009276866912841797,2596
8706,1785426937.803766,1469,-0.09907245635986328,2596
8709,1785426937.903766,1470,0.001961946487426758,2564
8712,1785426938.003766,1471,0.09646129608154297,2564
8715,1785426938.103766,1471,-0.0035386085510253906,2564
8718,1785426938.2037659,1472,0.09973716735839844,2594
8721,1785426938.303766,1472,-0.00026297569274902344,2594
8724,1785426938.403766,1472,-0.10026288032531738,2594
8727,1785426938.503766,1473,0.0006992816925048828,2602
8730,1785426938.603766,1473,-0.09930062294006348,2602
8733,1785426938.7037659,1474,0.0021479129791259766,2582
8736,1785426938.803766,1475,0.09707307815551758,2586
8739,1785426938.903766,1475,-0.0029268264770507812,2586
8742,1785426939.003766,1476,0.10028266906738281,2629
8745,1785426939.103766,1476,0.0002827644348144531,2629
8748,1785426939.2037659,1476,-0.0997171401977539,2629
8751,1785426939.303766,1477,0.00133514404296875,2629
8754,1785426939.403766,1478,0.09600663185119629,2629
8757,1785426939.503766,1478,-0.003993511199951172,2629
8760,1785426939.603766,1479,0.09801411628723145,2583
8763,1785426939.7037659,1479,-0.001985788345336914,2583
8766,1785426939.803766,1480,0.10140609741210938,2602
8769,1785426939.903766,1480,0.0014061927795410156,2602
8772,1785426940.003766,1480,-0.09859395027160645,2602
8775,1785426940.103766,1481,0.0013992786407470703,2665
8778,1785426940.2037659,1481,-0.09860062599182129,2665
8781,1785426940.303766,1482,-0.0004417896270751953,2652
8784,1785426940.403766,1482,-0.10044169425964355,2652
8787,1785426940.503766,1483,0.0013701915740966797,2732
8790,1785426940.603766,1483,-0.09862971305847168,2732
8793,1785426940.7037659,1484,-0.0012805461883544922,2656
8796,1785426940.803766,1484,-0.10128068923950195,2656
8799,1785426940.903766,1485,0.0014772415161132812,2656
8802,1785426941.003766,1486,0.09557509422302246,2692
8805,1785426941.103766,1486,-0.0044248104095458984,2692
8808,1785426941.2037659,1487,0.09828567504882812,2849
8811,1785426941.303766,1487,-0.001714468002319336,2849
8814,1785426941.403766,1488,0.10024881362915039,2969
8817,1785426941.503766,1488,0.0002486705780029297,2969
8820,1785426941.603766,1488,-0.09975123405456543,2969
8823,1785426941.7037659,1489,0.0015225410461425781,2286
8826,1785426941.803766,1490,0.09666919708251953,2342
8829,1785426941.903766,1490,-0.003330707550048828,2342
8832,1785426942.003766,1491,0.0983588695526123,2479
8835,1785426942.103766,1491,-0.0016410350799560547,2479
8838,1785426942.2037659,1492,0.10134267807006836,2593
8841,1785426942.303766,1492,0.0013425350189208984,2593
8844,1785426942.403766,1492,-0.09865736961364746,2593
8847,1785426942.503766,1493,0.001463174819946289,2652
8850,1785426942.603766,1494,0.09740996360778809,2839
8853,1785426942.7037659,1494,-0.0025899410247802734,2839
8856,1785426942.803766,1495,0.10003232955932617,2911
8859,1785426942.903766,1495,3.24249267578125e-05,2911
8862,1785426943.003766,1495,-0.09996771812438965,2911
8865,1785426943.103766,1496,0.0014722347259521484,2901
8868,1785426943.2037659,1497,0.09662675857543945,2815
8871,1785426943.303766,1497,-0.003373384475708008,2815
8874,1785426943.403766,1498,0.09992504119873047,2956
8877,1785426943.503766,1498,-7.510185241699219e-05,2956
8880,1785426943.603766,1498,-0.10007500648498535,2956
8883,1785426943.7037659,1499,0.0015752315521240234,2782
8886,1785426943.803766,1499,-0.09842491149902344,2782
8889,1785426943.903766,1500,0.0016016960144042969,2654
8892,1785426944.003766,1500,-0.09839844703674316,2654
8895,1785426944.103766,1501,0.0014920234680175781,2727
8898,1785426944.2037659,1501,-0.09850788116455078,2727
8901,1785426944.303766,1502,-0.0013837814331054688,2515
8904,1785426944.403766,1503,0.1003873348236084,2341
8907,1785426944.503766,1503,0.0003871917724609375,2341
8910,1785426944.603766,1503,-0.09961271286010742,2341
8913,1785426944.7037659,1504,0.0011556148529052734,2926
8916,1785426944.803766,1505,0.09632062911987305,2892
8919,1785426944.903766,1505,-0.0036792755126953125,2892
8922,1785426945.003766,1506,0.09797835350036621,2257
8925,1785426945.103766,1506,-0.0020215511322021484,2257
8928,1785426945.2037659,1507,0.10033059120178223,2299
8931,1785426945.303766,1507,0.0003304481506347656,2299
8934,1785426945.403766,1507,-0.0996694564819336,2299
8937,1785426945.503766,1508,0.0010042190551757812,2287
8940,1785426945.603766,1509,0.09647059440612793,2897
8943,1785426945.7037659,1509,-0.0035293102264404297,2897
8946,1785426945.803766,1510,0.0975656509399414,2961
8949,1785426945.903766,1510,-0.002434253692626953,2961
8952,1785426946.003766,1511,0.09985136985778809,2948
8955,1785426946.103766,1511,-0.00014853477478027344,2948
8958,1785426946.2037659,1511,-0.10014843940734863,2948
8961,1785426946.303766,1512,0.0008673667907714844,2829
8964,1785426946.403766,1513,0.09550142288208008,2472
8967,1785426946.503766,1513,-0.004498720169067383,2472
8970,1785426946.603766,1514,0.10149693489074707,2429
8973,1785426946.7037659,1514,0.001497030258178711,2429
8976,1785426946.803766,1514,-0.09850311279296875,2429
8979,1785426946.903766,1515,0.00015163421630859375,2411
8982,1785426947.003766,1516,0.09783697128295898,2351
8985,1785426947.103766,1516,-0.002162933349609375,2351
8988,1785426947.2037659,1517,0.10097169876098633,2328
8991,1785426947.303766,1517,0.0009715557098388672,2328
8994,1785426947.403766,1517,-0.09902834892272949,2328
8997,1785426947.503766,1518,0.002237081527709961,2234
9000,1785426947.603766,1518,-0.0977628231048584,2234
9003,1785426947.7037659,1519,-0.0004968643188476562,2209
9006,1785426947.803766,1519,-0.10049700736999512,2209
9009,1785426947.903766,1520,0.0008459091186523438,2178
9012,1785426948.003766,1521,0.09734988212585449,2111
9015,1785426948.103766,1521,-0.002650022506713867,2111
9018,1785426948.2037659,1522,0.0995934009552002,2151
9021,1785426948.303766,1522,-0.0004067420959472656,2151
9024,1785426948.403766,1523,0.0993201732635498,2148
9027,1785426948.503766,1523,-0.0006799697875976562,2148
9030,1785426948.603766,1523,-0.10067987442016602,2148
9033,1785426948.7037659,1524,0.001651763916015625,2133
9036,1785426948.803766,1525,0.09615182876586914,2115
9039,1785426948.903766,1525,-0.0038480758666992188,2115
9042,1785426949.003766,1526,0.09804224967956543,2148
9045,1785426949.103766,1526,-0.0019576549530029297,2148
9048,1785426949.2037659,1527,0.10072898864746094,2149
9051,1785426949.303766,1527,0.0007288455963134766,2149
9054,1785426949.403766,1527,-0.09927105903625488,2149
9057,1785426949.503766,1528,0.001561880111694336,2087
9060,1785426949.603766,1529,0.09618997573852539,2151
9063,1785426949.7037659,1529,-0.0038099288940429688,2151
9066,1785426949.803766,1530,0.09760761260986328,2171
9069,1785426949.903766,1530,-0.002392292022705078,2171
9072,1785426950.003766,1531,0.1017758846282959,2171
9075,1785426950.103766,1531,0.001775979995727539,2171
9078,1785426950.2037659,1531,-0.09822392463684082,2171
9081,1785426950.303766,1532,0.001581430435180664,2229
9084,1785426950.403766,1532,-0.0984184741973877,2229
9087,1785426950.503766,1533,0.0014955997467041016,2314
9090,1785426950.603766,1534,0.09740638732910156,2369
9093,1785426950.7037659,1534,-0.002593517303466797,2369
9096,1785426950.803766,1535,0.10061860084533691,2369
9099,1785426950.903766,1535,0.0006186962127685547,2369
9102,1785426951.003766,1535,-0.0993814468383789,2369
9105,1785426951.103766,1536,0.001621246337890625,2440
9108,1785426951.2037659,1536,-0.09837865829467773,2440
9111,1785426951.303766,1537,-0.00023889541625976562,2361
9114,1785426951.403766,1537,-0.10023880004882812,2361
9117,1785426951.503766,1538,0.0008840560913085938,2437
9120,1785426951.603766,1538,-0.09911584854125977,2437
9123,1785426951.7037659,1539,0.0006361007690429688,2362
9126,1785426951.803766,1539,-0.09936404228210449,2362
9129,1785426951.903766,1540,0.0010340213775634766,2376
9132,1785426952.003766,1541,0.09822225570678711,2459
9135,1785426952.103766,1541,-0.00177764892578125,2459
9138,1785426952.2037659,1542,0.1014399528503418,2530
9141,1785426952.303766,1542,0.001439809799194336,2530
9144,1785426952.403766,1542,-0.09856009483337402,2530
9147,1785426952.503766,1543,-0.0001964569091796875,2597
9150,1785426952.603766,1543,-0.10019636154174805,2597
9153,1785426952.7037659,1544,0.0013573169708251953,2593
9156,1785426952.803766,1545,0.09830260276794434,2553
9159,1785426952.903766,1545,-0.0016973018646240234,2553
9162,1785426953.003766,1546,0.10129690170288086,2502
9165,1785426953.103766,1546,0.0012969970703125,2502
9168,1785426953.2037659,1546,-0.09870290756225586,2502
9171,1785426953.303766,1547,-0.00015592575073242188,2460
9174,1785426953.403766,1547,-0.10015583038330078,2460
9177,1785426953.503766,1548,0.0013515949249267578,2530
9180,1785426953.603766,1548,-0.0986483097076416,2530
9183,1785426953.7037659,1549,0.001299142837524414,2694
9186,1785426953.803766,1549,-0.09870100021362305,2694
9189,1785426953.903766,1550,0.0015864372253417969,2646
9192,1785426954.003766,1550,-0.09841370582580566,2646
9195,1785426954.103766,1551,0.0015947818756103516,2754
9198,1785426954.2037659,1551,-0.09840512275695801,2754
9201,1785426954.303766,1552,-0.0008866786956787109,2815
9204,1785426954.403766,1552,-0.10088658332824707,2815
9207,1785426954.503766,1553,0.0014081001281738281,2682
9210,1785426954.603766,1553,-0.09859180450439453,2682
9213,1785426954.7037659,1554,0.0007860660552978516,2727
9216,1785426954.803766,1555,0.09453463554382324,2611
9219,1785426954.903766,1555,-0.005465269088745117,2611
9222,1785426955.003766,1556,0.09687018394470215,2721
9225,1785426955.103766,1556,-0.003129720687866211,2721
9228,1785426955.2037659,1557,0.09775352478027344,2766
9231,1785426955.303766,1557,-0.0022466182708740234,2766
9234,1785426955.403766,1558,0.10091495513916016,2741
9237,1785426955.503766,1558,0.0009148120880126953,2741
9240,1785426955.603766,1558,-0.09908509254455566,2741
9243,1785426955.7037659,1559,0.001619100570678711,2644
9246,1785426955.803766,1560,0.0965735912322998,2708
9249,1785426955.903766,1560,-0.0034263134002685547,2708
9252,1785426956.003766,1561,0.09787535667419434,2771
9255,1785426956.103766,1561,-0.0021245479583740234,2771
9258,1785426956.2037659,1562,0.10104584693908691,2780
9261,1785426956.303766,1562,0.0010457038879394531,2780
9264,1785426956.403766,1562,-0.0989542007446289,2780
9267,1785426956.503766,1563,0.0014100074768066406,2780
9270,1785426956.603766,1564,0.0961155891418457,2631
9273,1785426956.7037659,1564,-0.0038843154907226562,2631
9276,1785426956.803766,1565,0.09777998924255371,2602
9279,1785426956.903766,1565,-0.0022199153900146484,2602
9282,1785426957.003766,1566,0.09999418258666992,2569
9285,1785426957.103766,1566,-5.7220458984375e-06,2569
9288,1785426957.2037659,1566,-0.1000056266784668,2569
9291,1785426957.303766,1567,0.002293109893798828,2703
9294,1785426957.403766,1567,-0.09770679473876953,2703
9297,1785426957.503766,1568,-0.001123666763305664,2746
9300,1785426957.603766,1568,-0.10112357139587402,2746
9303,1785426957.7037659,1569,0.0014612674713134766,2773
9306,1785426957.803766,1569,-0.09853887557983398,2773
9309,1785426957.903766,1570,-0.0003838539123535156,2492
9312,1785426958.003766,1571,0.09845280647277832,2533
9315,1785426958.103766,1571,-0.001547098159790039,2533
9318,1785426958.2037659,1572,0.0987546443939209,2506
9321,1785426958.303766,1572,-0.0012454986572265625,2506
9324,1785426958.403766,1573,0.10078954696655273,2562
9327,1785426958.503766,1573,0.0007894039154052734,2562
9330,1785426958.603766,1573,-0.09921050071716309,2562
9333,1785426958.7037659,1574,0.0014455318450927734,2535
9336,1785426958.803766,1575,0.09694528579711914,2508
9339,1785426958.903766,1575,-0.0030546188354492188,2508
9342,1785426959.003766,1576,0.09862995147705078,2526
9345,1785426959.103766,1576,-0.0013699531555175781,2526
9348,1785426959.2037659,1577,0.10113096237182617,2568
9351,1785426959.303766,1577,0.001130819320678711,2568
9354,1785426959.403766,1577,-0.09886908531188965,2568
9357,1785426959.503766,1578,0.0015001296997070312,2528
9360,1785426959.603766,1579,0.09682655334472656,2633
9363,1785426959.7037659,1579,-0.003173351287841797,2633
9366,1785426959.803766,1580,0.0982809066772461,2653
9369,1785426959.903766,1580,-0.0017189979553222656,2653
9372,1785426960.003766,1581,0.10070514678955078,2650
9375,1785426960.103766,1581,0.0007052421569824219,2650
9378,1785426960.2037659,1582,0.09518742561340332,2539
9381,1785426960.303766,1582,-0.004812717437744141,2539
9384,1785426960.403766,1583,0.09675192832946777,2594
9387,1785426960.503766,1583,-0.0032482147216796875,2594
9390,1785426960.603766,1584,0.1014242172241211,2614
9393,1785426960.7037659,1584,0.0014243125915527344,2614
9396,1785426960.803766,1584,-0.09857583045959473,2614
9399,1785426960.903766,1585,0.0008087158203125,2617
9402,1785426961.003766,1585,-0.09919142723083496,2617
9405,1785426961.103766,1586,0.001378774642944336,2630
9408,1785426961.2037659,1586,-0.09862112998962402,2630
9411,1785426961.303766,1587,0.0016410350799560547,2662
9414,1785426961.403766,1587,-0.0983588695526123,2662
9417,1785426961.503766,1588,0.0014011859893798828,2621
9420,1785426961.603766,1588,-0.09859871864318848,2621
9423,1785426961.7037659,1589,0.0010876655578613281,2663
9426,1785426961.803766,1589,-0.09891247749328613,2663
9429,1785426961.903766,1590,0.0016908645629882812,2663
9432,1785426962.003766,1591,0.09774971008300781,2476
9435,1785426962.103766,1591,-0.002250194549560547,2476
9438,1785426962.2037659,1592,0.09903073310852051,2453
9441,1785426962.303766,1592,-0.0009694099426269531,2453
9444,1785426962.403766,1592,-0.10096931457519531,2453
9447,1785426962.503766,1593,0.0011048316955566406,2453
9450,1785426962.603766,1594,0.0956258773803711,2221
9453,1785426962.7037659,1594,-0.004374027252197266,2221
9456,1785426962.803766,1595,0.09707307815551758,2175
9459,1785426962.903766,1595,-0.0029268264770507812,2175
9462,1785426963.003766,1596,0.09987854957580566,2132
9465,1785426963.103766,1596,-0.00012135505676269531,2132
9468,1785426963.2037659,1596,-0.10012125968933105,2132
9471,1785426963.303766,1597,0.0014345645904541016,2099
9474,1785426963.403766,1598,0.09615802764892578,2095
9477,1785426963.503766,1598,-0.0038421154022216797,2095
9480,1785426963.603766,1599,0.09792423248291016,2139
9483,1785426963.7037659,1599,-0.002075672149658203,2139
9486,1785426963.803766,1600,0.10077595710754395,2152
9489,1785426963.903766,1600,0.0007760524749755859,2152
9492,1785426964.003766,1600,-0.09922409057617188,2152
9495,1785426964.103766,1601,0.0016798973083496094,2197
9498,1785426964.2037659,1601,-0.09832000732421875,2197
9501,1785426964.303766,1602,-0.0007643699645996094,2256
9504,1785426964.403766,1602,-0.10076427459716797,2256
9507,1785426964.503766,1603,0.0013363361358642578,2347
9510,1785426964.603766,1603,-0.0986635684967041,2347
9513,1785426964.7037659,1604,-0.0006639957427978516,2381
9516,1785426964.803766,1604,-0.10066413879394531,2381
9519,1785426964.903766,1605,0.0015730857849121094,2381
9522,1785426965.003766,1605,-0.09842705726623535,2381
9525,1785426965.103766,1606,0.0003993511199951172,2521
9528,1785426965.2037659,1607,0.0974118709564209,2521
9531,1785426965.303766,1607,-0.0025882720947265625,2521
9534,1785426965.403766,1608,0.10084366798400879,2627
9537,1785426965.503766,1608,0.0008435249328613281,2627
9540,1785426965.603766,1608,-0.09915637969970703,2627
9543,1785426965.7037659,1609,0.0013937950134277344,2625
9546,1785426965.803766,1610,0.09624600410461426,2728
9549,1785426965.903766,1610,-0.0037539005279541016,2728
9552,1785426966.003766,1611,0.09860754013061523,2703
9555,1785426966.103766,1611,-0.001392364501953125,2703
9558,1785426966.2037659,1612,0.10076522827148438,2432
9561,1785426966.303766,1612,0.0007650852203369141,2432
9564,1785426966.403766,1613,0.09494256973266602,2295
9567,1785426966.503766,1613,-0.005057573318481445,2295
9570,1785426966.603766,1614,0.09737515449523926,2363
9573,1785426966.7037659,1614,-0.0026247501373291016,2363
9576,1785426966.803766,1615,0.09935855865478516,2312
9579,1785426966.903766,1615,-0.0006413459777832031,2312
9582,1785426967.003766,1615,-0.10064148902893066,2312
9585,1785426967.103766,1616,0.00091552734375,2292
9588,1785426967.2037659,1617,0.09534931182861328,2245
9591,1785426967.303766,1617,-0.00465083122253418,2245
9594,1785426967.403766,1618,0.09763121604919434,2317
9597,1785426967.503766,1618,-0.002368927001953125,2317
9600,1785426967.603766,1619,0.09819912910461426,2341
9603,1785426967.7037659,1619,-0.0018007755279541016,2341
9606,1785426967.803766,1620,0.10033869743347168,2461
9609,1785426967.903766,1620,0.0003387928009033203,2461
9612,1785426968.003766,1621,0.09950494766235352,2476
9615,1785426968.103766,1621,-0.0004949569702148438,2476
9618,1785426968.2037659,1621,-0.1004948616027832,2476
9621,1785426968.303766,1622,0.0013306140899658203,2536
9624,1785426968.403766,1622,-0.09866929054260254,2536
9627,1785426968.503766,1623,-0.0008823871612548828,2556
9630,1785426968.603766,1623,-0.10088229179382324,2556
9633,1785426968.7037659,1624,0.001125335693359375,2445
9636,1785426968.803766,1624,-0.09887480735778809,2445
9639,1785426968.903766,1625,0.0014255046844482422,2475
9642,1785426969.003766,1626,0.09693408012390137,958
9645,1785426969.103766,1626,-0.003065824508666992,958
9648,1785426969.2037659,1627,0.0822594165802002,53
9651,1785426969.303766,1627,-0.017740726470947266,53
9654,1785426969.403766,1627,-0.11774063110351562,53
9657,1785426969.503766,1627,-0.21774077415466309,53
9660,1785426969.603766,1627,-0.31774067878723145,53
9663,1785426969.7037659,1627,-0.4177405834197998,53
9666,1785426969.803766,1627,-0.5177407264709473,53
9669,1785426969.903766,1627,-0.6177406311035156,53
9672,1785426970.003766,1628,0.6522722244262695,8
9675,1785426970.103766,1628,0.5522723197937012,8
9678,1785426970.2037659,1628,0.4522724151611328,8
9681,1785426970.303766,1628,0.35227227210998535,8
9684,1785426970.403766,1628,0.252272367477417,8
9687,1785426970.503766,1628,0.15227222442626953,8
9690,1785426970.603766,1628,0.05227231979370117,8
9693,1785426970.7037659,1628,-0.04772758483886719,8
9696,1785426970.803766,1629,0.04651689529418945,6
9699,1785426970.903766,1629,-0.053483009338378906,6
9702,1785426971.003766,1630,0.03292560577392578,8
9705,1785426971.103766,1630,-0.06707429885864258,8
9708,1785426971.2037659,1631,0.027561187744140625,7
9711,1785426971.303766,1631,-0.07243895530700684,7
9714,1785426971.403766,1631,-0.1724388599395752,7
9717,1785426971.503766,1631,-0.27243900299072266,7
9720,1785426971.603766,1631,-0.372438907623291,7
9723,1785426971.7037659,1631,-0.4724388122558594,7
9726,1785426971.803766,1631,-0.5724389553070068,7
9729,1785426971.903766,1631,-0.6724388599395752,7
9732,1785426972.003766,1631,-0.7724390029907227,7
9735,1785426972.103766,1631,-0.872438907623291,7
9738,1785426972.2037659,1632,0.8822064399719238,13
9741,1785426972.303766,1632,0.7822062969207764,13
9744,1785426972.403766,1632,0.682206392288208,13
9747,1785426972.503766,1632,0.5822062492370605,13
9750,1785426972.603766,1632,0.4822063446044922,13
9753,1785426972.7037659,1632,0.38220643997192383,13
9756,1785426972.803766,1632,0.28220629692077637,13
9759,1785426972.903766,1632,0.182206392288208,13
9762,1785426973.003766,1632,0.08220624923706055,13
9765,1785426973.103766,1632,-0.017793655395507812,13
9768,1785426973.2037659,1633,0.09951472282409668,386
9771,1785426973.303766,1633,-0.00048542022705078125,386
9774,1785426973.403766,1634,0.09596657752990723,2089
9777,1785426973.503766,1634,-0.004033565521240234,2089
9780,1785426973.603766,1635,0.09727048873901367,2077
9783,1785426973.7037659,1635,-0.0027294158935546875,2077
9786,1785426973.803766,1636,0.09862470626831055,2077
9789,1785426973.903766,1636,-0.0013751983642578125,2077
9792,1785426974.003766,1637,0.10135936737060547,2453
9795,1785426974.103766,1637,0.0013594627380371094,2453
9798,1785426974.2037659,1638,0.09620308876037598,2549
9801,1785426974.303766,1638,-0.0037970542907714844,2549
9804,1785426974.403766,1639,0.09696841239929199,2508
9807,1785426974.503766,1639,-0.0030317306518554688,2508
9810,1785426974.603766,1640,0.0996248722076416,2448
9813,1785426974.7037659,1640,-0.0003750324249267578,2448
9816,1785426974.803766,1640,-0.10037517547607422,2448
9819,1785426974.903766,1641,0.0013873577117919922,2429
9822,1785426975.003766,1641,-0.09861278533935547,2429
9825,1785426975.103766,1642,0.00042057037353515625,2396
9828,1785426975.2037659,1642,-0.0995793342590332,2396
9831,1785426975.303766,1643,0.001550436019897461,2334
9834,1785426975.403766,1643,-0.0984494686126709,2334
9837,1785426975.503766,1644,0.0005121231079101562,2367
9840,1785426975.603766,1644,-0.0994877815246582,2367
9843,1785426975.7037659,1645,0.001348733901977539,2312
9846,1785426975.803766,1646,0.0962977409362793,2206
9849,1785426975.903766,1646,-0.0037021636962890625,2206
9852,1785426976.003766,1647,0.09743309020996094,2206
9855,1785426976.103766,1647,-0.002566814422607422,2206
9858,1785426976.2037659,1648,0.09952116012573242,2323
9861,1785426976.303766,1648,-0.00047898292541503906,2323
9864,1785426976.403766,1648,-0.1004788875579834,2323
9867,1785426976.503766,1649,0.001489400863647461,2261
9870,1785426976.603766,1650,0.09670329093933105,2475
9873,1785426976.7037659,1650,-0.0032966136932373047,2475
9876,1785426976.803766,1651,0.09876084327697754,2718
9879,1785426976.903766,1651,-0.0012390613555908203,2718
9882,1785426977.003766,1652,0.10041308403015137,2752
9885,1785426977.103766,1652,0.0004131793975830078,2752
9888,1785426977.2037659,1653,0.09603714942932129,2602
9891,1785426977.303766,1653,-0.003962993621826172,2602
9894,1785426977.403766,1654,0.09746789932250977,2610
9897,1785426977.503766,1654,-0.0025322437286376953,2610
9900,1785426977.603766,1655,0.09847426414489746,2524
9903,1785426977.7037659,1655,-0.0015256404876708984,2524
9906,1785426977.803766,1656,0.10097599029541016,2448
9909,1785426977.903766,1656,0.0009760856628417969,2448
9912,1785426978.003766,1657,0.09833121299743652,2335
9915,1785426978.103766,1657,-0.001668691635131836,2335
9918,1785426978.2037659,1658,0.10128474235534668,2383
9921,1785426978.303766,1658,0.0012845993041992188,2383
9924,1785426978.403766,1659,0.09833312034606934,2225
9927,1785426978.503766,1659,-0.001667022705078125,2225
9930,1785426978.603766,1660,0.10094070434570312,2229
9933,1785426978.7037659,1660,0.0009407997131347656,2229
9936,1785426978.803766,1660,-0.0990593433380127,2229
9939,1785426978.903766,1661,-0.0006170272827148438,2135
9942,1785426979.003766,1662,0.09674930572509766,2107
9945,1785426979.103766,1662,-0.003250598907470703,2107
9948,1785426979.2037659,1663,0.09912109375,2193
9951,1785426979.303766,1663,-0.0008790493011474609,2193
9954,1785426979.403766,1663,-0.10087895393371582,2193
9957,1785426979.503766,1664,0.0014500617980957031,2228
9960,1785426979.603766,1665,0.09546399116516113,2373
9963,1785426979.7037659,1665,-0.0045359134674072266,2373
9966,1785426979.803766,1666,0.09830069541931152,2461
9969,1785426979.903766,1666,-0.001699209213256836,2461
9972,1785426980.003766,1667,0.09918856620788574,2523
9975,1785426980.103766,1667,-0.0008113384246826172,2523
9978,1785426980.2037659,1667,-0.10081124305725098,2523
9981,1785426980.303766,1668,0.0014545917510986328,2546
9984,1785426980.403766,1669,0.09659814834594727,2541
9987,1785426980.503766,1669,-0.0034019947052001953,2541
9990,1785426980.603766,1670,0.09799838066101074,2572
9993,1785426980.7037659,1670,-0.002001523971557617,2572
9996,1785426980.803766,1671,0.09979939460754395,2575
9999,1785426980.903766,1671,-0.00020051002502441406,2575
10002,1785426981.003766,1671,-0.10020065307617188,2575
10005,1785426981.103766,1672,0.001608133316040039,2529
10008,1785426981.2037659,1673,0.09682774543762207,2534
10011,1785426981.303766,1673,-0.0031723976135253906,2534
10014,1785426981.403766,1674,0.1016073226928711,2534
10017,1785426981.503766,1674,0.0016071796417236328,2534
10020,1785426981.603766,1674,-0.09839272499084473,2534
10023,1785426981.7037659,1675,-0.0003762245178222656,2499
10026,1785426981.803766,1675,-0.10037636756896973,2499
10029,1785426981.903766,1676,0.001402139663696289,2510
10032,1785426982.003766,1676,-0.09859800338745117,2510
10035,1785426982.103766,1677,0.0013954639434814453,2521
10038,1785426982.2037659,1677,-0.09860444068908691,2521
10041,1785426982.303766,1678,0.0013451576232910156,2511
10044,1785426982.403766,1678,-0.09865474700927734,2511
10047,1785426982.503766,1679,-0.0002682209014892578,2547
10050,1785426982.603766,1679,-0.10026812553405762,2547
10053,1785426982.7037659,1680,0.0013585090637207031,2475
10056,1785426982.803766,1681,0.09665322303771973,2475
10059,1785426982.903766,1681,-0.003346681594848633,2475
10062,1785426983.003766,1682,0.09845089912414551,2512
10065,1785426983.103766,1682,-0.0015490055084228516,2512
10068,1785426983.2037659,1683,0.10090899467468262,2528
10071,1785426983.303766,1683,0.0009088516235351562,2528
10074,1785426983.403766,1684,0.09601545333862305,2447
10077,1785426983.503766,1684,-0.003984689712524414,2447
10080,1785426983.603766,1685,0.09761953353881836,2550
10083,1785426983.7037659,1685,-0.00238037109375,2550
10086,1785426983.803766,1686,0.0997166633605957,2646
10089,1785426983.903766,1686,-0.00028324127197265625,2646
10092,1785426984.003766,1686,-0.10028338432312012,2646
10095,1785426984.103766,1687,0.0016520023345947266,2738
10098,1785426984.2037659,1687,-0.09834790229797363,2738
10101,1785426984.303766,1688,0.0010156631469726562,2892
10104,1785426984.403766,1689,0.09819722175598145,2957
10107,1785426984.503766,1689,-0.0018029212951660156,2957
10110,1785426984.603766,1690,0.09986162185668945,2374
10113,1785426984.7037659,1690,-0.00013828277587890625,2374
10116,1785426984.803766,1691,0.09976935386657715,2399
10119,1785426984.903766,1691,-0.00023055076599121094,2399
10122,1785426985.003766,1691,-0.10023069381713867,2399
10125,1785426985.103766,1692,0.0015010833740234375,2512
10128,1785426985.2037659,1692,-0.09849882125854492,2512
10131,1785426985.303766,1693,-0.0009121894836425781,2517
10134,1785426985.403766,1693,-0.10091209411621094,2517
10137,1785426985.503766,1694,0.002196073532104492,2514
10140,1785426985.603766,1694,-0.09780383110046387,2514
10143,1785426985.7037659,1695,0.0010042190551757812,2360
10146,1785426985.803766,1695,-0.09899592399597168,2360
10149,1785426985.903766,1696,0.0014388561248779297,2360
10152,1785426986.003766,1696,-0.09856128692626953,2360
10155,1785426986.103766,1697,-0.0010027885437011719,2254
10158,1785426986.2037659,1697,-0.10100269317626953,2254
10161,1785426986.303766,1698,0.0011377334594726562,2305
10164,1785426986.403766,1698,-0.0988621711730957,2305
10167,1785426986.503766,1699,0.0014917850494384766,2816
10170,1785426986.603766,1700,0.09595918655395508,2748
10173,1785426986.7037659,1700,-0.004040718078613281,2748
10176,1785426986.803766,1701,0.09811687469482422,2816
10179,1785426986.903766,1701,-0.0018830299377441406,2816
10182,1785426987.003766,1702,0.10066652297973633,2807
10185,1785426987.103766,1702,0.0006666183471679688,2807
10188,1785426987.2037659,1702,-0.09933328628540039,2807
10191,1785426987.303766,1703,0.0015876293182373047,2807
10194,1785426987.403766,1704,0.09692239761352539,2803
10197,1785426987.503766,1704,-0.0030777454376220703,2803
10200,1785426987.603766,1705,0.09842181205749512,2788
10203,1785426987.7037659,1705,-0.0015780925750732422,2788
10206,1785426987.803766,1706,0.09990453720092773,2796
10209,1785426987.903766,1706,-9.5367431640625e-05,2796
10212,1785426988.003766,1707,0.09503841400146484,2643
10215,1785426988.103766,1707,-0.004961490631103516,2643
10218,1785426988.2037659,1708,0.09729218482971191,2615
10221,1785426988.303766,1708,-0.002707958221435547,2615
10224,1785426988.403766,1709,0.10150671005249023,2633
10227,1785426988.503766,1709,0.0015065670013427734,2633
10230,1785426988.603766,1709,-0.09849333763122559,2633
10233,1785426988.7037659,1710,0.0006489753723144531,2624
10236,1785426988.803766,1710,-0.09935116767883301,2624
10239,1785426988.903766,1711,0.0014030933380126953,2647
10242,1785426989.003766,1711,-0.09859704971313477,2647
10245,1785426989.103766,1712,0.0010383129119873047,2706
10248,1785426989.2037659,1712,-0.09896159172058105,2706
10251,1785426989.303766,1713,-0.0007164478302001953,2701
10254,1785426989.403766,1713,-0.10071635246276855,2701
10257,1785426989.503766,1714,0.0007746219635009766,2806
10260,1785426989.603766,1715,0.0989995002746582,2679
10263,1785426989.7037659,1715,-0.0010004043579101562,2679
10266,1785426989.803766,1716,0.0968630313873291,2698
10269,1785426989.903766,1716,-0.003136873245239258,2698
10272,1785426990.003766,1717,0.09830427169799805,2710
10275,1785426990.103766,1717,-0.0016956329345703125,2710
10278,1785426990.2037659,1718,0.10155558586120605,2661
10281,1785426990.303766,1718,0.0015554428100585938,2661
10284,1785426990.403766,1718,-0.09844446182250977,2661
10287,1785426990.503766,1719,0.0016660690307617188,2642
10290,1785426990.603766,1720,0.0977480411529541,2718
10293,1785426990.7037659,1720,-0.002251863479614258,2718
10296,1785426990.803766,1721,0.09908604621887207,2804
10299,1785426990.903766,1721,-0.0009138584136962891,2804
10302,1785426991.003766,1721,-0.10091400146484375,2804
10305,1785426991.103766,1722,0.0013051033020019531,2763
10308,1785426991.2037659,1723,0.09661197662353516,2693
10311,1785426991.303766,1723,-0.0033881664276123047,2693
10314,1785426991.403766,1724,0.098175048828125,2736
10317,1785426991.503766,1724,-0.001825094223022461,2736
10320,1785426991.603766,1725,0.10001802444458008,2744
10323,1785426991.7037659,1725,1.811981201171875e-05,2744
10326,1785426991.803766,1725,-0.09998202323913574,2744
10329,1785426991.903766,1726,0.001688241958618164,2675
10332,1785426992.003766,1726,-0.0983119010925293,2675
10335,1785426992.103766,1727,0.001234292984008789,2790
10338,1785426992.2037659,1727,-0.09876561164855957,2790
10341,1785426992.303766,1728,0.0014719963073730469,2787
10344,1785426992.403766,1728,-0.09852790832519531,2787
10347,1785426992.503766,1729,-0.0004551410675048828,2781
10350,1785426992.603766,1729,-0.10045504570007324,2781
10353,1785426992.7037659,1730,0.0015377998352050781,2676
10356,1785426992.803766,1730,-0.09846234321594238,2676
10359,1785426992.903766,1731,0.0012059211730957031,2593
10362,1785426993.003766,1732,0.09769749641418457,2439
10365,1785426993.103766,1732,-0.002302408218383789,2439
10368,1785426993.2037659,1733,0.0996401309967041,2472
10371,1785426993.303766,1733,-0.0003600120544433594,2472
10374,1785426993.403766,1733,-0.10035991668701172,2472
10377,1785426993.503766,1734,0.0016772747039794922,2495
10380,1785426993.603766,1735,0.09642624855041504,2524
10383,1785426993.7037659,1735,-0.0035736560821533203,2524
10386,1785426993.803766,1736,0.09876108169555664,2702
10389,1785426993.903766,1736,-0.0012388229370117188,2702
10392,1785426994.003766,1737,0.10108089447021484,2702
10395,1785426994.103766,1737,0.0010809898376464844,2702
10398,1785426994.2037659,1737,-0.09891891479492188,2702
10401,1785426994.303766,1738,0.0013611316680908203,2841
