# timestamp x y z qx qy qz qw
# vloam_depth_vo.m -- V-LOAM depth-anchored VO, scala metrica da LiDAR (non arbitraria come monovslam_test.m)
# 3438/3467 passi con >=1 corrispondenza a profondita' nota; il resto porta avanti la scala per inerzia (eq. 4 sola, epipolare)
1785426647.603766 0.000000 0.000000 0.000000 0.000000000 0.000000000 0.000000000 1.000000000
1785426647.703766 -0.000000 -0.000001 0.000006 0.000000794 -0.000027582 0.000036957 0.999999999
1785426647.803766 -0.000015 -0.000022 0.000155 0.000003527 -0.000044614 0.000058136 0.999999997
1785426647.903766 -0.000023 -0.000030 0.000205 0.000007300 -0.000091512 0.000127011 0.999999988
1785426648.003766 -0.000038 -0.000047 0.000285 0.000015292 -0.000117245 0.000163731 0.999999980
1785426648.103766 -0.000057 -0.000068 0.000365 0.000030492 -0.000147651 0.000221727 0.999999964
1785426648.203766 -0.000065 -0.000140 0.000734 0.000023766 -0.000134981 0.000204966 0.999999970
1785426648.303766 -0.000094 -0.000177 0.000869 0.000031392 -0.000151946 0.000234085 0.999999961
1785426648.403766 -0.000101 -0.000181 0.000884 0.000034424 -0.000142368 0.000232034 0.999999962
1785426648.503766 -0.000111 -0.000191 0.000916 0.000029395 -0.000143849 0.000208808 0.999999967
1785426648.603766 -0.000123 -0.000197 0.000947 0.000031325 -0.000143794 0.000219563 0.999999965
1785426648.703766 -0.000124 -0.000197 0.000950 0.000035700 -0.000146040 0.000221205 0.999999964
1785426648.803766 -0.000125 -0.000198 0.000952 0.000039312 -0.000160508 0.000238551 0.999999958
1785426648.903766 -0.000130 -0.000200 0.000972 0.000025405 -0.000150399 0.000205734 0.999999967
1785426649.003766 -0.000132 -0.000201 0.000978 0.000024742 -0.000150692 0.000196174 0.999999969
1785426649.103766 -0.000134 -0.000203 0.000984 0.000023606 -0.000141012 0.000201028 0.999999970
1785426649.203766 -0.000143 -0.000208 0.001001 0.000032347 -0.000143834 0.000217841 0.999999965
1785426649.303766 -0.000146 -0.000210 0.001008 0.000043306 -0.000172600 0.000265227 0.999999949
1785426649.403766 -0.000148 -0.000211 0.001012 0.000039568 -0.000179793 0.000265055 0.999999948
1785426649.503766 -0.000155 -0.000215 0.001035 0.000043827 -0.000192496 0.000286614 0.999999939
1785426649.603766 -0.000156 -0.000216 0.001041 0.000045320 -0.000191158 0.000283003 0.999999941
1785426649.703766 -0.000149 -0.000163 0.000964 0.000062830 -0.000179071 0.000278695 0.999999943
1785426649.803766 -0.000138 -0.000098 0.000874 0.000061240 -0.000180456 0.000290144 0.999999940
1785426649.903766 -0.000119 -0.000020 0.000787 0.000066328 -0.000175531 0.000293430 0.999999939
1785426650.003766 -0.000140 -0.000082 0.000890 0.000064337 -0.000175457 0.000298054 0.999999938
1785426650.103766 -0.000151 -0.000085 0.000912 0.000056259 -0.000159560 0.000270293 0.999999949
1785426650.203766 -0.000166 -0.000090 0.000937 0.000051488 -0.000161740 0.000273020 0.999999948
1785426650.303766 -0.000178 -0.000108 0.001007 0.000045915 -0.000162051 0.000275192 0.999999948
1785426650.403766 -0.000193 -0.000131 0.001101 0.000051539 -0.000165592 0.000277970 0.999999946
1785426650.503766 -0.000194 -0.000132 0.001104 0.000056340 -0.000176925 0.000285335 0.999999942
1785426650.603766 -0.000195 -0.000133 0.001109 0.000052223 -0.000185346 0.000285711 0.999999941
1785426650.703766 -0.000201 -0.000135 0.001119 0.000052657 -0.000180876 0.000292095 0.999999940
1785426650.803766 -0.000203 -0.000136 0.001123 0.000042431 -0.000192311 0.000305771 0.999999934
1785426650.903766 -0.000205 -0.000135 0.001128 0.000023303 -0.000199723 0.000290472 0.999999938
1785426651.003766 -0.000206 -0.000135 0.001129 0.000028284 -0.000197471 0.000284204 0.999999940
1785426651.103766 -0.000206 -0.000134 0.001130 0.000034809 -0.000193769 0.000281632 0.999999941
1785426651.203766 -0.000206 -0.000134 0.001130 0.000038610 -0.000192962 0.000263736 0.999999946
1785426651.303766 -0.000206 -0.000133 0.001129 0.000062896 -0.000161569 0.000272603 0.999999948
1785426651.403766 -0.000205 -0.000133 0.001128 0.000055172 -0.000133239 0.000263217 0.999999955
1785426651.503766 -0.000205 -0.000133 0.001126 0.000047579 -0.000120352 0.000256175 0.999999959
1785426651.603766 -0.000208 -0.000135 0.001134 0.000046407 -0.000135054 0.000282743 0.999999950
1785426651.703766 -0.000213 -0.000138 0.001142 0.000046628 -0.000131777 0.000279052 0.999999951
1785426651.803766 -0.000219 -0.000142 0.001158 0.000040975 -0.000125213 0.000263908 0.999999956
1785426651.903766 -0.000229 -0.000153 0.001180 0.000041061 -0.000120638 0.000290088 0.999999950
1785426652.003766 -0.000234 -0.000158 0.001194 0.000043109 -0.000122262 0.000246833 0.999999961
1785426652.103766 -0.000240 -0.000163 0.001209 0.000044884 -0.000131847 0.000209281 0.999999968
1785426652.203766 -0.000241 -0.000164 0.001212 0.000030016 -0.000136799 0.000229238 0.999999964
1785426652.303766 -0.000242 -0.000166 0.001215 0.000018972 -0.000121721 0.000192761 0.999999974
1785426652.403766 -0.000243 -0.000167 0.001217 0.000011821 -0.000120874 0.000183349 0.999999976
1785426652.503766 -0.000246 -0.000169 0.001222 0.000026347 -0.000133121 0.000195882 0.999999972
1785426652.603766 -0.000249 -0.000172 0.001227 0.000025560 -0.000129862 0.000182386 0.999999975
1785426652.703766 -0.000268 -0.000183 0.001271 0.000025270 -0.000128344 0.000186226 0.999999974
1785426652.803766 -0.000279 -0.000191 0.001296 0.000044166 -0.000137711 0.000208871 0.999999968
1785426652.903766 -0.000304 -0.000199 0.001351 0.000043162 -0.000138766 0.000205273 0.999999968
1785426653.003766 -0.000311 -0.000202 0.001370 0.000052163 -0.000145626 0.000230690 0.999999961
1785426653.103766 -0.000318 -0.000207 0.001382 0.000055158 -0.000141683 0.000241299 0.999999959
1785426653.203766 -0.000320 -0.000209 0.001390 0.000044440 -0.000140854 0.000231797 0.999999962
1785426653.303766 -0.000323 -0.000212 0.001397 0.000047629 -0.000133908 0.000233830 0.999999963
1785426653.403766 -0.000325 -0.000214 0.001401 0.000049881 -0.000147024 0.000227583 0.999999962
1785426653.503766 -0.000327 -0.000219 0.001422 0.000069096 -0.000168640 0.000269632 0.999999947
1785426653.603766 -0.000331 -0.000223 0.001434 0.000073730 -0.000177998 0.000285161 0.999999941
1785426653.703766 -0.000331 -0.000223 0.001437 0.000080934 -0.000183965 0.000297573 0.999999936
1785426653.803766 -0.000335 -0.000226 0.001452 0.000093604 -0.000188689 0.000324954 0.999999925
1785426653.903766 -0.000347 -0.000235 0.001475 0.000093090 -0.000185255 0.000323850 0.999999926
1785426654.003766 -0.000352 -0.000238 0.001488 0.000103492 -0.000181129 0.000330335 0.999999924
1785426654.103766 -0.000359 -0.000243 0.001510 0.000101552 -0.000179479 0.000335339 0.999999923
1785426654.203766 -0.000371 -0.000252 0.001539 0.000094215 -0.000169736 0.000308089 0.999999934
1785426654.303766 -0.000389 -0.000263 0.001581 0.000099372 -0.000179385 0.000320663 0.999999928
1785426654.403766 -0.000387 -0.000259 0.001565 0.000096404 -0.000188308 0.000331301 0.999999923
1785426654.503766 -0.000384 -0.000257 0.001559 0.000101604 -0.000184261 0.000315930 0.999999928
1785426654.603766 -0.000388 -0.000261 0.001580 0.000108958 -0.000169381 0.000286615 0.999999939
1785426654.703766 -0.000392 -0.000265 0.001594 0.000083340 -0.000158729 0.000246407 0.999999954
1785426654.803766 -0.000390 -0.000264 0.001590 0.000043780 -0.000142562 0.000260994 0.999999955
1785426654.903766 -0.000389 -0.000263 0.001586 0.000032397 -0.000142602 0.000252238 0.999999957
1785426655.003766 -0.000387 -0.000262 0.001582 0.000005718 -0.000136581 0.000242419 0.999999961
1785426655.103766 -0.000386 -0.000262 0.001581 0.000048715 -0.000157208 0.000239242 0.999999958
1785426655.203766 -0.000386 -0.000262 0.001581 0.000114678 -0.000245650 0.000190935 0.999999945
1785426655.303766 -0.000386 -0.000261 0.001580 0.000130241 -0.000267335 0.000188445 0.999999938
1785426655.403766 -0.000395 -0.000266 0.001597 0.000126624 -0.000261339 0.000187560 0.999999940
1785426655.503766 -0.000404 -0.000273 0.001619 0.000121138 -0.000262868 0.000165260 0.999999944
1785426655.603766 -0.000406 -0.000275 0.001625 0.000124263 -0.000254278 0.000210048 0.999999938
1785426655.703766 -0.000474 -0.000352 0.001782 0.000125549 -0.000255549 0.000229640 0.999999933
1785426655.803766 -0.000538 -0.000451 0.001905 0.000126765 -0.000258122 0.000242435 0.999999929
1785426655.903766 -0.000538 -0.000451 0.001905 -0.000145047 -0.000424578 0.000932835 0.999999464
1785426656.003766 -0.000534 -0.000460 0.001890 -0.000178033 -0.000465968 0.001050111 0.999999324
1785426656.103766 -0.000541 -0.000478 0.001898 -0.000194154 -0.000484711 0.001137374 0.999999217
1785426656.203766 -0.000541 -0.000478 0.001899 -0.000176448 -0.000453301 0.001221372 0.999999136
1785426656.303766 -0.000541 -0.000478 0.001896 -0.000173022 -0.000463090 0.001232106 0.999999119
1785426656.403766 -0.000541 -0.000478 0.001896 -0.000186258 -0.000472498 0.001239917 0.999999102
1785426656.503766 -0.000545 -0.000481 0.001904 -0.000187247 -0.000470816 0.001219226 0.999999128
1785426656.603766 -0.000549 -0.000486 0.001914 -0.000186402 -0.000472860 0.001228482 0.999999116
1785426656.703766 -0.000550 -0.000488 0.001920 -0.000192791 -0.000471752 0.001229154 0.999999115
1785426656.803766 -0.000552 -0.000490 0.001925 -0.000186881 -0.000469843 0.001225830 0.999999121
1785426656.903766 -0.000551 -0.000489 0.001921 -0.000182181 -0.000476485 0.001246761 0.999999093
1785426657.003766 -0.000551 -0.000489 0.001919 -0.000162075 -0.000477288 0.001270116 0.999999066
1785426657.103766 -0.000546 -0.000486 0.001911 -0.000156169 -0.000484444 0.001297311 0.999999029
1785426657.203766 -0.000544 -0.000484 0.001902 -0.000149688 -0.000477326 0.001294071 0.999999038
1785426657.303766 -0.000542 -0.000483 0.001898 -0.000144282 -0.000461915 0.001297796 0.999999041
1785426657.403766 -0.000540 -0.000482 0.001892 -0.000142847 -0.000457993 0.001308861 0.999999028
1785426657.503766 -0.000536 -0.000480 0.001885 -0.000142205 -0.000450568 0.001302401 0.999999040
1785426657.603766 -0.000536 -0.000480 0.001886 -0.000133535 -0.000442729 0.001324783 0.999999016
1785426657.703766 -0.000536 -0.000480 0.001886 -0.000119516 -0.000435928 0.001340958 0.999998999
1785426657.803766 -0.000540 -0.000482 0.001898 -0.000110885 -0.000443475 0.001346610 0.999998989
1785426657.903766 -0.000556 -0.000486 0.001930 -0.000104919 -0.000447115 0.001361193 0.999998968
1785426658.003766 -0.000558 -0.000487 0.001937 -0.000101470 -0.000441845 0.001346339 0.999998991
1785426658.103766 -0.000561 -0.000489 0.001943 -0.000100253 -0.000456569 0.001366598 0.999998957
1785426658.203766 -0.000562 -0.000490 0.001946 -0.000116524 -0.000369723 0.001387041 0.999998963
1785426658.303766 -0.000563 -0.000491 0.001947 -0.000125053 -0.000338630 0.001411992 0.999998938
1785426658.403766 -0.000563 -0.000491 0.001948 -0.000131437 -0.000318230 0.001421852 0.999998930
1785426658.503766 -0.000567 -0.000492 0.001954 -0.000134424 -0.000259563 0.001430160 0.999998935
1785426658.603766 -0.000574 -0.000497 0.001969 -0.000137036 -0.000258287 0.001422810 0.999998945
1785426658.703766 -0.000581 -0.000500 0.001984 -0.000124097 -0.000264730 0.001453633 0.999998901
1785426658.803766 -0.000585 -0.000503 0.001995 -0.000131342 -0.000261822 0.001434864 0.999998928
1785426658.903766 -0.000595 -0.000510 0.002014 -0.000127875 -0.000259836 0.001436352 0.999998927
1785426659.003766 -0.000632 -0.000540 0.002073 -0.000134128 -0.000253773 0.001428113 0.999998939
1785426659.103766 -0.000640 -0.000547 0.002098 -0.000146575 -0.000245392 0.001409322 0.999998966
1785426659.203766 -0.000227 -0.004629 0.007102 -0.000336118 -0.000458784 0.003510628 0.999993676
1785426659.303766 -0.008165 -0.007898 -0.004562 -0.000518067 -0.000278874 0.005418372 0.999985147
1785426659.403766 -0.008165 -0.007897 -0.004563 -0.000520851 -0.000271964 0.005516350 0.999984612
1785426659.503766 -0.008165 -0.007897 -0.004563 0.001183052 0.000764737 0.002123335 0.999996754
1785426659.603766 0.142796 0.028086 0.492126 0.001276630 0.000857469 0.001937305 0.999996941
1785426659.703766 0.146480 0.031853 0.534207 0.001497283 0.001344033 0.001410823 0.999996981
1785426659.803766 -0.052259 0.016610 -0.066100 0.001477546 0.001337757 0.001425169 0.999996998
1785426659.903766 -0.069194 -0.018497 -0.014271 -0.000035497 0.005199961 0.009360421 0.999942669
1785426660.003766 -0.081266 -0.025097 0.005284 0.004558279 0.006300491 0.025700177 0.999639448
1785426660.103766 -0.074193 0.006705 0.101258 0.006790903 0.009431848 0.020820743 0.999715670
1785426660.203766 -0.004619 0.010177 0.306311 0.006797732 0.009450362 0.020794262 0.999716000
1785426660.303766 -0.004619 0.010177 0.306311 0.007259745 0.010776074 0.021072973 0.999693504
1785426660.403766 -0.004626 0.010170 0.306320 0.007251503 0.010790658 0.021054155 0.999693803
1785426660.503766 -0.085731 0.016716 0.336854 0.009740132 0.020653326 0.024606005 0.999436398
1785426660.603766 -0.085723 0.016657 0.336816 0.009733762 0.020649620 0.024599858 0.999436688
1785426660.703766 -0.085723 0.016656 0.336816 0.009667755 0.020668289 0.024621524 0.999436410
1785426660.803766 -0.085722 0.016657 0.336814 0.009664842 0.020699808 0.024575714 0.999436913
1785426660.903766 -0.085722 0.016657 0.336813 0.009633090 0.020721239 0.024595833 0.999436281
1785426661.003766 -0.085721 0.016657 0.336813 0.009654922 0.020695471 0.024571487 0.999437203
1785426661.103766 -0.085719 0.016658 0.336810 0.009673199 0.020693234 0.024582421 0.999436803
1785426661.203766 -0.192818 0.016557 0.062781 0.009692251 0.020682403 0.024556350 0.999437484
1785426661.303766 -0.192704 0.016642 0.062569 0.006819037 0.020579064 0.016386457 0.999630675
1785426661.403766 -0.192759 0.016571 0.062641 0.006822116 0.020586334 0.016398952 0.999630300
1785426661.503766 -0.192759 0.016570 0.062641 0.006860323 0.020600729 0.016381092 0.999630034
1785426661.603766 -0.192760 0.016570 0.062642 0.006853959 0.020607982 0.016408245 0.999629483
1785426661.703766 -0.193067 0.007331 0.062924 0.006889022 0.020615617 0.016366574 0.999629768
1785426661.803766 -0.193068 0.007331 0.062926 0.006880654 0.020618598 0.016372195 0.999629672
1785426661.903766 -0.193073 0.007327 0.062933 0.006879311 0.020614162 0.016366521 0.999629866
1785426662.003766 -0.193073 0.007326 0.062934 0.006872942 0.020623348 0.016408055 0.999629039
1785426662.103766 -0.193073 0.007326 0.062934 0.006862125 0.020650149 0.016466451 0.999627600
1785426662.203766 -0.193079 0.007318 0.062968 0.006871767 0.020654453 0.016468725 0.999627407
1785426662.303766 -0.193080 0.007312 0.063031 0.006873355 0.020651881 0.016470041 0.999627428
1785426662.403766 -0.193081 0.007312 0.063034 0.006849854 0.020604874 0.016565889 0.999626975
1785426662.503766 -0.193115 0.007261 0.063160 0.006852402 0.020603024 0.016579340 0.999626773
1785426662.603766 -0.193116 0.007261 0.063161 0.006842911 0.020635027 0.016633421 0.999625280
1785426662.703766 -0.193114 0.007261 0.063195 0.006842606 0.020615853 0.016649760 0.999625405
1785426662.803766 -0.193114 0.007261 0.063195 0.009439613 0.019560052 0.014719349 0.999655760
1785426662.903766 -0.193114 0.007261 0.063195 0.011632143 0.019732190 0.012164385 0.999663624
1785426663.003766 -0.193114 0.007261 0.063195 0.014654825 0.019980414 0.009363629 0.999649109
1785426663.103766 -0.193119 0.007260 0.063202 0.014652396 0.019967977 0.009382724 0.999649214
1785426663.203766 -0.193119 0.007261 0.063203 0.014721444 0.019948417 0.009411351 0.999648321
1785426663.303766 -0.198047 0.016606 0.069633 0.014674229 0.019944939 0.009366865 0.999649503
1785426663.403766 -0.198047 0.016606 0.069633 0.014682649 0.019924926 0.009374510 0.999649707
1785426663.503766 -0.198047 0.016606 0.069633 -0.008554157 0.019295377 -0.050527573 0.998499614
1785426663.603766 -0.198047 0.016606 0.069633 0.028511697 0.019487956 0.052138707 0.998042513
1785426663.703766 -0.198041 0.016608 0.069645 0.028541940 0.019561507 0.051951552 0.998049969
1785426663.803766 -0.196699 0.017731 0.068152 0.028553718 0.019541817 0.051997859 0.998047607
1785426663.903766 -0.196790 0.017708 0.068379 0.028541807 0.019541994 0.051977464 0.998049006
1785426664.003766 -0.196822 0.017683 0.068479 0.028545894 0.019538660 0.051967401 0.998049479
1785426664.103766 -0.196822 0.017683 0.068479 0.028543081 0.019568889 0.051930820 0.998050871
1785426664.203766 -0.196822 0.017683 0.068482 0.028558144 0.019584586 0.051915214 0.998050944
1785426664.303766 -0.196832 0.017677 0.068662 0.028550517 0.019597495 0.051904854 0.998051448
1785426664.403766 -0.196834 0.017683 0.068753 0.028563113 0.019650803 0.051832031 0.998053824
1785426664.503766 -0.196887 0.017649 0.068953 0.028555414 0.019649581 0.051827041 0.998054327
1785426664.603766 -0.196853 0.017687 0.069192 0.028577450 0.019663087 0.051787572 0.998055479
1785426664.703766 -0.196853 0.017686 0.069193 0.028582299 0.019664493 0.051789265 0.998055225
1785426664.803766 -0.196847 0.017643 0.069318 0.028579828 0.019673742 0.051771492 0.998056035
1785426664.903766 -0.196783 0.017601 0.069649 0.028582221 0.019667488 0.051785147 0.998055382
1785426665.003766 -0.196332 0.017450 0.071015 0.028598925 0.019670059 0.051791268 0.998054535
1785426665.103766 -0.196331 0.017449 0.071020 0.028593567 0.019684953 0.051765753 0.998055719
1785426665.203766 -0.196329 0.017417 0.071297 0.028594911 0.019650950 0.051812087 0.998053946
1785426665.303766 -0.196165 0.017442 0.071693 0.028581518 0.019616395 0.051898146 0.998050538
1785426665.403766 -0.196148 0.017430 0.071726 0.028620960 0.019643176 0.051829178 0.998052465
1785426665.503766 -0.196207 0.017402 0.071844 0.028648710 0.019648671 0.051846956 0.998050637
1785426665.603766 -0.196211 0.017401 0.071860 0.028666314 0.019670158 0.051825372 0.998050829
1785426665.703766 -0.196053 0.017369 0.072423 0.028673767 0.019662732 0.051860589 0.998048932
1785426665.803766 -0.196042 0.017369 0.072456 0.028695834 0.019634989 0.051905183 0.998046526
1785426665.903766 -0.196049 0.017378 0.072553 0.028691469 0.019582379 0.052017026 0.998041862
1785426666.003766 -0.195829 0.017376 0.073073 0.028685093 0.019553314 0.052084193 0.998039113
1785426666.103766 -0.195829 0.017376 0.073075 0.028698068 0.019532937 0.052127519 0.998036877
1785426666.203766 -0.195828 0.017376 0.073076 0.028668116 0.019502653 0.052208665 0.998034088
1785426666.303766 -0.195905 0.017368 0.073188 0.028689983 0.019505439 0.052239452 0.998031794
1785426666.403766 -0.195918 0.017368 0.073212 0.028722081 0.019527297 0.052217683 0.998031583
1785426666.503766 -0.195918 0.017368 0.073212 0.055988161 0.021156531 0.130849137 0.989593972
1785426666.603766 -0.195919 0.017368 0.073212 0.056063894 0.021258697 0.130727343 0.989603592
1785426666.703766 -0.195919 0.017368 0.073212 0.064037812 0.027543704 0.162266880 0.984281445
1785426666.803766 -0.195920 0.017362 0.073223 0.064073895 0.027571448 0.162302596 0.984272431
1785426666.903766 -0.195921 0.017362 0.073224 0.064074914 0.027543605 0.162311475 0.984271680
1785426667.003766 -0.195926 0.017358 0.073232 0.064091773 0.027532270 0.162323505 0.984268916
1785426667.103766 -0.195977 0.017334 0.073298 0.064093038 0.027520618 0.162340672 0.984266328
1785426667.203766 -0.195996 0.017328 0.073322 0.064106121 0.027523373 0.162357200 0.984262673
1785426667.303766 -0.196013 0.017324 0.073342 0.064139761 0.027448097 0.162456079 0.984246268
1785426667.403766 -0.196014 0.017325 0.073343 0.064306763 0.027683283 0.162138735 0.984281112
1785426667.503766 -0.196024 0.017325 0.073356 0.064343748 0.027665411 0.162186515 0.984271325
1785426667.603766 -0.196030 0.017320 0.073365 0.064342367 0.027708220 0.162149285 0.984276345
1785426667.703766 -0.248950 0.040410 0.085138 0.068779397 0.032302903 0.164887541 0.983380911
1785426667.803766 -0.248960 0.040364 0.085165 0.068764141 0.032310819 0.164889030 0.983381468
1785426667.903766 -0.248962 0.040359 0.085177 0.068759290 0.032421741 0.164912977 0.983374141
1785426668.003766 -0.248969 0.040363 0.085184 0.068733280 0.032318169 0.164870310 0.983386523
1785426668.103766 -0.248969 0.040359 0.085188 0.068731862 0.032379872 0.164898545 0.983379858
1785426668.203766 -0.248970 0.040359 0.085189 0.068733704 0.032484774 0.164891287 0.983377487
1785426668.303766 -0.248970 0.040359 0.085189 0.068862678 0.034737832 0.165386241 0.983208323
1785426668.403766 -0.280190 0.015061 0.133511 0.066757707 0.038075578 0.165437513 0.983221281
1785426668.503766 -0.280190 0.015061 0.133511 0.066726950 0.036301747 0.166122399 0.983174982
1785426668.603766 -0.280190 0.015061 0.133511 0.065945418 0.038798624 0.167567380 0.982887095
1785426668.703766 -0.280190 0.015061 0.133511 0.066999348 0.038791558 0.167546006 0.982819738
1785426668.803766 -0.280190 0.015061 0.133512 0.068048805 0.037115264 0.166862484 0.982928649
1785426668.903766 -0.280188 0.015060 0.133514 0.068077987 0.035783524 0.166581195 0.983023719
1785426669.003766 -0.280188 0.015060 0.133514 0.068075518 0.038559261 0.167450847 0.982771144
1785426669.103766 -0.280188 0.015060 0.133514 0.068713060 0.037909206 0.166941587 0.982838702
1785426669.203766 -0.280188 0.015060 0.133515 0.068852742 0.039891347 0.167381630 0.982675618
1785426669.303766 -0.280188 0.015060 0.133515 0.068871170 0.041467640 0.168234317 0.982463440
1785426669.403766 -0.280188 0.015060 0.133515 0.068151719 0.043918627 0.169937513 0.982113913
1785426669.503766 -0.280188 0.015060 0.133515 0.067512146 0.046647339 0.171127117 0.981825670
1785426669.603766 -0.280188 0.015060 0.133515 0.067057183 0.049363684 0.172071582 0.981558929
1785426669.703766 -0.280188 0.015060 0.133515 0.066379205 0.051975298 0.172765222 0.981348331
1785426669.803766 -0.280188 0.015060 0.133515 0.065760127 0.054897720 0.173392133 0.981120285
1785426669.903766 -0.280188 0.015060 0.133515 0.066174431 0.054806643 0.173211971 0.981129344
1785426670.003766 -0.280188 0.015060 0.133515 0.067676976 0.054221725 0.173049050 0.981088099
1785426670.103766 -0.280187 0.015060 0.133519 0.067151576 0.053275719 0.172950507 0.981193399
1785426670.203766 -0.280186 0.015059 0.133521 0.066636944 0.052547748 0.172814729 0.981291660
1785426670.303766 -0.280179 0.015056 0.133544 0.066445336 0.052178059 0.172966987 0.981297554
1785426670.403766 -0.280179 0.015056 0.133544 0.066622837 0.051178349 0.173088795 0.981316689
1785426670.503766 -0.280179 0.015056 0.133544 0.066363689 0.050567363 0.173507166 0.981292039
1785426670.603766 -0.280177 0.015055 0.133553 0.066240128 0.050244035 0.173649907 0.981291747
1785426670.703766 -0.280177 0.015055 0.133553 0.066497207 0.049458736 0.173352063 0.981366913
1785426670.803766 -0.280176 0.015055 0.133554 0.066423718 0.048166861 0.173198321 0.981463288
1785426670.903766 -0.280176 0.015055 0.133554 0.065741048 0.048051688 0.173211287 0.981512608
1785426671.003766 -0.280176 0.015055 0.133554 0.065013271 0.047930809 0.173094288 0.981587632
1785426671.103766 -0.280176 0.015055 0.133554 0.064708727 0.048122063 0.172849682 0.981641500
1785426671.203766 -0.254160 -0.004209 0.291706 0.064901721 0.047952478 0.172859037 0.981635411
1785426671.303766 -0.254160 -0.004209 0.291706 0.065256712 0.048040071 0.173219328 0.981544078
1785426671.403766 -0.254160 -0.004209 0.291706 0.065011987 0.048069245 0.173639019 0.981484732
1785426671.503766 -0.226800 -0.084199 0.557119 0.063851660 0.048065397 0.173934475 0.981508778
1785426671.603766 -0.226800 -0.084199 0.557119 0.062744756 0.048312182 0.173500591 0.981644831
1785426671.703766 -0.232966 -0.157171 0.845357 0.062083049 0.048927902 0.173382641 0.981677246
1785426671.803766 -0.232966 -0.157171 0.845357 0.062116360 0.048915152 0.173157376 0.981715534
1785426671.903766 -0.232966 -0.157171 0.845358 0.061580677 0.048814379 0.173459315 0.981700995
1785426672.003766 -0.232965 -0.157171 0.845359 0.060106340 0.048614830 0.173341777 0.981823026
1785426672.103766 -0.232965 -0.157172 0.845360 0.059706299 0.048524854 0.173513364 0.981821577
1785426672.203766 -0.232965 -0.157172 0.845361 0.059507181 0.048139196 0.174001209 0.981766313
1785426672.303766 -0.232965 -0.157172 0.845361 0.059264975 0.047404466 0.174442040 0.981738486
1785426672.403766 -0.232965 -0.157172 0.845363 0.059925320 0.046726851 0.174280123 0.981759643
1785426672.503766 -0.232964 -0.157173 0.845367 0.060571051 0.045945319 0.173935820 0.981817960
1785426672.603766 -0.232964 -0.157173 0.845368 0.061454664 0.044393366 0.173702091 0.981875826
1785426672.703766 -0.232964 -0.157173 0.845368 0.062086800 0.041129390 0.173131781 0.982078912
1785426672.803766 -0.232964 -0.157173 0.845368 0.063577151 0.037608931 0.172718776 0.982197403
1785426672.903766 -0.232964 -0.157173 0.845368 0.065220915 0.031671752 0.170870457 0.982622216
1785426673.003766 -0.232964 -0.157173 0.845368 0.066821963 0.025120973 0.169584090 0.982926751
1785426673.103766 -0.231310 -0.209795 1.001773 0.067911146 0.016805094 0.168591113 0.983200235
1785426673.203766 -0.153113 -0.389528 1.838845 0.070155873 0.005011418 0.171279131 0.982708756
1785426673.303766 -0.106390 -0.404285 2.056600 0.072099203 -0.004919345 0.175269829 0.981864549
1785426673.403766 -0.101991 -0.407834 2.098115 0.072814641 -0.008721634 0.173222677 0.982148596
1785426673.503766 -0.084911 -0.411966 2.204857 0.074179220 -0.012706948 0.176681463 0.981386589
1785426673.603766 -0.081535 -0.417197 2.235606 0.074326050 -0.016127372 0.175720406 0.981497776
1785426673.703766 -0.081722 -0.422274 2.243464 0.074017461 -0.018379046 0.174848058 0.981637297
1785426673.803766 -0.084246 -0.424359 2.229047 0.074052398 -0.020631162 0.176817595 0.981237044
1785426673.903766 -0.083400 -0.428636 2.242048 0.072890164 -0.023287292 0.177017886 0.981228513
1785426674.003766 -0.072970 -0.429706 2.316475 0.072685638 -0.026004214 0.177454213 0.981096622
1785426674.103766 -0.063979 -0.446067 2.371926 0.072536650 -0.028325735 0.182204241 0.980172282
1785426674.203766 -0.060508 -0.449784 2.380000 0.071737200 -0.030173613 0.182603028 0.980101761
1785426674.303766 -0.052294 -0.457563 2.415999 0.070543792 -0.032371446 0.183779553 0.979898331
1785426674.403766 -0.049982 -0.462519 2.440775 0.070641518 -0.033793774 0.183622486 0.979872716
1785426674.503766 -0.049222 -0.467285 2.455598 0.070040803 -0.034937469 0.183407828 0.979915929
1785426674.603766 -0.041156 -0.478306 2.481792 0.069624826 -0.037018616 0.186292338 0.979324854
1785426674.703766 -0.038435 -0.488742 2.473685 0.068501641 -0.038648739 0.188143449 0.978987151
1785426674.803766 -0.036142 -0.493812 2.499271 0.068844981 -0.039953270 0.188349236 0.978871120
1785426674.903766 -0.032272 -0.499027 2.501514 0.068574139 -0.041522061 0.189779272 0.978548585
1785426675.003766 -0.030587 -0.504216 2.522127 0.069092183 -0.042065161 0.189929752 0.978459750
1785426675.103766 -0.027134 -0.509033 2.549667 0.068925491 -0.043335151 0.188325989 0.978726041
1785426675.203766 -0.025314 -0.514849 2.577600 0.069479583 -0.044281294 0.187648732 0.978774595
1785426675.303766 -0.023607 -0.519413 2.598681 0.070753237 -0.045330502 0.188104373 0.978547837
1785426675.403766 -0.014510 -0.530239 2.653675 0.071727358 -0.046586186 0.189010607 0.978243274
1785426675.503766 -0.009250 -0.540001 2.688882 0.073373776 -0.049317192 0.189350487 0.977921519
1785426675.603766 0.001129 -0.564563 2.736439 0.073311326 -0.049791018 0.192861615 0.977215791
1785426675.703766 0.003620 -0.571811 2.766327 0.074780068 -0.050388581 0.192842099 0.977077713
1785426675.803766 0.013718 -0.578732 2.762882 0.075396646 -0.051689549 0.192160592 0.977096640
1785426675.903766 0.017412 -0.586294 2.794222 0.075783054 -0.052925266 0.191835620 0.977064450
1785426676.003766 0.027854 -0.605522 2.840795 0.075066238 -0.054667296 0.193468887 0.976701764
1785426676.103766 0.030745 -0.609812 2.862331 0.075054273 -0.055211742 0.193699684 0.976626311
1785426676.203766 0.044651 -0.627938 2.906417 0.075117179 -0.057342929 0.197906874 0.975654686
1785426676.303766 0.066289 -0.645916 2.970801 0.073695602 -0.059216493 0.197366260 0.975760690
1785426676.403766 0.074528 -0.657425 3.037470 0.074029188 -0.060626527 0.196933956 0.975736194
1785426676.503766 0.090987 -0.670715 3.078012 0.073474100 -0.062738846 0.198984778 0.975228410
1785426676.603766 0.092924 -0.677692 3.111089 0.073954629 -0.063647171 0.198957719 0.975138747
1785426676.703766 0.092013 -0.663517 3.021261 0.073978372 -0.064743965 0.200823462 0.974682182
1785426676.803766 0.097443 -0.679702 3.099645 0.074963249 -0.065713463 0.201940240 0.974311240
1785426676.903766 0.099598 -0.687476 3.131670 0.074981932 -0.066309878 0.201697190 0.974319739
1785426677.003766 0.098273 -0.688928 3.146763 0.075095395 -0.066690182 0.201457687 0.974334594
1785426677.103766 0.110126 -0.711442 3.267705 0.074764770 -0.067593950 0.202110573 0.974162514
1785426677.203766 0.111551 -0.716807 3.303088 0.075365142 -0.067796585 0.202542401 0.974012471
1785426677.303766 0.109620 -0.716541 3.318140 0.074973739 -0.068156908 0.202090792 0.974111332
1785426677.403766 0.115084 -0.728927 3.377769 0.074668976 -0.068726742 0.202088017 0.974095279
1785426677.503766 0.123281 -0.751559 3.475013 0.074853440 -0.069485877 0.203113550 0.973813925
1785426677.603766 0.126072 -0.758697 3.512859 0.075007774 -0.069853044 0.202285075 0.973948220
1785426677.703766 0.128989 -0.762086 3.541110 0.075789217 -0.070321351 0.201967898 0.973919848
1785426677.803766 0.133822 -0.783132 3.647519 0.076369332 -0.071089673 0.203608490 0.973477050
1785426677.903766 0.142956 -0.799705 3.705465 0.076024523 -0.071724819 0.203536515 0.973472501
1785426678.003766 0.145101 -0.802376 3.731184 0.075590887 -0.071988353 0.203292526 0.973537798
1785426678.103766 0.162710 -0.814368 3.817681 0.075556646 -0.072468630 0.204133263 0.973328876
1785426678.203766 0.163713 -0.817641 3.848297 0.074900614 -0.072066411 0.203412959 0.973560218
1785426678.303766 0.165865 -0.831695 3.953981 0.073255781 -0.070890382 0.202180565 0.974028318
1785426678.403766 0.168932 -0.838250 3.987950 0.072270889 -0.070988176 0.201685154 0.974197463
1785426678.503766 0.172276 -0.846802 4.029267 0.072518761 -0.071030569 0.202465378 0.974014096
1785426678.603766 0.177010 -0.845576 4.038633 0.071328017 -0.071154950 0.203816750 0.973811080
1785426678.703766 0.179005 -0.854964 4.088883 0.070497041 -0.070489893 0.201993854 0.974299659
1785426678.803766 0.192880 -0.867181 4.201781 0.070293013 -0.070311810 0.201195589 0.974492420
1785426678.903766 0.193517 -0.885802 4.231340 0.069655118 -0.069351786 0.201590083 0.974525491
1785426679.003766 0.194752 -0.892059 4.270091 0.069372295 -0.068498666 0.201401627 0.974644962
1785426679.103766 0.192396 -0.901258 4.412955 0.070059037 -0.068409749 0.201548653 0.974571690
1785426679.203766 0.193890 -0.906862 4.444613 0.070390600 -0.068091368 0.201757999 0.974526777
1785426679.303766 0.194624 -0.912745 4.481525 0.071096015 -0.067337691 0.201456851 0.974590237
1785426679.403766 0.197497 -0.915957 4.544387 0.071612184 -0.066762005 0.201088720 0.974668075
1785426679.503766 0.197706 -0.920771 4.577890 0.071686341 -0.066374623 0.200578087 0.974794291
1785426679.603766 0.192447 -0.911351 4.610694 0.071837819 -0.065334805 0.198323992 0.975314454
1785426679.703766 0.210926 -0.920589 4.728193 0.072095358 -0.065983177 0.200630019 0.974780014
1785426679.803766 0.210943 -0.921646 4.752826 0.072723409 -0.065672617 0.201222573 0.974632182
1785426679.903766 0.220494 -0.928477 4.801163 0.072398560 -0.065659146 0.202092391 0.974477291
1785426680.003766 0.219829 -0.933290 4.835839 0.070647283 -0.065949880 0.201230309 0.974764555
1785426680.103766 0.218955 -0.935897 4.858707 0.070294461 -0.066045044 0.200916497 0.974848348
1785426680.203766 0.225425 -0.939953 4.871231 0.070095405 -0.066138973 0.200812613 0.974877718
1785426680.303766 0.226869 -0.949523 4.903932 0.070553424 -0.065193739 0.202346253 0.974591188
1785426680.403766 0.226098 -0.953744 4.929742 0.070609726 -0.064353795 0.202194660 0.974674394
1785426680.503766 0.229440 -0.960750 4.939883 0.070682743 -0.062885511 0.203129404 0.974570576
1785426680.603766 0.227899 -0.965638 4.976524 0.071088085 -0.061702366 0.203222768 0.974597255
1785426680.703766 0.230201 -0.973828 5.022061 0.070888181 -0.058373715 0.203580274 0.974742247
1785426680.803766 0.216748 -0.967575 5.081526 0.070971379 -0.055178758 0.205213753 0.974579747
1785426680.903766 0.201811 -0.967279 5.156650 0.071228780 -0.052610837 0.204529121 0.974846860
1785426681.003766 0.202166 -0.969585 5.193417 0.071095570 -0.049826621 0.204651155 0.974977247
1785426681.103766 0.201259 -0.967825 5.240808 0.070404712 -0.046932095 0.203441428 0.975424082
1785426681.203766 0.202498 -0.971309 5.263592 0.070129529 -0.045135894 0.203497986 0.975516873
1785426681.303766 0.202980 -0.970422 5.270092 0.069389706 -0.043978471 0.202839766 0.975759700
1785426681.403766 0.204655 -0.973823 5.287108 0.069469930 -0.040993005 0.203445855 0.975757801
1785426681.503766 0.201792 -0.975111 5.261165 0.069868939 -0.044033767 0.203056224 0.975677984
1785426681.603766 0.200908 -0.975676 5.258964 0.069573029 -0.044137215 0.202745423 0.975759086
1785426681.703766 0.201166 -0.975338 5.259000 0.069718527 -0.044135356 0.202951923 0.975705854
1785426681.803766 0.201069 -0.970055 5.260664 0.069900362 -0.044387575 0.203287676 0.975611502
1785426681.903766 0.201171 -0.970780 5.260247 0.070080309 -0.043774246 0.203271048 0.975629769
1785426682.003766 0.201432 -0.972803 5.260235 0.069927023 -0.042638941 0.202614882 0.975827516
1785426682.103766 0.202232 -0.975012 5.273107 0.069820571 -0.041869980 0.202625212 0.975866290
1785426682.203766 0.201592 -0.981469 5.298428 0.069272628 -0.039500572 0.203981351 0.975721587
1785426682.303766 0.200323 -0.980415 5.318246 0.069515730 -0.037016300 0.204940618 0.975600687
1785426682.403766 0.202461 -0.986446 5.321944 0.068073774 -0.030862322 0.207162853 0.975447093
1785426682.503766 0.203724 -0.984323 5.355928 0.066298463 -0.023760820 0.207004074 0.975801850
1785426682.603766 0.202398 -0.993655 5.371408 0.066026718 -0.020377451 0.205873659 0.976135886
1785426682.703766 0.205789 -1.012902 5.387296 0.063461327 -0.018012827 0.203969486 0.976752091
1785426682.803766 0.208099 -1.013745 5.406221 0.061448282 -0.015796164 0.205259591 0.976648908
1785426682.903766 0.209081 -1.026797 5.446869 0.060306414 -0.013537664 0.204097986 0.976997380
1785426683.003766 0.210575 -1.029371 5.467985 0.060763985 -0.011684251 0.204058101 0.977001283
1785426683.103766 0.212173 -1.039009 5.503340 0.060369625 -0.009817064 0.202419385 0.977387091
1785426683.203766 0.214884 -1.041942 5.531117 0.059631449 -0.008208159 0.202586197 0.977412681
1785426683.303766 0.216756 -1.056676 5.575554 0.058078781 -0.006678804 0.202004829 0.977638122
1785426683.403766 0.218947 -1.056423 5.587978 0.057701760 -0.005906721 0.202215258 0.977621914
1785426683.503766 0.222015 -1.063411 5.624083 0.056741445 -0.004916771 0.201855386 0.977757964
1785426683.603766 0.225353 -1.068211 5.649424 0.057290743 -0.003255587 0.202015084 0.977699892
1785426683.703766 0.226956 -1.077171 5.680458 0.057095425 -0.002089751 0.203248585 0.977458827
1785426683.803766 0.229523 -1.081425 5.701973 0.056645858 -0.001155765 0.202844076 0.977570556
1785426683.903766 0.233788 -1.085281 5.730725 0.057207044 0.000137983 0.202922423 0.977522289
1785426684.003766 0.238518 -1.099480 5.770420 0.055906917 0.001453732 0.202640496 0.977654915
1785426684.103766 0.241605 -1.123745 5.799580 0.054299624 0.001976514 0.201803307 0.977917721
1785426684.203766 0.243610 -1.129003 5.828281 0.054234451 0.002984093 0.202446506 0.977785831
1785426684.303766 0.246032 -1.146076 5.878120 0.052858185 0.004306165 0.201610659 0.978028942
1785426684.403766 0.247512 -1.148898 5.899471 0.053105009 0.005296164 0.201421686 0.978049647
1785426684.503766 0.247429 -1.158002 5.933679 0.053123848 0.006602206 0.200887831 0.978150473
1785426684.603766 0.249655 -1.165034 5.972619 0.054553446 0.007890224 0.200912790 0.978057113
1785426684.703766 0.251578 -1.167894 5.995442 0.054713798 0.008588469 0.200900335 0.978044832
1785426684.803766 0.251490 -1.177810 6.040106 0.053391781 0.009683880 0.199615578 0.978370666
1785426684.903766 0.250478 -1.187567 6.076688 0.053382207 0.012032653 0.199631934 0.978341784
1785426685.003766 0.253229 -1.193369 6.113598 0.052898823 0.013786963 0.199915742 0.978286937
1785426685.103766 0.243472 -1.211907 6.183735 0.053148203 0.015472409 0.200066425 0.978217409
1785426685.203766 0.245426 -1.216494 6.208729 0.052740642 0.016443324 0.198611956 0.978519971
1785426685.303766 0.246256 -1.225971 6.261336 0.052601752 0.017753776 0.198117499 0.978604780
1785426685.403766 0.249323 -1.222447 6.285835 0.053192349 0.017845607 0.200115446 0.978164565
1785426685.503766 0.254944 -1.229414 6.323671 0.053448127 0.019030897 0.199895243 0.978173305
1785426685.603766 0.257865 -1.231756 6.343861 0.052889618 0.019702408 0.200095141 0.978149497
1785426685.703766 0.259064 -1.231462 6.366545 0.052783784 0.019524404 0.201709762 0.977827102
1785426685.803766 0.261130 -1.233626 6.388122 0.052549212 0.019892866 0.201163306 0.977944875
1785426685.903766 0.263866 -1.235820 6.406425 0.052140936 0.020868035 0.202257454 0.977720702
1785426686.003766 0.268158 -1.240048 6.442398 0.051905967 0.021859625 0.202841656 0.977590502
1785426686.103766 0.268446 -1.243103 6.464437 0.051210689 0.022386398 0.202539175 0.977677962
1785426686.203766 0.270413 -1.248305 6.491909 0.051318461 0.022849138 0.202493401 0.977671087
1785426686.303766 0.273418 -1.249892 6.509538 0.050958904 0.023437361 0.201372997 0.977907356
1785426686.403766 0.275193 -1.260045 6.572868 0.049831744 0.024506925 0.200113599 0.978197708
1785426686.503766 0.279760 -1.265496 6.609887 0.049123136 0.024736320 0.200553914 0.978137597
1785426686.603766 0.288860 -1.274096 6.645886 0.049677444 0.025167471 0.200440772 0.978121795
1785426686.703766 0.297715 -1.280683 6.688618 0.049339949 0.026021213 0.199841107 0.978239233
1785426686.803766 0.301514 -1.286074 6.722539 0.049599407 0.026361642 0.199989622 0.978186646
1785426686.903766 0.302716 -1.295474 6.765600 0.049365507 0.027538202 0.200482198 0.978065224
1785426687.003766 0.309519 -1.299096 6.806472 0.047870807 0.027782122 0.200928921 0.978040954
1785426687.103766 0.311837 -1.302109 6.839203 0.045150826 0.027403276 0.200339510 0.978301868
1785426687.203766 0.315995 -1.306345 6.884039 0.043188500 0.027384252 0.199788175 0.978503726
1785426687.303766 0.321482 -1.313108 6.939535 0.040970128 0.026551760 0.200440684 0.978488623
1785426687.403766 0.324728 -1.315867 6.963713 0.039513365 0.026201346 0.200794080 0.978485524
1785426687.503766 0.329814 -1.329533 7.004025 0.038641605 0.026543416 0.200342543 0.978603668
1785426687.603766 0.333623 -1.339226 7.050937 0.037554355 0.026529166 0.200913812 0.978529261
1785426687.703766 0.340230 -1.345995 7.109181 0.035452255 0.026790829 0.201369140 0.978506954
1785426687.803766 0.345575 -1.347066 7.147960 0.035233628 0.027074341 0.200684539 0.978647683
1785426687.903766 0.357212 -1.354334 7.185867 0.036777836 0.027351680 0.201714803 0.978371307
1785426688.003766 0.362109 -1.361150 7.230738 0.037885323 0.027900909 0.200414226 0.978580799
1785426688.103766 0.356597 -1.366043 7.285337 0.040045958 0.028846115 0.201017087 0.978343679
1785426688.203766 0.359645 -1.369227 7.313841 0.040012052 0.029250617 0.199568498 0.978629578
1785426688.303766 0.364494 -1.376618 7.364880 0.041003309 0.029666559 0.199358648 0.978618799
1785426688.403766 0.368524 -1.383401 7.404621 0.041901105 0.030231327 0.199040443 0.978628257
1785426688.503766 0.373152 -1.386979 7.434994 0.043350872 0.030502732 0.199049668 0.978554809
1785426688.603766 0.371763 -1.395478 7.478613 0.043685169 0.031069437 0.199318668 0.978467355
1785426688.703766 0.375375 -1.399167 7.522003 0.044442569 0.031331016 0.199671766 0.978352907
1785426688.803766 0.379961 -1.403975 7.556870 0.045352609 0.031562837 0.200328894 0.978169342
1785426688.903766 0.387522 -1.411879 7.594574 0.045258468 0.031585241 0.199920198 0.978256591
1785426689.003766 0.391373 -1.416093 7.629414 0.045484367 0.031568381 0.199314036 0.978370341
1785426689.103766 0.397134 -1.422123 7.658099 0.046208348 0.031863421 0.198611883 0.978469637
1785426689.203766 0.406933 -1.434208 7.682467 0.043888966 0.031395850 0.198245354 0.978665846
1785426689.303766 0.407315 -1.434614 7.718485 0.043407561 0.031554780 0.198177508 0.978695946
1785426689.403766 0.415935 -1.445375 7.753594 0.042216839 0.031742318 0.196868949 0.979006017
1785426689.503766 0.421321 -1.447045 7.800958 0.042488657 0.031625126 0.197133108 0.978944893
1785426689.603766 0.425233 -1.449404 7.834217 0.042718967 0.031678593 0.197264526 0.978906667
1785426689.703766 0.435551 -1.460734 7.914493 0.042606645 0.031909738 0.198272462 0.978700400
1785426689.803766 0.440747 -1.464445 7.960776 0.043143089 0.031907923 0.199275020 0.978473313
1785426689.903766 0.445073 -1.462383 8.001175 0.043892567 0.032394448 0.197469985 0.978789889
1785426690.003766 0.452414 -1.471980 8.054632 0.045406176 0.032245979 0.198339787 0.978549848
1785426690.103766 0.459943 -1.477469 8.106503 0.045111964 0.032266036 0.197271277 0.978778758
1785426690.203766 0.468587 -1.483371 8.161808 0.045617410 0.032395773 0.197159226 0.978773623
1785426690.303766 0.485189 -1.484915 8.210157 0.046652903 0.032389830 0.195952309 0.978967363
1785426690.403766 0.491301 -1.488962 8.256499 0.046970033 0.032281655 0.196042220 0.978937771
1785426690.503766 0.498441 -1.505658 8.354082 0.046740639 0.032614634 0.195696087 0.979006966
1785426690.603766 0.504397 -1.513208 8.386318 0.047201574 0.032755123 0.196067086 0.978905926
1785426690.703766 0.510212 -1.523978 8.435629 0.046684439 0.032785286 0.197577912 0.978625902
1785426690.803766 0.518053 -1.541383 8.511876 0.046087182 0.032714351 0.196946017 0.978783944
1785426690.903766 0.520681 -1.549538 8.556400 0.046971496 0.033226646 0.196285267 0.978857376
1785426691.003766 0.528733 -1.561125 8.604204 0.045557556 0.032791358 0.196110668 0.978973872
1785426691.103766 0.532584 -1.574396 8.640248 0.044605528 0.033022280 0.196669388 0.978897864
1785426691.203766 0.537021 -1.579670 8.683813 0.044147800 0.032693853 0.197190075 0.978824886
1785426691.303766 0.544273 -1.590465 8.722801 0.044379305 0.033154840 0.196842305 0.978868909
1785426691.403766 0.548400 -1.595821 8.757753 0.044499696 0.033274874 0.197395453 0.978747973
1785426691.503766 0.552751 -1.600306 8.789583 0.043984075 0.033142505 0.197293851 0.978796256
1785426691.603766 0.563794 -1.606393 8.826081 0.043791247 0.032822074 0.197831744 0.978707126
1785426691.703766 0.569808 -1.614414 8.862741 0.043473551 0.032890434 0.196733143 0.978940417
1785426691.803766 0.574751 -1.619085 8.894740 0.044139935 0.033422049 0.196845717 0.978869959
1785426691.903766 0.576796 -1.626142 8.945454 0.043636262 0.033860642 0.196121743 0.979022776
1785426692.003766 0.579492 -1.634178 8.988225 0.043272977 0.033783831 0.195902778 0.979085392
1785426692.103766 0.585231 -1.642340 9.027003 0.043599080 0.034235617 0.194333112 0.979368003
1785426692.203766 0.590038 -1.648619 9.063564 0.042458136 0.033880244 0.193877179 0.979520840
1785426692.303766 0.593780 -1.654332 9.108018 0.041339338 0.033266450 0.194130159 0.979539628
1785426692.403766 0.600361 -1.661074 9.144938 0.040985158 0.033556758 0.193973259 0.979575692
1785426692.503766 0.605378 -1.666667 9.177980 0.041598302 0.033475252 0.193751030 0.979596615
1785426692.603766 0.617852 -1.671518 9.201602 0.041511692 0.032673683 0.193930727 0.979591794
1785426692.703766 0.619207 -1.683093 9.252010 0.041164412 0.032358410 0.193200568 0.979761178
1785426692.803766 0.612977 -1.696702 9.289134 0.040876071 0.033276941 0.192316303 0.979916441
1785426692.903766 0.615020 -1.704738 9.323334 0.040669522 0.033256464 0.192048101 0.979978329
1785426693.003766 0.620122 -1.718477 9.376251 0.040584296 0.032942556 0.191756803 0.980049505
1785426693.103766 0.622414 -1.724702 9.410888 0.040833027 0.032865087 0.192271476 0.979940932
1785426693.203766 0.621616 -1.732521 9.434823 0.040946057 0.032620242 0.191700842 0.980056186
1785426693.303766 0.624234 -1.739489 9.476068 0.041937190 0.032264160 0.192055434 0.979956635
1785426693.403766 0.628430 -1.750001 9.505571 0.041887123 0.032059417 0.191780034 0.980019429
1785426693.503766 0.629272 -1.760534 9.536555 0.041161736 0.031748490 0.191597342 0.980096018
1785426693.603766 0.631555 -1.765738 9.562310 0.040737717 0.031200595 0.191716505 0.980108026
1785426693.703766 0.632658 -1.775859 9.588129 0.039856922 0.031084487 0.190225301 0.980438430
1785426693.803766 0.635966 -1.783371 9.624280 0.040207183 0.031288861 0.189418873 0.980573750
1785426693.903766 0.634019 -1.799627 9.683256 0.040647155 0.031225499 0.189620540 0.980518652
1785426694.003766 0.630991 -1.829804 9.739531 0.040737119 0.031320146 0.189511295 0.980533021
1785426694.103766 0.630098 -1.843124 9.788895 0.040917981 0.031548966 0.189416207 0.980536528
1785426694.203766 0.622094 -1.863431 9.845055 0.040774284 0.032009930 0.190421618 0.980332816
1785426694.303766 0.642106 -1.830190 9.682400 0.040775877 0.031475243 0.190018671 0.980428244
1785426694.403766 0.643861 -1.843588 9.719559 0.041429395 0.031418238 0.189431894 0.980516220
1785426694.503766 0.662221 -1.818420 9.528073 0.040772929 0.031119767 0.185897947 0.981229373
1785426694.603766 0.665456 -1.835477 9.561880 0.039351595 0.030925033 0.185508872 0.981367185
1785426694.703766 0.670487 -1.852816 9.565914 0.038618929 0.031229250 0.184019910 0.981666942
1785426694.803766 0.694643 -1.842874 9.383176 0.036820384 0.030932261 0.178643877 0.982737920
1785426694.903766 0.691951 -1.848541 9.363877 0.036008467 0.031106022 0.177960941 0.982886417
1785426695.003766 0.706880 -1.844763 9.398551 0.036056231 0.030823212 0.178098451 0.982868668
1785426695.103766 0.714548 -1.849282 9.389692 0.035673966 0.031177693 0.175247781 0.983383717
1785426695.203766 0.726909 -1.853336 9.399270 0.035484437 0.031063719 0.174117957 0.983594854
1785426695.303766 0.710356 -1.874408 9.426016 0.035797565 0.031440009 0.176368881 0.983170422
1785426695.403766 0.702244 -1.892247 9.483350 0.037013464 0.032081528 0.174955778 0.983357135
1785426695.503766 0.709696 -1.899859 9.541494 0.036077084 0.031410376 0.176015937 0.983224401
1785426695.603766 0.680187 -1.935043 9.591683 0.034914939 0.032924986 0.175178327 0.983366384
1785426695.703766 0.697245 -1.935008 9.600317 0.036065770 0.032149296 0.177523737 0.982929807
1785426695.803766 0.692515 -1.948674 9.636407 0.036041821 0.032592339 0.176767148 0.983052441
1785426695.903766 0.682356 -1.966685 9.626307 0.034998050 0.032877225 0.175042055 0.983389294
1785426696.003766 0.718553 -1.949308 9.626264 0.034945697 0.031946505 0.174420901 0.983532190
1785426696.103766 0.720447 -1.959951 9.648209 0.034915753 0.032203535 0.174118574 0.983578438
1785426696.203766 0.723772 -1.963640 9.670371 0.034188859 0.032401961 0.174342219 0.983557840
1785426696.303766 0.723690 -1.974948 9.699225 0.034451306 0.032647689 0.173768611 0.983642062
1785426696.403766 0.728625 -1.977257 9.697417 0.034404709 0.033219553 0.170754162 0.984152322
1785426696.503766 0.735391 -1.983221 9.735857 0.033584165 0.033011674 0.170492630 0.984232999
1785426696.603766 0.730446 -1.991525 9.755965 0.032933743 0.033173330 0.171315426 0.984106663
1785426696.703766 0.727915 -2.001406 9.780894 0.033444361 0.033927854 0.169973683 0.984296359
1785426696.803766 0.734665 -2.008040 9.818893 0.033620552 0.034072450 0.169661282 0.984339259
1785426696.903766 0.747916 -2.015092 9.835436 0.033346601 0.033987996 0.167960849 0.984643069
1785426697.003766 0.746778 -2.026259 9.889807 0.033175565 0.034655013 0.166603571 0.984856163
1785426697.103766 0.751851 -2.032692 9.928831 0.033302344 0.034680517 0.166838490 0.984811217
1785426697.203766 0.751113 -2.051332 9.954775 0.032594821 0.035896526 0.161793547 0.985632723
1785426697.303766 0.751160 -2.065739 9.980868 0.032840602 0.036585736 0.158409808 0.986148727
1785426697.403766 0.756141 -2.069382 10.007454 0.032623461 0.036744878 0.157879007 0.986235136
1785426697.503766 0.771160 -2.079443 9.964772 0.030863524 0.036432976 0.155566236 0.986670780
1785426697.603766 0.771587 -2.088030 10.009403 0.030225790 0.036432413 0.156187667 0.986592365
1785426697.703766 0.760415 -2.093068 10.125939 0.030267836 0.036872004 0.157603069 0.986349627
1785426697.803766 0.764794 -2.097426 10.154145 0.030957217 0.037076785 0.157159711 0.986391296
1785426697.903766 0.769050 -2.103219 10.195887 0.030712170 0.037073405 0.157593393 0.986329888
1785426698.003766 0.762364 -2.114879 10.248776 0.030944788 0.037888477 0.157090266 0.986371903
1785426698.103766 0.766063 -2.116501 10.265512 0.030432455 0.038178566 0.155591587 0.986614170
1785426698.203766 0.771268 -2.121510 10.297278 0.030346299 0.038365869 0.155740910 0.986585998
1785426698.303766 0.780784 -2.115400 10.336485 0.030093845 0.038342551 0.155948733 0.986561808
1785426698.403766 0.786823 -2.118600 10.364940 0.030948766 0.038343490 0.156413415 0.986461755
1785426698.503766 0.790030 -2.124449 10.400940 0.030482230 0.038610658 0.155184001 0.986660011
1785426698.603766 0.793238 -2.130265 10.436945 0.030015639 0.038877754 0.153954300 0.986856451
1785426698.703766 0.796449 -2.136049 10.472954 0.029548992 0.039144780 0.152724317 0.987051076
1785426698.803766 0.796449 -2.136049 10.472957 0.030415665 0.039486223 0.152525750 0.987041854
1785426698.903766 0.796449 -2.136049 10.472957 0.029781145 0.039449702 0.152542633 0.987060054
1785426699.003766 0.796449 -2.136049 10.472958 0.029958086 0.039623516 0.152465702 0.987059623
1785426699.103766 0.796449 -2.136049 10.472958 0.030195361 0.040088104 0.151806711 0.987135202
1785426699.203766 0.796449 -2.136049 10.472963 0.030014627 0.040276872 0.151773899 0.987138075
1785426699.303766 0.796449 -2.136050 10.472963 0.030062747 0.040397115 0.152103304 0.987080994
1785426699.403766 0.796450 -2.136050 10.472966 0.030107291 0.040380842 0.152192799 0.987066508
1785426699.503766 0.796450 -2.136050 10.472966 0.031268265 0.040656871 0.152048877 0.987041262
1785426699.603766 0.796450 -2.136050 10.472967 0.030705254 0.040477126 0.151110639 0.987210395
1785426699.703766 0.796450 -2.136050 10.472967 0.029936451 0.040302458 0.151812656 0.987133445
1785426699.803766 0.796450 -2.136050 10.472967 0.030402001 0.040364130 0.152237114 0.987051324
1785426699.903766 0.796450 -2.136050 10.472971 0.030560781 0.040469646 0.152557247 0.986992671
1785426700.003766 0.796450 -2.136050 10.472971 0.031414374 0.040704551 0.152682989 0.986936767
1785426700.103766 0.796450 -2.136050 10.472972 0.031156544 0.040853567 0.152539506 0.986960969
1785426700.203766 0.796450 -2.136050 10.472972 0.031436707 0.041002764 0.153441396 0.986806083
1785426700.303766 0.796450 -2.136050 10.472972 0.031189711 0.040826460 0.153484219 0.986814571
1785426700.403766 0.796450 -2.136050 10.472972 0.031771090 0.040690236 0.153616797 0.986781020
1785426700.503766 0.796450 -2.136050 10.472972 0.031624458 0.040719163 0.152717332 0.986924141
1785426700.603766 0.796451 -2.136050 10.472973 0.030974901 0.040546913 0.152771184 0.986943498
1785426700.703766 0.796451 -2.136050 10.472973 0.029951274 0.040307292 0.153081125 0.986936884
1785426700.803766 0.796451 -2.136050 10.472973 0.029299196 0.040232150 0.153595754 0.986879565
1785426700.903766 0.796451 -2.136050 10.472974 0.029526033 0.040316167 0.153247489 0.986923516
1785426701.003766 0.838251 -2.153211 10.601126 0.028774071 0.040131923 0.152761791 0.987028529
1785426701.103766 0.838251 -2.153211 10.601126 0.027921560 0.039901618 0.152744357 0.987065048
1785426701.203766 0.838251 -2.153211 10.601126 0.027787535 0.039992151 0.152747301 0.987064710
1785426701.303766 0.838251 -2.153211 10.601126 0.027534579 0.040250139 0.152088891 0.987162977
1785426701.403766 0.838251 -2.153212 10.601127 0.027922510 0.040444666 0.152476714 0.987084299
1785426701.503766 0.838251 -2.153212 10.601127 0.027962754 0.040793827 0.152047517 0.987134996
1785426701.603766 0.838251 -2.153212 10.601127 0.027817786 0.040828131 0.151644781 0.987199623
1785426701.703766 0.838251 -2.153212 10.601127 0.027689862 0.041013977 0.150660038 0.987346281
1785426701.803766 0.838251 -2.153212 10.601127 0.027675161 0.041553608 0.149335363 0.987525358
1785426701.903766 0.838251 -2.153212 10.601127 0.025779823 0.039931568 0.153777653 0.986961653
1785426702.003766 0.838251 -2.153212 10.601127 0.025264167 0.040653460 0.153450123 0.986996493
1785426702.103766 0.838251 -2.153212 10.601128 0.025345580 0.041660563 0.153122659 0.987003268
1785426702.203766 0.925824 -2.155804 10.850745 0.024654620 0.043208440 0.153666057 0.986869760
1785426702.303766 0.925824 -2.155804 10.850745 0.023447785 0.047848502 0.151437370 0.987029607
1785426702.403766 0.925824 -2.155804 10.850745 0.022277526 0.052459855 0.150590486 0.986951965
1785426702.503766 0.925824 -2.155804 10.850745 0.020981619 0.056910716 0.150232067 0.986788360
1785426702.603766 0.925824 -2.155804 10.850745 0.020466631 0.062128805 0.150425881 0.986454856
1785426702.703766 0.925824 -2.155804 10.850745 0.019121576 0.071392468 0.149691684 0.985966470
1785426702.803766 0.925824 -2.155804 10.850745 0.017678231 0.079330806 0.148972311 0.985495486
1785426702.903766 0.925824 -2.155804 10.850745 0.018017079 0.089802878 0.149999135 0.984434400
1785426703.003766 0.947327 -2.145552 10.956668 0.015685892 0.101898056 0.151933966 0.982998886
1785426703.103766 0.947327 -2.145552 10.956668 0.013950808 0.112378973 0.151589880 0.981935257
1785426703.203766 0.947327 -2.145552 10.956668 0.011135292 0.124826684 0.151928060 0.980414284
1785426703.303766 0.947327 -2.145552 10.956669 0.011523234 0.130088633 0.151856498 0.979736580
1785426703.403766 0.947327 -2.145552 10.956670 0.010165779 0.139088554 0.152077985 0.978480106
1785426703.503766 0.947327 -2.145552 10.956670 0.008777796 0.148763847 0.152263745 0.977040439
1785426703.603766 0.947327 -2.145552 10.956670 0.008174655 0.159750004 0.153828006 0.975064129
1785426703.703766 0.947420 -2.152089 10.991760 0.006890324 0.168844142 0.154448705 0.973442231
1785426703.803766 0.947419 -2.152089 10.991761 0.005129308 0.181431866 0.155422854 0.971030332
1785426703.903766 0.947419 -2.152089 10.991761 0.004010709 0.189136154 0.156087218 0.969457689
1785426704.003766 0.947419 -2.152089 10.991761 0.002782013 0.198693568 0.156723311 0.967445570
1785426704.103766 0.947419 -2.152089 10.991761 0.001953378 0.204690440 0.157576162 0.966057846
1785426704.203766 0.947419 -2.152089 10.991761 0.002265590 0.200317134 0.156813631 0.967097409
1785426704.303766 0.947419 -2.152089 10.991761 0.002123057 0.199944818 0.157648584 0.967039030
1785426704.403766 0.947420 -2.152090 10.991764 0.002507322 0.199763459 0.157578442 0.967087022
1785426704.503766 0.955052 -2.152600 11.014164 0.002363291 0.199471415 0.157625569 0.967139984
1785426704.603766 0.955052 -2.152596 11.014156 -0.005703667 0.189314288 0.205441871 0.960167280
1785426704.703766 0.972880 -2.170179 11.074797 0.002235018 0.197828382 0.150933047 0.968544347
1785426704.803766 0.972880 -2.170179 11.074797 0.002688208 0.197363515 0.151501242 0.968549323
1785426704.903766 0.972880 -2.170179 11.074797 0.003059399 0.197518845 0.151622968 0.968497507
1785426705.003766 0.972880 -2.170179 11.074797 0.003225442 0.197837987 0.152157997 0.968347908
1785426705.103766 1.016282 -2.169745 11.299683 0.005716676 0.195344129 0.153279351 0.968665800
1785426705.203766 1.016282 -2.169745 11.299683 0.005878523 0.195604471 0.153523694 0.968573595
1785426705.303766 1.016285 -2.169745 11.299694 0.006711722 0.195987580 0.153951685 0.968422790
1785426705.403766 1.016285 -2.169745 11.299694 0.007222315 0.196389701 0.154721939 0.968214875
1785426705.503766 1.016285 -2.169745 11.299694 0.007403069 0.196755942 0.155402494 0.968030144
1785426705.603766 1.016285 -2.169745 11.299694 0.007393400 0.197231775 0.156077171 0.967824819
1785426705.703766 1.016284 -2.169743 11.299689 0.007243822 0.198332888 0.155941268 0.967622816
1785426705.803766 1.016284 -2.169743 11.299689 0.008561078 0.197520338 0.155266615 0.967886720
1785426705.903766 1.016284 -2.169743 11.299688 0.008883306 0.199115146 0.154253828 0.967718969
1785426706.003766 1.016284 -2.169743 11.299687 0.008483084 0.200383225 0.153674313 0.967552999
1785426706.103766 1.016284 -2.169743 11.299687 0.007722825 0.202200668 0.154500893 0.967049493
1785426706.203766 1.016284 -2.169743 11.299687 0.007435954 0.201425790 0.153541081 0.967366267
1785426706.303766 1.016284 -2.169743 11.299688 0.007317718 0.201581483 0.153911363 0.967275891
1785426706.403766 1.016284 -2.169743 11.299688 0.006833367 0.201715364 0.154936174 0.967087896
1785426706.503766 1.016284 -2.169743 11.299688 0.004562844 0.202608984 0.156072310 0.966731718
1785426706.603766 1.016284 -2.169743 11.299688 0.003403192 0.202534769 0.157266952 0.966558426
1785426706.703766 1.016284 -2.169743 11.299688 0.001712358 0.202247087 0.158894149 0.966356990
1785426706.803766 1.016284 -2.169743 11.299689 0.001671335 0.202813776 0.159758532 0.966095746
1785426706.903766 1.033875 -2.197190 11.395056 0.001670304 0.205383048 0.159137382 0.965655377
1785426707.003766 1.033875 -2.197190 11.395056 0.000985445 0.205924362 0.159883559 0.965417751
1785426707.103766 1.033875 -2.197190 11.395057 0.000997285 0.206538818 0.160343895 0.965210111
1785426707.203766 1.042611 -2.184069 11.385972 -0.000539334 0.203902728 0.165489214 0.964902434
1785426707.303766 1.086251 -2.196600 11.610077 0.001396297 0.206017289 0.156584578 0.965937988
1785426707.403766 1.086252 -2.196606 11.610106 0.001424866 0.206022945 0.158541030 0.965617552
1785426707.503766 1.087181 -2.210530 11.685635 0.002621602 0.206124310 0.161590989 0.965087689
1785426707.603766 1.090859 -2.221039 11.752803 0.001827667 0.206076274 0.163579790 0.964764677
1785426707.703766 1.094520 -2.266313 11.848435 -0.000663194 0.208731600 0.157134364 0.965266528
1785426707.803766 1.094520 -2.266313 11.848435 -0.001350662 0.208873840 0.160742438 0.964640743
1785426707.903766 1.094520 -2.266313 11.848435 -0.001026792 0.209147970 0.164476654 0.963952023
1785426708.003766 1.094520 -2.266313 11.848435 -0.001463331 0.208472967 0.166784668 0.963701071
1785426708.103766 1.138459 -2.306867 12.088922 -0.001101688 0.208509517 0.166293861 0.963778460
1785426708.203766 1.138459 -2.306867 12.088922 -0.000752007 0.206692508 0.167231932 0.964007844
1785426708.303766 1.125699 -2.292886 12.178842 0.001060371 0.207270746 0.162496077 0.964693080
1785426708.403766 1.114155 -2.276593 12.234698 0.002615551 0.203902507 0.160571736 0.965729592
1785426708.503766 1.117160 -2.281145 12.306949 0.002919352 0.200388656 0.159524798 0.966637317
1785426708.603766 1.117160 -2.281145 12.306949 0.002999627 0.190778029 0.160633599 0.968396403
1785426708.703766 1.117160 -2.281145 12.306949 0.003490277 0.180368894 0.161913584 0.970174660
1785426708.803766 1.117162 -2.281149 12.306977 0.003334742 0.169952930 0.162731490 0.971917354
1785426708.903766 1.126268 -2.316380 12.505471 0.004285823 0.159001618 0.159908707 0.974232684
1785426709.003766 1.141300 -2.321904 12.517802 0.004353529 0.152319816 0.157607298 0.975673952
1785426709.103766 1.144342 -2.328356 12.643341 0.005918625 0.149021833 0.160197184 0.975753209
1785426709.203766 1.145491 -2.334221 12.676403 0.006849362 0.146594152 0.159807749 0.976178633
1785426709.303766 1.156068 -2.337171 12.691389 0.007112352 0.143902408 0.158660463 0.976764234
1785426709.403766 1.160814 -2.352549 12.794401 0.008079792 0.141089982 0.157438338 0.977364570
1785426709.503766 1.163865 -2.350563 12.852738 0.009397671 0.138988373 0.159590447 0.977304868
1785426709.603766 1.169567 -2.352627 12.878818 0.009766427 0.136652700 0.159087217 0.977712593
1785426709.703766 1.179534 -2.345574 12.929539 0.011002921 0.134917186 0.159716060 0.977837956
1785426709.803766 1.180589 -2.349461 12.947456 0.011273932 0.133840942 0.159834576 0.977963399
1785426709.903766 1.185624 -2.352797 13.024910 0.011263875 0.132501607 0.161850309 0.977814362
1785426710.003766 1.190727 -2.356806 13.055110 0.011903955 0.131355951 0.160786154 0.978136863
1785426710.103766 1.193316 -2.362987 13.085226 0.012072390 0.130191556 0.160486867 0.978339604
1785426710.203766 1.189702 -2.365227 13.124355 0.012409086 0.127394230 0.162105960 0.978436703
1785426710.303766 1.195257 -2.369971 13.161296 0.013284880 0.122075647 0.162224176 0.979083431
1785426710.403766 1.202940 -2.371245 13.189019 0.014473791 0.117865823 0.162311941 0.979567757
1785426710.503766 1.207792 -2.373538 13.219654 0.015199472 0.112635681 0.162670252 0.980112528
1785426710.603766 1.209056 -2.380453 13.256719 0.016139792 0.106821862 0.162112630 0.980840503
1785426710.703766 1.209056 -2.380453 13.256719 0.018861437 0.091716850 0.162356159 0.982279361
1785426710.803766 1.209056 -2.380453 13.256719 0.021696591 0.077986508 0.160302789 0.983743045
1785426710.903766 1.209056 -2.380453 13.256719 0.024393339 0.063324422 0.158510514 0.985022538
1785426711.003766 1.209056 -2.380453 13.256719 0.026422247 0.046961579 0.154961595 0.986449887
1785426711.103766 1.209056 -2.380453 13.256719 0.028041857 0.033633931 0.152885568 0.987273223
1785426711.203766 1.209056 -2.380453 13.256719 0.029879000 0.025978218 0.150715521 0.987783989
1785426711.303766 1.209056 -2.380455 13.256724 0.031066846 0.014049868 0.149957509 0.988104346
1785426711.403766 1.201944 -2.383402 13.389211 0.033410495 -0.000092415 0.148219645 0.988389937
1785426711.503766 1.201944 -2.383402 13.389212 0.034170097 -0.011822379 0.146462662 0.988555170
1785426711.603766 1.201944 -2.383402 13.389212 0.036519769 -0.022768902 0.144056854 0.988633151
1785426711.703766 1.201944 -2.383402 13.389213 0.038280254 -0.035176586 0.141670067 0.988547835
1785426711.803766 1.255499 -2.390570 13.476527 0.041857285 -0.058575599 0.148423646 0.986299796
1785426711.903766 1.255499 -2.390570 13.476527 0.043858487 -0.073295737 0.145970314 0.985594661
1785426712.003766 1.255499 -2.390568 13.476522 0.046131866 -0.090394236 0.143245115 0.984470198
1785426712.103766 1.255499 -2.390567 13.476522 0.047504368 -0.100215418 0.141546767 0.983699506
1785426712.203766 1.255509 -2.390504 13.476388 0.049037233 -0.111219672 0.139750475 0.982697990
1785426712.303766 1.255509 -2.390503 13.476388 0.050530269 -0.121444373 0.138083358 0.981647056
1785426712.403766 1.255509 -2.390503 13.476387 0.052018162 -0.132923008 0.135956529 0.980378196
1785426712.503766 1.255509 -2.390503 13.476387 0.054136251 -0.148763371 0.132977198 0.978394496
1785426712.603766 1.255509 -2.390503 13.476386 0.055242012 -0.158912418 0.131015877 0.977000514
1785426712.703766 1.255509 -2.390502 13.476384 0.056641243 -0.168836981 0.129053073 0.975515837
1785426712.803766 1.213871 -2.317347 13.367275 0.058732978 -0.180016070 0.127178118 0.973637704
1785426712.903766 1.220287 -2.318545 13.390226 0.059534455 -0.186953257 0.125667688 0.972477126
1785426713.003766 1.220287 -2.318545 13.390226 0.062694638 -0.195202390 0.128821947 0.970242400
1785426713.103766 1.239446 -2.314753 13.357948 0.063850601 -0.202870467 0.127608074 0.968753247
1785426713.203766 1.239446 -2.314753 13.357948 0.067135703 -0.214768025 0.125994071 0.966174408
1785426713.303766 1.239446 -2.314753 13.357948 0.069166116 -0.225956211 0.124008690 0.963733201
1785426713.403766 1.239446 -2.314753 13.357948 0.071874111 -0.237932597 0.122114377 0.960890353
1785426713.503766 1.239446 -2.314753 13.357948 0.074509118 -0.252909914 0.117873123 0.957387536
1785426713.603766 1.239446 -2.314753 13.357948 0.075986541 -0.268196437 0.114670360 0.953492226
1785426713.703766 1.239446 -2.314753 13.357948 0.076746354 -0.283528941 0.111863166 0.949319740
1785426713.803766 1.239446 -2.314753 13.357948 0.078973761 -0.295126599 0.109039594 0.945924840
1785426713.903766 1.239446 -2.314753 13.357948 0.084196812 -0.311253913 0.104552253 0.940797919
1785426714.003766 1.239446 -2.314754 13.357948 0.088488964 -0.323032279 0.101706040 0.936736746
1785426714.103766 1.239446 -2.314754 13.357948 0.086805248 -0.334651465 0.100940900 0.932890230
1785426714.203766 1.239446 -2.314754 13.357948 0.090246420 -0.349046576 0.100015958 0.927372029
1785426714.303766 1.239446 -2.314754 13.357948 0.092615800 -0.359126399 0.096394401 0.923665883
1785426714.403766 1.239446 -2.314754 13.357948 0.091327853 -0.369788767 0.095692769 0.919651230
1785426714.503766 1.239446 -2.314754 13.357948 0.091230670 -0.380652168 0.095601227 0.915227457
1785426714.603766 1.239446 -2.314753 13.357948 0.093202123 -0.393547817 0.092458700 0.909881788
1785426714.703766 1.239447 -2.314750 13.357939 0.094435424 -0.402192131 0.089804103 0.906233228
1785426714.803766 1.239447 -2.314749 13.357939 0.096552936 -0.411901220 0.091571738 0.901459668
1785426714.903766 1.239448 -2.314740 13.357919 0.097734859 -0.419323294 0.089451207 0.898117116
1785426715.003766 1.239448 -2.314740 13.357919 0.098790768 -0.426543606 0.088448171 0.894694281
1785426715.103766 1.239448 -2.314740 13.357919 0.099883583 -0.433021328 0.087131047 0.891585094
1785426715.203766 1.239448 -2.314740 13.357919 0.099185092 -0.426976576 0.089070266 0.894382362
1785426715.303766 1.239448 -2.314740 13.357919 0.098921078 -0.427434275 0.088874678 0.894212420
1785426715.403766 1.239448 -2.314740 13.357920 0.099283308 -0.427165414 0.089068394 0.894281474
1785426715.503766 1.239448 -2.314740 13.357920 0.099210648 -0.426553113 0.089159743 0.894572652
1785426715.603766 1.239447 -2.314740 13.357920 0.098974261 -0.426113877 0.088945120 0.894829495
1785426715.703766 1.239447 -2.314740 13.357920 0.098407431 -0.425707368 0.088653300 0.895114410
1785426715.803766 1.239447 -2.314740 13.357920 0.097935343 -0.425431158 0.088672602 0.895295576
1785426715.903766 1.239447 -2.314740 13.357920 0.097641269 -0.425393661 0.088777423 0.895335124
1785426716.003766 1.239447 -2.314740 13.357920 0.097295625 -0.425326975 0.089216807 0.895360758
1785426716.103766 1.239447 -2.314740 13.357920 0.096885891 -0.425104720 0.089914782 0.895440915
1785426716.203766 1.239447 -2.314740 13.357920 0.096492011 -0.424864849 0.090381096 0.895550339
1785426716.303766 1.239447 -2.314740 13.357920 0.095949789 -0.424509457 0.090635440 0.895751403
1785426716.403766 1.239447 -2.314740 13.357920 0.095520110 -0.424095464 0.090881550 0.895968465
1785426716.503766 1.239447 -2.314741 13.357920 0.095466449 -0.424162574 0.091043349 0.895925989
1785426716.603766 1.239447 -2.314741 13.357920 0.094872272 -0.424043293 0.091168834 0.896032802
1785426716.703766 1.239447 -2.314741 13.357920 0.094309624 -0.423732004 0.091165165 0.896239809
1785426716.803766 1.239447 -2.314741 13.357920 0.094632368 -0.423071224 0.091120608 0.896522442
1785426716.903766 1.239447 -2.314741 13.357920 0.094732722 -0.422741079 0.091107021 0.896668948
1785426717.003766 1.239447 -2.314741 13.357920 0.094758505 -0.422125013 0.091063437 0.896960841
1785426717.103766 1.239447 -2.314741 13.357920 0.094680650 -0.421550444 0.091071625 0.897238406
1785426717.203766 1.239446 -2.314741 13.357920 0.094371130 -0.421180149 0.091241884 0.897427597
1785426717.303766 1.239446 -2.314741 13.357920 0.093425882 -0.421079441 0.091432174 0.897554381
1785426717.403766 1.239446 -2.314741 13.357920 0.092853301 -0.420750679 0.091675098 0.897743174
1785426717.503766 1.239446 -2.314741 13.357920 0.092554481 -0.420376180 0.091724306 0.897944423
1785426717.603766 1.239446 -2.314741 13.357920 0.091783400 -0.419767976 0.091768272 0.898303534
1785426717.703766 1.239446 -2.314741 13.357920 0.090298221 -0.419494229 0.091773635 0.898581339
1785426717.803766 1.239446 -2.314741 13.357920 0.088522672 -0.418965967 0.091758018 0.899005963
1785426717.903766 1.239445 -2.314742 13.357920 0.086788759 -0.418286869 0.091714357 0.899495572
1785426718.003766 1.239445 -2.314742 13.357920 0.085394572 -0.417751934 0.091658204 0.899883250
1785426718.103766 1.239445 -2.314742 13.357921 0.083887368 -0.417232195 0.092130706 0.900217828
1785426718.203766 1.239445 -2.314742 13.357921 0.081159493 -0.416180048 0.092001548 0.900967824
1785426718.303766 1.154024 -2.401017 13.424111 0.077773804 -0.415794062 0.092277845 0.901416293
1785426718.403766 1.154024 -2.401018 13.424112 0.076279260 -0.415051768 0.093010981 0.901810657
1785426718.503766 1.154023 -2.401018 13.424112 0.074468357 -0.414251885 0.093553808 0.902273531
1785426718.603766 0.819097 -2.538638 13.539891 0.071594246 -0.412828360 0.093518703 0.903161813
1785426718.703766 0.758877 -2.553186 13.586586 0.072256775 -0.411877494 0.093189366 0.903577130
1785426718.803766 0.758877 -2.553186 13.586586 0.072638506 -0.412364927 0.092431741 0.903402008
1785426718.903766 0.758877 -2.553186 13.586586 0.071739717 -0.415652079 0.091268171 0.902084743
1785426719.003766 0.758877 -2.553186 13.586586 0.072227547 -0.413653269 0.090384569 0.903053035
1785426719.103766 0.758877 -2.553186 13.586586 0.073310163 -0.412036737 0.090152796 0.903727736
1785426719.203766 0.758877 -2.553186 13.586586 0.078131156 -0.408339681 0.087587417 0.905252822
1785426719.303766 0.758877 -2.553186 13.586586 0.076845627 -0.405690387 0.085623494 0.906740689
1785426719.403766 0.758877 -2.553186 13.586586 0.075378164 -0.404423586 0.085611095 0.907430678
1785426719.503766 0.758877 -2.553186 13.586586 0.073896993 -0.404108964 0.084679802 0.907779990
1785426719.603766 0.758877 -2.553186 13.586586 0.070562899 -0.403185219 0.086755445 0.908259902
1785426719.703766 0.758877 -2.553186 13.586586 0.070057449 -0.403143034 0.084229527 0.908555466
1785426719.803766 0.758877 -2.553186 13.586586 0.065537057 -0.401742238 0.086356012 0.909313317
1785426719.903766 0.758877 -2.553186 13.586586 0.062002069 -0.400911114 0.088933071 0.909679576
1785426720.003766 0.758877 -2.553186 13.586586 0.059555382 -0.401090826 0.090476377 0.909611637
1785426720.103766 0.758877 -2.553186 13.586586 0.057909719 -0.402262143 0.090986473 0.909149655
1785426720.203766 0.758877 -2.553186 13.586586 0.056534174 -0.403273334 0.091785059 0.908707878
1785426720.303766 0.758877 -2.553186 13.586586 0.053985012 -0.404905615 0.092451168 0.908069294
1785426720.403766 0.758877 -2.553186 13.586586 0.048892744 -0.408057907 0.093705073 0.906817293
1785426720.503766 0.758877 -2.553186 13.586586 0.046083943 -0.411212572 0.094216685 0.905485343
1785426720.603766 0.501767 -2.751306 13.757682 0.042230470 -0.415871691 0.094742414 0.903488350
1785426720.703766 0.501767 -2.751306 13.757682 0.042579848 -0.420118718 0.095550686 0.901419594
1785426720.803766 0.501767 -2.751306 13.757682 0.048248665 -0.438388217 0.091307676 0.892832989
1785426720.903766 0.501767 -2.751306 13.757682 0.049835314 -0.450307929 0.089207744 0.887006871
1785426721.003766 0.617914 -2.947756 14.014697 0.057869271 -0.491318488 0.049637827 0.867636662
1785426721.103766 0.603341 -3.067410 14.132699 0.068132644 -0.531885162 0.017752146 0.843884458
1785426721.203766 0.799488 -3.072885 14.123627 0.063737889 -0.548828902 0.019618795 0.833270317
1785426721.303766 0.817677 -3.204548 14.080720 0.052335320 -0.557821602 0.006503297 0.828283636
1785426721.403766 0.817677 -3.204548 14.080720 0.052444147 -0.570585233 0.005346970 0.819544699
1785426721.503766 0.817677 -3.204548 14.080720 0.052901859 -0.590718339 0.003017545 0.805136095
1785426721.603766 0.817677 -3.204548 14.080720 0.053030473 -0.607361046 0.003649972 0.792645574
1785426721.703766 0.743764 -3.203374 14.100816 0.053067637 -0.619552655 0.003579980 0.783151019
1785426721.803766 0.743764 -3.203374 14.100816 0.052130570 -0.633517618 0.002129234 0.771967161
1785426721.903766 0.743447 -3.202056 14.148197 0.054245535 -0.651896839 0.000078023 0.756364943
1785426722.003766 0.743447 -3.202056 14.148197 0.054314616 -0.667269760 -0.000966005 0.742832455
1785426722.103766 0.743447 -3.202056 14.148197 0.054691516 -0.686328095 -0.002653789 0.725227924
1785426722.203766 0.743447 -3.202056 14.148197 0.055634546 -0.700145415 -0.004351217 0.711816172
1785426722.303766 0.743447 -3.202056 14.148197 0.056732194 -0.713464734 -0.006665892 0.698358860
1785426722.403766 0.743447 -3.202056 14.148197 0.057032421 -0.726679266 -0.008807175 0.684548743
1785426722.503766 0.743447 -3.202056 14.148197 0.058078656 -0.739298279 -0.012089702 0.670759840
1785426722.603766 0.743447 -3.202056 14.148197 0.057785910 -0.750488456 -0.013328036 0.658217464
1785426722.703766 0.743447 -3.202056 14.148197 0.058056129 -0.760858201 -0.014870165 0.646144846
1785426722.803766 0.743447 -3.202056 14.148197 0.058803856 -0.773729920 -0.016698146 0.630559505
1785426722.903766 0.875154 -3.193611 14.138009 0.059541525 -0.786209196 -0.018904988 0.614794688
1785426723.003766 0.875154 -3.193611 14.138009 0.061013157 -0.794996876 -0.021870030 0.603140998
1785426723.103766 0.875155 -3.193611 14.138008 0.061513266 -0.803002902 -0.023193046 0.592338197
1785426723.203766 0.875155 -3.193611 14.138008 0.062627134 -0.806209155 -0.026506307 0.587709159
1785426723.303766 0.875155 -3.193611 14.138008 0.062418974 -0.805257216 -0.025373221 0.589084788
1785426723.403766 0.875162 -3.193607 14.138007 0.062511595 -0.805328564 -0.025566228 0.588969075
1785426723.503766 0.875308 -3.193596 14.137981 0.062469251 -0.805355730 -0.025540094 0.588937555
1785426723.603766 0.875623 -3.193553 14.137946 0.062475736 -0.805339852 -0.025548374 0.588958220
1785426723.703766 0.876209 -3.193436 14.137840 0.062483375 -0.805301852 -0.025576862 0.589008132
1785426723.803766 0.876209 -3.193436 14.137840 0.062188506 -0.805439153 -0.025696439 0.588846375
1785426723.903766 0.876209 -3.193435 14.137840 0.062271680 -0.805508211 -0.025333962 0.588758822
1785426724.003766 0.876209 -3.193435 14.137840 0.063072601 -0.805723868 -0.024992526 0.588392954
1785426724.103766 0.876209 -3.193435 14.137840 0.063035897 -0.805763949 -0.025071943 0.588338620
1785426724.203766 0.876209 -3.193435 14.137840 0.061982578 -0.807265701 -0.026289868 0.586335306
1785426724.303766 0.876209 -3.193435 14.137840 0.059873193 -0.808476799 -0.026473028 0.584875752
1785426724.403766 0.798979 -3.231398 14.161071 0.058403885 -0.809703635 -0.026216996 0.583336677
1785426724.503766 0.798978 -3.231398 14.161070 0.058280178 -0.810036901 -0.025704430 0.582909018
1785426724.603766 0.715368 -3.262624 14.141398 0.061065823 -0.809273493 -0.036175332 0.583128394
1785426724.703766 0.715368 -3.262624 14.141398 0.059211173 -0.815019656 -0.039966697 0.575012748
1785426724.803766 0.612934 -3.312002 14.208782 0.057101734 -0.817591035 -0.039345009 0.571608487
1785426724.903766 0.612934 -3.312002 14.208782 0.055727056 -0.820639585 -0.040117267 0.567305712
1785426725.003766 0.594936 -3.321642 14.206012 0.036644625 -0.821619617 -0.001880395 0.568853972
1785426725.103766 0.638492 -3.259144 14.263730 0.065974420 -0.826237178 -0.035508570 0.558317690
1785426725.203766 0.638492 -3.259145 14.263730 0.065394309 -0.828304069 -0.036071909 0.555279003
1785426725.303766 0.638492 -3.259145 14.263730 0.068257805 -0.829360972 -0.036118112 0.553350461
1785426725.403766 0.605073 -3.281834 14.271368 0.067617949 -0.832380615 -0.037848713 0.548760239
1785426725.503766 0.605073 -3.281834 14.271368 0.068195252 -0.834455863 -0.037907619 0.545523449
1785426725.603766 0.412514 -3.350904 14.308035 0.052450048 -0.840044527 -0.021551833 0.539545831
1785426725.703766 0.461378 -3.220381 14.437131 0.080052259 -0.850769219 -0.032761780 0.518372490
1785426725.803766 0.467990 -2.862351 14.329714 0.122352581 -0.841488228 -0.008640943 0.526167979
1785426725.903766 0.447902 -2.810101 14.240726 0.131303407 -0.837290344 -0.008534944 0.530689599
1785426726.003766 0.447902 -2.810101 14.240726 0.129666795 -0.840634025 -0.011816028 0.525719830
1785426726.103766 0.447902 -2.810101 14.240726 0.130008361 -0.841888602 -0.012264821 0.523613390
1785426726.203766 0.447902 -2.810101 14.240726 0.130835162 -0.843167695 -0.013926197 0.521302656
1785426726.303766 0.447902 -2.810101 14.240726 0.131287307 -0.842357299 -0.012948797 0.522522873
1785426726.403766 0.447902 -2.810101 14.240726 0.131917316 -0.841654432 -0.012117719 0.523515806
1785426726.503766 0.447902 -2.810101 14.240726 0.132903376 -0.841731158 -0.011562584 0.523155481
1785426726.603766 0.184486 -2.824371 14.027439 0.132822781 -0.843686627 -0.011715022 0.520013214
1785426726.703766 0.285591 -2.815478 14.083696 0.132589617 -0.845300580 -0.011867818 0.517441860
1785426726.803766 0.285591 -2.815478 14.083696 0.133024223 -0.844749345 -0.011542694 0.518237268
1785426726.903766 0.285591 -2.815478 14.083696 0.132565548 -0.845483402 -0.011249212 0.517163076
1785426727.003766 0.285591 -2.815478 14.083696 0.132662816 -0.846212224 -0.011120495 0.515947461
1785426727.103766 0.285591 -2.815478 14.083696 0.132605152 -0.846593480 -0.011263737 0.515333369
1785426727.203766 0.285591 -2.815478 14.083696 0.132530886 -0.847381890 -0.011869585 0.514041447
1785426727.303766 0.285591 -2.815478 14.083696 0.132287036 -0.848024925 -0.012579243 0.513025954
1785426727.403766 0.285591 -2.815478 14.083696 0.132001868 -0.848619971 -0.013202700 0.512098956
1785426727.503766 0.285591 -2.815478 14.083696 0.132239059 -0.849146140 -0.013773722 0.511149634
1785426727.603766 0.285591 -2.815478 14.083696 0.132685192 -0.850024903 -0.013436328 0.509579994
1785426727.703766 0.285591 -2.815478 14.083696 0.132165367 -0.850726578 -0.013907364 0.508530423
1785426727.803766 0.285591 -2.815478 14.083696 0.130946197 -0.849097488 -0.013136801 0.511579880
1785426727.903766 0.285591 -2.815478 14.083696 0.129125815 -0.847526806 -0.012163126 0.514661924
1785426728.003766 0.285591 -2.815478 14.083696 0.127327006 -0.846226309 -0.011533739 0.517258002
1785426728.103766 0.285591 -2.815478 14.083696 0.125255087 -0.844786546 -0.011286072 0.520114872
1785426728.203766 0.285591 -2.815478 14.083696 0.124269125 -0.843085156 -0.010743209 0.523114890
1785426728.303766 0.285591 -2.815478 14.083696 0.121774419 -0.840825044 -0.011641773 0.527303239
1785426728.403766 0.285591 -2.815479 14.083696 0.120998702 -0.840438423 -0.012267139 0.528083410
1785426728.503766 0.285591 -2.815479 14.083696 0.120057113 -0.839610099 -0.012750782 0.529602294
1785426728.603766 0.285591 -2.815479 14.083696 0.119343494 -0.839281661 -0.013490245 0.530265440
1785426728.703766 0.285591 -2.815479 14.083696 0.118461845 -0.839579916 -0.013966894 0.529978568
1785426728.803766 0.285591 -2.815479 14.083696 0.118343902 -0.839728264 -0.013483105 0.529782379
1785426728.903766 0.285590 -2.815479 14.083696 0.117921817 -0.839832445 -0.014118902 0.529694785
1785426729.003766 0.285590 -2.815479 14.083696 0.117454678 -0.840161667 -0.014913414 0.529254534
1785426729.103766 0.285590 -2.815479 14.083696 0.116123647 -0.840594909 -0.015211755 0.528851680
1785426729.203766 0.285590 -2.815479 14.083696 0.114767080 -0.840841019 -0.015631940 0.528744306
1785426729.303766 0.285590 -2.815479 14.083696 0.114184962 -0.841036537 -0.015465246 0.528564248
1785426729.403766 0.285590 -2.815479 14.083696 0.113746807 -0.841396391 -0.016613362 0.528050919
1785426729.503766 0.285590 -2.815479 14.083696 0.113162177 -0.841722255 -0.015784548 0.527682495
1785426729.603766 0.285589 -2.815479 14.083695 0.113256800 -0.842087839 -0.014733923 0.527108983
1785426729.703766 0.285588 -2.815479 14.083694 0.112817537 -0.842340084 -0.014548304 0.526805214
1785426729.803766 0.285586 -2.815479 14.083693 0.112570628 -0.842269445 -0.014239344 0.526979390
1785426729.903766 0.285586 -2.815479 14.083693 0.112891792 -0.842270368 -0.012975138 0.526941853
1785426730.003766 0.285585 -2.815480 14.083692 0.112248930 -0.842408204 -0.013582033 0.526843548
1785426730.103766 0.285584 -2.815480 14.083692 0.110956627 -0.842590415 -0.012884187 0.526843446
1785426730.203766 0.285582 -2.815480 14.083690 0.110040616 -0.842846332 -0.012467868 0.526636189
1785426730.303766 0.285581 -2.815480 14.083690 0.108700122 -0.842989672 -0.012410492 0.526686506
1785426730.403766 0.285580 -2.815480 14.083689 0.109159706 -0.842918795 -0.011617082 0.526722989
1785426730.503766 0.285580 -2.815480 14.083689 0.108444829 -0.843062189 -0.012817047 0.526613318
1785426730.603766 0.285580 -2.815480 14.083689 0.107447151 -0.843254243 -0.012023141 0.526529045
1785426730.703766 0.285580 -2.815480 14.083689 0.107308928 -0.843376446 -0.012165871 0.526358202
1785426730.803766 0.285580 -2.815480 14.083689 0.106943445 -0.843358295 -0.012292939 0.526458706
1785426730.903766 0.285580 -2.815480 14.083689 0.107260492 -0.843460213 -0.011393487 0.526251123
1785426731.003766 0.285580 -2.815480 14.083689 0.107804206 -0.843433707 -0.011362954 0.526183161
1785426731.103766 0.285580 -2.815480 14.083689 0.106797108 -0.843659143 -0.011288792 0.526028698
1785426731.203766 0.285580 -2.815480 14.083689 0.105123957 -0.843922350 -0.010872335 0.525952291
1785426731.303766 0.285580 -2.815480 14.083689 0.103678376 -0.844159510 -0.010035049 0.525875284
1785426731.403766 0.285580 -2.815480 14.083689 0.104073202 -0.844296564 -0.009446976 0.525588085
1785426731.503766 0.285580 -2.815480 14.083689 0.103326795 -0.844446940 -0.009237692 0.525497482
1785426731.603766 0.285580 -2.815480 14.083689 0.103018014 -0.844548443 -0.008420914 0.525408702
1785426731.703766 0.285580 -2.815480 14.083689 0.102452066 -0.844587065 -0.008805993 0.525450966
1785426731.803766 0.285580 -2.815480 14.083689 0.102033190 -0.844523845 -0.009018930 0.525630443
1785426731.903766 0.285580 -2.815480 14.083689 0.102361227 -0.844433264 -0.008082819 0.525727410
1785426732.003766 0.285580 -2.815480 14.083689 0.103297633 -0.844329516 -0.008205348 0.525708987
1785426732.103766 0.285580 -2.815480 14.083689 0.102799772 -0.844489898 -0.007602958 0.525558003
1785426732.203766 0.285580 -2.815480 14.083688 0.102390700 -0.844571757 -0.006495930 0.525521166
1785426732.303766 -0.875297 -3.013946 13.172974 0.101322965 -0.844351579 -0.006043940 0.526087007
1785426732.403766 -0.875297 -3.013946 13.172974 0.103935157 -0.844136143 -0.006609685 0.525916313
1785426732.503766 -0.875297 -3.013946 13.172974 0.107930173 -0.843569102 -0.008998388 0.525986005
1785426732.603766 -0.875297 -3.013946 13.172974 0.108091825 -0.843616011 -0.008142151 0.525891518
1785426732.703766 -0.875300 -3.013946 13.172973 0.108313669 -0.843663851 -0.007997117 0.525771339
1785426732.803766 -0.875303 -3.013947 13.172971 0.108425101 -0.843546152 -0.008248640 0.525933311
1785426732.903766 -0.875304 -3.013947 13.172971 0.109034113 -0.843509717 -0.008115090 0.525867915
1785426733.003766 -0.875305 -3.013947 13.172970 0.109456787 -0.843442240 -0.008299653 0.525885458
1785426733.103766 -0.875305 -3.013947 13.172970 0.108924082 -0.843517266 -0.008505399 0.525872440
1785426733.203766 -0.926042 -3.025082 13.114642 0.106670678 -0.842267586 -0.007988503 0.528339724
1785426733.303766 -0.926042 -3.025082 13.114642 0.107119403 -0.841651928 -0.008892299 0.529214883
1785426733.403766 -0.926042 -3.025082 13.114642 0.106758304 -0.841620441 -0.008628427 0.529342278
1785426733.503766 -0.970301 -3.033356 13.085455 0.107308051 -0.841286574 -0.009242071 0.529751326
1785426733.603766 -1.000116 -3.038548 13.061596 0.107808455 -0.840863286 -0.008842800 0.530328272
1785426733.703766 -1.058523 -3.048868 13.037946 0.109043344 -0.840651500 -0.009951885 0.530391898
1785426733.803766 -1.092267 -3.056697 13.023554 0.109236841 -0.840595384 -0.010370682 0.530432994
1785426733.903766 -1.155151 -3.064202 13.002888 0.111541070 -0.840499968 -0.010725461 0.530097498
1785426734.003766 -1.189636 -3.073407 12.988679 0.111121975 -0.840679721 -0.011471020 0.529884827
1785426734.103766 -1.222894 -3.080102 12.976142 0.111439692 -0.840524433 -0.011841167 0.530056280
1785426734.203766 -1.272398 -3.089767 12.956838 0.110991536 -0.840586104 -0.011929143 0.530050542
1785426734.303766 -1.320596 -3.100333 12.936487 0.111219102 -0.840482544 -0.011840339 0.530169040
1785426734.403766 -1.362470 -3.105037 12.926883 0.112329897 -0.840494356 -0.012567884 0.529899312
1785426734.503766 -1.406955 -3.115670 12.909330 0.112214091 -0.840544312 -0.012333296 0.529850117
1785426734.603766 -1.466348 -3.123937 12.886314 0.112963656 -0.840488507 -0.011663967 0.529794520
1785426734.703766 -1.514928 -3.135894 12.865292 0.112932325 -0.840498761 -0.011782153 0.529782317
1785426734.803766 -1.565041 -3.140247 12.844783 0.114065685 -0.840403622 -0.010766044 0.529712057
1785426734.903766 -1.601638 -3.150197 12.828862 0.115225278 -0.840259956 -0.010423180 0.529695854
1785426735.003766 -1.646140 -3.160584 12.812529 0.115771755 -0.840351207 -0.010888241 0.529422511
1785426735.103766 -1.699235 -3.172821 12.788723 0.115723659 -0.840383848 -0.010646670 0.529386127
1785426735.203766 -1.727605 -3.183073 12.772810 0.115427657 -0.840165570 -0.011217816 0.529785270
1785426735.303766 -1.775595 -3.194713 12.756232 0.116029954 -0.840285736 -0.010856891 0.529470547
1785426735.403766 -1.820380 -3.204479 12.737719 0.116032998 -0.840303703 -0.011292766 0.529432247
1785426735.503766 -1.864194 -3.214369 12.719180 0.116253639 -0.840241416 -0.010883661 0.529491266
1785426735.603766 -1.896426 -3.224334 12.707073 0.116264247 -0.840151984 -0.011500687 0.529617790
1785426735.703766 -1.958641 -3.238692 12.680226 0.116921868 -0.840059380 -0.011488996 0.529620163
1785426735.803766 -1.978724 -3.247861 12.668182 0.116973258 -0.840037575 -0.010642933 0.529661077
1785426735.903766 -2.010810 -3.258599 12.659252 0.116285505 -0.840424572 -0.010567330 0.529199917
1785426736.003766 -2.068525 -3.270773 12.635264 0.116501200 -0.840341222 -0.010729133 0.529281576
1785426736.103766 -2.102680 -3.278727 12.617213 0.116954250 -0.839916637 -0.011570941 0.529837578
1785426736.203766 -2.145578 -3.288372 12.599876 0.117268308 -0.839969989 -0.011974033 0.529674603
1785426736.303766 -2.184318 -3.296912 12.583323 0.117138735 -0.839972943 -0.012371860 0.529689445
1785426736.403766 -2.226589 -3.307877 12.564329 0.116303697 -0.839994586 -0.011693589 0.529854513
1785426736.503766 -2.254745 -3.315863 12.550324 0.115386209 -0.839969335 -0.012087495 0.530086249
1785426736.603766 -2.298809 -3.326304 12.532058 0.115111016 -0.839979481 -0.012376228 0.530123339
1785426736.703766 -2.309158 -3.331291 12.522649 0.115067648 -0.839779638 -0.012906293 0.530436634
1785426736.803766 -2.364617 -3.343346 12.499610 0.114326615 -0.839983540 -0.013385162 0.530262119
1785426736.903766 -2.398770 -3.349815 12.486153 0.113818554 -0.840095191 -0.013103283 0.530201575
1785426737.003766 -2.440623 -3.358409 12.469333 0.113444720 -0.840016731 -0.013538853 0.530395029
1785426737.103766 -2.495370 -3.370819 12.446495 0.114367447 -0.839935346 -0.013873221 0.530317109
1785426737.203766 -2.544469 -3.385013 12.421431 0.112478272 -0.840162251 -0.013766555 0.530364509
1785426737.303766 -2.591571 -3.392551 12.401952 0.113055248 -0.840018049 -0.013071237 0.530487823
1785426737.403766 -2.631836 -3.401984 12.385813 0.113172049 -0.840032544 -0.013336030 0.530433373
1785426737.503766 -2.715147 -3.414282 12.352862 0.112783699 -0.840201246 -0.012927140 0.530258986
1785426737.603766 -2.755588 -3.423143 12.336067 0.113865083 -0.839997520 -0.013303773 0.530341322
1785426737.703766 -2.803450 -3.434002 12.316996 0.113379191 -0.840161469 -0.013754735 0.530174190
1785426737.803766 -2.874176 -3.440677 12.290319 0.114776213 -0.839930691 -0.014257462 0.530225971
1785426737.903766 -2.919320 -3.451191 12.272547 0.114391376 -0.839882378 -0.014553343 0.530377605
1785426738.003766 -2.985343 -3.459579 12.242083 0.114734182 -0.839789426 -0.014033484 0.530464748
1785426738.103766 -3.027084 -3.470231 12.225861 0.114707225 -0.839833645 -0.014476428 0.530388663
1785426738.203766 -3.096560 -3.488906 12.199845 0.113613616 -0.840091907 -0.014265346 0.530220740
1785426738.303766 -3.152740 -3.502656 12.176716 0.113744175 -0.840077899 -0.013800189 0.530227254
1785426738.403766 -3.212382 -3.514490 12.146808 0.114172318 -0.839919302 -0.014143193 0.530377431
1785426738.503766 -3.261325 -3.524782 12.126145 0.114742910 -0.840083647 -0.012954354 0.530024258
1785426738.603766 -3.336338 -3.538341 12.097270 0.115347559 -0.840148492 -0.013252327 0.529782811
1785426738.703766 -3.385587 -3.549442 12.078771 0.115076999 -0.840211399 -0.013143303 0.529744602
1785426738.803766 -3.449221 -3.556340 12.047478 0.115623557 -0.839998773 -0.013142634 0.529962758
1785426738.903766 -3.490740 -3.565078 12.035021 0.115351482 -0.840058823 -0.013262669 0.529923873
1785426739.003766 -3.533911 -3.574589 12.015748 0.115223086 -0.840144219 -0.013329372 0.529814741
1785426739.103766 -3.573437 -3.587048 11.987289 0.113878725 -0.840142868 -0.013752174 0.530096665
1785426739.203766 -3.588097 -3.590957 11.977690 0.113767895 -0.840002434 -0.013760056 0.530342754
1785426739.303766 -3.623524 -3.600549 11.953182 0.112685518 -0.839881004 -0.014604091 0.530743435
1785426739.403766 -3.791009 -3.631609 11.893093 0.113810801 -0.839922788 -0.015325248 0.530416769
1785426739.503766 -3.843811 -3.643512 11.872519 0.114081581 -0.839924167 -0.016746401 0.530313440
1785426739.603766 -3.920035 -3.658697 11.833751 0.113587983 -0.839858516 -0.017041056 0.530513945
1785426739.703766 -4.031380 -3.674158 11.793122 0.112523212 -0.839885800 -0.017241295 0.530691160
1785426739.803766 -4.086356 -3.689631 11.774141 0.113214006 -0.839938520 -0.017063817 0.530466491
1785426739.903766 -4.167797 -3.706402 11.739807 0.114063855 -0.839807375 -0.017658097 0.530472622
1785426740.003766 -4.215758 -3.716862 11.715119 0.114754522 -0.839662399 -0.016481012 0.530591021
1785426740.103766 -4.232414 -3.725672 11.699097 0.115103536 -0.839349797 -0.016586929 0.531006560
1785426740.203766 -4.174685 -3.714033 11.711719 0.115091848 -0.839322167 -0.015018352 0.531099441
1785426740.303766 -4.218745 -3.725185 11.692180 0.116380899 -0.839234071 -0.015130149 0.530954554
1785426740.403766 -4.216072 -3.720034 11.684530 0.114728864 -0.839483450 -0.013873615 0.530954186
1785426740.503766 -4.241375 -3.723223 11.670275 0.113696783 -0.839707178 -0.012618383 0.530853722
1785426740.603766 -4.273430 -3.730191 11.656429 0.113015940 -0.839691700 -0.012352251 0.531029819
1785426740.703766 -4.318493 -3.730291 11.631716 0.114445485 -0.839469792 -0.011922277 0.531084323
1785426740.803766 -4.406320 -3.750124 11.600264 0.114356725 -0.839496542 -0.012533070 0.531047095
1785426740.903766 -4.423890 -3.753177 11.585687 0.113666672 -0.839540711 -0.011520526 0.531148340
1785426741.003766 -4.473608 -3.766490 11.568490 0.113599407 -0.839541670 -0.012131315 0.531147617
1785426741.103766 -4.560393 -3.780233 11.532078 0.114998676 -0.839460445 -0.011471111 0.530989529
1785426741.203766 -4.615960 -3.794716 11.518826 0.116475033 -0.839347776 -0.012180651 0.530830020
1785426741.303766 -4.635618 -3.792816 11.513326 0.116295162 -0.839523774 -0.011970304 0.530595873
1785426741.403766 -4.685081 -3.804069 11.491682 0.115923952 -0.839501380 -0.011985080 0.530712189
1785426741.503766 -4.711185 -3.810518 11.487368 0.116076049 -0.839300991 -0.012941908 0.530973356
1785426741.603766 -4.754788 -3.816882 11.465697 0.116745839 -0.839214295 -0.012917154 0.530964146
1785426741.703766 -4.778929 -3.826535 11.458144 0.116752794 -0.839185795 -0.014101369 0.530977531
1785426741.803766 -4.831250 -3.838639 11.435981 0.116317851 -0.839102542 -0.013941709 0.531208726
1785426741.903766 -4.875654 -3.851221 11.415348 0.115702430 -0.839060369 -0.014396546 0.531397577
1785426742.003766 -4.920209 -3.860399 11.394525 0.115544669 -0.838952422 -0.015177545 0.531580573
1785426742.103766 -4.921688 -3.863394 11.390267 0.116221618 -0.838622324 -0.015960592 0.531930816
1785426742.203766 -4.959256 -3.874020 11.375084 0.115423553 -0.838841373 -0.016367803 0.531746791
1785426742.303766 -4.997398 -3.882266 11.358602 0.115116230 -0.838932620 -0.016344711 0.531670164
1785426742.403766 -5.025815 -3.892266 11.343356 0.114128038 -0.839014019 -0.016322035 0.531755450
1785426742.503766 -5.080172 -3.905320 11.317009 0.113897486 -0.838898196 -0.016258570 0.531989510
1785426742.603766 -5.115996 -3.912494 11.298576 0.113491162 -0.838865471 -0.016849135 0.532109560
1785426742.703766 -5.152988 -3.923072 11.283852 0.112808824 -0.839007856 -0.016367087 0.532045210
1785426742.803766 -5.217000 -3.939261 11.257931 0.112435235 -0.838907255 -0.017412973 0.532249681
1785426742.903766 -5.221708 -3.949481 11.252703 0.110709690 -0.839304061 -0.016544419 0.532013477
1785426743.003766 -5.257067 -3.956915 11.236465 0.111389111 -0.839163870 -0.016796882 0.532084890
1785426743.103766 -5.285794 -3.962855 11.217561 0.111346982 -0.839166552 -0.017088945 0.532080177
1785426743.203766 -5.335690 -3.976314 11.198247 0.110811577 -0.839275771 -0.017171491 0.532017025
1785426743.303766 -5.367267 -3.984944 11.184290 0.109785472 -0.839321528 -0.017185675 0.532157096
1785426743.403766 -5.391466 -3.993727 11.170330 0.109610303 -0.839406828 -0.016124968 0.532091857
1785426743.503766 -5.430347 -3.997781 11.153349 0.109851430 -0.839419658 -0.015697545 0.532034669
1785426743.603766 -5.470568 -4.007214 11.136505 0.110119812 -0.839418397 -0.014719153 0.532009143
1785426743.703766 -5.501615 -4.021593 11.131282 0.111072405 -0.839519506 -0.014872754 0.531647177
1785426743.803766 -5.540467 -4.030663 11.114712 0.111219374 -0.839457184 -0.014721555 0.531719065
1785426743.903766 -5.563687 -4.033828 11.105498 0.112139426 -0.839539069 -0.013337845 0.531432970
1785426744.003766 -5.595690 -4.042306 11.090328 0.112577522 -0.839592454 -0.013121274 0.531261371
1785426744.103766 -5.634960 -4.051748 11.073128 0.112551610 -0.839738638 -0.012313267 0.531055118
1785426744.203766 -5.652751 -4.064992 11.066649 0.112351126 -0.839746078 -0.012305534 0.531085984
1785426744.303766 -5.705178 -4.074403 11.044820 0.112528854 -0.839608894 -0.012210807 0.531267407
1785426744.403766 -5.739085 -4.081137 11.028088 0.113044797 -0.839596729 -0.012277688 0.531175551
1785426744.503766 -5.772188 -4.085780 11.016786 0.112850403 -0.839680175 -0.012763370 0.531073522
1785426744.603766 -5.819031 -4.097020 10.995432 0.112727820 -0.839646166 -0.012450277 0.531160752
1785426744.703766 -5.859232 -4.100366 10.980245 0.111721409 -0.839753829 -0.012830297 0.531194142
1785426744.803766 -5.895976 -4.109686 10.963586 0.111154762 -0.839862263 -0.012918362 0.531139448
1785426744.903766 -5.931379 -4.118296 10.947560 0.111457702 -0.839619642 -0.014411346 0.531421067
1785426745.003766 -5.962105 -4.127874 10.931406 0.111139705 -0.839564947 -0.015829497 0.531533717
1785426745.103766 -5.993285 -4.134965 10.916875 0.110420828 -0.839552151 -0.016431220 0.531685472
1785426745.203766 -6.015681 -4.143132 10.902548 0.110079454 -0.839138264 -0.018238163 0.532350314
1785426745.303766 -6.064264 -4.154315 10.879917 0.110723667 -0.838959169 -0.018528811 0.532488935
1785426745.403766 -6.079809 -4.161512 10.867571 0.110676222 -0.838671013 -0.019587185 0.532914672
1785426745.503766 -6.116633 -4.169193 10.850253 0.110499087 -0.838613933 -0.019552005 0.533042533
1785426745.603766 -6.130806 -4.172108 10.840237 0.110134717 -0.838499999 -0.020019390 0.533279777
1785426745.703766 -6.195753 -4.187617 10.811473 0.110221573 -0.838478807 -0.020246679 0.533286571
1785426745.803766 -6.200718 -4.194395 10.815878 0.110621505 -0.838517313 -0.020917683 0.533117294
1785426745.903766 -6.227900 -4.202242 10.803902 0.110684891 -0.838659216 -0.021738026 0.532848039
1785426746.003766 -6.260401 -4.212507 10.792031 0.109833317 -0.838907846 -0.021470667 0.532643669
1785426746.103766 -6.273741 -4.212786 10.776664 0.109301884 -0.838813162 -0.021367716 0.532906181
1785426746.203766 -6.292362 -4.217053 10.768983 0.109119100 -0.838850839 -0.021162770 0.532892512
1785426746.303766 -6.298854 -4.225372 10.770893 0.108392152 -0.839025782 -0.021642992 0.532746149
1785426746.403766 -6.319061 -4.229644 10.762058 0.108213115 -0.838942156 -0.021793731 0.532908072
1785426746.503766 -6.327274 -4.232997 10.760317 0.108894130 -0.838873375 -0.022430915 0.532851183
1785426746.603766 -6.330070 -4.232941 10.759314 0.108733859 -0.838974843 -0.023489529 0.532678517
1785426746.703766 -6.318791 -4.231456 10.768185 0.109331428 -0.839076418 -0.022914746 0.532421185
1785426746.803766 -6.318832 -4.231765 10.766866 0.108926052 -0.838983392 -0.023118832 0.532642002
1785426746.903766 -6.313848 -4.232000 10.772042 0.109478993 -0.838937849 -0.023410382 0.532587635
1785426747.003766 -6.315838 -4.233408 10.772163 0.109461803 -0.838960711 -0.023475726 0.532552279
1785426747.103766 -6.314158 -4.239151 10.775416 0.109083179 -0.839064548 -0.023582043 0.532461671
1785426747.203766 -6.314741 -4.238584 10.774923 0.109134801 -0.839046002 -0.023586010 0.532480142
1785426747.303766 -6.313758 -4.238811 10.775576 0.109107200 -0.839055565 -0.023579136 0.532471034
1785426747.403766 -6.313589 -4.241692 10.776488 0.109065354 -0.839077146 -0.023715020 0.532439564
1785426747.503766 -6.306942 -4.236104 10.774089 0.108883352 -0.839026972 -0.023404270 0.532569616
1785426747.603766 -6.306795 -4.236088 10.774078 0.108838987 -0.839033483 -0.023377341 0.532569610
1785426747.703766 -6.296238 -4.227585 10.778333 0.109277821 -0.838976709 -0.023376585 0.532569221
1785426747.803766 -6.295565 -4.227443 10.777492 0.109237865 -0.838966126 -0.023352118 0.532595162
1785426747.903766 -6.295588 -4.227560 10.777598 0.109268243 -0.838966671 -0.023371092 0.532587240
1785426748.003766 -6.291585 -4.233990 10.776445 0.108771724 -0.839007443 -0.023548693 0.532616824
1785426748.103766 -6.291830 -4.233870 10.776512 0.108794859 -0.839009072 -0.023552023 0.532609386
1785426748.203766 -6.288955 -4.237069 10.779497 0.108515186 -0.839040431 -0.023636885 0.532613280
1785426748.303766 -6.290855 -4.236700 10.777815 0.108545498 -0.839022920 -0.023631212 0.532634940
1785426748.403766 -6.289063 -4.235544 10.779669 0.108287938 -0.839065221 -0.023468364 0.532627932
1785426748.503766 -6.283609 -4.234142 10.782143 0.108249811 -0.839052065 -0.023486258 0.532655616
1785426748.603766 -6.266014 -4.230758 10.784275 0.107582177 -0.839133745 -0.022837628 0.532690412
1785426748.703766 -6.258150 -4.229221 10.787930 0.107486702 -0.839126177 -0.022751442 0.532725295
1785426748.803766 -6.250286 -4.227206 10.787296 0.107233742 -0.839080992 -0.022285545 0.532867121
1785426748.903766 -6.231949 -4.224122 10.795670 0.107584079 -0.839141741 -0.022075011 0.532709582
1785426749.003766 -6.226972 -4.224782 10.796923 0.107702608 -0.839193197 -0.021854535 0.532613655
1785426749.103766 -6.215999 -4.222293 10.801609 0.107991832 -0.839147821 -0.021890150 0.532625122
1785426749.203766 -6.209318 -4.220304 10.808176 0.108593295 -0.839058184 -0.022364038 0.532624361
1785426749.303766 -6.196226 -4.217547 10.813838 0.108646189 -0.839082733 -0.022500226 0.532569163
1785426749.403766 -6.194117 -4.223983 10.815529 0.109385450 -0.838926324 -0.023107148 0.532638251
1785426749.503766 -6.189624 -4.224638 10.822538 0.109339942 -0.839003413 -0.023151302 0.532524242
1785426749.603766 -6.175605 -4.220984 10.827780 0.109637743 -0.838942149 -0.023035817 0.532564539
1785426749.703766 -6.160192 -4.216908 10.836830 0.109570555 -0.838919333 -0.022690519 0.532629126
1785426749.803766 -6.144119 -4.213459 10.843995 0.109146278 -0.838919175 -0.022329815 0.532731721
1785426749.903766 -6.124576 -4.205215 10.856178 0.108646664 -0.839060143 -0.021710731 0.532637422
1785426750.003766 -6.111844 -4.201431 10.861240 0.108567876 -0.839020084 -0.021751969 0.532714902
1785426750.103766 -6.091510 -4.193137 10.871691 0.108243032 -0.839093073 -0.021800699 0.532664050
1785426750.203766 -6.070468 -4.188211 10.880845 0.108028636 -0.839004357 -0.022061788 0.532836542
1785426750.303766 -6.062073 -4.185423 10.884654 0.107976469 -0.838977024 -0.021855125 0.532898667
1785426750.403766 -6.048406 -4.189463 10.893024 0.107360432 -0.839167849 -0.021454827 0.532738913
1785426750.503766 -6.009698 -4.175345 10.905672 0.107889403 -0.839042627 -0.021412650 0.532830972
1785426750.603766 -5.994160 -4.171945 10.912651 0.107853838 -0.839043962 -0.021176052 0.532845526
1785426750.703766 -5.979571 -4.163696 10.911169 0.107856581 -0.838942924 -0.020933544 0.533013616
1785426750.803766 -5.965190 -4.160326 10.917275 0.107896663 -0.838823664 -0.020757721 0.533200044
1785426750.903766 -5.961282 -4.158925 10.919089 0.108008407 -0.838849028 -0.020663202 0.533141185
1785426751.003766 -5.943828 -4.157715 10.930516 0.107931157 -0.838969685 -0.020850841 0.532959637
1785426751.103766 -5.929186 -4.149544 10.933591 0.108041927 -0.839061402 -0.020847355 0.532792918
1785426751.203766 -5.893954 -4.145277 10.951928 0.108116684 -0.839190661 -0.020534940 0.532586268
1785426751.303766 -5.886945 -4.151610 10.958273 0.107945217 -0.839254253 -0.020683869 0.532515077
1785426751.403766 -5.862229 -4.146830 10.970313 0.107752386 -0.839318959 -0.020385754 0.532463641
1785426751.503766 -5.872271 -4.155882 10.977097 0.109036204 -0.839514725 -0.020538033 0.531887509
1785426751.603766 -5.830887 -4.145350 10.994862 0.109912822 -0.839402211 -0.019610255 0.531919672
1785426751.703766 -5.809079 -4.140687 11.009536 0.110628468 -0.839352309 -0.019339723 0.531859961
1785426751.803766 -5.786684 -4.136003 11.019849 0.111253193 -0.839268446 -0.018692233 0.531885140
1785426751.903766 -5.769708 -4.131703 11.027165 0.110861074 -0.839318574 -0.018300437 0.531901539
1785426752.003766 -5.746136 -4.132642 11.030756 0.110684483 -0.839309680 -0.017316868 0.531985275
1785426752.103766 -5.726323 -4.128517 11.039096 0.110954472 -0.839247716 -0.017463710 0.532021988
1785426752.203766 -5.698405 -4.119971 11.044229 0.111353188 -0.839013190 -0.017107276 0.532320088
1785426752.303766 -5.687553 -4.118212 11.049416 0.111512064 -0.839012942 -0.016359342 0.532310731
1785426752.403766 -5.670076 -4.114465 11.057744 0.111433440 -0.839039241 -0.016189960 0.532290922
1785426752.503766 -5.661951 -4.113699 11.063027 0.111187490 -0.839207418 -0.015968227 0.532083891
1785426752.603766 -5.638653 -4.108400 11.072697 0.111132616 -0.839100993 -0.016097170 0.532259285
1785426752.703766 -5.624596 -4.105104 11.079101 0.111179281 -0.839181260 -0.016228290 0.532118993
1785426752.803766 -5.605464 -4.093344 11.080343 0.111156802 -0.839091681 -0.015449706 0.532288102
1785426752.903766 -5.585842 -4.096323 11.093142 0.111193894 -0.839202604 -0.015886794 0.532092583
1785426753.003766 -5.572870 -4.093270 11.098795 0.111291677 -0.839139720 -0.015552333 0.532181188
1785426753.103766 -5.563456 -4.088294 11.106896 0.111338053 -0.839192603 -0.015595432 0.532086830
1785426753.203766 -5.552968 -4.085562 11.111830 0.110999344 -0.839291856 -0.015671889 0.531998795
1785426753.303766 -5.539264 -4.089077 11.119456 0.110727514 -0.839256455 -0.016073522 0.532099298
1785426753.403766 -5.518823 -4.086150 11.131313 0.111022827 -0.839494860 -0.016310455 0.531654287
1785426753.503766 -5.497115 -4.081862 11.143068 0.111518316 -0.839570753 -0.016612405 0.531421343
1785426753.603766 -5.472306 -4.076384 11.158396 0.111702412 -0.839517236 -0.016488564 0.531471080
1785426753.703766 -5.432984 -4.063975 11.173900 0.112111714 -0.839258051 -0.017470877 0.531762782
1785426753.803766 -5.413414 -4.058517 11.182091 0.112402436 -0.839238601 -0.017755696 0.531722670
1785426753.903766 -5.373073 -4.056996 11.208063 0.111453311 -0.839476455 -0.017708848 0.531548527
1785426754.003766 -5.341719 -4.049362 11.220775 0.110902702 -0.839533229 -0.018249111 0.531555752
1785426754.103766 -5.325638 -4.045909 11.226114 0.110808605 -0.839425312 -0.019254709 0.531710311
1785426754.203766 -5.311651 -4.050272 11.245135 0.110472743 -0.839668422 -0.019949491 0.531370617
1785426754.303766 -5.316515 -4.056278 11.247790 0.110041523 -0.839875635 -0.019965190 0.531131972
1785426754.403766 -5.284152 -4.050944 11.262312 0.109778530 -0.839879800 -0.020406520 0.531163035
1785426754.503766 -5.275989 -4.047413 11.275355 0.109555583 -0.840079482 -0.021161433 0.530863666
1785426754.603766 -5.256970 -4.042506 11.283469 0.109396813 -0.840145496 -0.021439908 0.530780758
1785426754.703766 -5.233983 -4.037521 11.299737 0.109496361 -0.840294768 -0.021414457 0.530524901
1785426754.803766 -5.194714 -4.028455 11.315681 0.109064196 -0.840281594 -0.021784455 0.530619715
1785426754.903766 -5.155432 -4.019434 11.331615 0.108631995 -0.840268139 -0.022154446 0.530714353
1785426755.003766 -5.116134 -4.010460 11.347540 0.108199757 -0.840254405 -0.022524430 0.530808815
1785426755.103766 -5.116133 -4.010460 11.347540 0.108425744 -0.840249518 -0.022539259 0.530769807
1785426755.203766 -5.116133 -4.010460 11.347540 0.108673101 -0.840338986 -0.022470804 0.530580445
1785426755.303766 -5.116049 -4.010448 11.347580 0.108993938 -0.840231402 -0.022690342 0.530675664
1785426755.403766 -5.116034 -4.010446 11.347587 0.109516089 -0.840201144 -0.022527494 0.530623008
1785426755.503766 -5.116023 -4.010445 11.347592 0.108689312 -0.840293832 -0.022487213 0.530647938
1785426755.603766 -5.092198 -4.007929 11.363859 0.108378044 -0.840386107 -0.022689670 0.530556849
1785426755.703766 -5.070807 -4.005089 11.373579 0.108373462 -0.840393434 -0.022306086 0.530562444
1785426755.803766 -5.021926 -3.996186 11.393629 0.108146575 -0.840443009 -0.021787650 0.530551756
1785426755.903766 -4.997019 -3.991391 11.406177 0.108046975 -0.840481821 -0.022175852 0.530494478
1785426756.003766 -4.969825 -3.989504 11.425018 0.108646108 -0.840674252 -0.021931729 0.530077187
1785426756.103766 -4.951671 -3.980111 11.433624 0.109336428 -0.840629556 -0.021576283 0.530020716
1785426756.203766 -4.925797 -3.975299 11.445809 0.109054157 -0.840556194 -0.021318412 0.530205621
1785426756.303766 -4.904419 -3.969657 11.458008 0.108998842 -0.840717200 -0.021033867 0.529973036
1785426756.403766 -4.880107 -3.963792 11.468554 0.109635557 -0.840658408 -0.021130369 0.529931121
1785426756.503766 -4.845725 -3.957820 11.484517 0.109937504 -0.840646122 -0.021351426 0.529879193
1785426756.603766 -4.818752 -3.951748 11.507385 0.110363476 -0.840832211 -0.021075519 0.529506298
1785426756.703766 -4.778950 -3.939117 11.531399 0.110202995 -0.840958571 -0.019486819 0.529399892
1785426756.803766 -4.745216 -3.932143 11.547048 0.110091666 -0.840909963 -0.020104951 0.529477149
1785426756.903766 -4.728748 -3.918170 11.555955 0.109989710 -0.840950285 -0.018744535 0.529484205
1785426757.003766 -4.701596 -3.912454 11.567679 0.110186900 -0.840999133 -0.018218833 0.529383962
1785426757.103766 -4.665455 -3.895822 11.591287 0.109763966 -0.841280800 -0.017012921 0.529064314
1785426757.203766 -4.631523 -3.889615 11.606531 0.109967280 -0.841364341 -0.017152132 0.528884720
1785426757.303766 -4.606825 -3.884762 11.618538 0.110280405 -0.841403674 -0.016667069 0.528772445
1785426757.403766 -4.581141 -3.870303 11.639725 0.110430849 -0.841569655 -0.016021818 0.528496778
1785426757.503766 -4.554588 -3.851552 11.656810 0.110279476 -0.841651871 -0.015175673 0.528422429
1785426757.603766 -4.522387 -3.845720 11.671710 0.111074151 -0.841707186 -0.014905389 0.528175515
1785426757.703766 -4.495951 -3.834553 11.676843 0.111569959 -0.841459100 -0.014846612 0.528467885
1785426757.803766 -4.469779 -3.829157 11.689074 0.111912208 -0.841439306 -0.015070952 0.528420683
1785426757.903766 -4.423492 -3.828105 11.712151 0.112024284 -0.841287107 -0.015050309 0.528639813
1785426758.003766 -4.393694 -3.820755 11.726076 0.111358711 -0.841376512 -0.015165131 0.528634866
1785426758.103766 -4.364174 -3.815147 11.739924 0.111267112 -0.841241797 -0.016008882 0.528843629
1785426758.203766 -4.315022 -3.801281 11.761487 0.110866488 -0.841282345 -0.014957003 0.528894059
1785426758.303766 -4.291657 -3.795871 11.773253 0.110874735 -0.841322103 -0.015016178 0.528827407
1785426758.403766 -4.274175 -3.788185 11.775618 0.110177428 -0.841316041 -0.015109779 0.528980102
1785426758.503766 -4.255730 -3.782749 11.791909 0.109799744 -0.841668547 -0.014400971 0.528517440
1785426758.603766 -4.211807 -3.773968 11.814216 0.109583000 -0.841687926 -0.014427958 0.528530826
1785426758.703766 -4.189279 -3.770270 11.824331 0.109033122 -0.841663862 -0.014627007 0.528677380
1785426758.803766 -4.160627 -3.755717 11.834768 0.109485661 -0.841583846 -0.014266545 0.528721086
1785426758.903766 -4.116787 -3.747177 11.855415 0.109765707 -0.841590700 -0.015095883 0.528629073
1785426759.003766 -4.095655 -3.749161 11.864645 0.109574069 -0.841538994 -0.015442586 0.528741119
1785426759.103766 -4.068715 -3.743470 11.878041 0.109629146 -0.841414597 -0.014807518 0.528945804
1785426759.203766 -4.047090 -3.734907 11.901909 0.108525834 -0.841653187 -0.016282591 0.528750351
1785426759.303766 -4.021358 -3.731453 11.914309 0.107819886 -0.841692491 -0.016405438 0.528828407
1785426759.403766 -3.979226 -3.729410 11.932940 0.106841071 -0.841841219 -0.017030461 0.528770566
1785426759.503766 -3.951890 -3.724297 11.945779 0.106388499 -0.841886086 -0.018040682 0.528756881
1785426759.603766 -3.921676 -3.715935 11.953554 0.106611648 -0.841725851 -0.018225345 0.528960665
1785426759.703766 -3.897226 -3.698156 11.963953 0.106609930 -0.841617267 -0.018046192 0.529139900
1785426759.803766 -3.869057 -3.694575 11.977216 0.106551990 -0.841610945 -0.018354820 0.529151010
1785426759.903766 -3.832269 -3.695617 12.002869 0.107244084 -0.841861571 -0.018379038 0.528611400
1785426760.003766 -3.803172 -3.688354 12.016433 0.107745010 -0.841824629 -0.018361848 0.528568963
1785426760.103766 -3.757318 -3.681670 12.039401 0.108560800 -0.841623666 -0.017154255 0.528762602
1785426760.203766 -3.718865 -3.674015 12.058496 0.108323819 -0.841662076 -0.017345474 0.528743827
1785426760.303766 -3.691519 -3.670154 12.071159 0.108298912 -0.841608188 -0.016336516 0.528866828
1785426760.403766 -3.659827 -3.665557 12.080633 0.108638908 -0.841497311 -0.016036708 0.528982691
1785426760.503766 -3.621575 -3.666700 12.090340 0.108707107 -0.841373077 -0.016544093 0.529150643
1785426760.603766 -3.592585 -3.661251 12.102945 0.109409089 -0.841435277 -0.015904468 0.528926624
1785426760.703766 -3.560866 -3.659763 12.113754 0.109396424 -0.841266807 -0.015876126 0.529198007
1785426760.803766 -3.525069 -3.653679 12.130709 0.109234080 -0.841325131 -0.015951595 0.529136548
1785426760.903766 -3.493665 -3.650158 12.148719 0.109382096 -0.841499700 -0.016086292 0.528824208
1785426761.003766 -3.466455 -3.645401 12.161975 0.109626290 -0.841434974 -0.016344752 0.528868708
1785426761.103766 -3.440435 -3.641399 12.174577 0.110347873 -0.841331285 -0.015882418 0.528897688
1785426761.203766 -3.407268 -3.632752 12.193872 0.108762096 -0.841518694 -0.016027059 0.528923650
1785426761.303766 -3.391291 -3.633172 12.204236 0.108538878 -0.841416358 -0.016502288 0.529117661
1785426761.403766 -3.364486 -3.629275 12.216761 0.108373708 -0.841469938 -0.016145647 0.529077311
1785426761.503766 -3.343329 -3.620286 12.220756 0.108657446 -0.841325062 -0.016466498 0.529239600
1785426761.603766 -3.298202 -3.613812 12.240164 0.109145987 -0.841371986 -0.016631390 0.529059289
1785426761.703766 -3.266945 -3.608830 12.249365 0.109017755 -0.841213331 -0.016420400 0.529344530
1785426761.803766 -3.235745 -3.602830 12.262191 0.108278649 -0.841154062 -0.016422820 0.529590284
1785426761.903766 -3.182344 -3.594983 12.284000 0.108828616 -0.841124321 -0.016549061 0.529520857
1785426762.003766 -3.155581 -3.591344 12.297476 0.108932378 -0.841134973 -0.016792555 0.529474932
1785426762.103766 -3.119172 -3.584227 12.315654 0.109157762 -0.841150403 -0.016217484 0.529421925
1785426762.203766 -3.088005 -3.575892 12.330623 0.108530423 -0.841158342 -0.015193963 0.529568630
1785426762.303766 -3.033201 -3.567759 12.353961 0.108393052 -0.840911682 -0.015718493 0.529973035
1785426762.403766 -2.994310 -3.558967 12.361843 0.108200127 -0.840777731 -0.015388876 0.530234592
1785426762.503766 -2.963939 -3.552656 12.375864 0.108079468 -0.840753390 -0.016143315 0.530275361
1785426762.603766 -2.926921 -3.543337 12.388581 0.108424728 -0.840659488 -0.015959890 0.530359299
1785426762.703766 -2.898224 -3.538984 12.401454 0.108393342 -0.840621279 -0.015721416 0.530433395
1785426762.803766 -2.867976 -3.531628 12.419632 0.107757463 -0.840634540 -0.015419823 0.530550779
1785426762.903766 -2.839429 -3.526908 12.430326 0.108347135 -0.840686217 -0.015271693 0.530353050
1785426763.003766 -2.813077 -3.520707 12.442702 0.108834958 -0.840594306 -0.015504318 0.530392101
1785426763.103766 -2.805606 -3.517634 12.451057 0.109304636 -0.840576967 -0.015605139 0.530320034
1785426763.203766 -2.762777 -3.509121 12.470492 0.109201021 -0.840517037 -0.013827187 0.530485680
1785426763.303766 -2.719365 -3.505495 12.496177 0.108925158 -0.840622703 -0.014168320 0.530365949
1785426763.403766 -2.690539 -3.500324 12.509513 0.109163983 -0.840617054 -0.013342940 0.530347207
1785426763.503766 -2.658892 -3.494218 12.523039 0.109195259 -0.840611691 -0.013236044 0.530351947
1785426763.603766 -2.612218 -3.484548 12.537704 0.108684466 -0.840602073 -0.013221539 0.530472462
1785426763.703766 -2.579124 -3.472712 12.552997 0.109450104 -0.840545476 -0.012879617 0.530413134
1785426763.803766 -2.549730 -3.466937 12.566802 0.108905061 -0.840500429 -0.012546890 0.530604648
1785426763.903766 -2.524474 -3.457239 12.582506 0.109356033 -0.840651864 -0.012022664 0.530284034
1785426764.003766 -2.483465 -3.450092 12.601631 0.109481850 -0.840636893 -0.012112281 0.530279768
1785426764.103766 -2.456866 -3.445338 12.614768 0.109557706 -0.840557497 -0.012441839 0.530382319
1785426764.203766 -2.427003 -3.433606 12.630650 0.109760822 -0.840515623 -0.011447342 0.530429079
1785426764.303766 -2.394643 -3.429702 12.645192 0.108707818 -0.840471051 -0.012796448 0.530685664
1785426764.403766 -2.364981 -3.420531 12.657455 0.108481576 -0.840333156 -0.012231676 0.530963578
1785426764.503766 -2.344166 -3.408385 12.671750 0.108768533 -0.840419125 -0.011837937 0.530777697
1785426764.603766 -2.310233 -3.401742 12.687104 0.108850460 -0.840428669 -0.012389513 0.530733199
1785426764.703766 -2.266900 -3.389507 12.718613 0.109302871 -0.840673243 -0.012092632 0.530259511
1785426764.803766 -2.223288 -3.382281 12.739061 0.108453836 -0.840645395 -0.012363506 0.530471704
1785426764.903766 -2.196510 -3.380197 12.752688 0.109060211 -0.840735825 -0.012720030 0.530195572
1785426765.003766 -2.158288 -3.368341 12.763593 0.109045043 -0.840625014 -0.012746596 0.530373725
1785426765.103766 -2.125091 -3.360171 12.773919 0.109346755 -0.840338283 -0.013118039 0.530756794
1785426765.203766 -2.084693 -3.349629 12.792524 0.108724156 -0.840321322 -0.012480046 0.530926908
1785426765.303766 -2.066994 -3.350131 12.805483 0.108233133 -0.840268922 -0.014335340 0.531063297
1785426765.403766 -2.036966 -3.346573 12.821288 0.108081012 -0.840292182 -0.014242270 0.531059980
1785426765.503766 -1.990347 -3.339459 12.835358 0.108450646 -0.840026125 -0.015345404 0.531374713
1785426765.603766 -1.957048 -3.335112 12.851554 0.108503817 -0.840140479 -0.016035900 0.531162637
1785426765.703766 -1.925081 -3.330039 12.867811 0.108833156 -0.840216314 -0.015879962 0.530979959
1785426765.803766 -1.888282 -3.326994 12.888385 0.108862387 -0.840117557 -0.016543250 0.531109962
1785426765.903766 -1.857115 -3.319566 12.903950 0.109932673 -0.840162707 -0.016518975 0.530818761
1785426766.003766 -1.820448 -3.317198 12.921189 0.109135479 -0.840312744 -0.016387386 0.530749840
1785426766.103766 -1.791926 -3.315169 12.938727 0.109412127 -0.840343110 -0.015807941 0.530662372
1785426766.203766 -1.736923 -3.312111 12.955608 0.109209003 -0.840068043 -0.016360590 0.531122780
1785426766.303766 -1.712692 -3.307268 12.971542 0.109349984 -0.840066007 -0.016022323 0.531107305
1785426766.403766 -1.686386 -3.315997 12.991707 0.109204944 -0.840267680 -0.015857063 0.530823002
1785426766.503766 -1.648887 -3.307706 13.009203 0.109071764 -0.840279069 -0.016153315 0.530823423
1785426766.603766 -1.593879 -3.304409 13.035644 0.109436941 -0.840334655 -0.016090810 0.530662142
1785426766.703766 -1.565714 -3.297203 13.054850 0.109026739 -0.840412726 -0.016022117 0.530625020
1785426766.803766 -1.537698 -3.295680 13.057621 0.109710828 -0.840194418 -0.016100118 0.530827335
1785426766.903766 -1.498705 -3.292190 13.092706 0.111131201 -0.840319949 -0.016635369 0.530316418
1785426767.003766 -1.468750 -3.288538 13.108945 0.111384434 -0.840276471 -0.016495706 0.530336546
1785426767.103766 -1.414074 -3.288550 13.123768 0.111298340 -0.840030873 -0.015721237 0.530767044
1785426767.203766 -1.377913 -3.283139 13.144496 0.110612979 -0.839964166 -0.016514554 0.530991750
1785426767.303766 -1.328630 -3.274413 13.169854 0.110378539 -0.840010713 -0.016029092 0.530981778
1785426767.403766 -1.281570 -3.262288 13.191859 0.109693593 -0.840138270 -0.016307545 0.530913426
1785426767.503766 -1.253118 -3.272067 13.226817 0.109027066 -0.840626354 -0.016778440 0.530263063
1785426767.603766 -1.210213 -3.263668 13.251137 0.108701794 -0.840673840 -0.016748950 0.530255492
1785426767.703766 -1.174946 -3.263934 13.262421 0.108866358 -0.840635657 -0.017312490 0.530264167
1785426767.803766 -1.132110 -3.259998 13.280302 0.108919461 -0.840583776 -0.018062808 0.530310476
1785426767.903766 -1.087660 -3.260350 13.284383 0.108039125 -0.840300669 -0.019043013 0.530904602
1785426768.003766 -1.055645 -3.253847 13.302910 0.108391675 -0.840266185 -0.018010510 0.530923351
1785426768.103766 -1.022204 -3.249894 13.321400 0.107322324 -0.840314951 -0.019365704 0.531015699
1785426768.203766 -1.006428 -3.230928 13.322242 0.107748865 -0.839922756 -0.018645137 0.531575305
1785426768.303766 -0.983082 -3.228026 13.342500 0.108657701 -0.840047684 -0.018551510 0.531196041
1785426768.403766 -0.940429 -3.221134 13.367396 0.109016436 -0.840236589 -0.018700522 0.530818407
1785426768.503766 -0.913402 -3.216450 13.389122 0.108982678 -0.840467388 -0.018613298 0.530462903
1785426768.603766 -0.887549 -3.216103 13.408750 0.108564750 -0.840396349 -0.017646528 0.530694142
1785426768.703766 -0.832617 -3.201595 13.435155 0.110304030 -0.840252905 -0.017000632 0.530583692
1785426768.803766 -0.806737 -3.187405 13.420138 0.111355719 -0.839394554 -0.016912023 0.531724243
1785426768.903766 -0.765099 -3.186990 13.438958 0.111547063 -0.839251790 -0.016172913 0.531932441
1785426769.003766 -0.696088 -3.163499 13.473316 0.111160398 -0.838990147 -0.017405990 0.532387012
1785426769.103766 -0.656379 -3.156062 13.498225 0.110900365 -0.839041308 -0.016794643 0.532380253
1785426769.203766 -0.606284 -3.146659 13.514615 0.110809046 -0.838858475 -0.016923702 0.532683211
1785426769.303766 -0.577063 -3.141378 13.532568 0.111298566 -0.838922427 -0.016651991 0.532488968
1785426769.403766 -0.491986 -3.141389 13.576523 0.110253855 -0.838900118 -0.016730365 0.532738936
1785426769.503766 -0.458880 -3.131724 13.595226 0.111327338 -0.838990465 -0.016405931 0.532383386
1785426769.603766 -0.411487 -3.134322 13.623176 0.111301152 -0.839014916 -0.016903368 0.532334764
1785426769.703766 -0.380365 -3.128567 13.641956 0.111693250 -0.838963213 -0.016610742 0.532343337
1785426769.803766 -0.341793 -3.101902 13.678206 0.112175219 -0.839066770 -0.015889156 0.532100753
1785426769.903766 -0.316660 -3.095919 13.693486 0.111329459 -0.839057071 -0.016069241 0.532288233
1785426770.003766 -0.300823 -3.060549 13.683195 0.112011606 -0.838514090 -0.014726458 0.533039072
1785426770.103766 -0.265052 -3.050709 13.704955 0.111673867 -0.838505925 -0.014914960 0.533117534
1785426770.203766 -0.191402 -3.023836 13.749314 0.111800575 -0.838595157 -0.014255625 0.532968640
1785426770.303766 -0.162264 -3.015164 13.765548 0.111487983 -0.838501944 -0.013575122 0.533198496
1785426770.403766 -0.139315 -2.990789 13.778204 0.112094818 -0.838585370 -0.011966288 0.532978553
1785426770.503766 -0.101017 -2.982903 13.799409 0.113094375 -0.838576659 -0.011416548 0.532793123
1785426770.603766 -0.093737 -2.966366 13.805214 0.113203816 -0.838600805 -0.009831260 0.532763487
1785426770.703766 -0.079497 -2.959141 13.792348 0.113739079 -0.838194244 -0.008219970 0.533316288
1785426770.803766 -0.046776 -2.952589 13.811538 0.113224521 -0.838172447 -0.008588434 0.533454212
1785426770.903766 -0.034359 -2.921424 13.809265 0.113046094 -0.837864541 -0.006636919 0.534003318
1785426771.003766 -0.004031 -2.915743 13.825929 0.113207874 -0.837852131 -0.005989316 0.533996172
1785426771.103766 0.035446 -2.910196 13.846527 0.113167447 -0.837951460 -0.006102841 0.533847576
1785426771.203766 0.070040 -2.888387 13.860343 0.114018429 -0.837833012 -0.006553534 0.533847069
1785426771.303766 0.066564 -2.855649 13.851460 0.115228441 -0.837611963 -0.005340705 0.533947640
1785426771.403766 0.097414 -2.850142 13.873834 0.114765546 -0.837831914 -0.005286372 0.533702733
1785426771.503766 0.163469 -2.838128 13.898677 0.114663660 -0.838007883 -0.004561130 0.533454992
1785426771.603766 0.191737 -2.834229 13.912065 0.115094933 -0.837973857 -0.004981202 0.533411810
1785426771.703766 0.204245 -2.813070 13.922002 0.115510573 -0.837917166 -0.004394092 0.533416181
1785426771.803766 0.228181 -2.814160 13.935011 0.115704216 -0.837951016 -0.003665981 0.533326533
1785426771.903766 0.259565 -2.805977 13.954848 0.115716132 -0.837995057 -0.004416563 0.533249056
1785426772.003766 0.309573 -2.805742 13.973545 0.116151339 -0.837830022 -0.004146465 0.533415904
1785426772.103766 0.309770 -2.788853 13.991774 0.116984860 -0.838149662 -0.002152923 0.532742950
1785426772.203766 0.350392 -2.782763 14.015204 0.117522720 -0.838215026 -0.001646864 0.532523490
1785426772.303766 0.409562 -2.776798 14.027635 0.118354852 -0.838035872 -0.002245405 0.532618967
1785426772.403766 0.442839 -2.773066 14.044586 0.118272477 -0.838027344 -0.002216730 0.532650803
1785426772.503766 0.473017 -2.754708 14.064767 0.117834926 -0.838112984 -0.001955179 0.532614056
1785426772.603766 0.517007 -2.749703 14.086985 0.118819974 -0.838169502 -0.002302489 0.532304797
1785426772.703766 0.546285 -2.743391 14.103237 0.118767838 -0.838156118 -0.002787273 0.532335188
1785426772.803766 0.591804 -2.756686 14.120332 0.118461915 -0.838060556 -0.003558041 0.532549171
1785426772.903766 0.624509 -2.749422 14.137045 0.117302756 -0.837972994 -0.005514166 0.532926747
1785426773.003766 0.656743 -2.730014 14.129090 0.116500540 -0.837435827 -0.007019315 0.533928450
1785426773.103766 0.693979 -2.726870 14.149004 0.115640216 -0.837441120 -0.007948047 0.534094130
1785426773.203766 0.707503 -2.678998 14.153816 0.115440987 -0.837362432 -0.006903118 0.534275101
1785426773.303766 0.738986 -2.670966 14.171870 0.115315334 -0.837430577 -0.008045700 0.534179435
1785426773.403766 0.755120 -2.664398 14.195497 0.114827453 -0.837850402 -0.007133149 0.533638902
1785426773.503766 0.781128 -2.658863 14.211910 0.114277088 -0.837807083 -0.006951438 0.533827422
1785426773.603766 0.817756 -2.659538 14.312397 0.115239340 -0.839081984 -0.006744035 0.531616250
1785426773.703766 0.844282 -2.680900 14.320684 0.115497565 -0.838920727 -0.008004235 0.531797197
1785426773.803766 0.864342 -2.679997 14.331488 0.115651685 -0.838987446 -0.008553825 0.531649871
1785426773.903766 0.875561 -2.677550 14.304262 0.115779806 -0.838456472 -0.009468243 0.532443549
1785426774.003766 0.906060 -2.676925 14.320160 0.116680985 -0.838460376 -0.007877718 0.532266556
1785426774.103766 0.945870 -2.661402 14.303508 0.116852443 -0.837687508 -0.007970022 0.533443178
1785426774.203766 0.970160 -2.660785 14.320460 0.116507534 -0.837813277 -0.007897806 0.533322165
1785426774.303766 1.000823 -2.654685 14.339033 0.116505965 -0.837862784 -0.007218519 0.533254355
1785426774.403766 1.036200 -2.661893 14.352072 0.117084786 -0.837678429 -0.007582373 0.533412140
1785426774.503766 1.091423 -2.645568 14.358961 0.117784168 -0.837284986 -0.008148480 0.533867346
1785426774.603766 1.113950 -2.649339 14.366751 0.117283190 -0.837464887 -0.008376183 0.533691911
1785426774.703766 1.191919 -2.628778 14.414921 0.118012752 -0.837408552 -0.007544876 0.533631879
1785426774.803766 1.220927 -2.627730 14.429190 0.117950523 -0.837360876 -0.007312794 0.533723675
1785426774.903766 1.249241 -2.623590 14.445533 0.118878716 -0.837301792 -0.007293738 0.533610683
1785426775.003766 1.245640 -2.603075 14.466757 0.119863066 -0.837618253 -0.006848755 0.532899242
1785426775.103766 1.267761 -2.601420 14.478134 0.119985124 -0.837612761 -0.006627042 0.532883210
1785426775.203766 1.281057 -2.582539 14.502898 0.121148787 -0.837673491 -0.004988378 0.532542214
1785426775.303766 1.315987 -2.574927 14.507180 0.122279884 -0.837109574 -0.005949357 0.533160198
1785426775.403766 1.331582 -2.574680 14.515248 0.122482661 -0.837329963 -0.004543376 0.532781277
1785426775.503766 1.349548 -2.562819 14.512097 0.122294397 -0.836683194 -0.007119144 0.533811419
1785426775.603766 1.349918 -2.563285 14.512058 0.122481171 -0.836688063 -0.006768906 0.533765519
1785426775.703766 1.347760 -2.563815 14.510505 0.122449784 -0.836680277 -0.006894097 0.533783322
1785426775.803766 1.328148 -2.555797 14.491238 0.123412222 -0.836300854 -0.007056331 0.534154016
1785426775.903766 1.344820 -2.558684 14.491212 0.123781342 -0.836128060 -0.007643347 0.534331007
1785426776.003766 1.341615 -2.560845 14.493471 0.123937337 -0.835859483 -0.007737087 0.534713567
1785426776.103766 1.361759 -2.578548 14.490136 0.123994647 -0.834566713 -0.008329915 0.536706941
1785426776.203766 1.354115 -2.577056 14.490054 0.123962860 -0.833571660 -0.007340989 0.538272800
1785426776.303766 1.319731 -2.588443 14.484397 0.124723689 -0.831175148 -0.007612426 0.541787713
1785426776.403766 1.343899 -2.585891 14.489654 0.125161392 -0.825269546 -0.006561558 0.550655743
1785426776.503766 1.336358 -2.588330 14.490642 0.125253420 -0.816146986 -0.004434699 0.564088656
1785426776.603766 1.365670 -2.584391 14.509786 0.125710682 -0.804921337 -0.002061399 0.579908799
1785426776.703766 1.380768 -2.581112 14.517986 0.125074245 -0.796090859 0.000448343 0.592111118
1785426776.803766 1.404303 -2.584831 14.522101 0.124672328 -0.787040527 0.002094236 0.604168547
1785426776.903766 1.429660 -2.579561 14.534823 0.123696419 -0.775127105 0.005194973 0.619556438
1785426777.003766 1.439569 -2.579451 14.543243 0.121967633 -0.766580409 0.007737484 0.630411377
1785426777.103766 1.457036 -2.575197 14.551312 0.121265918 -0.758148855 0.009765281 0.640632134
1785426777.203766 1.480201 -2.574489 14.562438 0.119209739 -0.746964603 0.012687216 0.653966326
1785426777.303766 1.498546 -2.570295 14.571748 0.118532974 -0.738411749 0.014713024 0.663687841
1785426777.403766 1.514639 -2.570939 14.581276 0.116602624 -0.726941274 0.017440169 0.676502810
1785426777.503766 1.541573 -2.565185 14.593675 0.115448755 -0.712094595 0.020729028 0.692216137
1785426777.603766 1.562811 -2.559910 14.603812 0.114746499 -0.702981038 0.022788561 0.701520907
1785426777.703766 1.585586 -2.555182 14.613969 0.113585456 -0.690953689 0.025320436 0.713470546
1785426777.803766 1.602066 -2.551390 14.621036 0.113105869 -0.681658691 0.027189318 0.722363643
1785426777.903766 1.634370 -2.544519 14.635172 0.111909274 -0.665318474 0.030542647 0.737492230
1785426778.003766 1.651455 -2.540726 14.643001 0.111434656 -0.654969558 0.032460265 0.746688373
1785426778.103766 1.666569 -2.536227 14.650395 0.110675702 -0.644603750 0.034649620 0.755669437
1785426778.203766 1.694007 -2.530795 14.660790 0.110019615 -0.630268173 0.037032764 0.767649848
1785426778.303766 1.715836 -2.524410 14.672383 0.109064273 -0.619938043 0.039113087 0.776048951
1785426778.403766 1.745605 -2.516135 14.684827 0.108150183 -0.609196212 0.041228248 0.784527721
1785426778.503766 1.799949 -2.503459 14.711061 0.106694148 -0.595219744 0.043742863 0.795246111
1785426778.603766 1.862167 -2.489128 14.738823 0.104215012 -0.584667486 0.045921333 0.803239935
1785426778.703766 1.957911 -2.464869 14.781746 0.101828891 -0.573359117 0.048405624 0.811509147
1785426778.803766 2.031820 -2.448147 14.801772 0.100688153 -0.560964385 0.050294423 0.820153233
1785426778.903766 2.130462 -2.429253 14.817962 0.100639707 -0.542741962 0.052266510 0.832208522
1785426779.003766 2.209826 -2.411312 14.841383 0.099079419 -0.526056005 0.054722396 0.842884219
1785426779.103766 2.054210 -2.438304 14.783185 0.099548587 -0.513809764 0.057238725 0.850184294
1785426779.203766 1.986238 -2.452998 14.751433 0.107856988 -0.500353331 0.057723041 0.857135616
1785426779.303766 3.318000 -1.996025 15.169712 0.175654501 -0.462256993 0.049055811 0.867788855
1785426779.403766 3.318006 -1.996022 15.169714 0.175881402 -0.448557234 0.052187021 0.874722045
1785426779.503766 3.318012 -1.996019 15.169715 0.176065105 -0.434747305 0.055305414 0.881440395
1785426779.603766 3.318012 -1.996019 15.169715 0.176205566 -0.420830599 0.058410223 0.887942257
1785426779.703766 3.318012 -1.996019 15.169715 0.176302749 -0.406810533 0.061500686 0.894226032
1785426779.803766 3.318012 -1.996019 15.169715 0.176356630 -0.392690551 0.064576043 0.900290178
1785426779.903766 3.318012 -1.996019 15.169715 0.176367197 -0.378474121 0.067635541 0.906133205
1785426780.003766 3.318012 -1.996019 15.169715 0.176334446 -0.364164734 0.070678426 0.911753678
1785426780.103766 3.318012 -1.996019 15.169715 0.176258386 -0.349765906 0.073703953 0.917150217
1785426780.203766 3.318012 -1.996019 15.169715 0.176139036 -0.335281172 0.076711377 0.922321495
1785426780.303766 3.318012 -1.996019 15.169715 0.175976424 -0.320714090 0.079699960 0.927266244
1785426780.403766 3.318012 -1.996019 15.169715 0.175770591 -0.306068238 0.082668968 0.931983248
1785426780.503766 3.318012 -1.996019 15.169715 0.175521588 -0.291347213 0.085617672 0.936471349
1785426780.603766 3.318012 -1.996019 15.169715 0.175229474 -0.276554631 0.088545347 0.940729445
1785426780.703766 3.318012 -1.996019 15.169715 0.174894323 -0.261694124 0.091451275 0.944756490
1785426780.803766 3.318012 -1.996019 15.169715 0.174516217 -0.246769343 0.094334742 0.948551495
1785426780.903766 3.318012 -1.996019 15.169715 0.172380143 -0.228961449 0.097941438 0.953031592
1785426781.003766 3.318012 -1.996019 15.169715 0.168723875 -0.199800093 0.105306117 0.959438794
1785426781.103766 3.318012 -1.996019 15.169715 0.166273758 -0.182076550 0.109339575 0.962936148
1785426781.203766 3.318004 -1.996031 15.169734 0.163997035 -0.164319667 0.113354353 0.966051143
1785426781.303766 3.318004 -1.996031 15.169735 0.161324227 -0.140884279 0.119914055 0.969405350
1785426781.403766 3.318004 -1.996032 15.169735 0.158709756 -0.122459438 0.123615339 0.971871466
1785426781.503766 3.315511 -2.006172 15.190217 0.156399312 -0.104370833 0.129042053 0.973649903
1785426781.603766 3.316103 -2.011534 15.202047 0.153925949 -0.087446048 0.132822823 0.975201563
1785426781.703766 3.305985 -2.016524 15.221267 0.151168459 -0.066918028 0.139254979 0.976359629
1785426781.803766 3.303855 -2.019530 15.188802 0.149894087 -0.067146162 0.143745004 0.975889609
1785426781.903766 3.311523 -2.027341 15.228219 0.150385450 -0.067454181 0.141898066 0.976063056
1785426782.003766 3.317917 -2.041940 15.269224 0.150114602 -0.067846627 0.141450696 0.976142480
1785426782.103766 3.325237 -2.043249 15.273554 0.150294069 -0.068055503 0.141624271 0.976075155
1785426782.203766 3.325736 -2.042585 15.271027 0.150303125 -0.068107621 0.141606614 0.976072687
1785426782.303766 3.341965 -2.060290 15.311193 0.150289939 -0.068583054 0.141108542 0.976113558
1785426782.403766 3.341974 -2.060727 15.312502 0.150285883 -0.068599615 0.141088821 0.976115870
1785426782.503766 3.341974 -2.054445 15.346620 0.150780117 -0.068730197 0.141195890 0.976014978
1785426782.603766 3.341366 -2.055219 15.348335 0.151427806 -0.068990868 0.141284940 0.975883418
1785426782.703766 3.341703 -2.059893 15.358794 0.151293102 -0.069237246 0.141308705 0.975883421
1785426782.803766 3.351610 -2.064806 15.401839 0.151878591 -0.070004516 0.140356205 0.975875195
1785426782.903766 3.339170 -2.078842 15.413316 0.151659966 -0.069736883 0.139759247 0.976014024
1785426783.003766 3.339352 -2.086880 15.437966 0.151430350 -0.069691487 0.139460600 0.976095634
1785426783.103766 3.332804 -2.099299 15.545482 0.152335013 -0.069655495 0.138014092 0.976163033
1785426783.203766 3.333586 -2.109037 15.573216 0.152034779 -0.069344716 0.137622612 0.976287229
1785426783.303766 3.333887 -2.116570 15.588350 0.151612997 -0.068864521 0.137211539 0.976444658
1785426783.403766 3.328468 -2.103298 15.543412 0.151346017 -0.068891015 0.139402513 0.976173832
1785426783.503766 3.327689 -2.115756 15.575650 0.151662157 -0.068415052 0.139689269 0.976117247
1785426783.603766 3.322671 -2.114837 15.623516 0.151047749 -0.068421429 0.138988978 0.976312014
1785426783.703766 3.322783 -2.123875 15.649395 0.150814702 -0.068406063 0.138589663 0.976405880
1785426783.803766 3.320698 -2.112914 15.672731 0.151244070 -0.068470972 0.138312902 0.976374159
1785426783.903766 3.320842 -2.122643 15.698763 0.151392575 -0.068008466 0.138154225 0.976405933
1785426784.003766 3.322380 -2.116551 15.746794 0.151979400 -0.067583278 0.137119456 0.976490152
1785426784.103766 3.323728 -2.128271 15.774891 0.152163973 -0.067359693 0.136537093 0.976558457
1785426784.203766 3.313264 -2.150045 15.848269 0.152551493 -0.067055796 0.136980784 0.976456772
1785426784.303766 3.314415 -2.162648 15.883567 0.152517338 -0.066936842 0.136668875 0.976513973
1785426784.403766 3.314855 -2.173563 15.918501 0.152945449 -0.066564566 0.135514685 0.976633308
1785426784.503766 3.317603 -2.193407 15.945497 0.153074442 -0.066927545 0.136689218 0.976424588
1785426784.603766 3.317181 -2.201356 15.966567 0.153240007 -0.066599160 0.136375243 0.976464974
1785426784.703766 3.338665 -2.218612 16.040674 0.153698207 -0.067081387 0.135304047 0.976508968
1785426784.803766 3.337574 -2.229777 16.068666 0.153796742 -0.066649354 0.134892609 0.976579956
1785426784.903766 3.343989 -2.248899 16.119481 0.153086342 -0.066364088 0.134283065 0.976794983
1785426785.003766 3.343881 -2.267397 16.164079 0.153213569 -0.065904429 0.134038473 0.976839750
1785426785.103766 3.342562 -2.279573 16.196658 0.153419406 -0.065886544 0.134279080 0.976775603
1785426785.203766 3.356263 -2.298709 16.253669 0.152457533 -0.065981986 0.132709333 0.977134234
1785426785.303766 3.355425 -2.319563 16.262067 0.151639311 -0.066161276 0.134024132 0.977069975
1785426785.403766 3.354237 -2.329793 16.290781 0.151346095 -0.065137809 0.133373588 0.977273202
1785426785.503766 3.358060 -2.326151 16.330544 0.151613898 -0.063823284 0.133251607 0.977335062
1785426785.603766 3.357937 -2.340564 16.365695 0.151486970 -0.062280679 0.133180982 0.977463882
1785426785.703766 3.361749 -2.358640 16.368770 0.150180404 -0.060228190 0.134580263 0.977602457
1785426785.803766 3.362767 -2.374295 16.410502 0.150087139 -0.057735071 0.134701550 0.977750482
1785426785.903766 3.391454 -2.372089 16.469339 0.150311820 -0.055466577 0.133022619 0.978077092
1785426786.003766 3.393562 -2.392057 16.520998 0.148653418 -0.050495919 0.133448858 0.978541632
1785426786.103766 3.389312 -2.410944 16.518993 0.147447254 -0.047790101 0.134074771 0.978774422
1785426786.203766 3.390515 -2.426712 16.561500 0.147361306 -0.043652932 0.135249607 0.978818988
1785426786.303766 3.394593 -2.442487 16.615411 0.145961976 -0.040861296 0.134687691 0.979226573
1785426786.403766 3.395950 -2.466559 16.684776 0.144789752 -0.037895996 0.134437656 0.979554153
1785426786.503766 3.408531 -2.452247 16.665378 0.144821574 -0.035616307 0.131512449 0.980031972
1785426786.603766 3.408170 -2.473715 16.724222 0.144372490 -0.032580939 0.132405157 0.980083640
1785426786.703766 3.411707 -2.468024 16.740784 0.145013755 -0.029248965 0.132184708 0.980123825
1785426786.803766 3.415317 -2.481774 16.779378 0.144730482 -0.025304694 0.133057365 0.980157384
1785426786.903766 3.418277 -2.500619 16.824867 0.143728901 -0.020523919 0.133238191 0.980391940
1785426787.003766 3.417505 -2.499300 16.866319 0.143214871 -0.015526017 0.132515001 0.980657034
1785426787.103766 3.420543 -2.520102 16.924615 0.143071912 -0.010844348 0.133995595 0.980539652
1785426787.203766 3.418500 -2.532264 16.954627 0.143331948 -0.006882390 0.133004949 0.980672356
1785426787.303766 3.423774 -2.550871 17.004860 0.143323289 -0.003157660 0.133189645 0.980667621
1785426787.403766 3.418898 -2.578449 17.070360 0.143903612 -0.000178125 0.132241262 0.980716048
1785426787.503766 3.421384 -2.593254 17.109576 0.143257862 0.001529035 0.132997638 0.980707130
1785426787.603766 3.434260 -2.619779 17.178379 0.143552689 0.006754876 0.132004164 0.980776171
1785426787.703766 3.445646 -2.626577 17.196752 0.142268023 0.007310296 0.132489350 0.980893950
1785426787.803766 3.450673 -2.637057 17.225071 0.141344731 0.008821676 0.131447125 0.981155186
1785426787.903766 3.455351 -2.672431 17.255735 0.140106690 0.012644721 0.128182665 0.981722685
1785426788.003766 3.460745 -2.683483 17.290531 0.139865470 0.014192539 0.128583780 0.981683469
1785426788.103766 3.466514 -2.692970 17.321572 0.137996959 0.015358742 0.127822484 0.982029715
1785426788.203766 3.478989 -2.706114 17.339004 0.136690018 0.016124621 0.125809863 0.982460032
1785426788.303766 3.485120 -2.725172 17.358058 0.133742986 0.017712408 0.126186665 0.982789911
1785426788.403766 3.490965 -2.739717 17.400002 0.134686884 0.019872907 0.125601285 0.982694677
1785426788.503766 3.501064 -2.756022 17.425225 0.133755096 0.021982799 0.123142057 0.983088177
1785426788.603766 3.504150 -2.774107 17.474886 0.134119769 0.023759310 0.122457077 0.983082726
1785426788.703766 3.512358 -2.777623 17.502435 0.135544216 0.025624648 0.120158865 0.983124097
1785426788.803766 3.515001 -2.792161 17.542534 0.136651218 0.026658089 0.119927768 0.982971577
1785426788.903766 3.520276 -2.801969 17.570514 0.138648216 0.027800332 0.119916116 0.982661660
1785426789.003766 3.515049 -2.818716 17.677415 0.140782479 0.028739101 0.124429329 0.981769678
1785426789.103766 3.512171 -2.836246 17.730285 0.140034206 0.029565210 0.126484008 0.981589586
1785426789.203766 3.517635 -2.845874 17.756458 0.140976140 0.030567849 0.126202981 0.981460209
1785426789.303766 3.499908 -2.899108 17.871437 0.139646585 0.033570974 0.125202750 0.981680239
1785426789.403766 3.500232 -2.914316 17.915726 0.139436376 0.034248775 0.125485143 0.981650649
1785426789.503766 3.498543 -2.925365 17.962918 0.139438828 0.035294674 0.126361329 0.981500848
1785426789.603766 3.499821 -2.942748 18.018817 0.138363732 0.035882699 0.126760029 0.981580259
1785426789.703766 3.501172 -2.957811 18.062462 0.138184226 0.036439582 0.126731116 0.981588764
1785426789.803766 3.508376 -2.970868 18.104861 0.137208393 0.035998047 0.128394290 0.981525804
1785426789.903766 3.512786 -2.978314 18.140386 0.135870387 0.035969731 0.129874943 0.981518169
1785426790.003766 3.520613 -2.980425 18.189231 0.137352185 0.035712139 0.130499963 0.981238391
1785426790.103766 3.521102 -2.994015 18.230665 0.137205401 0.036287746 0.131294027 0.981131875
1785426790.203766 3.516361 -3.022824 18.287811 0.136363490 0.038233289 0.129589459 0.981401949
1785426790.303766 3.517251 -3.048325 18.362793 0.135720670 0.038381272 0.131050204 0.981291303
1785426790.403766 3.517252 -3.048325 18.362794 0.135731034 0.038667043 0.131102472 0.981271669
1785426790.503766 3.517252 -3.048325 18.362794 0.135455911 0.039166091 0.130130160 0.981419306
1785426790.603766 3.517252 -3.048326 18.362795 0.135310924 0.039388168 0.131386455 0.981263026
1785426790.703766 3.536671 -3.099654 18.523063 0.135577395 0.039918761 0.131749316 0.981156145
1785426790.803766 3.536671 -3.099654 18.523063 0.135493776 0.040206000 0.132052964 0.981115146
1785426790.903766 3.536671 -3.099654 18.523063 0.135775093 0.040804674 0.132064468 0.981049988
1785426791.003766 3.536671 -3.099654 18.523064 0.136652614 0.041094726 0.132631997 0.980839457
1785426791.103766 3.536671 -3.099654 18.523064 0.136794663 0.041426316 0.132876811 0.980772570
1785426791.203766 3.536671 -3.099654 18.523065 0.137706721 0.041283113 0.133732783 0.980534602
1785426791.303766 3.536671 -3.099654 18.523065 0.137930245 0.041229177 0.133553287 0.980529919
1785426791.403766 3.536671 -3.099655 18.523066 0.138001654 0.041865621 0.134022893 0.980428823
1785426791.503766 3.536671 -3.099655 18.523066 0.139284002 0.042420052 0.133984877 0.980228830
1785426791.603766 3.536671 -3.099655 18.523067 0.139878332 0.042715303 0.133793674 0.980157491
1785426791.703766 3.536671 -3.099655 18.523067 0.141399990 0.043583257 0.132907512 0.980021498
1785426791.803766 3.536671 -3.099655 18.523067 0.141052367 0.043351350 0.134052857 0.979925876
1785426791.903766 3.536671 -3.099655 18.523067 0.142217594 0.043234485 0.135127431 0.979614982
1785426792.003766 3.536671 -3.099655 18.523067 0.141659713 0.043033140 0.135729907 0.979621390
1785426792.103766 3.546194 -3.236697 18.829863 0.139410886 0.043117058 0.136881007 0.979780136
1785426792.203766 3.546194 -3.236697 18.829863 0.138259144 0.042109093 0.137864197 0.979849323
1785426792.303766 3.546194 -3.236697 18.829863 0.137337642 0.040287220 0.138142564 0.980016298
1785426792.403766 3.572116 -3.362611 19.140676 0.136733486 0.038802393 0.136166270 0.980437186
1785426792.503766 3.572116 -3.362611 19.140676 0.137390486 0.036359287 0.137016923 0.980320468
1785426792.603766 3.572116 -3.362611 19.140676 0.137811373 0.034405748 0.139036114 0.980047565
1785426792.703766 3.588747 -3.444749 19.362915 0.137277888 0.034077133 0.137487810 0.980352300
1785426792.803766 3.588747 -3.444749 19.362915 0.138779888 0.032268584 0.137106491 0.980255421
1785426792.903766 3.588747 -3.444749 19.362916 0.138663097 0.030155706 0.137492621 0.980285141
1785426793.003766 3.588747 -3.444750 19.362919 0.139209743 0.029589622 0.137168439 0.980270331
1785426793.103766 3.588747 -3.444750 19.362919 0.138658220 0.028113524 0.136850210 0.980436407
1785426793.203766 3.588747 -3.444750 19.362919 0.139113999 0.027241700 0.135657072 0.980562259
1785426793.303766 3.588747 -3.444750 19.362919 0.139753355 0.026301135 0.136040483 0.980443898
1785426793.403766 3.588747 -3.444750 19.362920 0.140522573 0.025484009 0.136849456 0.980242928
1785426793.503766 3.588747 -3.444750 19.362920 0.140971155 0.024894264 0.136446773 0.980249809
1785426793.603766 3.588747 -3.444750 19.362921 0.140671203 0.023702709 0.136735060 0.980282264
1785426793.703766 3.614437 -3.547581 19.715785 0.139729727 0.022731982 0.137910466 0.980275249
1785426793.803766 3.614437 -3.547581 19.715785 0.140797438 0.021834280 0.137605953 0.980185670
1785426793.903766 3.614437 -3.547581 19.715786 0.140252358 0.021376666 0.137012544 0.980357015
1785426794.003766 3.614438 -3.547581 19.715788 0.140230115 0.021232752 0.135931553 0.980513793
1785426794.103766 3.614438 -3.547582 19.715789 0.140306285 0.020676864 0.136620087 0.980419077
1785426794.203766 3.614438 -3.547582 19.715789 0.140867326 0.019608970 0.137475633 0.980240958
1785426794.303766 3.614438 -3.547582 19.715789 0.140432598 0.019120147 0.137889066 0.980254921
1785426794.403766 3.614438 -3.547582 19.715789 0.140358654 0.018592003 0.137899829 0.980274157
1785426794.503766 3.625289 -3.653794 20.083118 0.139388525 0.017633984 0.140328725 0.980085573
1785426794.603766 3.625289 -3.653794 20.083118 0.138957272 0.017036938 0.140595745 0.980119103
1785426794.703766 3.654936 -3.734699 20.312430 0.138741997 0.017257844 0.139637368 0.980282730
1785426794.803766 3.658970 -3.770258 20.395018 0.137598181 0.017616794 0.137265983 0.980772369
1785426794.903766 3.679199 -3.780192 20.449663 0.137384462 0.017151591 0.136570801 0.980907615
1785426795.003766 3.684344 -3.793242 20.492196 0.137361178 0.017225796 0.135866110 0.981007430
1785426795.103766 3.678630 -3.810772 20.542424 0.138780469 0.018256770 0.135166941 0.980885605
1785426795.203766 3.684209 -3.836856 20.610501 0.138524616 0.018157562 0.136985176 0.980671349
1785426795.303766 3.691379 -3.838182 20.609198 0.139614538 0.017937184 0.138219492 0.980347597
1785426795.403766 3.690338 -3.851154 20.649308 0.139535552 0.018182048 0.138059404 0.980376889
1785426795.503766 3.700851 -3.870262 20.694668 0.140661920 0.018467730 0.136638358 0.980409673
1785426795.603766 3.699339 -3.890994 20.744605 0.140749703 0.019032522 0.136300634 0.980433282
1785426795.703766 3.703118 -3.907443 20.791490 0.141425532 0.019246339 0.136198172 0.980346089
1785426795.803766 3.713469 -3.926697 20.848592 0.139911512 0.018466102 0.136725388 0.980504941
1785426795.903766 3.727404 -3.935908 20.886215 0.138677721 0.017063762 0.136860722 0.980686729
1785426796.003766 3.717386 -3.938067 20.878140 0.138289242 0.018911190 0.136042630 0.980821521
1785426796.103766 3.718338 -3.946595 20.890563 0.137523606 0.019098524 0.135604567 0.980986190
1785426796.203766 3.717201 -3.961596 20.931615 0.136226195 0.019822942 0.134445386 0.981312342
1785426796.303766 3.718567 -3.980647 20.967280 0.136032035 0.019057532 0.133050084 0.981544584
1785426796.403766 3.717060 -3.996637 21.005902 0.136149444 0.018439285 0.133044089 0.981540927
1785426796.503766 3.725396 -4.008552 21.058302 0.137706534 0.017060472 0.132466109 0.981426809
1785426796.603766 3.730778 -4.022078 21.100395 0.137868411 0.015339799 0.131341283 0.981583649
1785426796.703766 3.732317 -4.036302 21.144704 0.137705832 0.014175501 0.130270908 0.981766596
1785426796.803766 3.739880 -4.053581 21.183828 0.139620002 0.011173244 0.130122292 0.981554687
1785426796.903766 3.748579 -4.079602 21.251552 0.139781522 0.010021203 0.128384150 0.981772994
1785426797.003766 3.751465 -4.093834 21.291831 0.139880984 0.008251888 0.127741189 0.981859158
1785426797.103766 3.758266 -4.101317 21.301565 0.140059934 0.006860096 0.127546555 0.981869660
1785426797.203766 3.761630 -4.107862 21.315182 0.139553708 0.006230180 0.127064461 0.982008437
1785426797.303766 3.765634 -4.122150 21.356118 0.139491249 0.005762824 0.126392456 0.982106882
1785426797.403766 3.767021 -4.126299 21.378324 0.138117587 0.004233235 0.127011575 0.982228930
1785426797.503766 3.767065 -4.143611 21.418227 0.137766117 0.004091704 0.126247526 0.982377380
1785426797.603766 3.768485 -4.160205 21.455813 0.136987320 0.002863588 0.126009818 0.982521145
1785426797.703766 3.762837 -4.180559 21.495646 0.136120427 0.003421227 0.124583238 0.982821724
1785426797.803766 3.762838 -4.199950 21.529895 0.135337197 0.003280349 0.123046176 0.983123960
1785426797.903766 3.764409 -4.219884 21.585569 0.136606378 0.002084049 0.123509450 0.982893570
1785426798.003766 3.766853 -4.236590 21.625968 0.136431385 0.001220542 0.122217282 0.983080833
1785426798.103766 3.771245 -4.254899 21.668693 0.136279939 0.000207140 0.121524287 0.983188478
1785426798.203766 3.769623 -4.272988 21.717653 0.136402346 0.000120513 0.120644062 0.983279917
1785426798.303766 3.770526 -4.299871 21.777660 0.136753265 0.000023247 0.119733195 0.983342517
1785426798.403766 3.758332 -4.344048 21.859259 0.137175979 0.001493974 0.118773116 0.983398935
1785426798.503766 3.753708 -4.363661 21.891816 0.137073779 0.001822793 0.117709887 0.983540461
1785426798.603766 3.745186 -4.398889 21.944345 0.134860998 0.001977465 0.116777559 0.983957114
1785426798.703766 3.732630 -4.436461 22.005419 0.132297926 0.002675977 0.115777862 0.984421447
1785426798.803766 3.731808 -4.454689 22.050706 0.131964995 0.002821772 0.115239546 0.984528885
1785426798.903766 3.730442 -4.475619 22.090575 0.131493058 0.003152645 0.115118894 0.984605137
1785426799.003766 3.709944 -4.522059 22.142997 0.128510405 0.005173912 0.114164863 0.985101360
1785426799.103766 3.695240 -4.564004 22.212936 0.126841801 0.006971544 0.112376293 0.985512112
1785426799.203766 3.708973 -4.567309 22.265386 0.126814359 0.005678221 0.111849788 0.985583838
1785426799.303766 3.688509 -4.609596 22.334903 0.127114955 0.007163114 0.112527907 0.985458243
1785426799.403766 3.692856 -4.623162 22.349139 0.125681154 0.006796361 0.111186342 0.985796964
1785426799.503766 3.687936 -4.654859 22.394502 0.124851205 0.007360297 0.110762516 0.985946077
1785426799.603766 3.691354 -4.669386 22.427388 0.123423272 0.006822103 0.111416978 0.986055988
1785426799.703766 3.687031 -4.700993 22.499490 0.124541438 0.007774847 0.111601382 0.985887475
1785426799.803766 3.695793 -4.725634 22.554595 0.124594858 0.008118746 0.110639166 0.985986401
1785426799.903766 3.707544 -4.758130 22.613622 0.124556748 0.007802426 0.109346693 0.986137941
1785426800.003766 3.708844 -4.806947 22.715472 0.124718362 0.007921953 0.109576921 0.986091006
1785426800.103766 3.728069 -4.843327 22.762438 0.123832291 0.007774901 0.107748099 0.986405323
1785426800.203766 3.732353 -4.864209 22.818075 0.124881930 0.007237780 0.108766889 0.986165241
1785426800.303766 3.751905 -4.887773 22.861391 0.123988143 0.006830533 0.107255053 0.986446470
1785426800.403766 3.754962 -4.914082 22.926197 0.125272193 0.006633101 0.107742305 0.986232465
1785426800.503766 3.756381 -4.927026 22.953439 0.126056516 0.006709525 0.108104891 0.986092323
1785426800.603766 3.774663 -4.961706 23.025587 0.126408275 0.006022650 0.108428143 0.986016234
1785426800.703766 3.776412 -4.980861 23.067812 0.125285272 0.006089590 0.107886378 0.986218559
1785426800.803766 3.783758 -5.005330 23.126627 0.125518770 0.005390344 0.109630093 0.986000621
1785426800.903766 3.786635 -5.022952 23.172469 0.124826950 0.005105513 0.109684269 0.986083935
1785426801.003766 3.790754 -5.051311 23.234299 0.124369194 0.004812294 0.109921414 0.986116843
1785426801.103766 3.793065 -5.080590 23.297203 0.122339702 0.004666427 0.110250941 0.986334604
1785426801.203766 3.789673 -5.085223 23.282064 0.120848588 0.003918877 0.112765494 0.986237398
1785426801.303766 3.792993 -5.105914 23.331466 0.121260009 0.004032526 0.111759340 0.986300968
1785426801.403766 3.799523 -5.125996 23.377834 0.120846373 0.003474785 0.111201077 0.986416951
1785426801.503766 3.802890 -5.145857 23.424013 0.122448966 0.003661262 0.111204037 0.986218286
1785426801.603766 3.800173 -5.165142 23.474951 0.124145619 0.003124451 0.113374761 0.985760755
1785426801.703766 3.797255 -5.179486 23.500187 0.125153457 0.003007710 0.114718779 0.985478142
1785426801.803766 3.804340 -5.196428 23.539689 0.126275465 0.002932440 0.115605021 0.985231641
1785426801.903766 3.799582 -5.216893 23.581196 0.126096851 0.002850641 0.118693981 0.984887403
1785426802.003766 3.802872 -5.236924 23.627789 0.124266095 0.003013711 0.118293947 0.985167700
1785426802.103766 3.807799 -5.274551 23.702103 0.120726740 0.002919652 0.116917630 0.985772183
1785426802.203766 3.810634 -5.309185 23.746921 0.119505678 0.002701493 0.117348823 0.985870351
1785426802.303766 3.832644 -5.312734 23.743532 0.116810065 0.001177467 0.116000335 0.986355891
1785426802.403766 3.844021 -5.316753 23.760766 0.115685060 0.000373016 0.115550751 0.986541865
1785426802.503766 3.871992 -5.297359 23.724374 0.113993611 -0.001200802 0.113674738 0.986955961
1785426802.603766 3.875495 -5.314242 23.762935 0.114237831 -0.001333343 0.113667034 0.986928440
1785426802.703766 3.879756 -5.340264 23.815081 0.113715869 -0.001231339 0.114845047 0.986852471
1785426802.803766 3.884315 -5.345194 23.824827 0.110769148 -0.002010465 0.114702019 0.987202918
1785426802.903766 3.890432 -5.363875 23.874623 0.110916264 -0.002474282 0.116012491 0.987032199
1785426803.003766 3.903028 -5.366343 23.874183 0.108956809 -0.003397805 0.115036298 0.987361899
1785426803.103766 3.903439 -5.382841 23.916873 0.108657374 -0.003656719 0.115264155 0.987367398
1785426803.203766 3.904555 -5.402204 23.956911 0.107827335 -0.003912454 0.115756817 0.987399776
1785426803.303766 3.917966 -5.431804 24.004761 0.106684438 -0.004210930 0.114930457 0.987619202
1785426803.403766 3.919464 -5.447676 24.040350 0.106519115 -0.004138693 0.114745208 0.987658892
1785426803.503766 3.923239 -5.473998 24.105065 0.105876315 -0.004284293 0.114879688 0.987711753
1785426803.603766 3.929293 -5.488091 24.145277 0.105844959 -0.004633539 0.115982837 0.987584607
1785426803.703766 3.942086 -5.509675 24.200991 0.105104300 -0.005805352 0.115793588 0.987679720
1785426803.803766 3.944938 -5.528448 24.247669 0.104748248 -0.006161264 0.115842939 0.987709601
1785426803.903766 3.955505 -5.563534 24.324430 0.103084872 -0.006411236 0.115390377 0.987935963
1785426804.003766 3.962418 -5.609169 24.440133 0.102279525 -0.005756210 0.114549458 0.988121544
1785426804.103766 3.963908 -5.628109 24.480087 0.101785662 -0.005815517 0.114374431 0.988192465
1785426804.203766 3.969038 -5.653955 24.526942 0.099644619 -0.005709148 0.113617983 0.988498513
1785426804.303766 3.972618 -5.678746 24.587094 0.099874416 -0.005989211 0.114082260 0.988420188
1785426804.403766 3.980588 -5.704398 24.640668 0.099616132 -0.006729259 0.114471510 0.988396488
1785426804.503766 3.983128 -5.720420 24.677389 0.099523852 -0.007005520 0.114581953 0.988391067
1785426804.603766 3.994085 -5.742774 24.712081 0.099268226 -0.007482692 0.113637647 0.988522288
1785426804.703766 3.996726 -5.760497 24.756591 0.099631953 -0.007466915 0.114266934 0.988413267
1785426804.803766 4.014341 -5.781883 24.780955 0.098535466 -0.008256390 0.112431226 0.988727371
1785426804.903766 4.017528 -5.808568 24.843208 0.097724040 -0.008090840 0.111472862 0.988917768
1785426805.003766 4.028701 -5.839020 24.876892 0.096909552 -0.008772543 0.111260187 0.989016053
1785426805.103766 4.032679 -5.860980 24.934881 0.096607878 -0.009051892 0.111345825 0.989033411
1785426805.203766 4.067139 -5.886521 25.013618 0.096311463 -0.010634804 0.110744541 0.989114073
1785426805.303766 4.047118 -5.910617 25.023807 0.094251087 -0.010042202 0.110812393 0.989311124
1785426805.403766 4.083092 -5.889604 24.988042 0.094095433 -0.012877116 0.112481189 0.989104753
1785426805.503766 4.133087 -5.888242 24.966032 0.092267084 -0.016645144 0.110943882 0.989394350
1785426805.603766 4.137582 -5.908166 25.009160 0.090866637 -0.017063884 0.110650965 0.989549616
1785426805.703766 4.123862 -5.924524 25.068045 0.088575465 -0.018002214 0.111773456 0.989614572
1785426805.803766 4.157248 -5.943055 25.125917 0.086079515 -0.019506584 0.110377450 0.989962943
1785426805.903766 4.160290 -5.961947 25.172462 0.083473360 -0.019710491 0.110982573 0.990114419
1785426806.003766 4.169182 -5.984694 25.232475 0.081326715 -0.021038992 0.111760760 0.990178196
1785426806.103766 4.181310 -5.994323 25.256488 0.080666624 -0.022575090 0.112143843 0.990155048
1785426806.203766 4.184082 -6.013376 25.290137 0.079205699 -0.022444934 0.111892846 0.990304334
1785426806.303766 4.186889 -6.022156 25.321639 0.079181519 -0.023103656 0.112707307 0.990198753
1785426806.403766 4.200558 -6.047371 25.394561 0.079945890 -0.023781799 0.114045005 0.989968089
1785426806.503766 4.202769 -6.066422 25.446238 0.079598285 -0.023884280 0.114461127 0.989945607
1785426806.603766 4.219208 -6.086746 25.480195 0.079932298 -0.026409463 0.115943431 0.989682014
1785426806.703766 4.221132 -6.105385 25.527908 0.080212055 -0.026610181 0.116257619 0.989617143
1785426806.803766 4.235078 -6.124806 25.562165 0.079319399 -0.028952226 0.116869770 0.989551241
1785426806.903766 4.229370 -6.142984 25.617939 0.078608007 -0.029994402 0.119238687 0.989294321
1785426807.003766 4.232306 -6.161219 25.664515 0.078066550 -0.030068674 0.119330477 0.989323873
1785426807.103766 4.275934 -6.177880 25.677363 0.075437122 -0.034231143 0.118633640 0.989476391
1785426807.203766 4.280769 -6.216370 25.775667 0.072144639 -0.035016044 0.120092761 0.989518447
1785426807.303766 4.301641 -6.224800 25.796465 0.071147796 -0.038390194 0.121039169 0.989350142
1785426807.403766 4.305273 -6.246714 25.853042 0.070537791 -0.038996580 0.120974922 0.989377964
1785426807.503766 4.337290 -6.270484 25.921131 0.070365614 -0.043107434 0.123165965 0.988949228
1785426807.603766 4.341193 -6.288612 25.964553 0.069621957 -0.043243207 0.123548242 0.988948250
1785426807.703766 4.364156 -6.312091 26.003170 0.066468048 -0.047057990 0.122800742 0.989084183
1785426807.803766 4.361506 -6.355307 26.032159 0.064390220 -0.046309300 0.118428900 0.989789848
1785426807.903766 4.361506 -6.355307 26.032159 0.064358628 -0.047119686 0.117048723 0.989917824
1785426808.003766 4.361506 -6.355307 26.032159 0.062606800 -0.044664043 0.118633379 0.989955369
1785426808.103766 4.322115 -6.402310 26.130359 0.060018434 -0.046088126 0.117476660 0.990188319
1785426808.203766 4.319748 -6.410417 26.214293 0.060092103 -0.045888865 0.118630361 0.990055548
1785426808.303766 4.312996 -6.428782 26.278840 0.059737594 -0.045047419 0.117974395 0.990194017
1785426808.403766 4.307272 -6.441055 26.331931 0.059608039 -0.044834929 0.117686761 0.990245695
1785426808.503766 4.294203 -6.463257 26.416830 0.059856535 -0.044025966 0.117872932 0.990244859
1785426808.603766 4.286610 -6.478214 26.476291 0.059442862 -0.043356992 0.117371464 0.990358853
1785426808.703766 4.279591 -6.488800 26.519174 0.060044347 -0.042628966 0.117148853 0.990380530
1785426808.803766 4.269367 -6.505964 26.601477 0.061039936 -0.042005601 0.117025816 0.990360850
1785426808.903766 4.261977 -6.515223 26.641701 0.061849655 -0.041155888 0.116661217 0.990389304
1785426809.003766 4.254326 -6.530966 26.705452 0.062297515 -0.040299532 0.116399378 0.990427257
1785426809.103766 4.250455 -6.542491 26.755185 0.062021025 -0.039368729 0.115087888 0.990635288
1785426809.203766 4.238945 -6.565529 26.845598 0.060635900 -0.038858462 0.113666982 0.990905205
1785426809.303766 4.236150 -6.578035 26.879831 0.060459076 -0.038432421 0.114281473 0.990861945
1785426809.403766 4.227143 -6.599715 26.950908 0.059156766 -0.038058393 0.114082342 0.990977929
1785426809.503766 4.218198 -6.625202 27.029835 0.057351225 -0.037485247 0.113743975 0.991144793
1785426809.603766 4.210999 -6.642920 27.098171 0.056371906 -0.037153564 0.113705390 0.991217890
1785426809.703766 4.204265 -6.658170 27.160445 0.055307143 -0.036686026 0.113705191 0.991295307
1785426809.803766 4.202356 -6.666517 27.201395 0.053870688 -0.036287755 0.113006883 0.991468906
1785426809.903766 4.199223 -6.681569 27.268799 0.052631052 -0.035885802 0.112452375 0.991613153
1785426810.003766 4.191010 -6.702394 27.337364 0.052169415 -0.035618752 0.112884265 0.991598104
1785426810.103766 4.192695 -6.708518 27.374491 0.051674926 -0.035566680 0.114320966 0.991461260
1785426810.203766 4.186180 -6.723553 27.441485 0.052539929 -0.035050714 0.114679059 0.991392817
1785426810.303766 4.180827 -6.742980 27.516081 0.053016235 -0.034437865 0.113997458 0.991467545
1785426810.403766 4.173501 -6.761220 27.582875 0.053224177 -0.034122322 0.114333607 0.991428606
1785426810.503766 4.165333 -6.779178 27.651222 0.053147140 -0.033388725 0.114478836 0.991440957
1785426810.603766 4.160731 -6.794097 27.702455 0.053987654 -0.032279450 0.113364693 0.991560294
1785426810.703766 4.162907 -6.806210 27.735018 0.053107195 -0.032167593 0.112887621 0.991665900
1785426810.803766 4.157213 -6.822869 27.797763 0.053373722 -0.031822331 0.113715380 0.991568151
1785426810.903766 4.158254 -6.832931 27.819511 0.052622592 -0.031349483 0.113751072 0.991619265
1785426811.003766 4.144829 -6.866872 27.933888 0.053068639 -0.030039474 0.113718697 0.991639757
1785426811.103766 4.136347 -6.887706 28.003905 0.053019844 -0.029348349 0.113768019 0.991657405
1785426811.203766 4.134845 -6.890385 27.981939 0.052337098 -0.028631904 0.113519482 0.991743096
1785426811.303766 4.122290 -6.918438 28.071281 0.052389557 -0.027027105 0.112099959 0.991946808
1785426811.403766 4.119108 -6.926207 28.053093 0.050738349 -0.026150378 0.112129917 0.992052750
1785426811.503766 4.112048 -6.945042 28.117673 0.050822034 -0.025738583 0.112700193 0.991994613
1785426811.603766 4.105060 -6.959550 28.126066 0.048015698 -0.024592890 0.112939391 0.992136269
1785426811.703766 4.091340 -6.995042 28.233394 0.045440358 -0.023264134 0.112040387 0.992391508
1785426811.803766 4.084159 -7.006082 28.263467 0.043584296 -0.022751721 0.111443667 0.992553816
1785426811.903766 4.074710 -7.022829 28.325994 0.042049677 -0.021787380 0.110828768 0.992710491
1785426812.003766 4.065946 -7.049610 28.391497 0.038145258 -0.020475871 0.109957177 0.992993000
1785426812.103766 4.059679 -7.074825 28.459353 0.036409172 -0.019655468 0.108788785 0.993203421
1785426812.203766 4.052118 -7.087301 28.496560 0.034213480 -0.019214792 0.109133670 0.993252270
1785426812.303766 4.045523 -7.098384 28.588487 0.032082780 -0.018492683 0.110805791 0.993151948
1785426812.403766 4.038436 -7.129480 28.684661 0.030366064 -0.017582429 0.110713194 0.993232777
1785426812.503766 4.036334 -7.146655 28.732733 0.029832428 -0.016987110 0.110912268 0.993237098
1785426812.603766 4.034389 -7.169117 28.873552 0.030828519 -0.016707787 0.112084418 0.993079823
1785426812.703766 4.037578 -7.185405 28.967911 0.030138967 -0.015836043 0.112723661 0.993042919
1785426812.803766 4.033388 -7.204294 29.044739 0.030136186 -0.014852758 0.111956904 0.993144933
1785426812.903766 4.026766 -7.225518 29.135519 0.029688065 -0.014049415 0.111707207 0.993198234
1785426813.003766 4.026163 -7.246875 29.197520 0.028186428 -0.013306761 0.112820200 0.993126406
1785426813.103766 4.013073 -7.281716 29.335053 0.025954039 -0.012142608 0.112608683 0.993226172
1785426813.203766 4.017174 -7.305817 29.360757 0.022621997 -0.011598058 0.112897309 0.993281394
1785426813.303766 4.009484 -7.330152 29.447176 0.020453000 -0.010572786 0.112270391 0.993410917
1785426813.403766 3.992221 -7.345037 29.538417 0.018818298 -0.009132581 0.111024981 0.993597464
1785426813.503766 3.978174 -7.373728 29.675530 0.016651075 -0.007112489 0.110793086 0.993678543
1785426813.603766 3.958123 -7.396604 29.781862 0.013360816 -0.005448300 0.109445202 0.993888099
1785426813.703766 3.956413 -7.411939 29.833859 0.011938279 -0.004433052 0.110577879 0.993785871
1785426813.803766 3.949674 -7.438998 29.965223 0.010968917 -0.002899268 0.111553242 0.993693691
1785426813.903766 3.946559 -7.460326 29.960179 0.007799645 -0.000907128 0.112472523 0.993623809
1785426814.003766 3.926124 -7.483769 30.079731 0.005659939 0.000663279 0.110747004 0.993832293
1785426814.103766 3.930742 -7.500469 30.070095 0.003022024 0.001867927 0.111679736 0.993737901
1785426814.203766 3.875545 -7.510067 30.326282 0.002737401 0.005234350 0.110423575 0.993867065
1785426814.303766 3.850273 -7.527590 30.484747 0.001271313 0.006825874 0.107882684 0.994139385
1785426814.403766 3.870176 -7.529632 30.489629 -0.003071818 0.006808329 0.112436573 0.993630831
1785426814.503766 3.827654 -7.568389 30.636766 -0.008063495 0.010295976 0.107947073 0.994070622
1785426814.603766 3.847408 -7.569573 30.673893 -0.013389651 0.009899552 0.113852670 0.993358085
1785426814.703766 3.820552 -7.601810 30.738455 -0.016836196 0.012641282 0.110175111 0.993689179
1785426814.803766 3.829484 -7.597317 30.767378 -0.020209433 0.013045881 0.113708828 0.993222878
1785426814.903766 3.797376 -7.620240 30.891127 -0.023221656 0.015354296 0.110145242 0.993525554
1785426815.003766 3.818111 -7.615271 30.877072 -0.025815628 0.014518582 0.115344350 0.992883903
1785426815.103766 3.801506 -7.624837 30.957563 -0.026387159 0.013767910 0.114449576 0.992983110
1785426815.203766 3.797780 -7.630334 31.021018 -0.030103977 0.010207259 0.116593558 0.992670894
1785426815.303766 3.757881 -7.701057 30.788544 -0.035379155 0.013236224 0.112373915 0.992947743
1785426815.403766 3.742035 -7.745901 30.504710 -0.040210184 0.015034616 0.111734815 0.992810371
1785426815.503766 3.723236 -7.783994 30.288618 -0.043889578 0.008543736 0.103692453 0.993603837
1785426815.603766 3.696185 -7.801739 30.269936 -0.043598446 -0.008078831 0.095813202 0.994411252
1785426815.703766 3.775718 -7.762694 30.499508 -0.039961605 -0.041375160 0.090080418 0.994271937
1785426815.803766 3.815682 -7.753591 30.556265 -0.038819432 -0.059860593 0.093956725 0.993016563
1785426815.903766 3.821235 -7.748946 30.593088 -0.037396644 -0.073175755 0.096558186 0.991929088
1785426816.003766 3.806583 -7.747799 30.600193 -0.036530903 -0.087898097 0.103153953 0.990100338
1785426816.103766 3.738904 -7.725531 30.807376 -0.031252417 -0.105983785 0.101698699 0.988659749
1785426816.203766 3.687437 -7.699522 30.982385 -0.026073742 -0.124226390 0.098473116 0.987011150
1785426816.303766 3.652227 -7.664815 31.239094 -0.018519186 -0.151749833 0.103145058 0.982847966
1785426816.403766 3.645597 -7.662603 31.250526 -0.016984163 -0.162648134 0.102684056 0.981179447
1785426816.503766 3.626289 -7.663013 31.296704 -0.014709227 -0.172572694 0.104700490 0.979305933
1785426816.603766 3.624212 -7.661666 31.294530 -0.013420944 -0.183379230 0.105165859 0.977308589
1785426816.703766 3.616678 -7.661079 31.317036 -0.009950856 -0.200849679 0.103784392 0.974058103
1785426816.803766 3.611754 -7.648795 31.417392 -0.006800580 -0.217023095 0.107444426 0.970211536
1785426816.903766 3.606066 -7.649213 31.467685 -0.004989325 -0.229917314 0.109942473 0.966967315
1785426817.003766 3.602296 -7.651224 31.503052 -0.003493463 -0.242800401 0.110120243 0.963799405
1785426817.103766 3.602455 -7.653752 31.531707 -0.002719759 -0.253549041 0.111543482 0.960866036
1785426817.203766 3.597939 -7.658821 31.578665 -0.003158984 -0.258990043 0.112138024 0.959343131
1785426817.303766 3.593560 -7.661993 31.615876 -0.003447779 -0.262917740 0.112905366 0.958183048
1785426817.403766 3.589967 -7.669371 31.662180 -0.003860415 -0.268858804 0.114850461 0.956299855
1785426817.503766 3.586945 -7.673611 31.693243 -0.004396190 -0.273444093 0.116039137 0.954852826
1785426817.603766 3.581554 -7.681624 31.724163 -0.005233805 -0.277029140 0.117019400 0.953694879
1785426817.703766 3.575860 -7.687562 31.763883 -0.006505913 -0.284734853 0.119252232 0.951137552
1785426817.803766 3.577798 -7.694546 31.772890 -0.007168432 -0.291823012 0.119456244 0.948956347
1785426817.903766 3.577310 -7.699560 31.799030 -0.005786757 -0.300111951 0.120008088 0.946307238
1785426818.003766 3.471979 -7.680408 32.019387 -0.001658214 -0.309434142 0.127078068 0.942390008
1785426818.103766 3.652675 -7.797595 31.328026 -0.020905941 -0.306744799 0.141545761 0.940975753
1785426818.203766 3.667469 -7.822825 31.277484 -0.024971145 -0.312621037 0.139788901 0.939203701
1785426818.303766 3.658124 -7.836940 31.263060 -0.026239073 -0.319249422 0.138752461 0.937090749
1785426818.403766 3.648958 -7.851038 31.248505 -0.027505659 -0.325861500 0.137708934 0.934929928
1785426818.503766 3.648958 -7.851038 31.248505 -0.028672740 -0.333451766 0.136396430 0.932407533
1785426818.603766 3.648958 -7.851038 31.248505 -0.027691360 -0.347091566 0.135783018 0.927536309
1785426818.703766 3.648958 -7.851038 31.248505 -0.025505407 -0.360422100 0.136017307 0.922466626
1785426818.803766 3.648958 -7.851038 31.248505 -0.021257498 -0.376846412 0.134706691 0.916181755
1785426818.903766 3.648958 -7.851038 31.248505 -0.018418247 -0.389911335 0.134284007 0.910822554
1785426819.003766 3.648958 -7.851038 31.248505 -0.017014654 -0.401987237 0.133945720 0.905635306
1785426819.103766 3.648958 -7.851038 31.248505 -0.016865055 -0.410947999 0.133083016 0.901735118
1785426819.203766 3.648958 -7.851038 31.248505 -0.016311390 -0.418722863 0.132553934 0.898239699
1785426819.303766 3.603224 -7.847188 31.391270 -0.013083591 -0.433473167 0.130909360 0.891511398
1785426819.403766 3.603224 -7.847188 31.391270 -0.009652387 -0.449143569 0.130954686 0.883757747
1785426819.503766 3.603224 -7.847188 31.391270 -0.007435326 -0.464678063 0.129351642 0.875949294
1785426819.603766 3.603224 -7.847188 31.391270 -0.006120446 -0.475831014 0.128917698 0.870015869
1785426819.703766 3.603224 -7.847188 31.391270 -0.004299748 -0.485868234 0.129037807 0.864443645
1785426819.803766 3.603224 -7.847188 31.391270 -0.001328955 -0.504519099 0.125982733 0.854158688
1785426819.903766 3.603224 -7.847188 31.391270 -0.001083715 -0.514449451 0.124529848 0.848429670
1785426820.003766 3.603224 -7.847188 31.391270 0.000221036 -0.517952538 0.126525172 0.846000296
1785426820.103766 3.619863 -7.840123 31.543231 0.003413662 -0.537448819 0.123212076 0.834239713
1785426820.203766 3.619863 -7.840123 31.543231 0.006705619 -0.553190401 0.119495997 0.824412592
1785426820.303766 3.619863 -7.840123 31.543231 0.009109394 -0.566939382 0.116208922 0.815470565
1785426820.403766 3.619863 -7.840123 31.543231 0.010145186 -0.572464142 0.114120903 0.811885645
1785426820.503766 3.619863 -7.840123 31.543231 0.010471627 -0.587168177 0.113754043 0.801363771
1785426820.603766 3.619863 -7.840123 31.543231 0.012287980 -0.597799956 0.111935177 0.793696878
1785426820.703766 3.619863 -7.840123 31.543231 0.013310306 -0.605943519 0.110801367 0.787641000
1785426820.803766 3.619863 -7.840123 31.543231 0.014031335 -0.615640515 0.109235581 0.780293192
1785426820.903766 3.619863 -7.840123 31.543231 0.015268477 -0.625609756 0.108188261 0.772447155
1785426821.003766 3.619863 -7.840123 31.543231 0.016566800 -0.633463201 0.107342404 0.766111951
1785426821.103766 3.619863 -7.840123 31.543231 0.016819671 -0.640280863 0.107040007 0.760460355
1785426821.203766 3.619863 -7.840123 31.543231 0.017455872 -0.647086645 0.107884568 0.754542965
1785426821.303766 3.619863 -7.840123 31.543231 0.014028011 -0.652896614 0.109379386 0.749376658
1785426821.403766 3.619863 -7.840123 31.543231 0.016184300 -0.661310717 0.108649845 0.742025212
1785426821.503766 3.619863 -7.840123 31.543231 0.018040615 -0.669370046 0.107418221 0.734901084
1785426821.603766 3.619858 -7.840125 31.543231 0.017711832 -0.676259745 0.106955548 0.728642271
1785426821.703766 3.619858 -7.840125 31.543231 0.017610811 -0.682563579 0.105982649 0.722886228
1785426821.803766 3.619858 -7.840125 31.543231 0.016061205 -0.689766516 0.104850402 0.716219648
1785426821.903766 3.619855 -7.840127 31.543232 0.014811386 -0.697288990 0.103523288 0.709120312
1785426822.003766 3.619854 -7.840128 31.543232 0.014671481 -0.706129186 0.102394190 0.700486795
1785426822.103766 3.619854 -7.840128 31.543232 0.014110007 -0.711791187 0.101369461 0.694894557
1785426822.203766 3.619854 -7.840128 31.543232 0.013501600 -0.716562949 0.100745457 0.690076517
1785426822.303766 3.619854 -7.840128 31.543232 0.013260463 -0.722369361 0.100228488 0.684076689
1785426822.403766 3.619855 -7.840127 31.543232 0.012137005 -0.733513806 0.099651475 0.672220033
1785426822.503766 3.619855 -7.840127 31.543232 0.014577469 -0.744154218 0.097987804 0.660621214
1785426822.603766 3.619855 -7.840127 31.543232 0.013942698 -0.751925662 0.097241870 0.651887581
1785426822.703766 3.619855 -7.840127 31.543232 0.014095113 -0.763352651 0.096512963 0.638575999
1785426822.803766 3.619855 -7.840127 31.543232 0.015557099 -0.775227523 0.094899407 0.624319122
1785426822.903766 3.619855 -7.840127 31.543232 0.017013656 -0.786831832 0.093252731 0.609844350
1785426823.003766 3.619855 -7.840127 31.543232 0.020840357 -0.802475570 0.092080895 0.589168692
1785426823.103766 3.619855 -7.840127 31.543232 0.021165312 -0.813051721 0.090278018 0.574759782
1785426823.203766 3.619855 -7.840127 31.543232 0.023889586 -0.821592629 0.090204422 0.562385990
1785426823.303766 3.619855 -7.840127 31.543232 0.025245277 -0.831575652 0.088726513 0.547697195
1785426823.403766 3.619855 -7.840127 31.543232 0.029582567 -0.846690283 0.085494505 0.524338752
1785426823.503766 3.619855 -7.840127 31.543232 0.032886369 -0.858583338 0.083357852 0.504781741
1785426823.603766 3.619855 -7.840127 31.543232 0.036710313 -0.866728633 0.082385913 0.490557225
1785426823.703766 3.582049 -7.853532 31.517831 0.038117306 -0.874251863 0.081570033 0.477050396
1785426823.803766 3.550188 -7.863837 31.493412 0.041458432 -0.883985906 0.080176789 0.458717558
1785426823.903766 3.514996 -7.871090 31.461663 0.042317909 -0.890618553 0.079273343 0.445784169
1785426824.003766 3.488086 -7.881609 31.437766 0.044142393 -0.896372334 0.078238282 0.434104664
1785426824.103766 3.447190 -7.895922 31.411014 0.044383373 -0.898899823 0.077495756 0.428956445
1785426824.203766 3.416211 -7.906291 31.386946 0.045180339 -0.900357165 0.077437204 0.425815913
1785426824.303766 3.389025 -7.913252 31.367442 0.045194430 -0.901439392 0.077491762 0.423508576
1785426824.403766 3.363011 -7.921080 31.347633 0.046071652 -0.902377838 0.078410616 0.421240330
1785426824.503766 3.327303 -7.930707 31.321380 0.046475702 -0.903092857 0.078101179 0.419718367
1785426824.603766 3.299081 -7.939578 31.302076 0.046640372 -0.902776305 0.078630587 0.420281869
1785426824.703766 3.266121 -7.943737 31.270225 0.047429040 -0.902973124 0.079853742 0.419539513
1785426824.803766 3.236764 -7.951908 31.251157 0.047631586 -0.903381140 0.080519342 0.418509718
1785426824.903766 3.194214 -7.964763 31.220179 0.048616319 -0.903947881 0.080022869 0.417266128
1785426825.003766 3.152501 -7.975318 31.188738 0.049024371 -0.902822944 0.080796489 0.419498832
1785426825.103766 3.110668 -7.985265 31.162482 0.048667305 -0.901890117 0.082027364 0.421304191
1785426825.203766 3.056016 -7.998426 31.130410 0.048982378 -0.900966572 0.083072863 0.423035297
1785426825.303766 3.022245 -8.009449 31.111236 0.048694590 -0.899369118 0.084358291 0.426201484
1785426825.403766 2.988002 -8.019021 31.097022 0.048349635 -0.897744559 0.085370203 0.429451916
1785426825.503766 2.953602 -8.027959 31.075410 0.047769150 -0.896129648 0.085360243 0.432878033
1785426825.603766 2.905882 -8.043957 31.050872 0.047330766 -0.892331701 0.086552657 0.440468582
1785426825.703766 2.850791 -8.058439 31.023662 0.046437709 -0.886700910 0.087035769 0.451696590
1785426825.803766 2.811488 -8.066910 31.000859 0.045325218 -0.881127124 0.088845935 0.462241295
1785426825.903766 2.773188 -8.076757 30.978955 0.045449156 -0.878171552 0.088922716 0.467805354
1785426826.003766 2.710487 -8.094031 30.949085 0.043566103 -0.875429522 0.088120214 0.473244096
1785426826.103766 2.670774 -8.098349 30.923332 0.042075881 -0.874141547 0.088187558 0.475740613
1785426826.203766 2.635975 -8.104334 30.901217 0.041168732 -0.874552317 0.087953416 0.475107963
1785426826.303766 2.580928 -8.114124 30.865395 0.040869259 -0.875110000 0.088210382 0.474058140
1785426826.403766 2.545141 -8.122796 30.846165 0.040664771 -0.874970766 0.087272539 0.474506101
1785426826.503766 2.493929 -8.138834 30.795760 0.039869485 -0.874642643 0.087131527 0.475203923
1785426826.603766 2.427695 -8.158258 30.753078 0.040306404 -0.874431949 0.086591866 0.475653244
1785426826.703766 2.361266 -8.176151 30.711897 0.040869983 -0.874395289 0.087217727 0.475558189
1785426826.803766 2.306171 -8.189883 30.667486 0.040686773 -0.874484272 0.087679209 0.475325363
1785426826.903766 2.241348 -8.205769 30.609281 0.039884325 -0.874162569 0.089310005 0.475681370
1785426827.003766 2.199850 -8.214976 30.580185 0.039776468 -0.874571148 0.090376292 0.474737048
1785426827.103766 2.138443 -8.227457 30.526270 0.038761313 -0.875658543 0.090709247 0.472748887
1785426827.203766 2.061911 -8.249113 30.465360 0.039911051 -0.880108762 0.088676782 0.464706469
1785426827.303766 2.034813 -8.255111 30.449296 0.040526446 -0.883672943 0.088380741 0.457895820
1785426827.403766 2.030107 -8.260212 30.437675 0.041346250 -0.884665277 0.087820545 0.456010293
1785426827.503766 2.025740 -8.259582 30.425956 0.042258434 -0.888636755 0.087358580 0.448226974
1785426827.603766 2.014988 -8.255412 30.410596 0.042650263 -0.892639645 0.087425303 0.440150243
1785426827.703766 2.011049 -8.255226 30.405957 0.042007854 -0.890482106 0.088259322 0.444395376
1785426827.803766 2.011354 -8.255849 30.405103 0.041905771 -0.890004340 0.088246878 0.445363526
1785426827.903766 2.006902 -8.256680 30.394974 0.041153447 -0.889771089 0.088791157 0.445791356
1785426828.003766 2.006843 -8.256468 30.394685 0.041139689 -0.889759250 0.088847874 0.445804955
1785426828.103766 2.005235 -8.256766 30.401476 0.040917909 -0.889922750 0.088723132 0.445523769
1785426828.203766 2.005298 -8.256887 30.401446 0.040924188 -0.889911657 0.088722143 0.445545547
1785426828.303766 2.005073 -8.257306 30.401609 0.040921227 -0.889909189 0.088710728 0.445553022
1785426828.403766 1.999742 -8.258624 30.397251 0.040179114 -0.889926869 0.089000642 0.445527433
1785426828.503766 1.999829 -8.258606 30.397569 0.040175645 -0.889924834 0.089010096 0.445529921
1785426828.603766 1.995993 -8.255519 30.397095 0.039518985 -0.890012398 0.089617623 0.445291884
1785426828.703766 1.996067 -8.255566 30.397258 0.039516827 -0.890009427 0.089619857 0.445297565
1785426828.803766 1.989856 -8.252206 30.387567 0.039038960 -0.889927040 0.090317363 0.445363444
1785426828.903766 1.989818 -8.252062 30.387516 0.039035317 -0.889923930 0.090334720 0.445366458
1785426829.003766 1.990167 -8.252469 30.388923 0.038673319 -0.889925171 0.090461451 0.445369835
1785426829.103766 1.985973 -8.251567 30.386351 0.038166606 -0.889970401 0.090784067 0.445257509
1785426829.203766 1.986375 -8.251376 30.385896 0.038167806 -0.889948522 0.090799018 0.445298085
1785426829.303766 1.986964 -8.255988 30.381515 0.038051933 -0.889845896 0.090358917 0.445602510
1785426829.403766 1.987324 -8.255814 30.381283 0.038053064 -0.889831040 0.090374570 0.445628905
1785426829.503766 1.989071 -8.260799 30.375532 0.038078382 -0.889674976 0.089865655 0.446041072
1785426829.603766 1.986207 -8.262488 30.373777 0.038685536 -0.889697771 0.090754410 0.445763327
1785426829.703766 1.967775 -8.268153 30.364669 0.038705163 -0.889628241 0.090706367 0.445910146
1785426829.803766 1.937903 -8.276254 30.351266 0.038412269 -0.889865018 0.089905986 0.445625023
1785426829.903766 1.903358 -8.285038 30.332467 0.037790959 -0.890134489 0.089541591 0.445213138
1785426830.003766 1.851211 -8.298692 30.301444 0.037617323 -0.890464027 0.088955231 0.444686092
1785426830.103766 1.823046 -8.303644 30.260871 0.037091264 -0.890061409 0.089892243 0.445347404
1785426830.203766 1.791703 -8.311899 30.243799 0.037039363 -0.890388008 0.089943269 0.444688082
1785426830.303766 1.755536 -8.322125 30.220802 0.036331928 -0.890639023 0.089971246 0.444237884
1785426830.403766 1.726461 -8.331141 30.195271 0.035914858 -0.890612130 0.089861607 0.444347892
1785426830.503766 1.689975 -8.339342 30.185304 0.035797344 -0.891157420 0.089823624 0.443270481
1785426830.603766 1.646663 -8.355045 30.151400 0.035882448 -0.891001821 0.089538076 0.443634013
1785426830.703766 1.606197 -8.371666 30.112711 0.035741342 -0.890895959 0.089058041 0.443954516
1785426830.803766 1.558387 -8.393546 30.059754 0.035487834 -0.890489739 0.087743504 0.445050239
1785426830.903766 1.504703 -8.413833 30.000560 0.035133764 -0.889906833 0.088109529 0.446170548
1785426831.003766 1.468986 -8.429719 29.958908 0.034541050 -0.889531700 0.088704653 0.446846455
1785426831.103766 1.414166 -8.448227 29.896062 0.035123629 -0.889368048 0.087884592 0.447288614
1785426831.203766 1.382045 -8.463020 29.857164 0.036301681 -0.889915625 0.088206656 0.446040305
1785426831.303766 1.346070 -8.475804 29.819111 0.035986707 -0.890720339 0.087565178 0.444583597
1785426831.403766 1.297249 -8.502750 29.783352 0.036506535 -0.892522549 0.085623136 0.441292931
1785426831.503766 1.249220 -8.521165 29.733403 0.037550691 -0.895413582 0.085672948 0.435298299
1785426831.603766 1.219215 -8.534560 29.700578 0.038654798 -0.897389329 0.084904986 0.431264816
1785426831.703766 1.181501 -8.552945 29.655795 0.039027945 -0.898276107 0.084025225 0.429553974
1785426831.803766 1.139478 -8.579597 29.599298 0.040468902 -0.899459226 0.083912368 0.426959112
1785426831.903766 1.096180 -8.606220 29.543444 0.040351999 -0.900035882 0.082541196 0.426021218
1785426832.003766 1.079783 -8.622358 29.505901 0.040831804 -0.900367503 0.080932896 0.425583117
1785426832.103766 1.024990 -8.645682 29.450504 0.042005564 -0.900560542 0.080636316 0.425116487
1785426832.203766 1.028414 -8.659816 29.400405 0.041164554 -0.900267194 0.079374988 0.426056416
1785426832.303766 1.005493 -8.687278 29.356119 0.040741271 -0.900272184 0.078587977 0.426232417
1785426832.403766 0.982274 -8.701709 29.318962 0.040924371 -0.900422842 0.077202774 0.426149779
1785426832.503766 0.958281 -8.724840 29.280959 0.040429751 -0.900527106 0.075346842 0.426308831
1785426832.603766 0.923654 -8.764137 29.213664 0.039122738 -0.900495892 0.074487096 0.426647668
1785426832.703766 0.899530 -8.789366 29.167328 0.038870153 -0.900467026 0.072285211 0.427110168
1785426832.803766 0.871382 -8.814419 29.120283 0.038268764 -0.900136086 0.071170647 0.428048206
1785426832.903766 0.843451 -8.843615 29.064273 0.037938944 -0.899539451 0.070329088 0.429468547
1785426833.003766 0.819378 -8.865092 29.018874 0.037084177 -0.899263883 0.068663232 0.430388886
1785426833.103766 0.786071 -8.887955 28.974305 0.037949641 -0.898745055 0.068977719 0.431345829
1785426833.203766 0.755982 -8.911897 28.920818 0.037769851 -0.898302988 0.068208194 0.432403540
1785426833.303766 0.710267 -8.941327 28.869062 0.038856613 -0.898248897 0.066426304 0.432696926
1785426833.403766 0.683381 -8.958116 28.827702 0.038067993 -0.898029749 0.067940225 0.432986748
1785426833.503766 0.674413 -8.977349 28.788313 0.038268726 -0.897483462 0.066422481 0.434335117
1785426833.603766 0.643728 -9.002941 28.734443 0.037778351 -0.896773123 0.065669801 0.435956694
1785426833.703766 0.620837 -9.017879 28.690205 0.038024856 -0.895762942 0.065821370 0.437984486
1785426833.803766 0.621341 -8.973080 28.614278 0.038174260 -0.892297110 0.071642429 0.444090031
1785426833.903766 0.602026 -8.980678 28.558611 0.038722075 -0.889403372 0.073690667 0.449479620
1785426834.003766 0.572074 -9.002356 28.477570 0.037111915 -0.885461049 0.072987833 0.457443125
1785426834.103766 0.581483 -8.953719 28.354098 0.039101180 -0.879038104 0.079835939 0.468390150
1785426834.203766 0.569997 -8.951108 28.260861 0.038345284 -0.874411756 0.082219671 0.476627365
1785426834.303766 0.497877 -9.193802 28.366261 0.028433264 -0.881476509 0.059243864 0.467633273
1785426834.403766 0.485355 -9.151371 28.186483 0.029813765 -0.872462269 0.067211914 0.483118295
1785426834.503766 0.463373 -9.143027 28.103384 0.029699453 -0.868299689 0.069832417 0.490201005
1785426834.603766 0.384294 -9.315319 28.163081 0.022959551 -0.873260925 0.053134275 0.483802610
1785426834.703766 0.357213 -9.354640 28.097319 0.022350421 -0.869923773 0.048740839 0.490262601
1785426834.803766 0.375051 -9.207959 27.899799 0.027925329 -0.858131169 0.068095701 0.508127985
1785426834.903766 0.363086 -9.221838 27.801416 0.027044044 -0.852322082 0.067278404 0.517966510
1785426835.003766 0.321586 -9.222806 27.702985 0.027502496 -0.847455914 0.069276494 0.525607129
1785426835.103766 0.278352 -9.218996 27.595983 0.026617124 -0.840424093 0.071974830 0.536468542
1785426835.203766 0.254631 -9.256287 27.485494 0.023894648 -0.833034283 0.071196059 0.548100401
1785426835.303766 0.219667 -9.259637 27.403039 0.023573301 -0.827710166 0.072006809 0.556017267
1785426835.403766 0.156152 -9.231976 27.310218 0.026151984 -0.821387848 0.077675538 0.564450696
1785426835.503766 0.108363 -9.216951 27.240232 0.026785012 -0.816421831 0.081829198 0.571000823
1785426835.603766 0.070178 -9.220095 27.161631 0.026154852 -0.811045134 0.082947915 0.578481942
1785426835.703766 0.031315 -9.349573 27.124936 0.017695522 -0.809615925 0.069351754 0.582579829
1785426835.803766 0.002681 -9.362355 27.091800 0.016611517 -0.808059116 0.068584001 0.584859604
1785426835.903766 -0.040858 -9.356076 27.033835 0.018083719 -0.805569941 0.071402909 0.587904476
1785426836.003766 -0.061265 -9.374613 26.983434 0.017037178 -0.804482655 0.069143312 0.589691949
1785426836.103766 -0.123466 -9.372573 26.843560 0.019225130 -0.800084852 0.071090075 0.595349331
1785426836.203766 -0.154570 -9.870291 26.795655 -0.016865205 -0.799796543 0.007184820 0.599991194
1785426836.303766 -0.180994 -9.893749 26.704653 -0.017167826 -0.794111806 0.003385417 0.607519748
1785426836.403766 -0.266680 -9.932389 26.599400 -0.020145911 -0.788262078 -0.001570849 0.615007781
1785426836.503766 -0.308970 -9.953817 26.508654 -0.021955593 -0.782053065 -0.004769701 0.622806716
1785426836.603766 -0.422843 -9.199705 26.363291 0.037999988 -0.770351708 0.107043800 0.627420012
1785426836.703766 -0.486186 -9.144966 26.334492 0.042172597 -0.768259025 0.118060158 0.627743054
1785426836.803766 -0.559224 -9.141560 26.238765 0.043639959 -0.759126853 0.125924590 0.637153806
1785426836.903766 -0.540836 -9.089828 26.699585 0.051029291 -0.803845113 0.118150992 0.580748989
1785426837.003766 -0.607385 -9.113648 26.642740 0.050091958 -0.800382426 0.119584566 0.585301887
1785426837.103766 -0.632535 -9.176972 26.671550 0.046961038 -0.804524686 0.110852118 0.581589630
1785426837.203766 -0.635848 -9.169911 26.554249 0.047855324 -0.793357211 0.115945174 0.595693646
1785426837.303766 -0.698907 -9.179886 26.519579 0.048908389 -0.790874552 0.118675767 0.598365670
1785426837.403766 -0.799073 -8.959752 26.432403 0.069655216 -0.779533155 0.159261430 0.601757433
1785426837.503766 -0.802504 -9.006972 26.264157 0.063001381 -0.761526358 0.161927700 0.624410003
1785426837.603766 -0.854963 -9.024608 26.149936 0.062637731 -0.748422413 0.167319433 0.638705420
1785426837.703766 -0.913344 -9.022852 26.111950 0.064876765 -0.743540420 0.172927194 0.642677862
1785426837.803766 -0.823382 -9.006321 26.446199 0.065894614 -0.780344150 0.159123373 0.601166084
1785426837.903766 -0.870229 -9.000541 26.415004 0.067914975 -0.775455342 0.164036569 0.605927861
1785426838.003766 -0.920082 -9.000041 26.376465 0.067458657 -0.769789149 0.167211171 0.612302556
1785426838.103766 -0.968195 -8.999392 26.344853 0.068336795 -0.764297569 0.171240615 0.617944949
1785426838.203766 -1.035918 -8.997870 26.297069 0.068852248 -0.757098168 0.177235021 0.625019583
1785426838.303766 -1.087491 -8.998173 26.260586 0.069861072 -0.751831228 0.182545208 0.629719368
1785426838.403766 -1.139335 -8.996093 26.224708 0.070918889 -0.746678503 0.188184144 0.634057137
1785426838.503766 -1.199092 -8.994713 26.181312 0.071900572 -0.740141507 0.195003841 0.639526669
1785426838.603766 -1.268953 -8.993409 26.136984 0.075588910 -0.732774356 0.203036011 0.645061576
1785426838.703766 -1.319564 -8.997510 26.104881 0.076596226 -0.727484203 0.207491899 0.649497394
1785426838.803766 -1.368751 -9.007903 26.075154 0.077735237 -0.722095407 0.212056493 0.653886458
1785426838.903766 -1.176749 -9.043320 26.837955 0.072769522 -0.813872155 0.159538685 0.553953175
1785426839.003766 -1.211982 -9.036355 26.820846 0.074471629 -0.812461905 0.163596794 0.554613124
1785426839.103766 -1.251562 -9.038001 26.822511 0.075815522 -0.813217681 0.165088471 0.552878655
1785426839.203766 -1.293164 -9.030823 26.823554 0.077277984 -0.813385276 0.168054017 0.551534544
1785426839.303766 -1.353177 -9.028767 26.834664 0.079775701 -0.815064389 0.170805278 0.547842528
1785426839.403766 -1.401474 -9.028893 26.848726 0.080970231 -0.817803584 0.171351645 0.543396479
1785426839.503766 -1.452193 -9.029113 26.870625 0.083628161 -0.821144210 0.172825387 0.537456884
1785426839.603766 -1.523401 -9.033004 26.910919 0.086042825 -0.827168891 0.173088657 0.527663316
1785426839.703766 -1.580794 -9.032604 26.944774 0.089376279 -0.832320018 0.174879976 0.518336052
1785426839.803766 -1.642432 -9.038611 26.988731 0.092369444 -0.839047520 0.175397248 0.506658612
1785426839.903766 -1.712698 -9.042049 27.040674 0.096221713 -0.846908433 0.176184526 0.492388567
1785426840.003766 -1.716061 -9.008587 26.785024 0.098949184 -0.816486553 0.197675366 0.533369683
1785426840.103766 -1.449476 -9.571192 27.430739 0.029116982 -0.880938018 0.059135920 0.468618558
1785426840.203766 -1.506282 -9.612326 27.450083 0.028047718 -0.885055319 0.053315938 0.461571032
1785426840.303766 -1.532358 -9.618916 27.432417 0.027509330 -0.884703157 0.053788070 0.462223327
1785426840.403766 -1.588014 -9.655451 27.460882 0.025437653 -0.889997387 0.047099911 0.452812516
1785426840.503766 -1.614183 -9.663311 27.438971 0.025456989 -0.889500771 0.047320072 0.453763297
1785426840.603766 -1.640784 -9.673765 27.416489 0.024355058 -0.888970054 0.046854687 0.454910664
1785426840.703766 -1.680894 -9.684769 27.393723 0.024283100 -0.889094987 0.046921203 0.454663431
1785426840.803766 -1.708185 -9.693997 27.371488 0.023422888 -0.889046129 0.045066097 0.454991644
1785426840.903766 -1.735249 -9.701526 27.351677 0.023845175 -0.889652270 0.044961708 0.453793665
1785426841.003766 -1.562802 -9.656979 27.420274 0.022733625 -0.886857560 0.049609186 0.458809087
1785426841.103766 -1.409095 -9.278083 26.888386 0.052197388 -0.825439494 0.132007133 0.546350795
1785426841.203766 -1.413021 -9.286567 26.888187 0.052823112 -0.826663285 0.131367077 0.544591794
1785426841.303766 -1.437041 -9.285702 26.855697 0.053620539 -0.824986365 0.134951201 0.546178093
1785426841.403766 -1.462431 -9.284283 26.822451 0.054778422 -0.823034319 0.138852113 0.548027304
1785426841.503766 -1.500041 -9.275927 26.775646 0.057489905 -0.820319974 0.144094144 0.550460651
1785426841.603766 -1.530081 -9.274677 26.739847 0.059272802 -0.817951265 0.147511072 0.552886015
1785426841.703766 -1.582383 -9.257307 26.707957 0.062272591 -0.816762090 0.154369973 0.552441603
1785426841.803766 -1.557767 -9.279735 26.621719 0.056866966 -0.807378065 0.151174768 0.567497134
1785426841.903766 -1.608130 -9.263911 26.546677 0.057969984 -0.799512219 0.161230174 0.575694819
1785426842.003766 -1.645248 -9.265962 26.502675 0.059370336 -0.794914876 0.166840755 0.580301357
1785426842.103766 -1.683736 -9.266181 26.458651 0.060566183 -0.790173368 0.171793246 0.585187890
1785426842.203766 -1.735883 -9.269402 26.401014 0.062235184 -0.783469579 0.180100810 0.591494632
1785426842.303766 -1.803675 -9.268412 26.250139 0.061822548 -0.761285258 0.196932572 0.614687149
1785426842.403766 -1.843036 -9.276295 26.219918 0.062533274 -0.756860317 0.200979764 0.618756159
1785426842.503766 -1.881703 -9.283439 26.190513 0.061722074 -0.751548935 0.205998553 0.623641869
1785426842.603766 -1.933606 -9.291870 26.152175 0.062989394 -0.744437175 0.213409430 0.629525253
1785426842.703766 -1.985721 -9.303898 26.115276 0.062583556 -0.736716076 0.218426884 0.636884933
1785426842.803766 -2.026748 -9.315866 26.085745 0.062633137 -0.730464641 0.223531802 0.642286566
1785426842.903766 -2.070991 -9.326269 26.055832 0.062041148 -0.723940090 0.228053677 0.648115085
1785426843.003766 -2.103594 -9.345741 26.046816 0.061400385 -0.722206834 0.227919797 0.650153711
1785426843.103766 -2.127021 -9.309627 26.041837 0.067666043 -0.720959579 0.240713189 0.646293859
1785426843.203766 -2.168544 -9.321092 26.017111 0.066438355 -0.715363359 0.246040169 0.650619277
1785426843.303766 -2.230956 -9.337570 25.976328 0.067278630 -0.704615175 0.255595242 0.658530267
1785426843.403766 -2.277445 -9.364577 25.980315 0.067203789 -0.704604633 0.255086752 0.658746318
1785426843.503766 -2.325254 -9.381862 25.954945 0.065576599 -0.697692501 0.259951333 0.664341922
1785426843.603766 -2.399025 -9.413420 25.924491 0.065261352 -0.688423788 0.268177311 0.670741809
1785426843.703766 -2.442372 -9.429782 25.910637 0.064117615 -0.683628002 0.273566322 0.673574906
1785426843.803766 -2.476408 -9.447717 25.891580 0.063237500 -0.676583107 0.278022678 0.678925407
1785426843.903766 -2.548318 -9.492553 25.895151 0.064053302 -0.671586857 0.274632749 0.685160654
1785426844.003766 -2.459959 -9.457122 25.887694 0.055582412 -0.674484822 0.277486698 0.681895852
1785426844.103766 -2.505607 -9.486321 25.901081 0.053771502 -0.674476350 0.276784502 0.682334682
1785426844.203766 -2.540640 -9.507732 25.901182 0.053426910 -0.672569524 0.277753997 0.683848315
1785426844.303766 -2.587095 -9.537279 25.901571 0.050700861 -0.670945097 0.278266517 0.685441350
1785426844.403766 -2.623265 -9.559458 25.900974 0.050822190 -0.667881250 0.279763181 0.687811241
1785426844.503766 -2.621278 -9.563287 25.892962 0.045993954 -0.664940469 0.281456341 0.690305047
1785426844.603766 -2.463589 -9.482244 25.818044 0.039752807 -0.652105773 0.286822341 0.700650213
1785426844.703766 -2.455452 -9.481764 25.801381 0.038185679 -0.647600226 0.289041609 0.703996271
1785426844.803766 -2.486753 -9.502050 25.799560 0.037136441 -0.645148700 0.290134099 0.705851432
1785426844.903766 -2.516441 -9.523950 25.796346 0.034185032 -0.642272865 0.290372390 0.708520166
1785426845.003766 -2.553733 -9.547233 25.795575 0.035274122 -0.640494296 0.291040310 0.709801614
1785426845.103766 -2.582286 -9.564156 25.795727 0.036338799 -0.640881768 0.290840250 0.709480091
1785426845.203766 -2.612985 -9.585071 25.792052 0.036201717 -0.639228592 0.291554483 0.710684337
1785426845.303766 -2.645569 -9.604321 25.791634 0.036665576 -0.638219364 0.293433358 0.710794305
1785426845.403766 -2.677399 -9.623695 25.793672 0.037561301 -0.637165481 0.294270407 0.711346769
1785426845.503766 -2.662889 -9.621012 25.770210 0.034776160 -0.631990842 0.295839047 0.715442138
1785426845.603766 -2.694458 -9.640233 25.768348 0.035161740 -0.629549421 0.296741002 0.717200081
1785426845.703766 -2.729764 -9.663619 25.763785 0.032850750 -0.625641111 0.296439729 0.720845001
1785426845.803766 -2.752723 -9.678304 25.761380 0.030661825 -0.620109440 0.298718934 0.724769711
1785426845.903766 -2.771183 -9.689320 25.768092 0.029005479 -0.620035679 0.298993157 0.724787921
1785426846.003766 -2.799207 -9.705786 25.771887 0.028820538 -0.616867769 0.300381397 0.726921281
1785426846.103766 -2.859792 -9.741501 25.780528 0.025636408 -0.609874891 0.303197072 0.731756058
1785426846.203766 -2.895446 -9.761956 25.788309 0.024180115 -0.606580676 0.303113210 0.734573065
1785426846.303766 -2.918385 -9.779446 25.793594 0.021412287 -0.602484792 0.306268736 0.736717755
1785426846.403766 -2.896159 -9.769487 25.772071 0.017945507 -0.596112947 0.307140024 0.741614670
1785426846.503766 -2.918332 -9.782120 25.775959 0.017327854 -0.592737804 0.307966257 0.743988189
1785426846.603766 -2.966722 -9.802660 25.786369 0.016593991 -0.586675424 0.306421430 0.749428111
1785426846.703766 -3.020815 -9.830590 25.808215 0.016234846 -0.583674353 0.305992857 0.751950165
1785426846.803766 -3.097080 -9.854237 25.856318 0.018998171 -0.581992929 0.303080683 0.754364235
1785426846.903766 -3.248043 -9.899719 25.985705 0.022048801 -0.585719526 0.301866327 0.751879782
1785426847.003766 -3.316420 -9.931670 26.029623 0.024406536 -0.585732750 0.300405374 0.752381604
1785426847.103766 -3.400996 -9.966311 26.116550 0.025635694 -0.588067442 0.299651909 0.750818372
1785426847.203766 -3.452675 -9.990480 26.152715 0.027932313 -0.587544684 0.298842439 0.751468047
1785426847.303766 -3.516405 -10.020573 26.214578 0.027008527 -0.588735644 0.299271253 0.750398293
1785426847.403766 -3.514713 -10.019940 26.209919 0.028282551 -0.587638087 0.298715000 0.751432581
1785426847.503766 -3.565162 -10.047438 26.244786 0.027610054 -0.587901032 0.298007500 0.751532828
1785426847.603766 -3.565162 -10.047438 26.244786 0.028421956 -0.588476841 0.298792683 0.750739724
1785426847.703766 -3.565162 -10.047438 26.244786 0.029333258 -0.588837626 0.298796977 0.750420000
1785426847.803766 -3.565162 -10.047438 26.244786 0.028370176 -0.589047882 0.299060776 0.750186895
1785426847.903766 -3.565162 -10.047438 26.244786 0.028686068 -0.588498266 0.299290839 0.750514420
1785426848.003766 -3.565162 -10.047438 26.244786 0.027928047 -0.588351691 0.298470185 0.750984595
1785426848.103766 -3.565162 -10.047438 26.244786 0.028622494 -0.587921016 0.299847545 0.750747016
1785426848.203766 -3.732229 -10.147171 26.292312 0.026258948 -0.586588465 0.298985010 0.752218322
1785426848.303766 -3.792498 -10.178229 26.314618 0.027576869 -0.585838044 0.298993918 0.752752243
1785426848.403766 -3.851198 -10.212283 26.343249 0.026696623 -0.586251061 0.299009450 0.752456199
1785426848.503766 -3.921637 -10.239116 26.372000 0.028761170 -0.585409099 0.299915715 0.752674927
1785426848.603766 -3.983018 -10.270719 26.393815 0.028819716 -0.584819209 0.299454477 0.753314631
1785426848.703766 -4.068151 -10.303213 26.429251 0.031083939 -0.584385632 0.298710153 0.753856397
1785426848.803766 -4.143044 -10.342997 26.456485 0.030937535 -0.583907223 0.298674456 0.754247170
1785426848.903766 -4.232644 -10.387534 26.495168 0.032369263 -0.583393508 0.299359450 0.754313042
1785426849.003766 -4.287700 -10.415250 26.516342 0.031044413 -0.583787656 0.299335613 0.754073211
1785426849.103766 -4.342592 -10.444512 26.536075 0.030740279 -0.583611035 0.299356467 0.754214095
1785426849.203766 -4.412322 -10.478658 26.562484 0.030921621 -0.583297517 0.298357235 0.754844898
1785426849.303766 -4.491689 -10.521289 26.590742 0.031034415 -0.583175290 0.297573046 0.755244152
1785426849.403766 -4.562296 -10.555224 26.620189 0.029819807 -0.583250977 0.297519792 0.755255619
1785426849.503766 -4.624218 -10.588313 26.643560 0.029973934 -0.583138735 0.297959643 0.755162784
1785426849.603766 -4.693192 -10.627940 26.676791 0.029657711 -0.583038260 0.298182471 0.755164897
1785426849.703766 -4.777471 -10.672783 26.710097 0.029490080 -0.582546770 0.299222817 0.755139260
1785426849.803766 -4.843802 -10.707602 26.741549 0.030121446 -0.582187896 0.299289469 0.755364658
1785426849.903766 -4.906114 -10.740413 26.766450 0.030103904 -0.581836382 0.298534268 0.755934832
1785426850.003766 -4.998674 -10.789952 26.816782 0.029740372 -0.581986983 0.299405093 0.755488751
1785426850.103766 -5.055188 -10.820329 26.841497 0.029889608 -0.581966535 0.300107753 0.755219769
1785426850.203766 -5.134035 -10.857943 26.885904 0.030147317 -0.582119708 0.300419256 0.754967585
1785426850.303766 -5.179504 -10.880050 26.896570 0.028603632 -0.582215212 0.300298871 0.755001899
1785426850.403766 -5.281381 -10.934914 26.956907 0.028602375 -0.582453866 0.300386318 0.754783054
1785426850.503766 -5.353575 -10.972637 26.993931 0.027909701 -0.582499603 0.300200632 0.754847562
1785426850.603766 -5.432972 -11.012317 27.029229 0.028719457 -0.581972177 0.301072240 0.754876867
1785426850.703766 -5.512509 -11.053631 27.063920 0.028144932 -0.581698484 0.300640348 0.755281482
1785426850.803766 -5.568171 -11.085975 27.081733 0.028173998 -0.581153740 0.300735667 0.755661707
1785426850.903766 -5.617081 -11.112026 27.095686 0.027291483 -0.581022309 0.301150183 0.755630081
1785426851.003766 -5.681023 -11.144482 27.126027 0.026614286 -0.580889043 0.301421211 0.755648631
1785426851.103766 -5.764260 -11.187145 27.163647 0.027034920 -0.580596671 0.301230056 0.755934569
1785426851.203766 -5.831943 -11.222744 27.193413 0.026921545 -0.580519907 0.300729885 0.756196670
1785426851.303766 -5.894976 -11.258003 27.219293 0.025618635 -0.580446329 0.300036044 0.756573933
1785426851.403766 -5.960174 -11.289823 27.248379 0.025985200 -0.580409461 0.300552694 0.756384628
1785426851.503766 -6.046639 -11.337101 27.289717 0.025327496 -0.580677901 0.300672803 0.756153132
1785426851.603766 -6.111728 -11.368794 27.318688 0.024607432 -0.580606021 0.300598159 0.756261774
1785426851.703766 -6.183137 -11.403214 27.349727 0.025508675 -0.580058961 0.300491395 0.756694014
1785426851.803766 -6.275898 -11.447295 27.392705 0.026344360 -0.579742850 0.299988295 0.757107143
1785426851.903766 -6.359033 -11.474740 27.427683 0.027551758 -0.579286304 0.299399060 0.757646673
1785426852.003766 -6.429280 -11.510385 27.461433 0.027828407 -0.579287769 0.299994202 0.757399986
1785426852.103766 -6.509188 -11.544308 27.499279 0.029172706 -0.579195453 0.299464866 0.757629444
1785426852.203766 -6.593590 -11.572970 27.532387 0.031267854 -0.578477669 0.298612177 0.758430403
1785426852.303766 -6.653588 -11.597233 27.559531 0.032094420 -0.578294265 0.297223007 0.759081139
1785426852.403766 -6.720413 -11.631966 27.591552 0.032764408 -0.578220548 0.297102870 0.759155699
1785426852.503766 -6.783271 -11.656881 27.618231 0.033605058 -0.577671158 0.296718438 0.759687371
1785426852.603766 -6.861983 -11.698062 27.655989 0.034812985 -0.577356953 0.297579779 0.759534911
1785426852.703766 -6.945563 -11.728742 27.699744 0.037127435 -0.577587333 0.297594606 0.759244280
1785426852.803766 -6.986099 -11.749479 27.720013 0.038161331 -0.576964427 0.299087944 0.759079814
1785426852.903766 -6.990423 -11.757564 27.732397 0.040031331 -0.575996644 0.299918520 0.759390703
1785426853.003766 -7.012054 -11.756404 27.762919 0.038597927 -0.577759729 0.298585330 0.758650576
1785426853.103766 -7.091256 -11.793388 27.799098 0.034448174 -0.579326129 0.295645110 0.758807306
1785426853.203766 -7.172309 -11.824087 27.820807 0.033170627 -0.579485118 0.294050623 0.759362192
1785426853.303766 -7.225352 -11.849716 27.842199 0.031062384 -0.580322712 0.292445564 0.759431544
1785426853.403766 -7.276393 -11.874198 27.864829 0.027869098 -0.581462065 0.290430277 0.759457329
1785426853.503766 -7.320832 -11.899477 27.883602 0.027212223 -0.581587992 0.289414987 0.759772248
1785426853.603766 -7.397647 -11.928652 27.913778 0.030531207 -0.580427642 0.290435019 0.760144129
1785426853.703766 -7.450180 -11.954192 27.936126 0.031066841 -0.579974595 0.291556252 0.760038994
1785426853.803766 -7.500068 -11.971883 27.966586 0.032325836 -0.580153692 0.291910595 0.759713721
1785426853.903766 -7.573758 -12.019470 28.004912 0.031753123 -0.580409849 0.292312449 0.759387634
1785426854.003766 -7.668091 -12.064418 28.040286 0.031302041 -0.580271209 0.291931522 0.759658800
1785426854.103766 -7.725841 -12.099713 28.064593 0.032423863 -0.579666103 0.291750530 0.760143098
1785426854.203766 -7.778835 -12.126894 28.086438 0.032067353 -0.579662052 0.290960363 0.760464107
1785426854.303766 -7.841096 -12.155611 28.116099 0.033477802 -0.579769222 0.291668934 0.760050077
1785426854.403766 -7.887304 -12.182263 28.135718 0.031682462 -0.580274742 0.289809318 0.760452500
1785426854.503766 -7.914522 -12.195204 28.146863 0.031739349 -0.580028681 0.290009506 0.760561523
1785426854.603766 -7.930409 -12.201411 28.154942 0.032922383 -0.580007446 0.290052314 0.760511101
1785426854.703766 -7.933051 -12.201227 28.155807 0.033809369 -0.579713789 0.290842786 0.760394189
1785426854.803766 -7.934319 -12.201156 28.157154 0.033499116 -0.580036840 0.290525962 0.760282671
1785426854.903766 -7.934920 -12.201252 28.156216 0.033893708 -0.579929521 0.290434339 0.760382050
1785426855.003766 -7.934966 -12.201348 28.156283 0.033869001 -0.579953462 0.290394224 0.760380213
1785426855.103766 -7.936504 -12.201521 28.158197 0.033924869 -0.580066852 0.290522142 0.760242353
1785426855.203766 -7.936614 -12.201560 28.158247 0.033920564 -0.580068036 0.290516339 0.760243859
1785426855.303766 -7.935601 -12.201085 28.157748 0.033863818 -0.580074459 0.290464645 0.760261241
1785426855.403766 -7.923474 -12.190909 28.152275 0.034365660 -0.579829359 0.290121267 0.760556747
1785426855.503766 -7.909272 -12.179347 28.148276 0.034670621 -0.579954462 0.289967637 0.760506107
1785426855.603766 -7.896824 -12.172451 28.142272 0.034577652 -0.579882220 0.289898534 0.760591768
1785426855.703766 -7.878166 -12.168681 28.134191 0.034276850 -0.579720127 0.290192078 0.760617006
1785426855.803766 -7.852741 -12.155675 28.123224 0.034989833 -0.579443557 0.290921913 0.760516480
1785426855.903766 -7.836183 -12.145680 28.117245 0.034908106 -0.579702545 0.290676012 0.760416885
1785426856.003766 -7.820705 -12.136314 28.110324 0.034134486 -0.579895015 0.289714004 0.760672337
1785426856.103766 -7.792339 -12.123010 28.098315 0.033869592 -0.579639199 0.290267522 0.760668137
1785426856.203766 -7.766827 -12.107687 28.087192 0.034092005 -0.579392735 0.290742025 0.760664755
1785426856.303766 -7.740396 -12.094528 28.076722 0.034153710 -0.579477772 0.291037564 0.760484170
1785426856.403766 -7.710441 -12.078452 28.066557 0.033806804 -0.579604813 0.291283067 0.760308842
1785426856.503766 -7.675572 -12.060316 28.051575 0.033272544 -0.579897487 0.291132008 0.760167084
1785426856.603766 -7.638977 -12.042402 28.032659 0.034069375 -0.579515409 0.291148260 0.760416899
1785426856.703766 -7.612103 -12.029418 28.021087 0.034900978 -0.579294882 0.291060571 0.760580768
1785426856.803766 -7.578374 -12.013214 28.011518 0.034261828 -0.579380007 0.291174857 0.760501241
1785426856.903766 -7.551819 -12.000402 28.001394 0.034118485 -0.579372155 0.291269607 0.760477383
1785426857.003766 -7.527406 -11.986330 27.994362 0.034463489 -0.579523112 0.291061889 0.760426332
1785426857.103766 -7.513447 -11.978355 27.987752 0.034065855 -0.579563242 0.290797754 0.760514715
1785426857.203766 -7.488448 -11.963273 27.980959 0.033868349 -0.580196404 0.289727323 0.760449305
1785426857.303766 -7.465336 -11.951157 27.971184 0.034566916 -0.579999468 0.290091132 0.760429405
1785426857.403766 -7.425732 -11.932349 27.952897 0.034671042 -0.579905995 0.289681741 0.760651987
1785426857.503766 -7.402664 -11.919473 27.942436 0.033583139 -0.580082579 0.288519529 0.761007790
1785426857.603766 -7.362784 -11.897777 27.928375 0.032838599 -0.580469915 0.287993503 0.760944181
1785426857.703766 -7.337450 -11.884854 27.917771 0.031772721 -0.580881379 0.287300800 0.760937295
1785426857.803766 -7.309680 -11.876853 27.913204 0.030981639 -0.581470501 0.287294001 0.760522420
1785426857.903766 -7.271820 -11.864576 27.897783 0.030402025 -0.581480932 0.287929103 0.760297622
1785426858.003766 -7.246300 -11.852069 27.887346 0.032009689 -0.581130256 0.288495966 0.760284870
1785426858.103766 -7.223845 -11.844130 27.882138 0.033530195 -0.580803391 0.288890410 0.760319326
1785426858.203766 -7.199991 -11.831377 27.873505 0.035191765 -0.580306826 0.289406975 0.760426940
1785426858.303766 -7.172267 -11.817815 27.861607 0.036717014 -0.579483903 0.290511752 0.760561101
1785426858.403766 -7.155556 -11.810468 27.849019 0.036643390 -0.579366862 0.291012423 0.760462406
1785426858.503766 -7.132232 -11.800479 27.838577 0.037499839 -0.579031905 0.291871802 0.760346412
1785426858.603766 -7.107072 -11.788265 27.828582 0.038125661 -0.578820975 0.292238355 0.760335095
1785426858.703766 -7.071532 -11.778074 27.819441 0.038907124 -0.578417056 0.293107555 0.760268312
1785426858.803766 -7.054727 -11.769397 27.812652 0.040064896 -0.577932265 0.293879987 0.760278669
1785426858.903766 -7.038685 -11.771469 27.805595 0.040603752 -0.577563490 0.293216765 0.760786225
1785426859.003766 -7.033870 -11.768889 27.803367 0.041403973 -0.577321592 0.293735508 0.760726588
1785426859.103766 -7.032826 -11.767678 27.802610 0.040140691 -0.577727710 0.293048769 0.760750837
1785426859.203766 -7.016237 -11.764886 27.793235 0.041487914 -0.577119208 0.292356012 0.761406681
1785426859.303766 -6.994550 -11.755937 27.783407 0.042660317 -0.576490868 0.292261162 0.761854179
1785426859.403766 -6.969244 -11.742737 27.773079 0.044421965 -0.575619026 0.293939347 0.761767081
1785426859.503766 -6.938199 -11.730556 27.759665 0.045438619 -0.575034151 0.294132374 0.762074277
1785426859.603766 -6.920005 -11.721328 27.751875 0.045274570 -0.574999945 0.294024511 0.762151470
1785426859.703766 -6.896721 -11.711123 27.743342 0.045468628 -0.575011294 0.293227311 0.762438430
1785426859.803766 -6.873819 -11.699444 27.733507 0.044630849 -0.575177540 0.292915218 0.762482498
1785426859.903766 -6.855631 -11.689213 27.725907 0.043382446 -0.575360956 0.292429664 0.762602534
1785426860.003766 -6.835024 -11.679314 27.718310 0.042720775 -0.576024465 0.291268817 0.762583260
1785426860.103766 -6.803375 -11.661061 27.703421 0.042967686 -0.575658261 0.290931906 0.762974423
1785426860.203766 -6.769023 -11.656152 27.692627 0.042676377 -0.575699433 0.289554765 0.763483417
1785426860.303766 -6.747693 -11.645466 27.685115 0.042161576 -0.575822988 0.289132961 0.763578692
1785426860.403766 -6.723273 -11.634730 27.680978 0.041241524 -0.576395291 0.288646419 0.763381196
1785426860.503766 -6.690796 -11.618983 27.667627 0.040668767 -0.576559983 0.288353784 0.763398148
1785426860.603766 -6.654784 -11.598602 27.657805 0.040365870 -0.576947555 0.287460649 0.763458244
1785426860.703766 -6.630495 -11.585087 27.646731 0.040236345 -0.577006198 0.287299601 0.763481384
1785426860.803766 -6.586522 -11.570438 27.628128 0.040190703 -0.576697590 0.288038439 0.763438573
1785426860.903766 -6.553614 -11.559729 27.617061 0.039079570 -0.577023990 0.286302244 0.763902564
1785426861.003766 -6.517894 -11.542389 27.602006 0.038835612 -0.576956472 0.286645443 0.763837296
1785426861.103766 -6.474210 -11.525156 27.581778 0.038375984 -0.576642634 0.287770925 0.763674310
1785426861.203766 -6.432221 -11.504338 27.563421 0.037336973 -0.576784302 0.287713550 0.763640447
1785426861.303766 -6.400462 -11.487043 27.544878 0.038518906 -0.576416951 0.287582256 0.763908528
1785426861.403766 -6.371200 -11.473236 27.532655 0.038844480 -0.576297754 0.287397965 0.764051317
1785426861.503766 -6.337119 -11.452287 27.518341 0.038372294 -0.576217243 0.287484119 0.764103486
1785426861.603766 -6.292690 -11.427772 27.500006 0.038207485 -0.576303487 0.287446597 0.764060818
1785426861.703766 -6.253225 -11.412952 27.484038 0.037748671 -0.576538429 0.286573686 0.764234258
1785426861.803766 -6.219187 -11.396462 27.471114 0.038552355 -0.576274140 0.287246669 0.764140814
1785426861.903766 -6.155245 -11.366123 27.445695 0.037429487 -0.576484080 0.286075159 0.764477692
1785426862.003766 -6.109830 -11.342467 27.428978 0.037656019 -0.576634130 0.286388679 0.764235977
1785426862.103766 -6.070425 -11.319851 27.424713 0.037170397 -0.577546680 0.286557057 0.763507201
1785426862.203766 -6.004398 -11.288030 27.400214 0.037774136 -0.577771778 0.286009646 0.763512521
1785426862.303766 -5.965738 -11.267313 27.383493 0.039115455 -0.577195310 0.285927360 0.763911709
1785426862.403766 -5.914277 -11.239069 27.369210 0.038996103 -0.577418795 0.285101793 0.764057463
1785426862.503766 -5.875129 -11.218165 27.354574 0.039167423 -0.577543141 0.284214699 0.764285181
1785426862.603766 -5.821843 -11.191054 27.333779 0.040066150 -0.577217349 0.284841261 0.764251459
1785426862.703766 -5.766957 -11.166865 27.318961 0.039329706 -0.577906868 0.282705241 0.764561687
1785426862.803766 -5.728087 -11.143832 27.302004 0.039604993 -0.577650249 0.283879472 0.764306273
1785426862.903766 -5.673820 -11.117730 27.279351 0.039775177 -0.577557908 0.283711278 0.764429663
1785426863.003766 -5.609930 -11.082429 27.254013 0.039800778 -0.578054935 0.283435476 0.764154906
1785426863.103766 -5.560562 -11.057991 27.233574 0.040865098 -0.577574155 0.283178350 0.764557494
1785426863.203766 -5.510604 -11.026542 27.211300 0.040042775 -0.577405539 0.284229007 0.764338466
1785426863.303766 -5.461303 -11.000560 27.192043 0.040111992 -0.577499268 0.283743712 0.764444327
1785426863.403766 -5.362700 -10.958108 27.165072 0.041023670 -0.577704709 0.282961303 0.764530725
1785426863.503766 -5.320048 -10.934187 27.143276 0.040230589 -0.577616691 0.282524307 0.764800937
1785426863.603766 -5.273398 -10.908210 27.125591 0.040269210 -0.577660898 0.282769403 0.764674926
1785426863.703766 -5.201129 -10.869719 27.097309 0.039927820 -0.577864517 0.282723350 0.764556000
1785426863.803766 -5.157432 -10.848174 27.073042 0.041653673 -0.577287632 0.281899598 0.765203619
1785426863.903766 -5.114968 -10.824835 27.054358 0.042209918 -0.576720741 0.281622410 0.765702507
1785426864.003766 -5.029919 -10.774487 27.015823 0.042196556 -0.576626049 0.281013162 0.765998338
1785426864.103766 -4.966937 -10.742676 26.991329 0.042811705 -0.576620431 0.280926849 0.766000093
1785426864.203766 -4.936440 -10.722651 26.976788 0.042404056 -0.576355112 0.280698601 0.766306059
1785426864.303766 -4.893218 -10.700024 26.960367 0.042405941 -0.576447290 0.280765736 0.766212020
1785426864.403766 -4.834948 -10.669212 26.943497 0.041709048 -0.577189373 0.279832567 0.766032974
1785426864.503766 -4.785769 -10.645092 26.923186 0.042210213 -0.577315994 0.279183384 0.766146969
1785426864.603766 -4.744869 -10.631556 26.917098 0.043213085 -0.577448949 0.277885894 0.766462505
1785426864.703766 -4.673609 -10.590117 26.897437 0.042411353 -0.578090550 0.277226366 0.766262446
1785426864.803766 -4.627382 -10.566411 26.878577 0.042390683 -0.578033754 0.277170499 0.766326643
1785426864.903766 -4.579122 -10.540367 26.866549 0.043313978 -0.578373191 0.276707619 0.766186168
1785426865.003766 -4.536161 -10.517903 26.848467 0.042900513 -0.578022916 0.277906789 0.766039732
1785426865.103766 -4.454957 -10.476471 26.820732 0.042602594 -0.578241584 0.279245044 0.765404400
1785426865.203766 -4.408173 -10.451456 26.800872 0.042993757 -0.578282864 0.279254783 0.765347785
1785426865.303766 -4.362821 -10.429331 26.782999 0.044532882 -0.577787907 0.279260927 0.765631303
1785426865.403766 -4.281431 -10.381899 26.749488 0.043268853 -0.577815606 0.278962507 0.765791650
1785426865.503766 -4.228767 -10.366039 26.732983 0.042428384 -0.578041188 0.278843904 0.765711626
1785426865.603766 -4.179019 -10.338359 26.711353 0.041563964 -0.578557242 0.277207357 0.765963469
1785426865.703766 -4.144714 -10.319096 26.682158 0.041676651 -0.577535657 0.278089445 0.766408430
1785426865.803766 -4.075627 -10.284917 26.651674 0.039983469 -0.578081442 0.278199283 0.766047210
1785426865.903766 -4.034824 -10.264168 26.629545 0.040179263 -0.577563717 0.277890470 0.766539410
1785426866.003766 -3.985178 -10.240631 26.606860 0.040583129 -0.577154323 0.277836259 0.766846080
1785426866.103766 -3.942678 -10.208051 26.582558 0.039999572 -0.577177032 0.277807486 0.766870073
1785426866.203766 -3.884463 -10.181958 26.556219 0.040256387 -0.577084333 0.278027494 0.766846665
1785426866.303766 -3.823966 -10.159265 26.536519 0.039341014 -0.577806294 0.276523106 0.766894479
1785426866.403766 -3.761215 -10.127530 26.508412 0.040140363 -0.577395221 0.278251709 0.766537342
1785426866.503766 -3.677540 -10.081500 26.477750 0.040226485 -0.577796883 0.278867466 0.766006219
1785426866.603766 -3.632420 -10.059474 26.458109 0.041291173 -0.577589122 0.278586055 0.766208624
1785426866.703766 -3.581005 -10.034370 26.434308 0.040643197 -0.577414534 0.278925005 0.766251544
1785426866.803766 -3.530432 -10.007437 26.407866 0.040078935 -0.577546396 0.278891145 0.766194211
1785426866.903766 -3.481914 -9.982446 26.384808 0.039981263 -0.577994036 0.277590363 0.766334120
1785426867.003766 -3.438273 -9.977989 26.357216 0.038114413 -0.577606872 0.279144642 0.766156552
1785426867.103766 -3.392139 -9.954003 26.334990 0.037915983 -0.577752702 0.279069812 0.766083699
1785426867.203766 -3.313127 -9.914560 26.297158 0.037303042 -0.578119513 0.278922533 0.765890679
1785426867.303766 -3.269152 -9.889489 26.276082 0.038120557 -0.577821884 0.278564109 0.766205410
1785426867.403766 -3.211790 -9.873476 26.272833 0.036421751 -0.578804653 0.278845047 0.765443708
1785426867.503766 -3.159690 -9.847264 26.248077 0.036379252 -0.578715699 0.278768289 0.765540940
1785426867.603766 -3.077703 -9.820500 26.214461 0.036490085 -0.578776892 0.278034243 0.765756321
1785426867.703766 -3.030382 -9.797252 26.193286 0.036741765 -0.578318513 0.279939231 0.765396477
1785426867.803766 -2.986908 -9.767276 26.189486 0.037706111 -0.578588640 0.280531636 0.764928386
1785426867.903766 -2.938955 -9.741318 26.180601 0.038363416 -0.579370263 0.280580298 0.764285969
1785426868.003766 -2.891128 -9.717985 26.157452 0.039584906 -0.579754546 0.280699157 0.763888529
1785426868.103766 -2.845003 -9.683859 26.135796 0.039969967 -0.580593101 0.281187627 0.763051487
1785426868.203766 -2.751285 -9.639803 26.097136 0.041285771 -0.583373124 0.281363970 0.760792745
1785426868.303766 -2.685978 -9.596422 26.079352 0.042063067 -0.587019767 0.280402205 0.758296179
1785426868.403766 -2.636003 -9.572643 26.058444 0.043328866 -0.590993438 0.280480939 0.755102515
1785426868.503766 -2.583431 -9.545776 26.036178 0.043147201 -0.595903559 0.279337845 0.751669899
1785426868.603766 -2.511084 -9.507859 25.990150 0.048333930 -0.600480912 0.278644963 0.747959551
1785426868.703766 -2.455866 -9.483955 25.954545 0.048347851 -0.602640267 0.277941051 0.746482395
1785426868.803766 -2.409076 -9.459699 25.934630 0.049432200 -0.604880755 0.276754538 0.745038694
1785426868.903766 -2.382550 -9.436308 25.934151 0.051104275 -0.606624080 0.277335687 0.743290317
1785426869.003766 -2.313126 -9.399188 25.902350 0.051256910 -0.606297591 0.277452217 0.743502675
1785426869.103766 -2.275250 -9.379498 25.887107 0.050645598 -0.606174411 0.278202417 0.743364663
1785426869.203766 -2.251011 -9.373298 25.884300 0.049191612 -0.605477309 0.279342861 0.743602703
1785426869.303766 -2.201936 -9.341847 25.850083 0.049911632 -0.604155809 0.278553681 0.744924449
1785426869.403766 -2.128661 -9.307651 25.817115 0.048803388 -0.602426057 0.278562841 0.746393877
1785426869.503766 -2.017724 -9.259814 25.756099 0.048112922 -0.601651359 0.277849557 0.747328852
1785426869.603766 -1.977056 -9.238480 25.740406 0.047236761 -0.601216509 0.277552830 0.747844786
1785426869.703766 -1.893294 -9.200177 25.700336 0.046375220 -0.600548158 0.277478469 0.748463058
1785426869.803766 -1.845665 -9.177525 25.679358 0.045225935 -0.599669579 0.278881470 0.748716326
1785426869.903766 -1.797974 -9.154321 25.658696 0.044236662 -0.599194836 0.279520066 0.748917351
1785426870.003766 -1.741405 -9.131595 25.632326 0.041828154 -0.599164746 0.280443158 0.748734698
1785426870.103766 -1.709149 -9.114428 25.621404 0.042885627 -0.598565611 0.280423844 0.749161198
1785426870.203766 -1.625990 -9.082428 25.578462 0.040971501 -0.598124205 0.280396150 0.749631090
1785426870.303766 -1.583631 -9.062175 25.560963 0.040253661 -0.598078586 0.279768462 0.749940834
1785426870.403766 -1.531690 -9.033652 25.538757 0.040495570 -0.597754675 0.280872190 0.749773479
1785426870.503766 -1.446131 -8.990329 25.498431 0.038797034 -0.597609317 0.280424966 0.750146474
1785426870.603766 -1.331070 -8.956479 25.438000 0.036077107 -0.597335789 0.282554004 0.749701029
1785426870.703766 -1.302777 -8.938753 25.427820 0.034920366 -0.597692999 0.282372183 0.749539590
1785426870.803766 -1.291880 -8.924491 25.440651 0.037348333 -0.597627235 0.282792778 0.749316378
1785426870.903766 -1.245987 -8.903406 25.421096 0.035790281 -0.597785172 0.282850912 0.749244490
1785426871.003766 -1.217848 -8.876728 25.402489 0.036943681 -0.597242729 0.281460634 0.750144118
1785426871.103766 -1.150522 -8.838437 25.366115 0.037550777 -0.596804987 0.281387996 0.750489535
1785426871.203766 -1.104274 -8.816672 25.346677 0.036974199 -0.596784808 0.282441519 0.750138381
1785426871.303766 -1.090440 -8.800244 25.346800 0.036985008 -0.596900786 0.283676718 0.749579269
1785426871.403766 -1.048192 -8.778171 25.329334 0.037120299 -0.597055006 0.283864482 0.749378649
1785426871.503766 -0.989504 -8.747072 25.309104 0.038056145 -0.596582723 0.284185744 0.749586051
1785426871.603766 -0.937427 -8.707897 25.282371 0.040290850 -0.595977623 0.282296484 0.750663717
1785426871.703766 -0.875680 -8.676941 25.257000 0.040494992 -0.596169189 0.283045594 0.750218398
1785426871.803766 -0.830705 -8.652119 25.242368 0.040564474 -0.595768545 0.284581138 0.749951959
1785426871.903766 -0.812103 -8.632353 25.237112 0.041466070 -0.596019844 0.284159837 0.749862720
1785426872.003766 -0.768849 -8.608687 25.218667 0.042964410 -0.595868941 0.284077383 0.749929534
1785426872.103766 -0.708918 -8.573284 25.187633 0.042939607 -0.595170924 0.285313391 0.750016020
1785426872.203766 -0.649613 -8.542323 25.165190 0.042965373 -0.595020159 0.285451646 0.750081559
1785426872.303766 -0.587538 -8.508880 25.139574 0.043682879 -0.594834263 0.285785154 0.750060565
1785426872.403766 -0.511704 -8.450681 25.094121 0.045064391 -0.593787863 0.286842056 0.750404431
1785426872.503766 -0.491446 -8.412930 25.083884 0.045566674 -0.593796167 0.286184301 0.750618635
1785426872.603766 -0.452795 -8.390852 25.068369 0.046801497 -0.593740387 0.286100881 0.750618584
1785426872.703766 -0.423592 -8.387456 25.078565 0.045771522 -0.593962515 0.287238292 0.750071771
1785426872.803766 -0.360351 -8.356166 25.051159 0.045655911 -0.593981001 0.286963904 0.750169198
1785426872.903766 -0.308712 -8.315689 25.028196 0.046447494 -0.594091731 0.286408969 0.750244992
1785426873.003766 -0.287692 -8.302420 25.025418 0.045849981 -0.594135897 0.286437957 0.750235705
1785426873.103766 -0.232202 -8.277352 24.978187 0.045632782 -0.593283903 0.286912281 0.750741768
1785426873.203766 -0.176799 -8.252339 24.930825 0.045415525 -0.592431166 0.287386246 0.751246890
1785426873.303766 -0.121484 -8.227380 24.883332 0.045198212 -0.591577685 0.287859850 0.751751069
1785426873.403766 -0.121483 -8.227380 24.883332 0.045666825 -0.589099953 0.289295835 0.753115998
1785426873.503766 -0.121483 -8.227380 24.883332 0.045940830 -0.587256512 0.290263077 0.754166146
1785426873.603766 -0.121483 -8.227380 24.883332 0.046529947 -0.584779597 0.292739518 0.755096922
1785426873.703766 -0.121483 -8.227380 24.883332 0.045650377 -0.583642040 0.292040198 0.756300558
1785426873.803766 -0.121483 -8.227380 24.883332 0.044851199 -0.587529242 0.292520655 0.753146351
1785426873.903766 -0.121483 -8.227380 24.883332 0.044800620 -0.581297595 0.289739702 0.759036835
1785426874.003766 -0.121483 -8.227380 24.883332 0.043909156 -0.580456512 0.289200180 0.759937813
1785426874.103766 -0.121483 -8.227380 24.883332 0.043295217 -0.579341174 0.288284204 0.761171167
1785426874.203766 -0.121483 -8.227380 24.883332 0.041047316 -0.578544138 0.288091093 0.761974619
1785426874.303766 -0.036621 -8.172305 24.804230 0.042538665 -0.576503079 0.287674230 0.763595573
1785426874.403766 -0.036621 -8.172305 24.804230 0.043087262 -0.577107055 0.286680252 0.763482396
1785426874.503766 0.030250 -8.122776 24.756557 0.043911666 -0.576271642 0.287406676 0.763793272
1785426874.603766 0.030250 -8.122776 24.756557 0.044230109 -0.574876196 0.288190013 0.764530950
1785426874.703766 0.126688 -8.076666 24.700802 0.043135359 -0.576194402 0.287980408 0.763679669
1785426874.803766 0.169671 -8.059587 24.674742 0.043119241 -0.575992161 0.287606591 0.763973959
1785426874.903766 0.220765 -8.034172 24.645589 0.044278190 -0.575687247 0.286298466 0.764628553
1785426875.003766 0.269784 -8.010492 24.618630 0.043643204 -0.575489993 0.286006725 0.764922670
1785426875.103766 0.332661 -7.977992 24.582706 0.043655213 -0.575003628 0.286113757 0.765247651
1785426875.203766 0.378410 -7.954606 24.556182 0.043069930 -0.575254969 0.283906767 0.765913604
1785426875.303766 0.426922 -7.929454 24.528634 0.042799440 -0.575011284 0.284845389 0.765763237
1785426875.403766 0.457915 -7.911525 24.513625 0.043285814 -0.574584315 0.284304438 0.766257261
1785426875.503766 0.506739 -7.888668 24.492583 0.042538837 -0.575056617 0.283909414 0.766091234
1785426875.603766 0.539789 -7.870533 24.482098 0.043149098 -0.575291703 0.284071618 0.765820428
1785426875.703766 0.572304 -7.848012 24.465833 0.043308978 -0.574945470 0.284216613 0.766017595
1785426875.803766 0.628229 -7.821214 24.437222 0.043653620 -0.574793506 0.284167195 0.766130402
1785426875.903766 0.671479 -7.793862 24.409657 0.045587149 -0.574192817 0.284464984 0.766357680
1785426876.003766 0.706162 -7.778199 24.396392 0.045480605 -0.574102130 0.284884473 0.766276122
1785426876.103766 0.747538 -7.757676 24.375996 0.046159555 -0.573735635 0.285720969 0.766198567
1785426876.203766 0.804025 -7.720784 24.342899 0.047261034 -0.573371262 0.286341029 0.766172699
1785426876.303766 0.842361 -7.696791 24.321842 0.049054505 -0.572851802 0.286559242 0.766366928
1785426876.403766 0.888477 -7.675643 24.296730 0.050084478 -0.572403651 0.286528167 0.766646734
1785426876.503766 0.952561 -7.643882 24.249489 0.049951013 -0.571384588 0.286596623 0.767389683
1785426876.603766 1.029203 -7.607792 24.200130 0.050047909 -0.570737401 0.286656170 0.767842605
1785426876.703766 1.103599 -7.574248 24.149319 0.050102641 -0.570605257 0.285385824 0.768410240
1785426876.803766 1.158472 -7.547920 24.115639 0.049449956 -0.570063148 0.286003014 0.768625387
1785426876.903766 1.228590 -7.513412 24.072330 0.049356257 -0.569535950 0.286259300 0.768926768
1785426877.003766 1.284126 -7.489844 24.035705 0.048150556 -0.569809528 0.285375908 0.769128868
1785426877.103766 1.324235 -7.471871 24.014906 0.048419743 -0.569774401 0.285507594 0.769089120
1785426877.203766 1.373338 -7.454304 23.990153 0.047910736 -0.569865060 0.285295706 0.769132456
1785426877.303766 1.425774 -7.429118 23.962974 0.047276921 -0.569811776 0.285332794 0.769197393
1785426877.403766 1.464074 -7.413312 23.946109 0.046912536 -0.569708367 0.285318350 0.769301650
1785426877.503766 1.507124 -7.392424 23.922302 0.047913970 -0.569696482 0.284578627 0.769522693
1785426877.603766 1.543699 -7.379529 23.909008 0.047192258 -0.569650696 0.285578734 0.769230630
1785426877.703766 1.580272 -7.366631 23.895713 0.046470470 -0.569603993 0.286578382 0.768937330
1785426877.803766 1.616845 -7.353731 23.882418 0.045748607 -0.569556374 0.287577568 0.768642794
1785426877.903766 1.616845 -7.353731 23.882418 0.060026745 -0.542803650 0.280847853 0.789230936
1785426878.003766 1.616845 -7.353731 23.882418 0.059811653 -0.541224930 0.280908172 0.790309269
1785426878.103766 1.616845 -7.353731 23.882418 0.058203012 -0.539988081 0.281132367 0.791195219
1785426878.203766 1.616845 -7.353731 23.882418 0.056123992 -0.538854562 0.280686039 0.792275966
1785426878.303766 1.616845 -7.353731 23.882418 0.055229057 -0.539233088 0.279151906 0.792623266
1785426878.403766 1.733594 -7.292611 23.823579 0.054283771 -0.541101802 0.278956057 0.791483184
1785426878.503766 1.733594 -7.292611 23.823579 0.053342959 -0.539879032 0.279151380 0.792312859
1785426878.603766 1.733594 -7.292611 23.823579 0.051053403 -0.539507059 0.279466614 0.792605889
1785426878.703766 1.811689 -7.244993 23.771246 0.052397159 -0.540243786 0.277079741 0.792854341
1785426878.803766 1.811689 -7.244993 23.771246 0.053002168 -0.538060508 0.277703231 0.794079704
1785426878.903766 1.875418 -7.211194 23.731146 0.051303653 -0.538539435 0.277858714 0.793812161
1785426879.003766 1.920517 -7.189848 23.700251 0.050789130 -0.538394949 0.278079655 0.793865888
1785426879.103766 1.989586 -7.156426 23.643794 0.050916061 -0.537825037 0.277098075 0.794586962
1785426879.203766 2.020148 -7.141228 23.625698 0.050127047 -0.537651775 0.278304145 0.794332834
1785426879.303766 2.058591 -7.121765 23.589034 0.050548237 -0.536784701 0.277671970 0.795113411
1785426879.403766 2.094455 -7.105569 23.562666 0.050543538 -0.536653991 0.277868643 0.795133236
1785426879.503766 2.131200 -7.086044 23.537502 0.050488546 -0.536940917 0.276944779 0.795265331
1785426879.603766 2.167307 -7.068433 23.513187 0.051623057 -0.536440404 0.276854608 0.795561613
1785426879.703766 2.200638 -7.051833 23.485740 0.051693295 -0.535482652 0.277180423 0.796088654
1785426879.803766 2.236574 -7.033601 23.462523 0.051583397 -0.535376258 0.277282565 0.796131770
1785426879.903766 2.285701 -7.008472 23.430374 0.052000179 -0.534832359 0.278607564 0.796007635
1785426880.003766 2.318384 -6.996200 23.410575 0.051441455 -0.534792138 0.277620012 0.796415893
1785426880.103766 2.356739 -6.978287 23.391112 0.051527918 -0.534747520 0.279083493 0.795928619
1785426880.203766 2.406770 -6.953410 23.359501 0.051833877 -0.533886034 0.280169466 0.796105534
1785426880.303766 2.437075 -6.940792 23.336299 0.050832282 -0.534201683 0.279792254 0.796091035
1785426880.403766 2.466921 -6.926996 23.316762 0.051047526 -0.534150849 0.280149823 0.795985614
1785426880.503766 2.508918 -6.911347 23.288090 0.051618645 -0.533785164 0.279650521 0.796369576
1785426880.603766 2.542281 -6.894954 23.264371 0.051777192 -0.533147423 0.279993114 0.796666055
1785426880.703766 2.570245 -6.881276 23.246663 0.051488445 -0.532993470 0.280014991 0.796780086
1785426880.803766 2.608388 -6.862083 23.221618 0.051491111 -0.533007983 0.280087184 0.796744831
1785426880.903766 2.641628 -6.845558 23.199636 0.052072179 -0.533094637 0.280031492 0.796668664
1785426881.003766 2.665710 -6.838667 23.183873 0.051406817 -0.533167647 0.279244921 0.796939065
1785426881.103766 2.690435 -6.825721 23.168048 0.051467259 -0.532899640 0.279893713 0.796886820
1785426881.203766 2.730550 -6.806132 23.135114 0.051909568 -0.532384804 0.279695385 0.797271791
1785426881.303766 2.761099 -6.790101 23.111854 0.052152237 -0.532141627 0.279743414 0.797401440
1785426881.403766 2.813421 -6.762964 23.070291 0.051171819 -0.532134183 0.279364541 0.797602727
1785426881.503766 2.849392 -6.745702 23.042081 0.052071325 -0.531785788 0.279308959 0.797796314
1785426881.603766 2.895426 -6.719721 23.007615 0.053458237 -0.530674644 0.279030224 0.798541654
1785426881.703766 2.929386 -6.702952 22.980437 0.052477931 -0.530441567 0.279257678 0.798682014
1785426881.803766 2.960903 -6.686586 22.952903 0.052750076 -0.529863325 0.278711412 0.799238535
1785426881.903766 2.992385 -6.670228 22.925325 0.053022168 -0.529284544 0.278164862 0.799794243
1785426882.003766 2.992385 -6.670228 22.925325 0.056992515 -0.529191642 0.275798163 0.800402044
1785426882.103766 2.992385 -6.670228 22.925325 0.057010314 -0.528443145 0.276735153 0.800571872
1785426882.203766 2.992385 -6.670228 22.925325 0.056892313 -0.527927379 0.276982762 0.800834875
1785426882.303766 2.992385 -6.670228 22.925325 0.056424273 -0.527717042 0.277008786 0.800997601
1785426882.403766 2.992385 -6.670228 22.925325 0.055528362 -0.527641247 0.276099802 0.801423867
1785426882.503766 2.992385 -6.670228 22.925325 0.055626283 -0.527127355 0.275684690 0.801898011
1785426882.603766 2.992385 -6.670228 22.925325 0.054482892 -0.526562350 0.275569212 0.802387260
1785426882.703766 2.992386 -6.670228 22.925324 0.054012079 -0.525982830 0.276352852 0.802529663
1785426882.803766 2.992386 -6.670228 22.925324 0.053122265 -0.525649424 0.274568025 0.803419634
1785426882.903766 2.992386 -6.670228 22.925324 0.052304096 -0.524656871 0.275584366 0.803774040
1785426883.003766 3.184977 -6.580208 22.759435 0.052217345 -0.523754260 0.276119461 0.804184598
1785426883.103766 3.184977 -6.580208 22.759435 0.051156826 -0.524629405 0.275355099 0.803944361
1785426883.203766 3.184977 -6.580208 22.759435 0.051983018 -0.524127064 0.275397690 0.804204388
1785426883.303766 3.184978 -6.580208 22.759435 0.051926175 -0.523434461 0.275357475 0.804672790
1785426883.403766 3.184978 -6.580208 22.759435 0.051072875 -0.523100178 0.275264480 0.804976541
1785426883.503766 3.272921 -6.542660 22.690390 0.050455925 -0.522524394 0.275838387 0.805192922
1785426883.603766 3.272921 -6.542660 22.690390 0.050577568 -0.522319786 0.274682590 0.805712992
1785426883.703766 3.272922 -6.542659 22.690390 0.049572508 -0.521486461 0.275358132 0.806084572
1785426883.803766 3.272922 -6.542659 22.690390 0.049027908 -0.521133701 0.275350160 0.806348696
1785426883.903766 3.272922 -6.542659 22.690390 0.048499112 -0.520887220 0.275336665 0.806544519
1785426884.003766 3.426873 -6.470823 22.553427 0.047107514 -0.521081321 0.273611929 0.807088379
1785426884.103766 3.464971 -6.453436 22.529362 0.047815859 -0.521094084 0.273094477 0.807213730
1785426884.203766 3.523586 -6.422748 22.491938 0.047771801 -0.520921936 0.273655659 0.807137393
1785426884.303766 3.565829 -6.402538 22.463375 0.047395812 -0.520838542 0.273576208 0.807240305
1785426884.403766 3.621381 -6.372224 22.417886 0.047502561 -0.520305428 0.274506711 0.807261936
1785426884.503766 3.653661 -6.356219 22.394358 0.047420655 -0.520187003 0.273631335 0.807640177
1785426884.603766 3.683727 -6.338344 22.370679 0.047171596 -0.520087253 0.275151177 0.807202527
1785426884.703766 3.724795 -6.317679 22.340865 0.047583562 -0.519881279 0.275586314 0.807162589
1785426884.803766 3.756925 -6.299467 22.321389 0.048189973 -0.519673256 0.275764609 0.807199674
1785426884.903766 3.784110 -6.285611 22.302138 0.047166704 -0.519961034 0.275550822 0.807147799
1785426885.003766 3.810709 -6.273303 22.286727 0.048163241 -0.520076943 0.275585546 0.807002406
1785426885.103766 3.853306 -6.253224 22.256389 0.049142397 -0.519511660 0.275663688 0.807280738
1785426885.203766 3.876832 -6.239280 22.238890 0.048908922 -0.519475148 0.274810234 0.807609326
1785426885.303766 3.905233 -6.223836 22.216983 0.048906701 -0.519407645 0.274529944 0.807748193
1785426885.403766 3.940722 -6.205935 22.192310 0.049100769 -0.519098442 0.275715147 0.807531473
1785426885.503766 3.965040 -6.193683 22.174874 0.048941011 -0.519269100 0.274555454 0.807826518
1785426885.603766 3.990737 -6.180071 22.158711 0.048980293 -0.519330172 0.273741250 0.808061156
1785426885.703766 4.017317 -6.166152 22.142526 0.048864109 -0.519329937 0.274209863 0.807909442
1785426885.803766 4.066588 -6.140829 22.111081 0.048954210 -0.519578541 0.274285462 0.807718460
1785426885.903766 4.095004 -6.123602 22.088030 0.048172292 -0.519487100 0.274095186 0.807888861
1785426886.003766 4.124584 -6.107991 22.069920 0.047895606 -0.519867106 0.273967102 0.807704296
1785426886.103766 4.171045 -6.083238 22.043006 0.048763997 -0.520032771 0.274026684 0.807525458
1785426886.203766 4.202014 -6.067030 22.023271 0.049124117 -0.519762631 0.274264724 0.807596737
1785426886.303766 4.236729 -6.048031 22.004244 0.048467774 -0.520192784 0.274223527 0.807373395
1785426886.403766 4.267514 -6.032018 21.983533 0.048580250 -0.519971771 0.274340845 0.807469143
1785426886.503766 4.313973 -6.005809 21.949696 0.048873469 -0.520078550 0.273863814 0.807544610
1785426886.603766 4.334285 -5.996562 21.932170 0.049145539 -0.519775962 0.273116000 0.807976061
1785426886.703766 4.364342 -5.980903 21.912841 0.048826052 -0.519691200 0.274234779 0.807670948
1785426886.803766 4.399391 -5.965338 21.889012 0.048912114 -0.519739085 0.274446273 0.807563082
1785426886.903766 4.424871 -5.953513 21.871663 0.049329040 -0.519494815 0.274593739 0.807644762
1785426887.003766 4.452428 -5.935138 21.848651 0.048741808 -0.519655370 0.274866381 0.807484368
1785426887.103766 4.484781 -5.920066 21.824933 0.049477717 -0.519338972 0.275331556 0.807484688
1785426887.203766 4.523690 -5.901627 21.798034 0.050647092 -0.518821237 0.275233374 0.807778426
1785426887.303766 4.544300 -5.885380 21.780349 0.050962747 -0.518509127 0.275217806 0.807964259
1785426887.403766 4.579983 -5.868443 21.754444 0.051649384 -0.518028411 0.275614154 0.808093896
1785426887.503766 4.617957 -5.847934 21.728759 0.052761023 -0.517929190 0.275180710 0.808233386
1785426887.603766 4.646216 -5.835173 21.708760 0.053349018 -0.517596090 0.274788678 0.808541497
1785426887.703766 4.672891 -5.822629 21.690478 0.053167191 -0.517415309 0.275666984 0.808370189
1785426887.803766 4.697960 -5.806663 21.674068 0.053668643 -0.517644560 0.275545122 0.808231818
1785426887.903766 4.736701 -5.787532 21.648578 0.053808169 -0.517703321 0.275901730 0.808063232
1785426888.003766 4.767422 -5.767379 21.626967 0.052669516 -0.518006042 0.276435632 0.807761725
1785426888.103766 4.800945 -5.752321 21.604741 0.053355464 -0.517800843 0.276462117 0.807839204
1785426888.203766 4.838082 -5.733652 21.575784 0.053714165 -0.517405511 0.276310048 0.808120710
1785426888.303766 4.866804 -5.720542 21.555077 0.052244615 -0.517528762 0.275964255 0.808256278
1785426888.403766 4.895946 -5.708195 21.535482 0.051767207 -0.517498699 0.276130314 0.808249530
1785426888.503766 4.925548 -5.694267 21.514184 0.051654997 -0.517423858 0.276477409 0.808185965
1785426888.603766 4.958563 -5.676942 21.491211 0.051723775 -0.517406272 0.275660833 0.808471710
1785426888.703766 4.987898 -5.659784 21.471407 0.051914906 -0.517365341 0.275587492 0.808510656
1785426888.803766 5.016790 -5.645617 21.448698 0.052252544 -0.517046201 0.276134863 0.808506299
1785426888.903766 5.031372 -5.630664 21.435831 0.053091319 -0.516615879 0.276881886 0.808471253
1785426889.003766 5.070274 -5.612876 21.407851 0.052870975 -0.516449671 0.277315388 0.808443302
1785426889.103766 5.095709 -5.600265 21.387281 0.053317222 -0.516247685 0.278242842 0.808224302
1785426889.203766 5.125205 -5.586932 21.366685 0.054315785 -0.515985699 0.278333121 0.808294023
1785426889.303766 5.162299 -5.570403 21.339262 0.055561822 -0.515196891 0.278674508 0.808594810
1785426889.403766 5.183789 -5.561075 21.329102 0.055119296 -0.515470051 0.278231990 0.808603394
1785426889.503766 5.210111 -5.549089 21.313426 0.055334294 -0.515473171 0.278077269 0.808639943
1785426889.603766 5.237406 -5.535590 21.293710 0.054646084 -0.515645870 0.278195290 0.808536037
1785426889.703766 5.274138 -5.517857 21.269162 0.054780778 -0.515616960 0.277502913 0.808783253
1785426889.803766 5.301352 -5.503646 21.249190 0.054378406 -0.515611191 0.277998333 0.808643936
1785426889.903766 5.327208 -5.488962 21.236625 0.054606028 -0.515972653 0.277294421 0.808639726
1785426890.003766 5.355622 -5.475034 21.214574 0.054225255 -0.515942366 0.277256765 0.808697584
1785426890.103766 5.393649 -5.455551 21.185548 0.052714492 -0.516345969 0.275900290 0.809003741
1785426890.203766 5.417733 -5.441898 21.170889 0.052671090 -0.516949767 0.275247777 0.808843221
1785426890.303766 5.449110 -5.424250 21.152552 0.053114581 -0.517142459 0.275494803 0.808606908
1785426890.403766 5.491388 -5.403810 21.124192 0.052288836 -0.516748279 0.276447867 0.808587454
1785426890.503766 5.517009 -5.389581 21.100743 0.052092851 -0.516263025 0.277171084 0.808662485
1785426890.603766 5.548235 -5.374304 21.076945 0.051082313 -0.516462143 0.276743440 0.808746265
1785426890.703766 5.575078 -5.360296 21.057259 0.050799966 -0.516422289 0.276339760 0.808927512
1785426890.803766 5.609267 -5.339210 21.027380 0.050439840 -0.516273644 0.276919011 0.808846839
1785426890.903766 5.635595 -5.326010 21.008346 0.050192113 -0.516324373 0.276878286 0.808843810
1785426891.003766 5.652490 -5.319786 21.000473 0.050123070 -0.516592043 0.276378015 0.808848275
1785426891.103766 5.679138 -5.306803 20.981913 0.048880976 -0.516804212 0.276384285 0.808786612
1785426891.203766 5.717099 -5.291100 20.954719 0.048062548 -0.517063863 0.276978414 0.808466395
1785426891.303766 5.742282 -5.278491 20.935222 0.048311072 -0.516838274 0.276777248 0.808664698
1785426891.403766 5.776496 -5.259845 20.908741 0.047874599 -0.516430132 0.276812381 0.808939335
1785426891.503766 5.820588 -5.239480 20.876316 0.047700937 -0.516100689 0.277266772 0.809004226
1785426891.603766 5.845634 -5.224055 20.849427 0.048001650 -0.515699129 0.277070009 0.809309867
1785426891.703766 5.871673 -5.211407 20.828901 0.048165315 -0.515402186 0.276901860 0.809546817
1785426891.803766 5.911775 -5.194001 20.800729 0.047944739 -0.515315031 0.277062645 0.809560382
1785426891.903766 5.938384 -5.181690 20.781649 0.048235728 -0.515182951 0.277738952 0.809395401
1785426892.003766 5.972809 -5.165419 20.753977 0.049061550 -0.514798463 0.277937820 0.809522128
1785426892.103766 6.001641 -5.151808 20.732546 0.048669415 -0.514871807 0.278061975 0.809456514
1785426892.203766 6.026747 -5.137279 20.718154 0.049418194 -0.515324142 0.277269205 0.809395243
1785426892.303766 6.057771 -5.122722 20.695259 0.049921999 -0.515085144 0.276954613 0.809624130
1785426892.403766 6.083651 -5.107344 20.679397 0.050449932 -0.514921538 0.276732559 0.809771390
1785426892.503766 6.119379 -5.087395 20.651125 0.050116167 -0.514976107 0.276454211 0.809852486
1785426892.603766 6.162226 -5.066508 20.620463 0.049249609 -0.515253287 0.276416333 0.809742266
1785426892.703766 6.193117 -5.047167 20.597229 0.049774558 -0.515175661 0.275203806 0.810172449
1785426892.803766 6.240623 -5.024272 20.565532 0.049298586 -0.515180157 0.276056397 0.809908588
1785426892.903766 6.292901 -4.997626 20.524157 0.048869612 -0.514963175 0.276775050 0.809827303
1785426893.003766 6.327740 -4.980748 20.499473 0.048188916 -0.515265050 0.276950298 0.809616137
1785426893.103766 6.362382 -4.964298 20.474663 0.048589289 -0.515116325 0.276420152 0.809867984
1785426893.203766 6.421629 -4.934517 20.431523 0.048328528 -0.514669846 0.276073542 0.810285568
1785426893.303766 6.449188 -4.915368 20.406442 0.049306771 -0.514108440 0.276468165 0.810448461
1785426893.403766 6.483839 -4.899025 20.381209 0.049501107 -0.514001559 0.277088989 0.810292373
1785426893.503766 6.519498 -4.884412 20.352076 0.049950529 -0.513544934 0.276468793 0.810766028
1785426893.603766 6.559202 -4.864098 20.325390 0.050025152 -0.513364033 0.277187249 0.810630670
1785426893.703766 6.583693 -4.849936 20.312853 0.050878448 -0.513298131 0.277719026 0.810437261
1785426893.803766 6.612478 -4.836088 20.293877 0.051110781 -0.513189219 0.277953029 0.810411394
1785426893.903766 6.642202 -4.821776 20.273881 0.050925536 -0.513415273 0.278368090 0.810137367
1785426894.003766 6.680028 -4.803188 20.253016 0.052550801 -0.513224020 0.278579634 0.810082037
1785426894.103766 6.706844 -4.785093 20.234103 0.053227835 -0.512859982 0.278854496 0.810173813
1785426894.203766 6.737859 -4.769866 20.211991 0.052818803 -0.512778962 0.278986548 0.810206403
1785426894.303766 6.768600 -4.757223 20.190143 0.053011146 -0.512501895 0.279916259 0.810048464
1785426894.403766 6.809305 -4.736885 20.159718 0.053355471 -0.512312592 0.278695491 0.810566361
1785426894.503766 6.849141 -4.715278 20.129997 0.053722624 -0.512202102 0.278399787 0.810713541
1785426894.603766 6.878169 -4.700193 20.109161 0.054204907 -0.512165329 0.278703184 0.810600418
1785426894.703766 6.917838 -4.681089 20.081491 0.053984871 -0.512239070 0.278827674 0.810525692
1785426894.803766 6.947438 -4.661323 20.052419 0.053531664 -0.512216669 0.278604860 0.810646518
1785426894.903766 6.976592 -4.646698 20.032565 0.054692569 -0.512018860 0.278783507 0.810632572
1785426895.003766 7.007363 -4.629771 20.018469 0.056023199 -0.511947629 0.278304204 0.810751378
1785426895.103766 7.043471 -4.612129 19.991754 0.055497420 -0.511649964 0.278914353 0.810765770
1785426895.203766 7.078126 -4.600753 19.967374 0.055207230 -0.511472584 0.280518060 0.810344110
1785426895.303766 7.107000 -4.585926 19.946443 0.055245099 -0.511546610 0.280071812 0.810449151
1785426895.403766 7.152282 -4.573678 19.915255 0.054360916 -0.511130457 0.281221361 0.810373428
1785426895.503766 7.171946 -4.562585 19.901378 0.053472646 -0.511276513 0.281133188 0.810370986
1785426895.603766 7.186050 -4.566617 19.892724 0.052471096 -0.511400882 0.280956439 0.810419275
1785426895.703766 7.209355 -4.563488 19.881251 0.050479855 -0.511967781 0.281514755 0.809993962
1785426895.803766 7.236184 -4.549802 19.863226 0.050301891 -0.511666143 0.282005683 0.810024860
1785426895.903766 7.271708 -4.536314 19.842701 0.047785012 -0.512338001 0.282479829 0.809587248
1785426896.003766 7.292558 -4.525452 19.826471 0.047911794 -0.512579550 0.282124253 0.809550845
1785426896.103766 7.321351 -4.511391 19.807513 0.047768900 -0.512586157 0.281699956 0.809702846
1785426896.203766 7.334880 -4.504360 19.796461 0.047560562 -0.512449081 0.281392621 0.809908714
1785426896.303766 7.364683 -4.488193 19.775527 0.045972706 -0.512499249 0.281339758 0.809987019
1785426896.403766 7.390682 -4.470816 19.746961 0.045380350 -0.511970298 0.281817202 0.810188930
1785426896.503766 7.408637 -4.463132 19.732169 0.044185828 -0.512209912 0.281610683 0.810175315
1785426896.603766 7.423709 -4.455499 19.721791 0.043515176 -0.512384406 0.281486671 0.810144372
1785426896.703766 7.434652 -4.446101 19.725581 0.044001756 -0.512867210 0.280947594 0.809999703
1785426896.803766 7.462926 -4.432175 19.705765 0.043300984 -0.512855387 0.281658340 0.809798096
1785426896.903766 7.490525 -4.419372 19.686892 0.042776193 -0.513173268 0.281781585 0.809581702
1785426897.003766 7.515394 -4.406944 19.671660 0.042473449 -0.513371865 0.281549764 0.809552385
1785426897.103766 7.538728 -4.395827 19.647713 0.042102143 -0.513319935 0.280864566 0.809842669
1785426897.203766 7.563957 -4.383475 19.632005 0.041645959 -0.513523375 0.280957618 0.809704992
1785426897.303766 7.579293 -4.378190 19.627691 0.042277449 -0.513826668 0.280644899 0.809588298
1785426897.403766 7.604518 -4.365202 19.610262 0.042609823 -0.513770878 0.280083036 0.809800828
1785426897.503766 7.643828 -4.343386 19.586089 0.042434162 -0.513695712 0.279934712 0.809909016
1785426897.603766 7.670694 -4.330845 19.568710 0.042738439 -0.513476809 0.280285773 0.809910413
1785426897.703766 7.694750 -4.319936 19.553252 0.042761561 -0.513336981 0.280441023 0.809944088
1785426897.803766 7.719252 -4.304018 19.532823 0.043168782 -0.513122969 0.278945607 0.810574255
1785426897.903766 7.748163 -4.292709 19.508800 0.044330936 -0.512653682 0.278157666 0.811079086
1785426898.003766 7.768846 -4.282374 19.494689 0.045677808 -0.512190421 0.279102967 0.810972283
1785426898.103766 7.788720 -4.269601 19.487946 0.047495334 -0.511914537 0.280792308 0.810458746
1785426898.203766 7.821376 -4.253049 19.467338 0.049159029 -0.511206472 0.282040194 0.810373162
1785426898.303766 7.844015 -4.242280 19.452393 0.048844014 -0.511412855 0.281845699 0.810329659
1785426898.403766 7.869559 -4.231088 19.441336 0.047752340 -0.511933939 0.281396882 0.810221668
1785426898.503766 7.905060 -4.213240 19.420034 0.048162350 -0.512327708 0.281050634 0.810068669
1785426898.603766 6.042311 -6.756802 19.745271 0.141021102 -0.427520087 -0.093855057 0.887992597
1785426898.703766 3.127998 -7.995542 19.878052 0.210972175 -0.273265463 -0.453514792 0.821669679
1785426898.803766 3.127998 -7.995542 19.878052 0.211279451 -0.273112172 -0.453065765 0.821889377
1785426898.903766 3.127999 -7.995542 19.878051 0.212022662 -0.272996802 -0.452349241 0.822130951
1785426899.003766 3.127999 -7.995542 19.878051 0.211073557 -0.272326033 -0.453368967 0.822035927
1785426899.103766 3.127999 -7.995542 19.878051 0.210772394 -0.271307443 -0.453845991 0.822186770
1785426899.203766 3.128000 -7.995542 19.878050 0.209282273 -0.270305499 -0.454126570 0.822742321
1785426899.303766 3.128000 -7.995542 19.878050 0.207839745 -0.270093456 -0.454082393 0.823201887
1785426899.403766 3.128001 -7.995541 19.878049 0.208324051 -0.269919844 -0.454100536 0.823126400
1785426899.503766 3.128001 -7.995541 19.878049 0.208905048 -0.269551614 -0.454080136 0.823111073
1785426899.603766 3.128001 -7.995541 19.878049 0.208632656 -0.269111901 -0.453947358 0.823397228
1785426899.703766 3.128001 -7.995541 19.878049 0.209937759 -0.268937564 -0.454368145 0.822890219
1785426899.803766 3.128001 -7.995541 19.878049 0.211433717 -0.268606416 -0.454487554 0.822549354
1785426899.903766 3.128001 -7.995541 19.878049 0.211001832 -0.267905273 -0.453918844 0.823202693
1785426900.003766 3.128001 -7.995541 19.878049 0.211573413 -0.268159719 -0.452829844 0.823572819
1785426900.103766 3.128001 -7.995541 19.878049 0.211106276 -0.267224929 -0.453189521 0.823798662
1785426900.203766 3.128001 -7.995541 19.878049 0.211255804 -0.267324753 -0.453064171 0.823796892
1785426900.303766 2.883761 -8.272369 20.377926 0.313703029 -0.180618363 -0.709816616 0.604258048
1785426900.403766 2.883761 -8.272369 20.377926 0.427762316 -0.098453158 -0.804158216 0.400819086
1785426900.503766 2.883762 -8.272369 20.377926 0.427976937 -0.098720377 -0.804080954 0.400679232
1785426900.603766 2.883762 -8.272369 20.377926 0.428170506 -0.098582119 -0.804075659 0.400517065
1785426900.703766 2.883762 -8.272369 20.377926 0.428309229 -0.098158854 -0.803691834 0.401242421
1785426900.803766 2.883762 -8.272369 20.377926 0.428503189 -0.098316638 -0.803870549 0.400638236
1785426900.903766 2.883762 -8.272369 20.377926 0.428570046 -0.097877071 -0.804071813 0.400270302
1785426901.003766 2.883762 -8.272369 20.377926 0.429015008 -0.098168879 -0.804140946 0.399582699
1785426901.103766 2.883762 -8.272369 20.377926 0.429483403 -0.097999585 -0.803578598 0.400251827
1785426901.203766 2.883763 -8.272368 20.377925 0.429762371 -0.098515399 -0.803202506 0.400580522
1785426901.303766 2.883763 -8.272368 20.377925 0.429958372 -0.098673171 -0.802978396 0.400780611
1785426901.403766 2.883764 -8.272368 20.377924 0.429538815 -0.097291970 -0.803237602 0.401048666
1785426901.503766 2.953800 -8.260201 20.332149 0.429840456 -0.097017601 -0.803135033 0.400997364
1785426901.603766 2.953800 -8.260201 20.332149 0.429782274 -0.096261022 -0.803289146 0.400933361
1785426901.703766 2.953800 -8.260201 20.332149 0.429834708 -0.096290856 -0.802962262 0.401524347
1785426901.803766 2.953801 -8.260201 20.332148 0.429985835 -0.096385230 -0.802761620 0.401741024
1785426901.903766 2.953801 -8.260201 20.332148 0.430437834 -0.096173440 -0.802476260 0.401877832
1785426902.003766 2.953801 -8.260201 20.332148 0.430532727 -0.095674729 -0.802321814 0.402203461
1785426902.103766 2.953801 -8.260201 20.332148 0.429645968 -0.094636643 -0.802375819 0.403288102
1785426902.203766 3.035938 -8.243816 20.273756 0.429576979 -0.094494308 -0.802671463 0.402806365
1785426902.303766 3.035938 -8.243815 20.273755 0.429490828 -0.094289031 -0.802838326 0.402613748
1785426902.403766 3.035938 -8.243815 20.273755 0.430515409 -0.093957233 -0.802512115 0.402247221
1785426902.503766 3.125246 -8.222812 20.222205 0.431011900 -0.093564270 -0.801957175 0.402913340
1785426902.603766 3.125247 -8.222812 20.222205 0.431153641 -0.094860433 -0.801679749 0.403010690
1785426902.703766 3.160946 -8.215789 20.193986 0.430885973 -0.094509379 -0.801786943 0.403166162
1785426902.803766 3.184101 -8.211249 20.175363 0.431247073 -0.095159771 -0.801553432 0.403091399
1785426902.903766 3.218353 -8.205585 20.151110 0.431386875 -0.095445745 -0.801589318 0.402802729
1785426903.003766 3.242786 -8.201224 20.131354 0.431263418 -0.095783648 -0.801441142 0.403149418
1785426903.103766 3.267958 -8.196064 20.111621 0.431669394 -0.096814133 -0.801163725 0.403020152
1785426903.203766 3.278002 -8.195163 20.103778 0.430990260 -0.096244722 -0.801657247 0.402901983
1785426903.303766 3.276054 -8.195197 20.105268 0.430902677 -0.095944927 -0.801526470 0.403327127
1785426903.403766 3.274651 -8.195355 20.106867 0.431173689 -0.096056101 -0.801390491 0.403281238
1785426903.503766 3.274593 -8.195740 20.106857 0.431075389 -0.096054192 -0.801434583 0.403299157
1785426903.603766 3.271496 -8.195075 20.108838 0.431096561 -0.095976229 -0.801338097 0.403486770
1785426903.703766 3.269554 -8.198049 20.111558 0.431255341 -0.095861381 -0.801488411 0.403045597
1785426903.803766 3.269732 -8.198043 20.111726 0.431283023 -0.095862481 -0.801483243 0.403025992
1785426903.903766 3.269588 -8.197899 20.111510 0.431263834 -0.095846712 -0.801485113 0.403046556
1785426904.003766 3.267972 -8.199657 20.113374 0.431642669 -0.096296299 -0.801487390 0.402528997
1785426904.103766 3.257603 -8.202074 20.121594 0.431479572 -0.095782795 -0.801717012 0.402369069
1785426904.203766 3.246676 -8.204119 20.129718 0.431449322 -0.095516132 -0.801694254 0.402510216
1785426904.303766 3.230850 -8.204718 20.139743 0.431329812 -0.094836362 -0.801889113 0.402410870
1785426904.403766 3.219815 -8.206146 20.148569 0.431605500 -0.094810858 -0.801933088 0.402033477
1785426904.503766 3.201855 -8.215708 20.160966 0.431310929 -0.094720005 -0.802318327 0.401602172
1785426904.603766 3.174528 -8.221014 20.180725 0.431099852 -0.094249418 -0.802308972 0.401958054
1785426904.703766 3.173049 -8.221266 20.183016 0.431078280 -0.094180160 -0.802329612 0.401956226
1785426904.803766 3.170636 -8.225197 20.185750 0.430984387 -0.094280129 -0.802522647 0.401648000
1785426904.903766 3.170433 -8.225094 20.185913 0.431024060 -0.094316401 -0.802503389 0.401635389
1785426905.003766 3.186855 -8.218584 20.177346 0.431238329 -0.093938949 -0.802380792 0.401738774
1785426905.103766 3.210580 -8.213997 20.158887 0.431303161 -0.093997884 -0.802324429 0.401767957
1785426905.203766 3.238123 -8.208053 20.140467 0.431687092 -0.094872291 -0.801766148 0.402264276
1785426905.303766 3.270806 -8.201625 20.115341 0.431770137 -0.095280187 -0.801712114 0.402186426
1785426905.403766 3.298241 -8.195520 20.096804 0.432299977 -0.095340346 -0.801682053 0.401662587
1785426905.503766 3.311422 -8.192768 20.086883 0.431706247 -0.096683660 -0.802174862 0.400995607
1785426905.603766 3.306968 -8.193039 20.086026 0.431580874 -0.095010804 -0.802040095 0.401799181
1785426905.703766 3.301986 -8.193444 20.089728 0.432178530 -0.095724836 -0.801816840 0.401432721
1785426905.803766 3.284362 -8.196985 20.101019 0.431854131 -0.095188434 -0.801864157 0.401814691
1785426905.903766 3.261893 -8.201542 20.117527 0.431835620 -0.095413065 -0.801850617 0.401808328
1785426906.003766 3.231773 -8.205551 20.140936 0.431455757 -0.094138292 -0.801999271 0.402220190
1785426906.103766 3.200900 -8.210515 20.164885 0.431567542 -0.093829300 -0.802201203 0.401769523
1785426906.203766 3.180808 -8.213397 20.181718 0.431808502 -0.093442174 -0.802324901 0.401353625
1785426906.303766 3.156213 -8.217953 20.201328 0.431703106 -0.092637861 -0.802426416 0.401450496
1785426906.403766 3.128233 -8.219727 20.224985 0.431796357 -0.092564658 -0.802278970 0.401661728
1785426906.503766 3.073323 -8.228833 20.264124 0.431408363 -0.091201591 -0.802517350 0.401914168
1785426906.603766 3.042071 -8.233685 20.289175 0.431732947 -0.091179726 -0.802620494 0.401364252
1785426906.703766 3.008806 -8.236022 20.314070 0.431610659 -0.091508911 -0.802283500 0.402093948
1785426906.803766 2.960381 -8.246275 20.350897 0.431725249 -0.091952092 -0.801999086 0.402437060
1785426906.903766 2.924672 -8.251044 20.378076 0.432755700 -0.092803404 -0.801922728 0.401285399
1785426907.003766 2.873463 -8.256784 20.418421 0.433214579 -0.092934227 -0.801788048 0.401029032
1785426907.103766 2.818941 -8.267351 20.456772 0.433610400 -0.092596765 -0.802034702 0.400185203
1785426907.203766 2.781341 -8.273765 20.484281 0.433988175 -0.093312080 -0.801774790 0.400130362
1785426907.303766 2.740794 -8.278308 20.515111 0.434419434 -0.094427922 -0.801471249 0.400008699
1785426907.403766 2.702076 -8.285145 20.544081 0.434790362 -0.094118569 -0.801511477 0.399597784
1785426907.503766 2.649213 -8.294337 20.586326 0.435001456 -0.093827787 -0.801680247 0.399097557
1785426907.603766 2.612077 -8.301291 20.613504 0.434554627 -0.093839431 -0.801438092 0.400066772
1785426907.703766 2.573230 -8.310069 20.643886 0.434574751 -0.093980302 -0.801116733 0.400655049
1785426907.803766 2.526304 -8.316399 20.676277 0.435078193 -0.093953547 -0.801176707 0.399994477
1785426907.903766 2.465603 -8.328457 20.721774 0.434887951 -0.093559418 -0.801039972 0.400567184
1785426908.003766 2.409003 -8.338836 20.765669 0.434874269 -0.092221654 -0.801158885 0.400654436
1785426908.103766 2.361978 -8.344320 20.798576 0.434378947 -0.091722078 -0.800908871 0.401804643
1785426908.203766 2.308826 -8.353943 20.838060 0.434598849 -0.092132907 -0.800834289 0.401621475
1785426908.303766 2.264043 -8.361465 20.871950 0.434527767 -0.091191922 -0.801088457 0.401406199
1785426908.403766 2.213998 -8.370375 20.909572 0.434368076 -0.090853253 -0.801205626 0.401421980
1785426908.503766 2.151055 -8.384427 20.957637 0.434172978 -0.090743406 -0.800744863 0.402575613
1785426908.603766 2.105323 -8.390052 20.992544 0.434474863 -0.090519239 -0.800449450 0.402887750
1785426908.703766 2.065302 -8.399716 21.024164 0.434160966 -0.090221603 -0.800362804 0.403464621
1785426908.803766 1.961560 -8.016147 21.713821 0.477074540 -0.052013133 -0.820667079 0.310161349
1785426908.903766 1.902767 -8.391185 21.196965 0.438260163 -0.091317959 -0.798173020 0.403123913
1785426909.003766 1.902767 -8.391185 21.196965 0.438629864 -0.093181268 -0.797793116 0.403047438
1785426909.103766 1.902767 -8.391185 21.196965 0.437727332 -0.091908933 -0.798376542 0.403165509
1785426909.203766 1.902767 -8.391185 21.196965 0.435600583 -0.092908473 -0.798914674 0.404172602
1785426909.303766 1.902767 -8.391185 21.196965 0.434709867 -0.093508078 -0.798887053 0.405046970
1785426909.403766 1.902767 -8.391185 21.196965 0.434792921 -0.095296498 -0.799151309 0.404018414
1785426909.503766 1.902767 -8.391185 21.196965 0.432677047 -0.094987816 -0.800285221 0.404118117
1785426909.603766 1.727853 -8.459974 21.319574 0.429937084 -0.092459465 -0.801983741 0.404261587
1785426909.703766 1.727853 -8.459974 21.319574 0.427043288 -0.092102822 -0.803104344 0.405184541
1785426909.803766 1.610773 -8.482480 21.401749 0.426566479 -0.093801975 -0.802883976 0.405733348
1785426909.903766 1.529026 -8.504869 21.448485 0.420330432 -0.094929841 -0.805831342 0.406136063
1785426910.003766 1.529026 -8.504869 21.448485 0.414157362 -0.099575496 -0.809551848 0.403960648
1785426910.103766 1.529026 -8.504869 21.448485 0.404320641 -0.104439814 -0.814283092 0.403187538
1785426910.203766 1.529026 -8.504869 21.448485 0.394955318 -0.109040050 -0.819423321 0.400831617
1785426910.303766 1.457005 -8.532715 21.511520 0.380734074 -0.116168929 -0.826083821 0.398913357
1785426910.403766 1.435291 -8.534094 21.527136 0.374257243 -0.119758792 -0.829462618 0.396964876
1785426910.503766 1.411761 -8.550579 21.549185 0.369781954 -0.122746621 -0.831747925 0.395461709
1785426910.603766 1.378474 -8.557732 21.572123 0.365458417 -0.125078990 -0.833989800 0.394025894
1785426910.703766 1.342891 -8.563083 21.596887 0.362814559 -0.127095083 -0.835159724 0.393345486
1785426910.803766 1.307485 -8.572778 21.620079 0.360297690 -0.127780597 -0.836473591 0.392644401
1785426910.903766 1.271084 -8.580860 21.644450 0.358438217 -0.129370284 -0.837096826 0.392497488
1785426911.003766 1.208353 -8.597998 21.687692 0.356184111 -0.131171246 -0.838814732 0.390277886
1785426911.103766 1.166023 -8.608120 21.715576 0.354748308 -0.132974865 -0.839563196 0.389364821
1785426911.203766 1.132635 -8.613521 21.737139 0.353345635 -0.134240244 -0.840074278 0.389103618
1785426911.303766 1.085774 -8.626742 21.771876 0.351925721 -0.135123828 -0.841405134 0.387204388
1785426911.403766 1.052044 -8.633760 21.794288 0.350909757 -0.136250374 -0.841916332 0.386620057
1785426911.503766 1.016430 -8.639452 21.816242 0.349857053 -0.136053747 -0.842691371 0.385954237
1785426911.603766 0.983593 -8.645768 21.840013 0.349372477 -0.136431674 -0.843089610 0.385389648
1785426911.703766 0.943685 -8.653419 21.873635 0.348160952 -0.137499310 -0.843703148 0.384763419
1785426911.803766 0.912762 -8.660116 21.894175 0.345803754 -0.138866325 -0.844606126 0.384416961
1785426911.903766 0.887715 -8.665514 21.912731 0.343214733 -0.139921361 -0.845295783 0.384838537
1785426912.003766 0.841000 -8.675365 21.945920 0.341123221 -0.139634986 -0.845962198 0.385337487
1785426912.103766 0.756210 -8.692387 22.007299 0.338872897 -0.139812765 -0.847027235 0.384918711
1785426912.203766 0.712615 -8.707144 22.032617 0.336605322 -0.140257432 -0.848303613 0.383934485
1785426912.303766 0.659207 -8.719236 22.074718 0.334763288 -0.140738864 -0.849636074 0.382419474
1785426912.403766 0.627216 -8.729119 22.099426 0.334048968 -0.140964946 -0.850238354 0.381621427
1785426912.503766 0.576967 -8.738775 22.133090 0.332384796 -0.141082199 -0.850645442 0.382123660
1785426912.603766 0.548431 -8.744972 22.154128 0.332051474 -0.141116798 -0.850459515 0.382813899
1785426912.703766 0.510469 -8.751039 22.180230 0.331301361 -0.141494250 -0.850481165 0.383276106
1785426912.803766 0.493815 -8.757863 22.180435 0.330549213 -0.141671665 -0.850461361 0.383903414
1785426912.903766 0.463293 -8.762128 22.202234 0.329993534 -0.142738534 -0.850814571 0.383203007
1785426913.003766 0.437846 -8.769274 22.220532 0.328771072 -0.142402303 -0.851474219 0.382913595
1785426913.103766 0.410856 -8.773668 22.245729 0.328157176 -0.141994143 -0.851652354 0.383195510
1785426913.203766 0.403098 -8.776500 22.238164 0.326957967 -0.142090998 -0.851814657 0.383823431
1785426913.303766 0.404373 -8.779823 22.238889 0.327318732 -0.142417586 -0.851746573 0.383545895
1785426913.403766 0.382310 -8.783602 22.255349 0.326830712 -0.142807856 -0.852078535 0.383079328
1785426913.503766 0.386869 -8.784418 22.245080 0.326953003 -0.142276266 -0.852202809 0.382896292
1785426913.603766 0.385204 -8.786068 22.247650 0.326199323 -0.141254220 -0.852658992 0.382901932
1785426913.703766 0.385765 -8.785044 22.241021 0.326659049 -0.142511572 -0.852221199 0.383018726
1785426913.803766 0.387980 -8.784893 22.241061 0.326862073 -0.142040690 -0.852286682 0.382874704
1785426913.903766 0.388360 -8.784915 22.241143 0.326865942 -0.142043092 -0.852306276 0.382826890
1785426914.003766 0.394589 -8.780302 22.223730 0.326206523 -0.141812661 -0.852513990 0.383012232
1785426914.103766 0.404279 -8.776685 22.223104 0.325147111 -0.141979995 -0.853433222 0.381802007
1785426914.203766 0.404026 -8.777351 22.221898 0.322114404 -0.142487372 -0.854521590 0.381749278
1785426914.303766 0.419257 -8.775650 22.207500 0.316015296 -0.144337858 -0.857201943 0.380139111
1785426914.403766 0.430605 -8.775448 22.194170 0.305170672 -0.148632120 -0.861231558 0.378232147
1785426914.503766 0.443046 -8.774732 22.172976 0.289420762 -0.154908406 -0.866709224 0.375571737
1785426914.603766 0.450331 -8.775221 22.163903 0.280211671 -0.158721234 -0.869901776 0.373577152
1785426914.703766 0.459735 -8.775554 22.154467 0.272750701 -0.162055160 -0.872373104 0.371900992
1785426914.803766 0.471079 -8.772255 22.130047 0.260915018 -0.167105601 -0.875358177 0.371143010
1785426914.903766 0.488170 -8.769033 22.105218 0.247035626 -0.173425226 -0.878606939 0.370063423
1785426915.003766 0.511016 -8.769792 22.075946 0.230192737 -0.180213347 -0.883282337 0.366533446
1785426915.103766 0.533294 -8.768284 22.046890 0.215779808 -0.185639683 -0.886952416 0.363720214
1785426915.203766 0.553092 -8.771627 22.019656 0.200969956 -0.191360166 -0.890694002 0.360078546
1785426915.303766 0.565826 -8.770768 22.004792 0.193098025 -0.193995874 -0.892891594 0.357523923
1785426915.403766 0.567104 -8.776006 21.999461 0.186997200 -0.196183432 -0.894544636 0.355434948
1785426915.503766 0.560183 -8.773982 22.008466 0.192651222 -0.194378206 -0.893067517 0.357117669
1785426915.603766 0.563789 -8.768504 22.011138 0.193158815 -0.194084069 -0.892975635 0.357233203
1785426915.703766 0.568929 -8.767064 22.006731 0.191905235 -0.194694383 -0.893138868 0.357168643
1785426915.803766 0.576943 -8.765819 22.002732 0.188091309 -0.195792472 -0.894269772 0.355764730
1785426915.903766 0.598713 -8.763825 21.978413 0.176030004 -0.200477841 -0.896661368 0.353299397
1785426916.003766 0.624999 -8.758114 21.956403 0.163766267 -0.205343540 -0.899097464 0.350197644
1785426916.103766 0.651643 -8.756789 21.928476 0.147413953 -0.212059064 -0.901749145 0.346624521
1785426916.203766 0.701313 -8.744261 21.908576 0.130922482 -0.219583882 -0.904495001 0.341366394
1785426916.303766 0.738125 -8.760417 21.832541 0.101696362 -0.230051605 -0.908431129 0.333896679
1785426916.403766 0.747781 -8.776365 21.774463 0.080497823 -0.236664033 -0.910723716 0.328774314
1785426916.503766 0.765487 -8.785448 21.744665 0.066238675 -0.241519457 -0.912091556 0.324607121
1785426916.603766 0.694420 -8.834367 21.957755 0.057000637 -0.247639311 -0.915827376 0.310943591
1785426916.703766 0.676575 -8.842430 21.990732 0.043678993 -0.252854998 -0.916594865 0.306611070
1785426916.803766 0.654379 -8.845039 22.004346 0.026649797 -0.258404588 -0.917175108 0.302169950
1785426916.903766 0.568153 -8.827733 22.141799 0.008287158 -0.265154732 -0.917810630 0.295377620
1785426917.003766 0.585981 -8.845711 22.108087 -0.009948845 -0.270851269 -0.918193730 0.288895976
1785426917.103766 0.603853 -8.863355 22.075022 -0.027823815 -0.276282678 -0.918208428 0.282465929
1785426917.203766 0.498552 -8.882731 22.264403 -0.043500428 -0.282489647 -0.920679873 0.265811746
1785426917.303766 0.458060 -8.914070 22.340930 -0.058697125 -0.287034855 -0.922413013 0.251634402
1785426917.403766 0.499915 -8.938721 22.266808 -0.080899973 -0.293603875 -0.920700858 0.244053046
1785426917.503766 0.503835 -8.933969 22.253984 -0.099691061 -0.299238678 -0.918743986 0.237544509
1785426917.603766 0.503835 -8.933969 22.253984 -0.117326530 -0.304035674 -0.917102842 0.229606559
1785426917.703766 0.503835 -8.933969 22.253984 -0.134255850 -0.308459528 -0.915097441 0.222316802
1785426917.803766 0.503835 -8.933969 22.253984 -0.156497087 -0.313883152 -0.911763579 0.213712903
1785426917.903766 0.503835 -8.933969 22.253984 -0.175458150 -0.318104403 -0.908339906 0.207226062
1785426918.003766 0.503835 -8.933969 22.253984 -0.196005057 -0.322955102 -0.904360330 0.198530634
1785426918.103766 0.503835 -8.933969 22.253984 -0.224725019 -0.328637984 -0.897913476 0.187742195
1785426918.203766 0.503835 -8.933969 22.253984 -0.247503441 -0.332284862 -0.892431756 0.178589969
1785426918.303766 0.503835 -8.933969 22.253985 -0.266256602 -0.336354810 -0.887071236 0.170521216
1785426918.403766 0.503835 -8.933969 22.253984 -0.284922108 -0.340533445 -0.881080773 0.162951026
1785426918.503766 0.503837 -8.933962 22.253992 -0.311212612 -0.345409018 -0.872095468 0.152606732
1785426918.603766 0.503837 -8.933962 22.253992 -0.330913502 -0.348776719 -0.864888152 0.144289777
1785426918.703766 0.503837 -8.933962 22.253993 -0.349811930 -0.351880958 -0.857528154 0.135856068
1785426918.803766 0.503838 -8.933960 22.253995 -0.368084595 -0.355011674 -0.849827980 0.127565071
1785426918.903766 0.521157 -8.841778 22.555332 -0.396837338 -0.371218693 -0.833289546 0.101712053
1785426919.003766 0.493668 -8.710699 22.744108 -0.425840035 -0.372221392 -0.819277116 0.094321300
1785426919.103766 0.493674 -8.710684 22.744123 -0.441810630 -0.374387627 -0.810609937 0.086883842
1785426919.203766 0.493676 -8.710674 22.744129 -0.462508414 -0.377285118 -0.798642024 0.076894887
1785426919.303766 0.493680 -8.710653 22.744142 -0.478545727 -0.379516305 -0.788902193 0.067784145
1785426919.403766 0.493701 -8.710582 22.744197 -0.495258772 -0.381873992 -0.778228374 0.057022808
1785426919.503766 0.493709 -8.710536 22.744225 -0.512309498 -0.384116362 -0.766725733 0.046100410
1785426919.603766 0.493718 -8.710487 22.744253 -0.528827000 -0.385936274 -0.755024867 0.036505417
1785426919.703766 0.493718 -8.710485 22.744254 -0.544446447 -0.388134033 -0.743140538 0.025926411
1785426919.803766 0.557228 -8.648508 22.840572 -0.561904373 -0.390455784 -0.729044552 0.017372300
1785426919.903766 0.557225 -8.648510 22.840571 -0.577252976 -0.391841891 -0.716352443 0.008838082
1785426920.003766 0.557225 -8.648510 22.840571 0.593834205 0.392089448 0.702584205 0.001495388
1785426920.103766 0.557225 -8.648510 22.840571 0.604731561 0.392153731 0.693148912 0.007731440
1785426920.203766 0.557225 -8.648510 22.840571 0.622243870 0.391450834 0.677667560 0.018587344
1785426920.303766 0.557225 -8.648510 22.840571 0.639843199 0.390295360 0.661383582 0.029016743
1785426920.403766 0.557225 -8.648510 22.840571 0.656898143 0.387652701 0.645592716 0.037686315
1785426920.503766 0.557224 -8.648510 22.840572 0.674243001 0.385477772 0.628143493 0.047318230
1785426920.603766 0.557224 -8.648510 22.840572 0.697172738 0.382360145 0.603431354 0.060178845
1785426920.703766 0.557222 -8.648509 22.840573 0.719252716 0.379685976 0.577252708 0.072755763
1785426920.803766 0.557222 -8.648509 22.840573 0.753811415 0.363591087 0.545907481 0.039432151
1785426920.903766 0.557222 -8.648509 22.840573 0.768644219 0.361818593 0.525264135 0.048692496
1785426921.003766 0.557222 -8.648509 22.840573 0.787018272 0.358179804 0.498552746 0.061275013
1785426921.103766 0.557221 -8.648509 22.840574 0.799681454 0.356099153 0.478218394 0.070782289
1785426921.203766 0.561177 -8.649129 22.835791 0.812018012 0.355497771 0.455765211 0.080784628
1785426921.303766 0.561177 -8.649129 22.835791 0.826137860 0.353068129 0.429245948 0.092666329
1785426921.403766 0.561177 -8.649129 22.835791 0.846000788 0.349778642 0.387055019 0.110118030
1785426921.503766 0.561176 -8.649129 22.835792 0.857464010 0.346700287 0.360430604 0.121013064
1785426921.603766 0.561176 -8.649129 22.835792 0.867725042 0.343207117 0.334563169 0.131641985
1785426921.703766 0.561176 -8.649129 22.835792 0.877179547 0.339453890 0.308360434 0.142270667
1785426921.803766 0.561176 -8.649129 22.835792 0.888964522 0.332637833 0.273675652 0.155549956
1785426921.903766 0.561176 -8.649129 22.835792 0.896951719 0.327801718 0.246822817 0.164627290
1785426922.003766 0.508512 -8.679837 22.979091 0.901374036 0.332255368 0.214822120 0.176018962
1785426922.103766 0.508512 -8.679837 22.979091 0.909334407 0.324881238 0.177269841 0.190101343
1785426922.203766 0.400554 -8.666405 23.130027 0.913786665 0.320197034 0.149565008 0.200245098
1785426922.303766 0.400554 -8.666405 23.130027 0.916430271 0.316633036 0.130420740 0.207097827
1785426922.403766 0.400554 -8.666405 23.130027 0.919161027 0.311227754 0.108394465 0.215710297
1785426922.503766 0.400554 -8.666405 23.130027 0.922390078 0.302419017 0.063434062 0.231765834
1785426922.603766 0.400554 -8.666405 23.130027 0.923600133 0.296078807 0.035905394 0.240854597
1785426922.703766 0.400554 -8.666405 23.130026 0.924192443 0.289749946 0.009464622 0.248643757
1785426922.803766 0.400554 -8.666405 23.130026 0.923424871 0.281266470 -0.023470759 0.260047695
1785426922.903766 0.400554 -8.666405 23.130026 0.922132799 0.275123314 -0.047348178 0.267836541
1785426923.003766 0.400554 -8.666405 23.130026 0.920321754 0.269213368 -0.071789896 0.274550984
1785426923.103766 0.400554 -8.666405 23.130026 0.917769292 0.263174999 -0.095618417 0.281594682
1785426923.203766 0.400554 -8.666405 23.130026 0.913881162 0.254737719 -0.125131353 0.290296503
1785426923.303766 0.400555 -8.666404 23.130028 0.910760094 0.249579740 -0.144174584 0.295702037
1785426923.403766 0.400555 -8.666404 23.130028 0.911755461 0.250569086 -0.140488702 0.293564366
1785426923.503766 0.400555 -8.666404 23.130028 0.911645798 0.250791909 -0.140807198 0.293562074
1785426923.603766 0.400549 -8.666408 23.130025 0.911708133 0.250732238 -0.140769244 0.293437635
1785426923.703766 0.400544 -8.666413 23.130020 0.911701704 0.250695507 -0.140871431 0.293439951
1785426923.803766 0.400502 -8.666415 23.130014 0.911700666 0.250664932 -0.140952336 0.293430446
1785426923.903766 0.400527 -8.666386 23.130061 0.911703786 0.250678858 -0.140926122 0.293421444
1785426924.003766 0.400561 -8.666354 23.130109 0.911713003 0.250669268 -0.140886266 0.293420141
1785426924.103766 0.400632 -8.666287 23.130163 0.911722376 0.250637693 -0.140872549 0.293424575
1785426924.203766 0.400642 -8.666233 23.130211 0.911733522 0.250669262 -0.140844875 0.293376254
1785426924.303766 0.400642 -8.666233 23.130211 0.911895329 0.251109052 -0.140307074 0.292754296
1785426924.403766 0.400641 -8.666235 23.130209 0.911851498 0.251197977 -0.140201620 0.292865033
1785426924.503766 0.400641 -8.666236 23.130206 0.911886734 0.251124516 -0.140224514 0.292807357
1785426924.603766 0.400637 -8.666260 23.130172 0.911892907 0.251154643 -0.140000290 0.292869578
1785426924.703766 0.400634 -8.666268 23.130162 0.911857454 0.251203844 -0.139572424 0.293141862
1785426924.803766 0.400632 -8.666295 23.130126 0.911852911 0.251149712 -0.139470898 0.293250678
1785426924.903766 0.400631 -8.666297 23.130123 0.911833613 0.251231506 -0.139199627 0.293369489
1785426925.003766 0.400624 -8.666310 23.130105 0.911822256 0.251450617 -0.139203301 0.293215283
1785426925.103766 0.400624 -8.666310 23.130105 0.911669113 0.251943323 -0.139053647 0.293339518
1785426925.203766 0.400624 -8.666310 23.130105 0.911553573 0.252134524 -0.138925974 0.293594685
1785426925.303766 0.400624 -8.666311 23.130104 0.911339994 0.252335863 -0.138746279 0.294169164
1785426925.403766 0.400624 -8.666311 23.130104 0.911289314 0.252414681 -0.138388958 0.294426752
1785426925.503766 0.400624 -8.666311 23.130103 0.911660743 0.252012902 -0.138452433 0.293590038
1785426925.603766 0.400624 -8.666311 23.130103 0.911414320 0.252551994 -0.138027529 0.294091532
1785426925.703766 0.400624 -8.666311 23.130103 0.911301554 0.252743581 -0.137553985 0.294497981
1785426925.803766 0.400624 -8.666311 23.130103 0.911201270 0.252768176 -0.137248634 0.294929326
1785426925.903766 0.400624 -8.666311 23.130103 0.911313978 0.252374792 -0.137111434 0.294981784
1785426926.003766 0.348948 -8.867406 22.918969 0.911949937 0.252514601 -0.136198514 0.293314939
1785426926.103766 0.348948 -8.867406 22.918969 0.911831430 0.254134378 -0.135850445 0.292444554
1785426926.203766 0.348948 -8.867406 22.918969 0.911740480 0.255662324 -0.134437601 0.292048976
1785426926.303766 0.348948 -8.867406 22.918969 0.911733015 0.256754250 -0.133396480 0.291591398
1785426926.403766 0.348948 -8.867406 22.918969 0.911709280 0.259347517 -0.131808252 0.290089018
1785426926.503766 0.216569 -9.045275 22.826056 0.912472972 0.259366024 -0.128423196 0.289188214
1785426926.603766 0.216569 -9.045275 22.826056 0.912053937 0.260185363 -0.128652199 0.289671890
1785426926.703766 0.216569 -9.045275 22.826056 0.912010933 0.260337050 -0.129652607 0.289224617
1785426926.803766 0.216569 -9.045275 22.826056 0.911549034 0.260713322 -0.130702608 0.289868505
1785426926.903766 0.216569 -9.045275 22.826056 0.911332769 0.261154662 -0.131864471 0.289624911
1785426927.003766 0.216569 -9.045275 22.826056 0.911009090 0.261411469 -0.132680953 0.290038355
1785426927.103766 0.216569 -9.045275 22.826056 0.911025374 0.260902545 -0.133847551 0.289909404
1785426927.203766 0.206036 -9.150102 22.672196 0.911263266 0.259816644 -0.135988761 0.289139463
1785426927.303766 0.206036 -9.150102 22.672196 0.909992112 0.262543650 -0.139065227 0.289216271
1785426927.403766 0.206036 -9.150102 22.672196 0.909639011 0.262248829 -0.141189587 0.289565058
1785426927.503766 0.206036 -9.150102 22.672196 0.909316921 0.262360128 -0.143405586 0.289386831
1785426927.603766 0.206036 -9.150102 22.672196 0.908787028 0.262594216 -0.146065481 0.289508706
1785426927.703766 0.206036 -9.150102 22.672196 0.908098194 0.262342894 -0.148613429 0.290599250
1785426927.803766 0.206036 -9.150102 22.672196 0.907744155 0.262195966 -0.152500230 0.289823229
1785426927.903766 0.104132 -9.397477 22.429422 0.907176775 0.261471336 -0.155326365 0.290752059
1785426928.003766 0.084924 -9.372833 22.295166 0.901598732 0.265949617 -0.165238220 0.298474216
1785426928.103766 0.077208 -9.421456 22.229853 0.900964730 0.263896122 -0.169635491 0.299741876
1785426928.203766 0.077208 -9.421456 22.229853 0.900640477 0.260693034 -0.172635631 0.301799291
1785426928.303766 0.075723 -9.459014 22.156374 0.899623276 0.258495240 -0.179296355 0.302838223
1785426928.403766 0.075723 -9.459014 22.156374 0.898693972 0.256762484 -0.183992766 0.304251266
1785426928.503766 0.056579 -9.517201 22.061072 0.897230574 0.255340605 -0.189524837 0.306363851
1785426928.603766 0.056579 -9.517201 22.061072 0.896629080 0.254996086 -0.192558814 0.306519808
1785426928.703766 0.051657 -9.561540 21.971647 0.895200443 0.254965996 -0.197152312 0.307797779
1785426928.803766 0.059201 -9.592712 21.872470 0.893484486 0.252961014 -0.204093056 0.309906799
1785426928.903766 0.063507 -9.631103 21.822850 0.893604706 0.249034143 -0.206540872 0.311116527
1785426929.003766 0.072653 -9.616885 21.829754 0.894692234 0.241922317 -0.204864110 0.314690476
1785426929.103766 0.072653 -9.616885 21.829754 0.895009771 0.242088639 -0.204937239 0.313610152
1785426929.203766 0.065929 -9.649558 21.790459 0.894304694 0.240692295 -0.206959670 0.315363328
1785426929.303766 0.062729 -9.678540 21.701232 0.891248188 0.241708847 -0.213177232 0.319075177
1785426929.403766 0.071702 -9.713615 21.655475 0.891264464 0.236156588 -0.212399550 0.323672908
1785426929.503766 0.060488 -9.753085 21.593408 0.890494917 0.234447507 -0.213696778 0.326169981
1785426929.603766 0.074888 -9.793676 21.531671 0.890199417 0.230502003 -0.217254167 0.327436180
1785426929.703766 0.074934 -9.810224 21.505009 0.890279191 0.227524806 -0.218697955 0.328339198
1785426929.803766 0.085938 -9.792847 21.458463 0.887467910 0.229729942 -0.222093250 0.332113610
1785426929.903766 0.079039 -9.850003 21.385246 0.887548089 0.226704758 -0.223028192 0.333349319
1785426930.003766 0.076807 -9.868641 21.336206 0.887241884 0.224793776 -0.224559124 0.334429062
1785426930.103766 0.070469 -9.906298 21.293115 0.888186817 0.223090840 -0.226291635 0.331883640
1785426930.203766 0.076284 -9.932386 21.250955 0.888324987 0.220492699 -0.227643238 0.332325508
1785426930.303766 0.052841 -9.997629 21.185960 0.888291207 0.219250261 -0.228364425 0.332742759
1785426930.403766 0.042039 -10.036552 21.126628 0.887494434 0.218169892 -0.229291340 0.334934336
1785426930.503766 0.032995 -10.079053 21.067819 0.886996879 0.216384013 -0.230847541 0.336338978
1785426930.603766 0.017143 -10.121481 21.013108 0.886288406 0.216882798 -0.232140686 0.336994680
1785426930.703766 0.014230 -10.161293 20.962916 0.886097345 0.215749580 -0.232610989 0.337899013
1785426930.803766 -0.004755 -10.209216 20.907731 0.885682507 0.216130623 -0.232279308 0.338969576
1785426930.903766 -0.051831 -10.294091 20.839336 0.886254203 0.216086971 -0.231995663 0.337695011
1785426931.003766 -0.056602 -10.346646 20.754888 0.885234425 0.216008253 -0.234028737 0.339014746
1785426931.103766 -0.061783 -10.393201 20.695283 0.884844844 0.215234186 -0.234861132 0.339947197
1785426931.203766 -0.066808 -10.431763 20.638478 0.884783892 0.214715054 -0.236582168 0.339240015
1785426931.303766 -0.074318 -10.476535 20.568836 0.883417504 0.214868671 -0.238545880 0.341322181
1785426931.403766 -0.087624 -10.522627 20.510942 0.883941723 0.214404206 -0.237786825 0.340786285
1785426931.503766 -0.075505 -10.550588 20.454621 0.884137429 0.212696906 -0.237451108 0.341581621
1785426931.603766 -0.065388 -10.595726 20.371392 0.883613397 0.211115578 -0.239972192 0.342156286
1785426931.703766 -0.068370 -10.639502 20.310173 0.884215521 0.208874474 -0.239941571 0.341997673
1785426931.803766 -0.090328 -10.704063 20.249802 0.885671529 0.206271057 -0.236892383 0.341935948
1785426931.903766 -0.062770 -10.718871 20.174840 0.883696689 0.206311996 -0.241874387 0.343529187
1785426932.003766 -0.068967 -10.758529 20.123939 0.884273057 0.205268536 -0.241736548 0.342767311
1785426932.103766 -0.088661 -10.786447 20.076941 0.883182549 0.205009533 -0.243135072 0.344739050
1785426932.203766 -0.093579 -10.818336 20.037566 0.884227640 0.204409952 -0.241594431 0.343496990
1785426932.303766 -0.097266 -10.853550 19.992935 0.884351010 0.203869760 -0.241750675 0.343390482
1785426932.403766 -0.100241 -10.882623 19.931618 0.883409896 0.203038363 -0.240918355 0.346872778
1785426932.503766 -0.110411 -10.939719 19.873352 0.883595988 0.202208535 -0.239356660 0.347962969
1785426932.603766 -0.120822 -10.978674 19.813711 0.883767139 0.201421132 -0.238623768 0.348487974
1785426932.703766 -0.130545 -11.036131 19.741159 0.883349969 0.200329986 -0.238299942 0.350391020
1785426932.803766 -0.137403 -11.075587 19.679736 0.882978568 0.199732991 -0.237970739 0.351888487
1785426932.903766 -0.158741 -11.150382 19.571062 0.882166682 0.198230670 -0.237238680 0.355252523
1785426933.003766 -0.160404 -11.200104 19.510002 0.882822808 0.196276950 -0.236561947 0.355158688
1785426933.103766 -0.139087 -11.248480 19.387786 0.879549838 0.193188288 -0.239630620 0.362832652
1785426933.203766 -0.178838 -11.310062 19.330134 0.879221203 0.194116590 -0.237747942 0.364368964
1785426933.303766 -0.150664 -11.331738 19.280133 0.878819114 0.192026883 -0.239079019 0.365573336
1785426933.403766 -0.148761 -11.329201 19.254136 0.877241195 0.191113169 -0.240824269 0.368683217
1785426933.503766 -0.147550 -11.328199 19.255160 0.877244881 0.191190927 -0.241057363 0.368481743
1785426933.603766 -0.144550 -11.324536 19.244134 0.876297194 0.191216517 -0.241847056 0.370201935
1785426933.703766 -0.144405 -11.324616 19.243757 0.876310083 0.191271211 -0.241817235 0.370162649
1785426933.803766 -0.143987 -11.323155 19.243689 0.876119675 0.191432938 -0.241656976 0.370634120
1785426933.903766 -0.143927 -11.323227 19.243570 0.876099137 0.191427136 -0.241691308 0.370663278
1785426934.003766 -0.143330 -11.318765 19.246903 0.875746045 0.191821570 -0.241690882 0.371293506
1785426934.103766 -0.136438 -11.296085 19.266317 0.875553201 0.191871858 -0.242199730 0.371390729
1785426934.203766 -0.169155 -11.291469 19.291818 0.875653207 0.194396696 -0.240220979 0.371127023
1785426934.303766 -0.158917 -11.264077 19.315601 0.875516858 0.194337793 -0.240591718 0.371239381
1785426934.403766 -0.137552 -11.221878 19.349966 0.875318389 0.194186318 -0.241620771 0.371118302
1785426934.503766 -0.118320 -11.193268 19.378132 0.875613417 0.192568443 -0.243041585 0.370336774
1785426934.603766 -0.105275 -11.152656 19.422210 0.875923115 0.192857405 -0.243028525 0.369461572
1785426934.703766 -0.092731 -11.112568 19.458244 0.875330122 0.193839454 -0.243490426 0.370048452
1785426934.803766 -0.058602 -11.042260 19.528116 0.875392116 0.192603670 -0.244879340 0.369630327
1785426934.903766 -0.021944 -10.983993 19.578455 0.875360432 0.191583410 -0.245736645 0.369666622
1785426935.003766 -0.005912 -10.943885 19.628602 0.875794451 0.190518866 -0.246524393 0.368662942
1785426935.103766 0.013662 -10.886666 19.694471 0.875938099 0.190914771 -0.247341488 0.367567933
1785426935.203766 0.023718 -10.841789 19.742653 0.876014871 0.191401672 -0.246894814 0.367432030
1785426935.303766 0.029147 -10.806791 19.793371 0.876848987 0.191352859 -0.246880655 0.365472132
1785426935.403766 0.028749 -10.767321 19.845411 0.877401096 0.192800432 -0.245724795 0.364162924
1785426935.503766 0.037399 -10.707618 19.916676 0.877677827 0.194496976 -0.244838276 0.363189725
1785426935.603766 0.027991 -10.688971 19.944984 0.878105509 0.191637851 -0.242959494 0.364933328
1785426935.703766 0.038311 -10.647114 19.991338 0.877796344 0.192034952 -0.243307779 0.365236198
1785426935.803766 0.047101 -10.605076 20.045380 0.877994369 0.193296375 -0.242727416 0.364480179
1785426935.903766 0.047104 -10.562328 20.110107 0.878176213 0.193924483 -0.241617450 0.364445938
1785426936.003766 0.056777 -10.518196 20.161711 0.878183568 0.194794980 -0.241505011 0.364038276
1785426936.103766 0.052200 -10.484608 20.216037 0.878201807 0.196658362 -0.240907435 0.363387786
1785426936.203766 0.063391 -10.426355 20.283352 0.877703147 0.198126622 -0.239970818 0.364413272
1785426936.303766 0.075398 -10.383166 20.335361 0.877708539 0.199305592 -0.240234437 0.363582752
1785426936.403766 0.064737 -10.356825 20.395089 0.878461704 0.200482498 -0.237907816 0.362645382
1785426936.503766 0.068665 -10.311375 20.446707 0.878223140 0.202032357 -0.237776052 0.362449433
1785426936.603766 0.063281 -10.282796 20.504767 0.879431379 0.202211426 -0.236474609 0.360264831
1785426936.703766 0.076447 -10.231669 20.558823 0.879041261 0.203763647 -0.236785965 0.360137813
1785426936.803766 0.069236 -10.204041 20.606077 0.879659203 0.203790117 -0.235361919 0.359546995
1785426936.903766 0.081407 -10.155874 20.664509 0.879769216 0.204486840 -0.235307967 0.358917010
1785426937.003766 0.084226 -10.113639 20.717606 0.879753462 0.205781783 -0.236091611 0.357698833
1785426937.103766 0.091211 -10.061029 20.793015 0.880125982 0.207011478 -0.234337609 0.357225962
1785426937.203766 0.089325 -10.049267 20.820295 0.880305289 0.208046755 -0.235742678 0.355252778
1785426937.303766 0.092806 -10.002994 20.869176 0.880316055 0.208958884 -0.235480829 0.354864210
1785426937.403766 0.091909 -9.965548 20.939685 0.880914405 0.210467319 -0.234817421 0.352922227
1785426937.503766 0.089875 -9.927500 21.011468 0.882020087 0.211948523 -0.234182117 0.349681463
1785426937.603766 0.100105 -9.865285 21.078592 0.882070011 0.212116728 -0.232850554 0.350342132
1785426937.703766 0.113672 -9.834094 21.135680 0.882023969 0.214385569 -0.235393586 0.347364945
1785426937.803766 0.113730 -9.794735 21.189297 0.882209655 0.215344458 -0.234718377 0.346756647
1785426937.903766 0.121110 -9.749106 21.250079 0.882215861 0.215495903 -0.232970933 0.347823570
1785426938.003766 0.114962 -9.716817 21.307715 0.880873811 0.220128254 -0.233457253 0.347997975
1785426938.103766 0.115546 -9.682542 21.374388 0.881260678 0.221625534 -0.232188729 0.346915168
1785426938.203766 0.126141 -9.644335 21.421715 0.881237847 0.222746836 -0.232490786 0.346051641
1785426938.303766 0.119227 -9.616525 21.458723 0.881552390 0.222418833 -0.231463543 0.346150076
1785426938.403766 0.130422 -9.563973 21.525366 0.881939473 0.223134189 -0.231610936 0.344601616
1785426938.503766 0.134424 -9.526902 21.571132 0.882002834 0.223769758 -0.230768342 0.344592613
1785426938.603766 0.134168 -9.496530 21.622676 0.882211102 0.224337239 -0.229915506 0.344260418
1785426938.703766 0.142161 -9.461611 21.666006 0.882747712 0.223841367 -0.229824968 0.343266665
1785426938.803766 0.153808 -9.416548 21.727335 0.883636846 0.225443410 -0.231404306 0.338841026
1785426938.903766 0.157367 -9.394420 21.765063 0.884042812 0.226198337 -0.231552659 0.337173524
1785426939.003766 0.167979 -9.354710 21.807333 0.884242188 0.226714128 -0.232099918 0.335925714
1785426939.103766 0.185745 -9.325977 21.870139 0.884568214 0.228104454 -0.232225430 0.334034104
1785426939.203766 0.197088 -9.291196 21.907580 0.884451641 0.228370408 -0.232160815 0.334205934
1785426939.303766 0.206858 -9.257385 21.947701 0.884294898 0.228929954 -0.232464364 0.334026838
1785426939.403766 0.217801 -9.236920 21.997421 0.884894091 0.229621499 -0.231920518 0.332339118
1785426939.503766 0.235547 -9.201622 22.058998 0.885046661 0.229962929 -0.232166059 0.331524328
1785426939.603766 0.246590 -9.167890 22.098510 0.884595363 0.230654688 -0.232469087 0.332035514
1785426939.703766 0.252053 -9.130196 22.161562 0.884539786 0.232175195 -0.231679040 0.331675849
1785426939.803766 0.261735 -9.097701 22.199450 0.884485786 0.231948587 -0.231311304 0.332234596
1785426939.903766 0.276495 -9.053637 22.249459 0.884191015 0.232982396 -0.231737092 0.331999055
1785426940.003766 0.287527 -9.018609 22.287887 0.883971964 0.233460946 -0.231651002 0.332306133
1785426940.103766 0.299335 -8.985361 22.324644 0.884058972 0.233390327 -0.231593930 0.332164027
1785426940.203766 0.313375 -8.933930 22.381282 0.884079755 0.233109228 -0.230971664 0.332738884
1785426940.303766 0.328660 -8.898737 22.419903 0.884440524 0.231624632 -0.230383939 0.333223992
1785426940.403766 0.333574 -8.871279 22.462663 0.884572171 0.231083814 -0.229253729 0.334028552
1785426940.503766 0.345505 -8.836995 22.500125 0.884404886 0.231099322 -0.229487018 0.334300479
1785426940.603766 0.347854 -8.814916 22.544417 0.884361420 0.232227068 -0.228886848 0.334045324
1785426940.703766 0.359228 -8.780192 22.581567 0.883825223 0.232360937 -0.228209167 0.335830233
1785426940.803766 0.359632 -8.745153 22.640494 0.884335646 0.233457019 -0.227135768 0.334451234
1785426940.903766 0.381876 -8.683988 22.704738 0.884133523 0.233894180 -0.227004779 0.334768960
1785426941.003766 0.373097 -8.647679 22.764693 0.885081948 0.233717043 -0.225110449 0.333663864
1785426941.103766 0.382377 -8.610667 22.815262 0.884809273 0.235407279 -0.225021173 0.333258810
1785426941.203766 0.394039 -8.576626 22.851819 0.885037971 0.234578210 -0.224706948 0.333448108
1785426941.303766 0.400973 -8.541387 22.902832 0.885127786 0.234457562 -0.224218145 0.333623556
1785426941.403766 0.414052 -8.507728 22.941001 0.885142425 0.234465799 -0.224558340 0.333350007
1785426941.503766 0.411957 -8.470407 22.981364 0.884901716 0.235128040 -0.223589694 0.334172718
1785426941.603766 0.427388 -8.428686 23.026881 0.884801248 0.235504488 -0.224039955 0.333871962
1785426941.703766 0.443094 -8.380908 23.077006 0.884750854 0.235931394 -0.224109028 0.333657680
1785426941.803766 0.451171 -8.340962 23.127033 0.884881305 0.235479012 -0.223580963 0.333985424
1785426941.903766 0.458795 -8.296830 23.178447 0.885110851 0.235187874 -0.223329042 0.333750781
1785426942.003766 0.472308 -8.265433 23.210657 0.885289295 0.234985359 -0.223354736 0.333402769
1785426942.103766 0.484489 -8.230885 23.249784 0.885621459 0.234532639 -0.223640950 0.332646657
1785426942.203766 0.500625 -8.188605 23.294323 0.885788109 0.233887760 -0.224131230 0.332326847
1785426942.303766 0.499123 -8.138347 23.336037 0.885609458 0.234577651 -0.224414774 0.332125313
1785426942.403766 0.514162 -8.107227 23.373497 0.885407077 0.234969607 -0.224594556 0.332266273
1785426942.503766 0.534150 -8.057235 23.425898 0.885676527 0.235286010 -0.225680888 0.330583907
1785426942.603766 0.543672 -8.017813 23.487563 0.886609406 0.234920147 -0.225051603 0.328767490
1785426942.703766 0.551531 -7.990933 23.517248 0.886946432 0.234992839 -0.225571815 0.327447322
1785426942.803766 0.563225 -7.957918 23.553200 0.886141489 0.236559336 -0.226075270 0.328150749
1785426942.903766 0.570944 -7.918311 23.604256 0.886286558 0.236705590 -0.225252881 0.328219042
1785426943.003766 0.585548 -7.874895 23.653558 0.886179750 0.236303520 -0.225142734 0.328872083
1785426943.103766 0.599206 -7.839791 23.694903 0.886189839 0.236395160 -0.225367235 0.328625178
1785426943.203766 0.618883 -7.793778 23.764983 0.885623768 0.238136795 -0.225184086 0.329019051
1785426943.303766 0.625007 -7.767177 23.778360 0.885044027 0.238414152 -0.226106270 0.329744927
1785426943.403766 0.644067 -7.729941 23.827330 0.885073218 0.238911462 -0.225630104 0.329632778
1785426943.503766 0.640709 -7.713318 23.870194 0.885059119 0.240419227 -0.224696829 0.329211612
1785426943.603766 0.651810 -7.682404 23.902385 0.885804622 0.239342242 -0.224584171 0.328066171
1785426943.703766 0.663020 -7.656533 23.931762 0.886086084 0.239920917 -0.224035216 0.327257739
1785426943.803766 0.655159 -7.685573 23.907249 0.885299330 0.240281712 -0.224286919 0.328945548
1785426943.903766 0.655365 -7.685261 23.907614 0.885350120 0.240132750 -0.224646101 0.328672416
1785426944.003766 0.653150 -7.688444 23.913068 0.885254798 0.241026557 -0.224824630 0.328152445
1785426944.103766 0.652902 -7.689491 23.911674 0.885601937 0.241542861 -0.223621828 0.327657648
1785426944.203766 0.639608 -7.685619 23.909142 0.886064448 0.242351700 -0.221394227 0.327322538
1785426944.303766 0.639011 -7.688114 23.903067 0.887122718 0.243986231 -0.217673578 0.325733352
1785426944.403766 0.639483 -7.700491 23.901047 0.891902640 0.250521475 -0.198775188 0.319745362
1785426944.503766 0.639483 -7.700491 23.901047 0.897018181 0.256964676 -0.176496575 0.313331290
1785426944.603766 0.639483 -7.700491 23.901047 0.902904556 0.265937019 -0.146231211 0.304396613
1785426944.703766 0.639483 -7.700490 23.901048 0.907589668 0.275630600 -0.115139940 0.295045015
1785426944.803766 0.639483 -7.700490 23.901048 0.910483148 0.282903590 -0.091076608 0.287560510
1785426944.903766 0.693558 -7.614091 23.966602 0.911716784 0.290116159 -0.073489902 0.281432683
1785426945.003766 0.693558 -7.614091 23.966602 0.913426830 0.296363294 -0.050881641 0.274283215
1785426945.103766 0.718345 -7.575668 24.003838 0.914928478 0.304045093 -0.022923150 0.264456030
1785426945.203766 0.718345 -7.575668 24.003838 0.915401504 0.310004954 -0.001285159 0.256778822
1785426945.303766 0.718346 -7.575667 24.003838 0.915380225 0.315703048 0.020285947 0.248996206
1785426945.403766 0.702916 -7.469477 24.160939 0.914310952 0.322341295 0.052022419 0.239635642
1785426945.503766 0.702916 -7.469477 24.160939 0.912311871 0.329265781 0.080873074 0.229631534
1785426945.603766 0.702916 -7.469477 24.160939 0.910815010 0.333805168 0.098810962 0.221870505
1785426945.703766 0.716413 -7.425899 24.223212 0.908295215 0.339183437 0.120056659 0.213402899
1785426945.803766 0.745027 -7.383848 24.280781 0.905112660 0.343995844 0.147039723 0.202032798
1785426945.903766 0.750803 -7.334351 24.336699 0.901795278 0.347883216 0.167589061 0.194052703
1785426946.003766 0.729380 -7.288240 24.410225 0.897311723 0.352383149 0.190703216 0.185175782
1785426946.103766 0.688900 -7.220289 24.519798 0.890273441 0.357652048 0.222812413 0.172779748
1785426946.203766 0.701623 -7.186713 24.568356 0.884640882 0.362319889 0.244483163 0.162366226
1785426946.303766 0.701874 -7.104028 24.674845 0.878608470 0.365795565 0.265706451 0.153755787
1785426946.403766 0.572927 -7.127709 24.729479 0.865367700 0.370998580 0.306892511 0.138981239
1785426946.503766 0.572927 -7.127709 24.729478 0.857208673 0.372701982 0.331402124 0.128293241
1785426946.603766 0.572927 -7.127709 24.729478 0.849026144 0.373257736 0.355275450 0.116673144
1785426946.703766 0.572926 -7.127708 24.729481 0.839443918 0.375168259 0.378611587 0.105999772
1785426946.803766 0.572925 -7.127708 24.729483 0.825751257 0.379056217 0.407511776 0.091571821
1785426946.903766 0.572925 -7.127708 24.729483 0.821125624 0.361024886 0.434386670 0.081987574
1785426947.003766 0.518722 -7.017501 25.099842 0.829690048 0.293960300 0.468238468 0.077165433
1785426947.103766 0.514010 -7.025321 25.114629 0.822069116 0.274672597 0.493669782 0.071045617
1785426947.203766 0.514010 -7.025321 25.114629 0.803552969 0.277456190 0.522965713 0.061867208
1785426947.303766 0.514011 -7.025321 25.114629 0.792272679 0.277907286 0.540503549 0.054105980
1785426947.403766 0.514011 -7.025321 25.114629 0.778504843 0.278948431 0.560635044 0.042500929
1785426947.503766 0.514011 -7.025321 25.114629 0.764168239 0.279785777 0.580356945 0.030864826
1785426947.603766 0.514017 -7.025318 25.114628 0.751870671 0.279310354 0.596747015 0.023858341
1785426947.703766 0.514017 -7.025318 25.114628 0.739717942 0.278604636 0.612289767 0.017264548
1785426947.803766 0.514017 -7.025318 25.114627 0.735615071 0.278579264 0.617301629 0.014239386
1785426947.903766 0.514017 -7.025318 25.114627 0.732304849 0.278267787 0.621397213 0.012733841
1785426948.003766 0.514017 -7.025318 25.114627 0.730509732 0.277742324 0.623757588 0.011882929
1785426948.103766 0.514017 -7.025318 25.114627 0.728783750 0.277646759 0.625860598 0.009221418
1785426948.203766 0.514017 -7.025318 25.114627 0.729239361 0.275365917 0.626371773 0.006478260
1785426948.303766 0.514017 -7.025318 25.114627 0.729335985 0.274749888 0.626519412 0.007412560
1785426948.403766 0.514017 -7.025318 25.114627 0.728891497 0.274594620 0.627106190 0.007266853
1785426948.503766 0.514017 -7.025318 25.114627 0.728096187 0.274875727 0.627914546 0.006526836
1785426948.603766 0.514017 -7.025318 25.114627 0.727259150 0.274820525 0.628921927 0.005001743
1785426948.703766 0.514017 -7.025318 25.114627 0.726317551 0.274605933 0.630100310 0.005291141
1785426948.803766 0.514017 -7.025318 25.114627 0.725541086 0.274671614 0.630970854 0.004627951
1785426948.903766 0.514017 -7.025318 25.114627 0.723528886 0.275485538 0.632927497 0.004056186
1785426949.003766 0.514017 -7.025318 25.114627 0.717405219 0.280678812 0.637595179 0.004641551
1785426949.103766 0.560392 -7.157294 25.053644 0.704631835 0.297497740 0.643778486 0.023202025
1785426949.203766 0.560392 -7.157294 25.053644 0.706429401 0.296756685 0.642178586 0.022352500
1785426949.303766 0.560392 -7.157294 25.053644 0.707264209 0.296501066 0.641403206 0.021595898
1785426949.403766 0.560392 -7.157294 25.053644 0.707558231 0.295550091 0.641552295 0.020546210
1785426949.503766 0.560392 -7.157294 25.053644 0.707661470 0.294782196 0.641809584 0.019978949
1785426949.603766 0.560392 -7.157294 25.053644 0.708004045 0.294361068 0.641664803 0.018657816
1785426949.703766 0.560392 -7.157294 25.053644 0.709300310 0.292196963 0.641284975 0.016358078
1785426949.803766 0.560392 -7.157294 25.053644 0.708600012 0.292062420 0.642175305 0.014015830
1785426949.903766 0.560392 -7.157294 25.053644 0.708934204 0.290937410 0.642340195 0.012914800
1785426950.003766 0.560392 -7.157294 25.053644 0.706658960 0.291632456 0.644492315 0.014604114
1785426950.103766 0.560392 -7.157294 25.053644 0.707772182 0.289434998 0.644295297 0.013018854
1785426950.203766 0.560392 -7.157294 25.053644 0.706144627 0.289304123 0.646061571 0.016350471
1785426950.303766 1.090436 -6.926316 25.137566 0.704771142 0.291473697 0.646499341 0.019476213
1785426950.403766 1.090439 -6.926314 25.137566 0.704264160 0.289953766 0.647749867 0.018945092
1785426950.503766 1.090440 -6.926313 25.137565 0.703266470 0.287725262 0.649828976 0.018781569
1785426950.603766 1.388011 -6.745367 25.092207 0.699499333 0.286430565 0.654437775 0.019220121
1785426950.703766 1.451971 -6.709890 25.077742 0.696646688 0.283550129 0.658821374 0.015398498
1785426950.803766 1.535437 -6.655007 25.066239 0.693020540 0.281443229 0.663591827 0.012574873
1785426950.903766 1.800164 -6.439115 25.110724 0.694055979 0.278839623 0.663659617 0.009522363
1785426951.003766 1.800164 -6.439115 25.110724 0.691401999 0.278306994 0.666691069 0.005613502
1785426951.103766 1.995438 -6.377601 25.029042 0.680609001 0.281978436 0.676202147 0.003194690
1785426951.203766 2.088652 -6.289661 25.051187 0.682459791 0.278962910 0.675588462 0.002925485
1785426951.303766 2.288320 -6.234320 25.028105 -0.674450210 -0.273469071 -0.685577494 0.017750509
1785426951.403766 2.288320 -6.234320 25.028105 -0.669258257 -0.272770847 -0.690869114 0.019731118
1785426951.503766 2.288320 -6.234320 25.028105 -0.666490283 -0.271327874 -0.694074278 0.020803466
1785426951.603766 2.288320 -6.234320 25.028105 -0.663039232 -0.270131898 -0.697792713 0.022205054
1785426951.703766 2.684311 -5.974662 25.050705 -0.662377398 -0.267927141 -0.699201399 0.024261788
1785426951.803766 2.684311 -5.974662 25.050705 -0.660353707 -0.268132681 -0.700988421 0.025555463
1785426951.903766 2.684313 -5.974660 25.050705 -0.658454521 -0.268496190 -0.702581263 0.026963099
1785426952.003766 2.756065 -5.951594 25.041551 -0.654355634 -0.271910789 -0.704989127 0.029556017
1785426952.103766 3.149077 -5.667867 25.078324 -0.661798730 -0.260231633 -0.702226977 0.034339627
1785426952.203766 3.149077 -5.667867 25.078324 -0.660728895 -0.259686653 -0.703373258 0.035584132
1785426952.303766 3.149077 -5.667866 25.078324 -0.659480173 -0.259687879 -0.704521730 0.036017192
1785426952.403766 3.436310 -5.447870 25.116833 -0.658580488 -0.259751386 -0.705387458 0.035064123
1785426952.503766 3.456221 -5.436470 25.117122 -0.669454369 -0.244865363 -0.700241609 0.039159813
1785426952.603766 5.081058 -4.511488 25.117024 -0.669605373 -0.245123825 -0.700085487 0.037726196
1785426952.703766 3.346477 -5.590419 25.074073 -0.656241770 -0.263563298 -0.706411675 0.029388305
1785426952.803766 3.346478 -5.590419 25.074073 -0.659096657 -0.262443279 -0.704225684 0.027951885
1785426952.903766 3.346478 -5.590419 25.074073 -0.660077001 -0.263422892 -0.702986950 0.026759706
1785426953.003766 3.486959 -5.497142 25.069825 -0.661913821 -0.263471800 -0.701287460 0.025467685
1785426953.103766 3.486960 -5.497142 25.069825 -0.663520404 -0.263958028 -0.699626073 0.024293831
1785426953.203766 3.486960 -5.497142 25.069825 -0.665178814 -0.265972590 -0.697311404 0.023506009
1785426953.303766 3.486960 -5.497142 25.069825 -0.668084240 -0.264429100 -0.695070521 0.024852988
1785426953.403766 3.486961 -5.497142 25.069825 -0.669149207 -0.264855309 -0.693893718 0.024546128
1785426953.503766 3.486961 -5.497142 25.069825 -0.670426970 -0.264932906 -0.692644849 0.024111114
1785426953.603766 3.486961 -5.497142 25.069825 -0.673967204 -0.261360848 -0.690371709 0.029079520
1785426953.703766 3.486961 -5.497141 25.069825 -0.675719193 -0.262304797 -0.688304431 0.028927076
1785426953.803766 3.486961 -5.497141 25.069825 -0.677269732 -0.263075746 -0.686486675 0.028860143
1785426953.903766 3.486963 -5.497140 25.069825 -0.678127782 -0.262334208 -0.685870019 0.030096360
1785426954.003766 3.486963 -5.497140 25.069825 -0.676901157 -0.261013483 -0.687441517 0.033180505
1785426954.103766 3.486970 -5.497137 25.069824 -0.676532040 -0.260292676 -0.688038027 0.033996990
1785426954.203766 3.486970 -5.497136 25.069824 -0.676084410 -0.257035049 -0.689496780 0.037908382
1785426954.303766 3.486970 -5.497136 25.069824 -0.674797103 -0.256385114 -0.691106352 0.035882504
1785426954.403766 3.486970 -5.497136 25.069824 -0.673399186 -0.255700007 -0.692691822 0.036456587
1785426954.503766 3.486970 -5.497136 25.069824 -0.671777142 -0.256417909 -0.693941252 0.037561490
1785426954.603766 3.486970 -5.497136 25.069824 -0.670213647 -0.256329650 -0.695331921 0.040277765
1785426954.703766 3.486970 -5.497136 25.069824 -0.669092041 -0.257565215 -0.695924609 0.040803665
1785426954.803766 3.486970 -5.497136 25.069824 -0.668744321 -0.257202531 -0.696319890 0.042029783
1785426954.903766 3.774180 -5.351493 25.072214 -0.668688444 -0.258308275 -0.695879981 0.043401062
1785426955.003766 3.688701 -5.406040 25.069086 -0.667718296 -0.258896777 -0.696493079 0.044968072
1785426955.103766 4.151645 -5.136155 25.086168 -0.668318281 -0.258077507 -0.696165432 0.045829763
1785426955.203766 4.156732 -5.127097 25.079059 -0.670058648 -0.251932520 -0.696414420 0.050580320
1785426955.303766 4.156786 -5.127071 25.079059 -0.669954232 -0.248510691 -0.697915130 0.048148056
1785426955.403766 4.642498 -4.869658 25.082566 -0.670465823 -0.245534667 -0.698342926 0.050054625
1785426955.503766 4.642498 -4.869658 25.082566 -0.670489693 -0.245178742 -0.698371034 0.051076950
1785426955.603766 4.642498 -4.869658 25.082566 -0.675228111 -0.242277785 -0.694754820 0.051809392
1785426955.703766 4.642498 -4.869658 25.082566 -0.675840414 -0.245727506 -0.692742498 0.054456943
1785426955.803766 4.794996 -4.767877 25.042697 -0.673962251 -0.245810025 -0.694718130 0.052144370
1785426955.903766 4.794996 -4.767877 25.042697 -0.673810647 -0.244800094 -0.695251967 0.051738079
1785426956.003766 4.794996 -4.767877 25.042697 -0.672996684 -0.245231471 -0.695920174 0.051304005
1785426956.103766 4.794996 -4.767877 25.042697 -0.672190918 -0.245272861 -0.696688586 0.051240674
1785426956.203766 4.794997 -4.767877 25.042697 -0.671421205 -0.246597052 -0.697028614 0.050344527
1785426956.303766 4.794997 -4.767877 25.042697 -0.671658622 -0.245974418 -0.697025241 0.050270205
1785426956.403766 5.228658 -4.516088 25.104052 -0.676546483 -0.245173823 -0.692130166 0.055950747
1785426956.503766 5.228659 -4.516088 25.104052 -0.676243149 -0.246791475 -0.691786408 0.056751548
1785426956.603766 5.228659 -4.516088 25.104052 -0.675763893 -0.247441444 -0.692005821 0.056954687
1785426956.703766 5.436742 -4.384865 25.100100 -0.676922904 -0.242375137 -0.692797032 0.055334862
1785426956.803766 5.436742 -4.384865 25.100100 -0.677193653 -0.239915974 -0.693416174 0.054982654
1785426956.903766 5.436742 -4.384865 25.100100 -0.677016467 -0.238802258 -0.694133521 0.052922963
1785426957.003766 5.676251 -4.260709 25.093583 -0.676530461 -0.239342065 -0.694381956 0.053437910
1785426957.103766 5.676251 -4.260709 25.093583 -0.675996173 -0.241355518 -0.694193218 0.053595374
1785426957.203766 5.676252 -4.260709 25.093583 -0.675881384 -0.241770110 -0.694060451 0.054878587
1785426957.303766 5.676252 -4.260709 25.093583 -0.676375827 -0.241965313 -0.693377051 0.056540186
1785426957.403766 6.163666 -3.960651 25.157870 -0.682593503 -0.236415509 -0.688686107 0.062331872
1785426957.503766 6.386217 -3.844832 25.154637 -0.681996718 -0.238336778 -0.688622943 0.062245480
1785426957.603766 6.386217 -3.844832 25.154637 -0.682124226 -0.238902494 -0.688188774 0.063469285
1785426957.703766 6.386217 -3.844832 25.154637 -0.682092895 -0.240050644 -0.687795294 0.063738554
1785426957.803766 6.386217 -3.844832 25.154637 -0.680942152 -0.241757896 -0.688374120 0.063340167
1785426957.903766 7.029916 -3.537178 25.150398 -0.679988038 -0.243643035 -0.688660109 0.063258152
1785426958.003766 7.029916 -3.537178 25.150398 -0.683597662 -0.241677257 -0.686099148 0.059617945
1785426958.103766 7.228027 -3.394598 25.161697 -0.684287690 -0.241186354 -0.685541539 0.060102400
1785426958.203766 7.228027 -3.394598 25.161697 -0.684473587 -0.240508146 -0.685666149 0.059276229
1785426958.303766 7.228027 -3.394598 25.161697 -0.682990565 -0.243322637 -0.686324895 0.057237409
1785426958.403766 7.228027 -3.394598 25.161697 -0.681439226 -0.245720174 -0.687137010 0.055721691
1785426958.503766 7.674097 -3.027348 25.234874 -0.683607182 -0.242092723 -0.686385413 0.054289949
1785426958.603766 7.674097 -3.027348 25.234874 -0.713034497 -0.218844998 -0.662402669 0.070081223
1785426958.703766 7.674097 -3.027348 25.234874 -0.712057590 -0.219829253 -0.663335823 0.068078442
1785426958.803766 8.220616 -2.667995 25.394003 -0.713758855 -0.222507090 -0.661032874 0.063831278
1785426958.903766 8.220616 -2.667995 25.394003 -0.713366015 -0.223203574 -0.661335576 0.062644631
1785426959.003766 8.271571 -2.569184 25.481749 -0.720768121 -0.223029723 -0.653961630 0.055544979
1785426959.103766 8.161457 -2.533500 25.617225 -0.732483341 -0.213386848 -0.644097043 0.055436517
1785426959.203766 8.079047 -2.591337 25.565373 -0.730667235 -0.206881115 -0.647454468 0.064251916
1785426959.303766 8.067873 -2.575201 25.410998 -0.727117388 -0.188377305 -0.655330098 0.079729274
1785426959.403766 8.008507 -2.624657 25.370431 -0.724668787 -0.187993142 -0.657390909 0.085737510
1785426959.503766 7.949585 -2.677432 25.312598 -0.717480800 -0.203717751 -0.662336626 0.070926538
1785426959.603766 8.209321 -2.524318 25.238058 -0.716210571 -0.198920442 -0.665293369 0.069697992
1785426959.703766 8.059067 -2.611453 25.183987 -0.712900186 -0.198822206 -0.668848522 0.069890703
1785426959.803766 8.093565 -2.566954 25.194316 -0.714013060 -0.197119815 -0.668217634 0.069385321
1785426959.903766 8.136502 -2.537787 25.166454 -0.713179184 -0.195927121 -0.669305496 0.070839026
1785426960.003766 8.163799 -2.523402 25.162153 -0.712872090 -0.196388524 -0.669658111 0.069303278
1785426960.103766 8.188259 -2.519510 25.136779 -0.711754372 -0.196749098 -0.670573043 0.070903466
1785426960.203766 8.277942 -2.503842 25.097675 -0.709700529 -0.198935695 -0.671805904 0.073665300
1785426960.303766 8.399696 -2.426322 25.143113 -0.712371835 -0.199387744 -0.668798773 0.074020928
1785426960.403766 8.443571 -2.408936 25.135728 -0.712004617 -0.200227508 -0.668970692 0.073733187
1785426960.503766 8.523170 -2.361198 25.130956 -0.713172276 -0.196125125 -0.668552887 0.077183398
1785426960.603766 8.593785 -2.331583 25.131597 -0.713100842 -0.197512187 -0.668271624 0.076740874
1785426960.703766 8.644401 -2.291678 25.122275 -0.713403689 -0.194027735 -0.668801689 0.078183852
1785426960.803766 8.684129 -2.282138 25.118457 -0.712787851 -0.194454591 -0.669686865 0.075102558
1785426960.903766 8.802404 -2.220525 25.126092 -0.714038443 -0.192727531 -0.668813117 0.075460028
1785426961.003766 8.833646 -2.131958 25.036612 -0.714433425 -0.175570482 -0.671796170 0.086312187
1785426961.103766 8.833646 -2.131958 25.036612 -0.715511557 -0.169139368 -0.672110875 0.087761367
1785426961.203766 8.787201 -2.126888 24.998018 -0.715006647 -0.162468742 -0.673360973 0.094627704
1785426961.303766 8.800718 -2.121042 25.000472 -0.714828278 -0.165425476 -0.672924184 0.093957365
1785426961.403766 8.833004 -2.115378 24.940390 -0.710455554 -0.164928023 -0.677508339 0.095047901
1785426961.503766 8.868735 -2.086187 24.932579 -0.710589190 -0.161386758 -0.678117317 0.095782161
1785426961.603766 8.982431 -2.034949 24.933321 -0.711032179 -0.158627096 -0.678350912 0.095450114
1785426961.703766 9.047015 -2.001628 24.934417 -0.711113700 -0.158255946 -0.678246122 0.096200617
1785426961.803766 9.074267 -1.970903 24.916625 -0.710344636 -0.156915695 -0.679298266 0.096653134
1785426961.903766 9.140441 -1.940522 24.921560 -0.710120114 -0.158354374 -0.679170657 0.096853156
1785426962.003766 9.253074 -1.896031 24.923777 -0.709799275 -0.160799202 -0.678792504 0.097823013
1785426962.103766 9.352429 -1.855613 24.926316 -0.709198799 -0.162819806 -0.678982623 0.097516008
1785426962.203766 9.416505 -1.830843 24.924882 -0.708795032 -0.163550926 -0.679235413 0.097467697
1785426962.303766 9.562112 -1.772193 24.930593 -0.709430511 -0.160416329 -0.679767970 0.094289226
1785426962.403766 9.635155 -1.739873 24.932790 -0.709796256 -0.159364722 -0.679488115 0.095331329
1785426962.503766 9.698354 -1.712824 24.929790 -0.709337563 -0.161596102 -0.679426710 0.095426758
1785426962.603766 9.830377 -1.660035 24.949618 -0.710192029 -0.164443176 -0.677602502 0.097162608
1785426962.703766 9.889051 -1.624423 24.947258 -0.711382614 -0.161901955 -0.676878501 0.097765169
1785426962.803766 9.977424 -1.591725 24.959544 -0.712573458 -0.162365398 -0.675527442 0.097668928
1785426962.903766 10.041444 -1.554954 24.954197 -0.713446177 -0.161487292 -0.675241589 0.094684762
1785426963.003766 10.139525 -1.511765 24.954896 -0.714211297 -0.162005616 -0.674365231 0.094275864
1785426963.103766 10.187321 -1.490245 24.942476 -0.714630363 -0.161591739 -0.674159469 0.093276815
1785426963.203766 10.233731 -1.463617 24.926300 -0.714546516 -0.158558641 -0.674868527 0.093994180
1785426963.303766 10.290154 -1.439708 24.900847 -0.713125663 -0.160480428 -0.676199292 0.091936605
1785426963.403766 10.323540 -1.424638 24.881772 -0.713065863 -0.158341559 -0.676763876 0.091954783
1785426963.503766 10.410195 -1.392621 24.891231 -0.714286960 -0.158324819 -0.675062575 0.094962680
1785426963.603766 10.445223 -1.364087 24.897098 -0.714458619 -0.158890439 -0.674679548 0.095447459
1785426963.703766 10.499133 -1.351823 24.907671 -0.714647055 -0.161532831 -0.673997836 0.094412120
1785426963.803766 10.545734 -1.326541 24.905554 -0.714831137 -0.160476389 -0.674140206 0.093801692
1785426963.903766 10.565581 -1.309247 24.890060 -0.714905014 -0.159221853 -0.674294717 0.094264826
1785426964.003766 10.624669 -1.285586 24.888990 -0.714980685 -0.157842842 -0.674576642 0.093992607
1785426964.103766 10.691562 -1.234120 24.861804 -0.714395729 -0.155826442 -0.675393379 0.095919998
1785426964.203766 10.693596 -1.231724 24.845865 -0.713963904 -0.155155696 -0.675705310 0.098002999
1785426964.303766 10.776223 -1.193968 24.848062 -0.714835498 -0.153995402 -0.675147016 0.097324886
1785426964.403766 10.814349 -1.176590 24.828003 -0.714147336 -0.152700148 -0.676051810 0.098133571
1785426964.503766 10.878153 -1.149819 24.829024 -0.714089092 -0.152581557 -0.676260420 0.097300985
1785426964.603766 10.958768 -1.104876 24.825530 -0.714051439 -0.151756387 -0.676534182 0.096964126
1785426964.703766 11.051153 -1.062331 24.830602 -0.714667486 -0.151351115 -0.675753884 0.098488133
1785426964.803766 11.087500 -1.034462 24.819301 -0.714374712 -0.151361296 -0.675949754 0.099249478
1785426964.903766 11.168247 -0.998466 24.820504 -0.714327745 -0.152522147 -0.675462851 0.101107885
1785426965.003766 11.229033 -0.959606 24.812326 -0.714935265 -0.150147437 -0.675160838 0.102377520
1785426965.103766 11.284429 -0.923816 24.803633 -0.715123702 -0.146577660 -0.675640416 0.103068465
1785426965.203766 11.330294 -0.878826 24.779829 -0.714773967 -0.142951413 -0.676771545 0.103166590
1785426965.303766 11.392229 -0.847741 24.779046 -0.715196986 -0.140986574 -0.676841798 0.102475547
1785426965.403766 11.445778 -0.801924 24.777742 -0.716179882 -0.138149419 -0.676379655 0.102526471
1785426965.503766 11.474985 -0.776173 24.790011 -0.717855843 -0.134343177 -0.675563662 0.101235558
1785426965.603766 11.523595 -0.706900 24.749161 -0.715447767 -0.133232328 -0.678858195 0.097648298
1785426965.703766 11.648647 -0.662663 24.784660 -0.717187839 -0.133377254 -0.676989938 0.097656210
1785426965.803766 11.701318 -0.607823 24.775553 -0.717461113 -0.131964120 -0.677040126 0.097219807
1785426965.903766 11.761525 -0.529792 24.754827 -0.716464219 -0.131169067 -0.678341427 0.096574364
1785426966.003766 11.822979 -0.500381 24.752818 -0.716260940 -0.131763353 -0.678612227 0.095363150
1785426966.103766 11.900322 -0.386675 24.744892 -0.716064592 -0.129243847 -0.680273815 0.088176326
1785426966.203766 11.967875 -0.340221 24.721192 -0.715177709 -0.125801874 -0.682187463 0.085527764
1785426966.303766 12.070339 -0.207907 24.630640 -0.709264272 -0.121513091 -0.690098810 0.077086924
1785426966.403766 12.137247 -0.166470 24.624096 -0.709027046 -0.120692062 -0.690471553 0.077221175
1785426966.503766 12.207778 -0.124088 24.611586 -0.708164920 -0.120935586 -0.691480437 0.075708893
1785426966.603766 12.280483 -0.072122 24.596054 -0.708031212 -0.117733378 -0.692164780 0.075753367
1785426966.703766 12.341541 -0.004822 24.588403 -0.708055812 -0.115230374 -0.692617355 0.075233820
1785426966.803766 12.415927 0.036929 24.582393 -0.708039694 -0.112500778 -0.693255140 0.073625255
1785426966.903766 12.452221 0.093790 24.578557 -0.707349179 -0.111436027 -0.694670014 0.068357312
1785426967.003766 12.539959 0.153275 24.574017 -0.707260124 -0.109513926 -0.695312601 0.065804282
1785426967.103766 12.579187 0.221190 24.588133 -0.708137372 -0.106364799 -0.695565511 0.058451785
1785426967.203766 12.580203 0.270022 24.653116 -0.712550615 -0.107661527 -0.691409577 0.051316799
1785426967.303766 12.659435 0.336349 24.648981 -0.711908291 -0.105899075 -0.692737347 0.045683037
1785426967.403766 12.725919 0.408650 24.667832 -0.713699901 -0.103473147 -0.691641216 0.039473882
1785426967.503766 12.786287 0.458827 24.717643 -0.717809775 -0.100566946 -0.687939630 0.037074002
1785426967.603766 12.856992 0.529274 24.722984 -0.718697130 -0.097113574 -0.687728143 0.032762639
1785426967.703766 12.919784 0.586933 24.726656 -0.719378175 -0.094302379 -0.687558682 0.029413612
1785426967.803766 12.919784 0.586933 24.726656 -0.721479665 -0.096187348 -0.684932891 0.032894100
1785426967.903766 12.919784 0.586933 24.726656 -0.722002315 -0.093962158 -0.684720282 0.032278579
1785426968.003766 13.019713 0.628860 24.732622 -0.723399661 -0.094685616 -0.683186198 0.031371715
1785426968.103766 13.111179 0.636802 24.935989 -0.737892642 -0.099665839 -0.666871604 0.029384229
1785426968.203766 13.111179 0.636802 24.935989 -0.736462397 -0.103289693 -0.667653847 0.034535733
1785426968.303766 13.439083 0.621675 24.899027 -0.735487787 -0.106256716 -0.668085101 0.037809042
1785426968.403766 13.439083 0.621675 24.899027 -0.734997541 -0.107660933 -0.668378196 0.038188034
1785426968.503766 13.439083 0.621675 24.899027 -0.734748233 -0.108063920 -0.668591035 0.038121529
1785426968.603766 13.439083 0.621675 24.899027 -0.734218738 -0.106625440 -0.669382316 0.038486029
1785426968.703766 13.782664 0.704872 24.864591 -0.733755790 -0.108080853 -0.669575283 0.039873679
1785426968.803766 13.782664 0.704872 24.864591 -0.733829460 -0.109467561 -0.669349782 0.038497353
1785426968.903766 13.782664 0.704872 24.864591 -0.733938283 -0.111631419 -0.668969190 0.036786477
1785426969.003766 13.782665 0.704872 24.864591 -0.733817915 -0.113450748 -0.668737927 0.037812432
1785426969.103766 13.782665 0.704872 24.864591 -0.733722637 -0.113203574 -0.668807727 0.039144186
1785426969.203766 14.288903 0.869040 24.867573 -0.733943782 -0.113463340 -0.668583858 0.038055491
1785426969.303766 14.302813 0.873523 24.867743 -0.734416176 -0.113497603 -0.668074086 0.037791415
1785426969.403766 14.302813 0.873523 24.867743 -0.734847116 -0.113210928 -0.667665175 0.037499534
1785426969.503766 14.302813 0.873523 24.867743 -0.735111835 -0.113684168 -0.667439575 0.034798174
1785426969.603766 14.447961 0.918789 24.865282 -0.734716793 -0.114621898 -0.667781882 0.033472553
1785426969.703766 14.448807 0.918988 24.865287 -0.737454847 -0.103216027 -0.665921292 0.045339090
1785426969.803766 14.448807 0.918988 24.865287 -0.738086155 -0.101613689 -0.665303642 0.047692244
1785426969.903766 14.448807 0.918988 24.865287 -0.739923480 -0.099242463 -0.664348447 0.036129173
1785426970.003766 14.448807 0.918988 24.865287 -0.740163640 -0.097012210 -0.664495613 0.034525317
1785426970.103766 14.448807 0.918988 24.865287 -0.739856089 -0.098315659 -0.664595955 0.035485422
1785426970.203766 14.448807 0.918988 24.865287 -0.739405524 -0.098694062 -0.665078762 0.034773455
1785426970.303766 14.448808 0.918988 24.865287 -0.739378478 -0.100158385 -0.664892464 0.034724258
1785426970.403766 14.448808 0.918988 24.865287 -0.739469955 -0.098175609 -0.665109674 0.034276194
1785426970.503766 14.448808 0.918988 24.865287 -0.739124681 -0.098175086 -0.665569628 0.032763231
1785426970.603766 14.921098 1.088892 24.856231 -0.738896725 -0.098220801 -0.665866938 0.031710018
1785426970.703766 14.921098 1.088892 24.856231 -0.747192876 -0.081579603 -0.659468846 0.012182583
1785426970.803766 14.921098 1.088892 24.856231 -0.748963280 -0.077619684 -0.657999943 0.008078623
1785426970.903766 14.921098 1.088892 24.856231 -0.749830505 -0.078318877 -0.656957082 0.005268780
1785426971.003766 14.921098 1.088892 24.856231 -0.751061877 -0.078648940 -0.655513448 0.004745625
1785426971.103766 14.921098 1.088892 24.856231 0.752814446 0.076876633 0.653725124 0.001963487
1785426971.203766 14.921516 1.035422 24.835930 -0.734131124 -0.111281046 -0.669225554 0.028375694
1785426971.303766 14.831760 1.016884 24.835810 -0.735127284 -0.111773880 -0.668103423 0.027060901
1785426971.403766 14.601662 1.015731 24.895633 -0.746866776 -0.087452469 -0.657890450 0.041499885
1785426971.503766 14.601662 1.015731 24.895633 -0.748321157 -0.086315732 -0.656387816 0.041473785
1785426971.603766 14.605647 1.162927 24.920290 -0.754068103 -0.067969704 -0.652841275 0.023657642
1785426971.703766 14.605647 1.162927 24.920290 -0.754166257 -0.067139886 -0.652828506 0.023247249
1785426971.803766 14.605647 1.162927 24.920290 -0.755040968 -0.069248563 -0.651463129 0.026712625
1785426971.903766 14.605647 1.162927 24.920290 -0.757018561 -0.059408651 -0.650427149 0.018385736
1785426972.003766 14.605647 1.162927 24.920290 -0.758345046 -0.051948751 -0.649689941 0.010821268
1785426972.103766 14.931291 1.360134 24.893059 -0.759103477 -0.046212359 -0.649260870 0.009308694
1785426972.203766 14.931291 1.360134 24.893059 -0.758717288 -0.045947585 -0.649718425 0.010142182
1785426972.303766 14.931291 1.360134 24.893059 -0.758331706 -0.046189885 -0.650160546 0.009528015
1785426972.403766 14.931291 1.360134 24.893059 -0.757900812 -0.047810396 -0.650559899 0.008505462
1785426972.503766 14.931291 1.360134 24.893059 -0.758179825 -0.048872409 -0.650146426 0.009190494
1785426972.603766 14.931291 1.360134 24.893059 -0.758397096 -0.040249539 -0.650535329 0.004195843
1785426972.703766 14.931291 1.360134 24.893059 -0.757116267 -0.033551325 -0.652416206 0.001536592
1785426972.803766 15.086177 1.460454 24.851145 -0.756562564 -0.027066587 -0.653358649 0.001721159
1785426972.903766 15.088897 1.461797 24.850181 -0.750080352 0.053103388 -0.653007056 0.090229049
1785426973.003766 15.080403 1.204019 24.781994 -0.735612507 -0.067349340 -0.673104692 0.035614324
1785426973.103766 15.080403 1.204019 24.781994 -0.736541032 -0.063852660 -0.672513454 0.033997050
1785426973.203766 15.080403 1.204019 24.781994 -0.736962923 -0.061922050 -0.672300816 0.032602508
1785426973.303766 15.080403 1.204019 24.781994 -0.736885605 -0.060732534 -0.672513365 0.032201514
1785426973.403766 15.192329 1.288404 24.740577 -0.736176577 -0.053015351 -0.673785643 0.035303367
1785426973.503766 15.192329 1.288404 24.740577 -0.736202000 -0.051746725 -0.673823418 0.035928993
1785426973.603766 15.192329 1.288404 24.740577 -0.741092302 -0.055186946 -0.668314127 0.033057957
1785426973.703766 15.192329 1.288404 24.740577 -0.741399477 -0.057640101 -0.667784034 0.032694323
1785426973.803766 15.192329 1.288404 24.740577 -0.739402863 -0.054153633 -0.670286108 0.032669937
1785426973.903766 15.192329 1.288404 24.740577 -0.739616274 -0.055887843 -0.669950198 0.031796977
1785426974.003766 15.192329 1.288404 24.740577 -0.739253686 -0.058614475 -0.670061277 0.032957800
1785426974.103766 15.192329 1.288404 24.740577 -0.739367373 -0.060246062 -0.669732131 0.034134616
1785426974.203766 15.192329 1.288404 24.740577 -0.738976534 -0.060985605 -0.670155910 0.032946832
1785426974.303766 15.415100 1.295212 24.732863 -0.739003682 -0.062246176 -0.670021854 0.032706048
1785426974.403766 15.415100 1.295212 24.732863 -0.738951793 -0.059975605 -0.670334322 0.031702854
1785426974.503766 15.515813 1.339018 24.729183 -0.739976774 -0.058159820 -0.669548451 0.027507841
1785426974.603766 15.826094 1.427177 24.747648 -0.739644787 -0.058989577 -0.669916247 0.025652295
1785426974.703766 15.826094 1.427177 24.747648 -0.739374313 -0.060757233 -0.670028605 0.026379021
1785426974.803766 15.826094 1.427177 24.747648 -0.739638710 -0.059880383 -0.669809578 0.026533874
1785426974.903766 15.829329 1.428698 24.748834 -0.743824793 -0.064738940 -0.664940578 0.019686911
1785426975.003766 15.797740 1.395182 24.807575 -0.758049541 -0.059496702 -0.648470901 0.036145894
1785426975.103766 15.797740 1.395182 24.807575 -0.758300741 -0.058361574 -0.648314099 0.035535089
1785426975.203766 15.835260 1.414062 24.813377 -0.762777081 -0.061223888 -0.643076375 0.029589477
1785426975.303766 15.848145 1.418538 24.814474 -0.766569125 -0.061652781 -0.638694066 0.025310091
1785426975.403766 15.910636 1.401431 24.903526 -0.778045684 -0.068880225 -0.623940718 0.024462378
1785426975.503766 15.915718 1.297479 24.964596 -0.788749475 -0.062354714 -0.607445141 0.070686325
1785426975.603766 15.993442 1.315839 24.969457 -0.792720710 -0.063143154 -0.602200756 0.070434841
1785426975.703766 16.049303 1.331215 24.963557 -0.794673609 -0.063920311 -0.599494480 0.070812552
1785426975.803766 16.029026 1.344741 24.988685 -0.799387076 -0.063824357 -0.593721911 0.066340377
1785426975.903766 16.026498 1.387486 24.970445 -0.800770533 -0.059611530 -0.593393818 0.055648872
1785426976.003766 16.234860 1.387049 24.940911 -0.803603828 -0.062675160 -0.587597354 0.070866507
1785426976.103766 16.292260 1.401790 24.938107 -0.806821058 -0.061864078 -0.583212137 0.071247595
1785426976.203766 16.325213 1.406869 24.945901 -0.811484140 -0.063127250 -0.576256680 0.073733842
1785426976.303766 16.344662 1.415414 24.953243 -0.815261182 -0.061695487 -0.570390553 0.078724125
1785426976.403766 16.288488 1.396660 24.967700 -0.812828598 -0.067156264 -0.573711508 0.075198484
1785426976.503766 16.319583 1.406142 24.959336 -0.813490382 -0.067813982 -0.572678873 0.075323105
1785426976.603766 16.384580 1.437796 24.910740 -0.813035046 -0.064158766 -0.573854948 0.074486009
1785426976.703766 16.417964 1.448064 24.901371 -0.813446508 -0.065107226 -0.573118556 0.074839486
1785426976.803766 16.449727 1.456459 24.894676 -0.814200681 -0.065786961 -0.571987812 0.074694514
1785426976.903766 16.476609 1.464328 24.881166 -0.813136550 -0.066855079 -0.573663480 0.072453855
1785426977.003766 16.453323 1.440193 24.912011 -0.813122608 -0.069230963 -0.573207274 0.073973770
1785426977.103766 16.484301 1.448873 24.901428 -0.812959336 -0.070772311 -0.573072577 0.075340694
1785426977.203766 16.528686 1.467742 24.882716 -0.811185459 -0.075977048 -0.575008354 0.074639342
1785426977.303766 16.523378 1.465368 24.895900 -0.810850211 -0.084001476 -0.574489063 0.073674992
1785426977.403766 16.526424 1.466430 24.887540 -0.810278174 -0.082909047 -0.575046944 0.076787916
1785426977.503766 16.552874 1.489544 24.829763 -0.807512826 -0.067918852 -0.580142782 0.082124398
1785426977.603766 16.552873 1.489544 24.829763 -0.807645728 -0.067130956 -0.580515467 0.078762969
1785426977.703766 16.552873 1.489544 24.829763 -0.808916347 -0.063560862 -0.579193849 0.078414570
1785426977.803766 16.552873 1.489544 24.829763 -0.808831915 -0.060203650 -0.579989912 0.076014176
1785426977.903766 16.552873 1.489544 24.829763 -0.808767073 -0.059868943 -0.580274609 0.074785750
1785426978.003766 16.552873 1.489544 24.829763 -0.810610647 -0.052582120 -0.577997054 0.077877503
1785426978.103766 16.552873 1.489544 24.829763 -0.810729051 -0.051874210 -0.577944432 0.077509387
1785426978.203766 16.552873 1.489544 24.829763 -0.810720184 -0.052572331 -0.577772179 0.078410729
1785426978.303766 16.552873 1.489544 24.829763 -0.810916466 -0.052031406 -0.577465230 0.079000804
1785426978.403766 16.552873 1.489544 24.829763 -0.810343700 -0.052582103 -0.578220136 0.078991672
1785426978.503766 16.552873 1.489544 24.829763 -0.811137776 -0.052637075 -0.577042444 0.079415775
1785426978.603766 16.552873 1.489544 24.829763 -0.810473665 -0.054598166 -0.577635001 0.080556093
1785426978.703766 16.552873 1.489544 24.829763 -0.812445962 -0.055982731 -0.575028825 0.078353960
1785426978.803766 16.552873 1.489544 24.829763 -0.813704236 -0.052164091 -0.573972899 0.075626943
1785426978.903766 16.552873 1.489544 24.829763 -0.813373653 -0.053813098 -0.574020532 0.077639423
1785426979.003766 16.552873 1.489544 24.829763 -0.813442088 -0.054788574 -0.573622214 0.079169045
1785426979.103766 16.552874 1.489544 24.829763 -0.813549651 -0.054019083 -0.573670603 0.078236452
1785426979.203766 16.552874 1.489544 24.829763 -0.813762570 -0.054517971 -0.573260721 0.078679195
1785426979.303766 17.176112 1.696020 24.654577 -0.814513619 -0.051026129 -0.572688737 0.077404841
1785426979.403766 17.176112 1.696020 24.654577 -0.814036455 -0.053654320 -0.573081452 0.077740031
1785426979.503766 16.756729 1.588919 24.801064 -0.813906040 -0.053754757 -0.573172179 0.078364768
1785426979.603766 16.775949 1.593478 24.794474 -0.814006360 -0.053594550 -0.573210907 0.077139654
1785426979.703766 16.775949 1.593478 24.794474 -0.814064015 -0.053816787 -0.572918858 0.078533529
1785426979.803766 16.775950 1.593478 24.794474 -0.813895268 -0.053139113 -0.573190637 0.078760538
1785426979.903766 16.775950 1.593478 24.794474 -0.813391007 -0.054091126 -0.573752067 0.079232474
1785426980.003766 16.775950 1.593478 24.794474 -0.813063700 -0.054713623 -0.574046360 0.080028842
1785426980.103766 16.775950 1.593478 24.794474 -0.813069249 -0.053525751 -0.574334906 0.078694387
1785426980.203766 16.775950 1.593478 24.794474 -0.813023874 -0.053414226 -0.574351632 0.079115761
1785426980.303766 16.775950 1.593478 24.794474 -0.812760959 -0.053741240 -0.574609764 0.079719018
1785426980.403766 16.775950 1.593478 24.794474 -0.811925802 -0.054445578 -0.575661987 0.080158893
1785426980.503766 19.174590 2.165162 24.175998 -0.812578694 -0.055248612 -0.574803399 0.079148652
1785426980.603766 17.496349 1.872214 24.376045 -0.813504504 -0.056166256 -0.573249509 0.080254435
1785426980.703766 17.601698 1.906368 24.299288 -0.811841170 -0.054203978 -0.576078852 0.078160095
1785426980.803766 17.788697 1.959913 24.236020 -0.811594102 -0.054240896 -0.576672006 0.076304235
1785426980.903766 17.788697 1.959913 24.236020 -0.812391178 -0.053193559 -0.575817788 0.074999300
1785426981.003766 18.267690 2.160431 24.056900 -0.812124077 -0.048792486 -0.576789036 0.073404256
1785426981.103766 18.267690 2.160431 24.056900 -0.812991232 -0.047021793 -0.575703220 0.073484763
1785426981.203766 18.267690 2.160431 24.056900 -0.809915425 -0.036437139 -0.580935601 0.072271484
1785426981.303766 18.267690 2.160431 24.056900 -0.809028469 -0.036585369 -0.582364925 0.070608369
1785426981.403766 18.267690 2.160431 24.056900 -0.808219786 -0.037640463 -0.583175381 0.072597857
1785426981.503766 18.267690 2.160431 24.056900 -0.807175482 -0.039171280 -0.583468855 0.080606742
1785426981.603766 18.267690 2.160431 24.056900 -0.808681729 -0.038226480 -0.581221201 0.082185838
1785426981.703766 18.267690 2.160431 24.056900 -0.810321699 -0.038276676 -0.578376960 0.085986819
1785426981.803766 18.365505 2.187182 24.021557 -0.810148831 -0.038586043 -0.578570267 0.086176761
1785426981.903766 18.365505 2.187183 24.021557 -0.808769708 -0.037928871 -0.580378938 0.087253929
1785426982.003766 18.365505 2.187183 24.021557 -0.806603908 -0.035301554 -0.583867114 0.085106573
1785426982.103766 18.431161 2.230911 24.035625 -0.813465451 -0.038269630 -0.575630657 0.073883305
1785426982.203766 18.435991 2.232683 24.031882 -0.810702458 -0.037956090 -0.579824996 0.071580958
1785426982.303766 19.421902 2.498489 23.714227 -0.810261732 -0.033144454 -0.581079069 0.068734903
1785426982.403766 19.421902 2.498489 23.714227 0.852273174 -0.049266575 0.506021990 0.123064973
1785426982.503766 19.421902 2.498489 23.714227 0.827399522 -0.150512243 0.528496131 0.115965233
1785426982.603766 19.421902 2.498489 23.714227 0.824359709 -0.150505112 0.533021354 0.116908163
1785426982.703766 19.661530 2.383558 23.398693 0.821827841 -0.150437217 0.536641285 0.118253011
1785426982.803766 19.661530 2.383558 23.398693 0.819158447 -0.150348807 0.540882046 0.117563969
1785426982.903766 19.973016 2.273643 23.115346 0.817504467 -0.150014913 0.543448202 0.117669131
1785426983.003766 20.042224 2.233944 23.038826 0.815619733 -0.149013357 0.546559341 0.117611043
1785426983.103766 20.060491 2.222866 23.028903 0.815100229 -0.148691832 0.547471918 0.117374849
1785426983.203766 20.060491 2.222866 23.028903 0.813908877 -0.149458433 0.548703529 0.118907334
1785426983.303766 19.963357 2.277645 23.072593 0.812815058 -0.154867796 0.549144829 0.117420628
1785426983.403766 19.963357 2.277645 23.072593 0.812792536 -0.153338673 0.550242346 0.114406751
1785426983.503766 19.963296 2.277642 23.072613 0.812785236 -0.153401413 0.550163607 0.114752654
1785426983.603766 19.963296 2.277642 23.072613 0.812809172 -0.153390646 0.550147962 0.114672490
1785426983.703766 19.963259 2.277642 23.072629 0.812788193 -0.153401119 0.550165067 0.114725103
1785426983.803766 19.963241 2.277644 23.072633 0.812785241 -0.153390001 0.550176670 0.114705239
1785426983.903766 19.963230 2.277643 23.072637 0.812789104 -0.153380059 0.550172322 0.114712010
1785426984.003766 19.963207 2.277643 23.072642 0.812791217 -0.153389559 0.550166147 0.114713955
1785426984.103766 19.963201 2.277644 23.072643 0.812790606 -0.153391660 0.550167332 0.114709791
1785426984.203766 19.963194 2.277645 23.072646 0.812776784 -0.153386090 0.550190077 0.114706082
1785426984.303766 19.963183 2.277644 23.072650 0.812787195 -0.153386261 0.550174944 0.114704675
1785426984.403766 19.963122 2.277640 23.072672 0.812789534 -0.153391801 0.550170715 0.114700970
1785426984.503766 19.963054 2.277650 23.072688 0.812786499 -0.153401172 0.550172228 0.114702690
1785426984.603766 19.963048 2.277651 23.072690 0.812785267 -0.153393406 0.550175436 0.114706417
1785426984.703766 19.962955 2.277665 23.072707 0.812769570 -0.153398635 0.550200197 0.114691885
1785426984.803766 19.962955 2.277665 23.072707 0.812741797 -0.153356307 0.550255548 0.114679757
1785426984.903766 19.962947 2.277667 23.072709 0.812745996 -0.153375039 0.550243409 0.114683191
1785426985.003766 19.962944 2.277667 23.072709 0.812770009 -0.153396498 0.550197040 0.114706773
1785426985.103766 19.962817 2.277665 23.072762 0.812758061 -0.153344548 0.550239425 0.114657575
1785426985.203766 19.962624 2.277657 23.072823 0.812749422 -0.153376484 0.550235917 0.114692921
1785426985.303766 19.962156 2.277651 23.072948 0.812749051 -0.153365824 0.550240210 0.114689213
1785426985.403766 19.961989 2.277643 23.073000 0.812740950 -0.153395103 0.550248165 0.114669294
1785426985.503766 19.961984 2.277643 23.073003 0.812748218 -0.153393736 0.550235283 0.114681423
1785426985.603766 19.961856 2.277646 23.073020 0.812749115 -0.153396302 0.550232538 0.114684806
1785426985.703766 19.961695 2.277649 23.073043 0.812747571 -0.153392846 0.550236735 0.114680237
1785426985.803766 19.961674 2.277650 23.073048 0.812754774 -0.153382330 0.550227759 0.114686313
1785426985.903766 19.961638 2.277654 23.073056 0.812759708 -0.153381768 0.550221107 0.114684015
1785426986.003766 19.961629 2.277654 23.073060 0.812754719 -0.153382473 0.550226461 0.114692744
1785426986.103766 19.961598 2.277657 23.073080 0.812753744 -0.153385413 0.550228742 0.114684777
1785426986.203766 19.961596 2.277657 23.073080 0.812749721 -0.153389059 0.550233921 0.114683564
1785426986.303766 19.961187 2.277638 23.073157 0.812762002 -0.153369095 0.550221295 0.114683808
1785426986.403766 19.961109 2.277670 23.073237 0.812760313 -0.153395806 0.550220201 0.114665297
1785426986.503766 19.961084 2.277674 23.073244 0.812756292 -0.153402439 0.550224884 0.114662452
1785426986.603766 19.960941 2.277676 23.073310 0.812754523 -0.153393099 0.550227385 0.114675492
1785426986.703766 19.960918 2.277676 23.073314 0.812755081 -0.153389327 0.550227308 0.114676948
1785426986.803766 19.960677 2.277670 23.073516 0.812751304 -0.153389085 0.550233624 0.114673739
1785426986.903766 19.960629 2.277670 23.073534 0.812752200 -0.153391328 0.550232928 0.114667724
1785426987.003766 19.960626 2.277670 23.073535 0.812750520 -0.153392855 0.550232846 0.114677980
1785426987.103766 19.960566 2.277672 23.073546 0.812747839 -0.153390569 0.550237864 0.114675964
1785426987.203766 19.960517 2.277687 23.073564 0.812742197 -0.153371388 0.550245615 0.114704409
1785426987.303766 19.960517 2.277687 23.073564 0.812709594 -0.153267178 0.550303135 0.114798727
1785426987.403766 19.960678 2.277677 23.073528 0.812711331 -0.153269567 0.550296999 0.114812654
1785426987.503766 19.961460 2.277713 23.073406 0.812712484 -0.153269635 0.550298451 0.114797442
1785426987.603766 19.961476 2.277713 23.073402 0.812711516 -0.153272622 0.550300136 0.114792227
1785426987.703766 19.961496 2.277712 23.073400 0.812711486 -0.153280023 0.550300811 0.114779318
1785426987.803766 19.962222 2.277561 23.073535 0.812712102 -0.153261138 0.550304242 0.114783733
1785426987.903766 19.962223 2.277561 23.073535 0.812711509 -0.153263633 0.550302811 0.114791452
1785426988.003766 19.961739 2.277831 23.073348 0.812706510 -0.153274255 0.550306959 0.114792782
1785426988.103766 19.961740 2.277831 23.073349 0.812698848 -0.153286243 0.550314255 0.114796040
1785426988.203766 19.961740 2.277831 23.073349 0.812700204 -0.153190818 0.550333859 0.114819839
1785426988.303766 19.961743 2.277829 23.073350 0.812699011 -0.153492400 0.550265254 0.114754305
1785426988.403766 19.961743 2.277829 23.073350 0.812457483 -0.155201854 0.550243471 0.114268744
1785426988.503766 19.961743 2.277829 23.073350 0.813546966 -0.152516965 0.551017040 0.106113766
1785426988.603766 19.961743 2.277829 23.073350 0.815314748 -0.143643096 0.552653592 0.095929813
1785426988.703766 19.961743 2.277829 23.073350 0.815779077 -0.136096212 0.554918546 0.089709122
1785426988.803766 19.961743 2.277829 23.073350 0.814331855 -0.165649138 0.553272170 0.057566476
1785426988.903766 19.961743 2.277829 23.073350 0.812955080 -0.170783105 0.554329436 0.051536831
1785426989.003766 19.961743 2.277829 23.073350 0.813214377 -0.170936227 0.553935835 0.051169069
1785426989.103766 19.961736 2.277832 23.073351 0.813245380 -0.171037624 0.553867736 0.051074596
1785426989.203766 19.961739 2.277831 23.073352 0.813319561 -0.170780805 0.553839318 0.051060925
1785426989.303766 19.961739 2.277831 23.073352 0.813308012 -0.170540415 0.553921682 0.051154812
1785426989.403766 19.961739 2.277831 23.073352 0.813265516 -0.170531607 0.553982283 0.051203530
1785426989.503766 19.961739 2.277831 23.073352 0.813387570 -0.170430448 0.553839284 0.051148524
1785426989.603766 19.961739 2.277831 23.073352 0.813520456 -0.170475082 0.553641394 0.051028624
1785426989.703766 19.961735 2.277832 23.073353 0.813538236 -0.170483580 0.553614062 0.051013317
1785426989.803766 19.961735 2.277833 23.073352 0.813582311 -0.170388716 0.553579307 0.051004501
1785426989.903766 19.961734 2.277833 23.073352 0.813649457 -0.170249857 0.553524347 0.050993583
1785426990.003766 19.961732 2.277834 23.073353 0.813641088 -0.170210153 0.553544504 0.051040821
1785426990.103766 19.961728 2.277835 23.073354 0.813654848 -0.170261820 0.553506759 0.051058493
1785426990.203766 19.961728 2.277835 23.073354 0.813768869 -0.170424650 0.553303267 0.050903451
1785426990.303766 19.961728 2.277836 23.073354 0.813823222 -0.170446003 0.553222622 0.050839494
1785426990.403766 19.961728 2.277836 23.073354 0.813922591 -0.170780233 0.552993740 0.050616720
1785426990.503766 19.973514 2.272242 23.071549 0.813033371 -0.172500263 0.553676131 0.051605603
1785426990.603766 20.056632 2.341919 23.205898 0.818370667 -0.181971470 0.542242466 0.055936959
1785426990.703766 20.869532 1.934326 23.040771 0.818661445 -0.183371543 0.541416540 0.055103960
1785426990.803766 20.912022 1.958815 23.053862 0.821994135 -0.183285926 0.535701000 0.061289072
1785426990.903766 20.912022 1.958815 23.053862 0.822952070 -0.180342021 0.535291341 0.060743943
1785426991.003766 20.912022 1.958815 23.053862 0.823636544 -0.178183892 0.534992294 0.060469741
1785426991.103766 20.912022 1.958815 23.053862 0.823888305 -0.177243656 0.534927412 0.060377248
1785426991.203766 20.912023 1.958815 23.053862 0.823862037 -0.177457803 0.534897543 0.060371267
1785426991.303766 20.912037 1.958808 23.053861 0.823829596 -0.177541398 0.534917280 0.060393316
1785426991.403766 20.912037 1.958808 23.053861 0.823525197 -0.178111315 0.535178584 0.060551574
1785426991.503766 20.912037 1.958808 23.053861 0.823410094 -0.178096501 0.535364143 0.060520140
1785426991.603766 20.912039 1.958807 23.053860 0.823401434 -0.178082963 0.535379326 0.060543485
1785426991.703766 20.912039 1.958807 23.053860 0.823283312 -0.179036942 0.535321923 0.059839793
1785426991.803766 20.912039 1.958807 23.053860 0.823472054 -0.179420154 0.534943576 0.059477355
1785426991.903766 20.912039 1.958807 23.053860 0.823601155 -0.179145937 0.534861963 0.059249909
1785426992.003766 20.912039 1.958807 23.053860 0.823858160 -0.178748977 0.534605487 0.059190449
1785426992.103766 20.912039 1.958807 23.053860 0.823916630 -0.178230062 0.534669221 0.059365434
1785426992.203766 20.912039 1.958807 23.053860 0.823852852 -0.178272289 0.534733744 0.059542356
1785426992.303766 20.912039 1.958807 23.053860 0.823732566 -0.178472609 0.534842323 0.059631170
1785426992.403766 20.912040 1.958806 23.053860 0.823662759 -0.178185419 0.535032248 0.059750401
1785426992.503766 20.912040 1.958806 23.053860 0.823792035 -0.177849214 0.534950755 0.059699497
1785426992.603766 20.912040 1.958806 23.053860 0.824000434 -0.177622218 0.534720415 0.059562659
1785426992.703766 20.912041 1.958806 23.053860 0.824350705 -0.177182078 0.534349616 0.059354143
1785426992.803766 20.912041 1.958806 23.053860 0.824498025 -0.176974261 0.534198858 0.059284892
1785426992.903766 20.912041 1.958806 23.053860 0.824590542 -0.176863305 0.534098404 0.059234323
1785426993.003766 20.912043 1.958806 23.053861 0.824642294 -0.176702765 0.534072858 0.059223318
1785426993.103766 20.912043 1.958805 23.053861 0.824700228 -0.176646520 0.534006148 0.059185944
1785426993.203766 20.912043 1.958805 23.053861 0.824836874 -0.176492214 0.533854196 0.059112832
1785426993.303766 20.912043 1.958805 23.053861 0.825045990 -0.176325895 0.533600128 0.058984714
1785426993.403766 20.912044 1.958805 23.053860 0.825265274 -0.175920886 0.533401324 0.058924498
1785426993.503766 20.912044 1.958805 23.053860 0.825491427 -0.175467909 0.533203420 0.058898464
1785426993.603766 20.912044 1.958805 23.053860 0.825640501 -0.175142209 0.533075583 0.058935498
1785426993.703766 20.912045 1.958805 23.053861 0.825695616 -0.175020332 0.533029400 0.058943119
1785426993.803766 20.912045 1.958805 23.053861 0.825738775 -0.174862527 0.533012557 0.058959196
1785426993.903766 20.912045 1.958805 23.053861 0.825842508 -0.174646934 0.532928262 0.058907287
1785426994.003766 20.912045 1.958805 23.053861 0.825822937 -0.174891114 0.532880608 0.058888305
1785426994.103766 20.912045 1.958805 23.053861 0.825766771 -0.175079187 0.532903236 0.058912304
1785426994.203766 20.912045 1.958805 23.053861 0.825698427 -0.175341864 0.532918857 0.058947687
1785426994.303766 20.912046 1.958805 23.053861 0.825599239 -0.175628514 0.532973903 0.058985934
