x,y,z,t_mean_c,t_std_c,n_obs,material,solar_absorptance,u_value_w_m2k,plausible,flag_reason
1.9000000000000001,3.3000000000000003,-0.1,36.337,0.0,1,painted_metal,0.65,7.3472,1,
2.1,3.3000000000000003,-0.1,36.168,0.599,101,painted_metal,0.65,7.1513,1,
2.1,3.5,-0.1,35.967,0.388,65,painted_metal,0.65,6.9183,1,
3.7,0.9,-0.30000000000000004,35.217,0.174,8,rubber,0.9,6.0487,1,
3.7,1.1,-0.30000000000000004,35.661,0.088,3,rubber,0.9,6.5635,1,
3.7,1.1,-0.1,35.555,0.0,1,rubber,0.9,6.4406,1,
3.7,1.3,-0.30000000000000004,35.611,0.114,9,rubber,0.9,6.5055,1,
3.7,1.3,-0.1,35.42,0.144,4,rubber,0.9,6.2841,1,
3.9000000000000004,-0.9,-0.30000000000000004,35.106,0.505,70,rubber,0.9,5.92,1,
3.9000000000000004,-0.9,-0.1,35.074,0.351,345,rubber,0.9,5.8829,1,
3.9000000000000004,-0.7000000000000001,-0.30000000000000004,35.286,0.508,167,rubber,0.9,6.1287,1,
3.9000000000000004,-0.7000000000000001,-0.1,35.102,0.367,353,rubber,0.9,5.9154,1,
3.9000000000000004,-0.7000000000000001,0.30000000000000004,35.517,0.407,3,painted_metal,0.65,6.3965,1,
3.9000000000000004,-0.7000000000000001,0.5,35.718,0.514,2,painted_metal,0.65,6.6296,1,
3.9000000000000004,-0.7000000000000001,0.7000000000000001,36.217,0.524,5,painted_metal,0.65,7.2081,1,
3.9000000000000004,-0.5,-0.30000000000000004,35.514,0.355,56,rubber,0.9,6.393,1,
3.9000000000000004,-0.30000000000000004,-0.30000000000000004,35.179,0.426,33,rubber,0.9,6.0046,1,
3.9000000000000004,-0.1,-0.30000000000000004,35.987,0.335,27,rubber,0.9,6.9414,1,
3.9000000000000004,0.1,-0.30000000000000004,35.704,0.473,35,rubber,0.9,6.6133,1,
3.9000000000000004,0.30000000000000004,-0.30000000000000004,34.927,0.383,42,rubber,0.9,5.7125,1,
3.9000000000000004,0.5,-0.30000000000000004,35.324,0.293,39,rubber,0.9,6.1728,1,
3.9000000000000004,0.7000000000000001,-0.30000000000000004,35.293,0.325,80,rubber,0.9,6.1368,1,
3.9000000000000004,0.9,-0.30000000000000004,35.147,0.31,115,rubber,0.9,5.9675,1,
3.9000000000000004,1.1,-0.30000000000000004,35.34,0.354,131,rubber,0.9,6.1913,1,
3.9000000000000004,1.1,-0.1,35.532,0.267,14,rubber,0.9,6.4139,1,
3.9000000000000004,1.3,-0.30000000000000004,35.439,0.39,34,rubber,0.9,6.3061,1,
3.9000000000000004,1.3,-0.1,35.517,0.35,34,rubber,0.9,6.3965,1,
4.1000000000000005,-0.7000000000000001,-0.30000000000000004,35.013,0.406,250,rubber,0.9,5.8122,1,
4.1000000000000005,-0.7000000000000001,-0.1,34.983,0.383,508,rubber,0.9,5.7774,1,
4.1000000000000005,-0.7000000000000001,0.1,34.685,0.337,4,painted_metal,0.65,5.4319,1,
4.1000000000000005,-0.7000000000000001,0.30000000000000004,35.336,0.283,6,painted_metal,0.65,6.1867,1,
4.1000000000000005,-0.7000000000000001,0.5,35.79,0.456,4,painted_metal,0.65,6.713,1,
4.1000000000000005,-0.7000000000000001,0.7000000000000001,36.177,0.586,19,painted_metal,0.65,7.1617,1,
4.1000000000000005,-0.5,-0.30000000000000004,35.276,0.291,219,rubber,0.9,6.1171,1,
4.1000000000000005,-0.30000000000000004,-0.30000000000000004,35.115,0.452,194,rubber,0.9,5.9304,1,
4.1000000000000005,-0.1,-0.30000000000000004,35.752,0.519,158,rubber,0.9,6.669,1,
4.1000000000000005,0.1,-0.30000000000000004,35.781,0.386,129,rubber,0.9,6.7026,1,
4.1000000000000005,0.30000000000000004,-0.30000000000000004,35.054,0.387,141,rubber,0.9,5.8597,1,
4.1000000000000005,0.5,-0.30000000000000004,35.138,0.279,173,rubber,0.9,5.9571,1,
4.1000000000000005,0.7000000000000001,-0.30000000000000004,35.18,0.305,183,rubber,0.9,6.0058,1,
4.1000000000000005,0.9,-0.30000000000000004,35.206,0.287,207,rubber,0.9,6.0359,1,
4.1000000000000005,0.9,-0.1,35.252,0.025,3,rubber,0.9,6.0893,1,
4.1000000000000005,1.1,-0.30000000000000004,35.103,0.181,219,rubber,0.9,5.9165,1,
4.1000000000000005,1.1,-0.1,35.237,0.147,27,rubber,0.9,6.0719,1,
4.1000000000000005,1.3,-0.30000000000000004,35.316,0.378,25,rubber,0.9,6.1635,1,
4.1000000000000005,1.3,-0.1,35.252,0.201,51,rubber,0.9,6.0893,1,
4.1000000000000005,1.5,-0.30000000000000004,35.746,0.248,4,rubber,0.9,6.662,1,
4.1000000000000005,1.5,-0.1,35.437,0.309,6,rubber,0.9,6.3038,1,
4.1000000000000005,1.5,0.7000000000000001,36.594,0.392,6,paint,0.6,7.6452,1,
4.3,-0.7000000000000001,-0.30000000000000004,35.032,0.451,205,rubber,0.9,5.8342,1,
4.3,-0.7000000000000001,-0.1,35.031,0.391,587,rubber,0.9,5.833,1,
4.3,-0.7000000000000001,0.1,34.719,0.306,72,painted_metal,0.65,5.4713,1,
4.3,-0.7000000000000001,0.30000000000000004,34.994,0.211,57,painted_metal,0.65,5.7901,1,
4.3,-0.7000000000000001,0.5,35.402,0.291,59,painted_metal,0.65,6.2632,1,
4.3,-0.7000000000000001,0.7000000000000001,35.889,0.493,97,painted_metal,0.65,6.8278,1,
4.3,-0.5,-0.30000000000000004,35.229,0.287,176,rubber,0.9,6.0626,1,
4.3,-0.30000000000000004,-0.30000000000000004,34.972,0.301,204,rubber,0.9,5.7646,1,
4.3,-0.1,-0.30000000000000004,35.65,0.442,189,rubber,0.9,6.5507,1,
4.3,0.1,-0.30000000000000004,35.871,0.258,197,rubber,0.9,6.807,1,
4.3,0.30000000000000004,-0.30000000000000004,35.294,0.383,180,rubber,0.9,6.138,1,
4.3,0.5,-0.30000000000000004,34.996,0.215,170,rubber,0.9,5.7925,1,
4.3,0.7000000000000001,-0.30000000000000004,35.06,0.213,187,rubber,0.9,5.8667,1,
4.3,0.9,-0.30000000000000004,35.058,0.168,193,rubber,0.9,5.8643,1,
4.3,1.1,-0.30000000000000004,35.079,0.252,151,rubber,0.9,5.8887,1,
4.3,1.1,-0.1,35.512,0.41,16,rubber,0.9,6.3907,1,
4.3,1.3,-0.30000000000000004,35.328,0.382,87,rubber,0.9,6.1774,1,
4.3,1.3,-0.1,35.811,0.356,18,rubber,0.9,6.7374,1,
4.3,1.5,-0.30000000000000004,35.604,0.292,18,rubber,0.9,6.4974,1,
4.3,1.5,-0.1,35.683,0.421,412,rubber,0.9,6.589,1,
4.3,1.5,0.1,35.52,0.395,178,paint,0.6,6.4,1,
4.3,1.5,0.30000000000000004,35.729,0.37,142,paint,0.6,6.6423,1,
4.3,1.5,0.5,36.032,0.383,146,paint,0.6,6.9936,1,
4.3,1.5,0.7000000000000001,36.547,0.361,231,paint,0.6,7.5907,1,
4.3,1.5,0.9,36.848,0.264,29,paint,0.6,7.9397,1,
4.5,-0.7000000000000001,-0.30000000000000004,34.964,0.312,185,rubber,0.9,5.7554,1,
4.5,-0.7000000000000001,-0.1,35.078,0.396,931,painted_metal,0.65,5.8875,1,
4.5,-0.7000000000000001,0.1,34.885,0.362,350,painted_metal,0.65,5.6638,1,
4.5,-0.7000000000000001,0.30000000000000004,35.279,0.444,257,painted_metal,0.65,6.1206,1,
4.5,-0.7000000000000001,0.5,35.585,0.458,255,painted_metal,0.65,6.4754,1,
4.5,-0.7000000000000001,0.7000000000000001,35.823,0.499,320,painted_metal,0.65,6.7513,1,
4.5,-0.5,-0.30000000000000004,35.118,0.256,162,rubber,0.9,5.9339,1,
4.5,-0.30000000000000004,-0.30000000000000004,34.884,0.398,131,rubber,0.9,5.6626,1,
4.5,-0.1,-0.30000000000000004,35.549,0.428,143,rubber,0.9,6.4336,1,
4.5,0.1,-0.30000000000000004,35.764,0.276,160,rubber,0.9,6.6829,1,
4.5,0.30000000000000004,-0.30000000000000004,35.257,0.388,166,rubber,0.9,6.0951,1,
4.5,0.5,-0.30000000000000004,34.91,0.233,177,rubber,0.9,5.6928,1,
4.5,0.7000000000000001,-0.30000000000000004,35.077,0.279,194,rubber,0.9,5.8864,1,
4.5,0.9,-0.30000000000000004,35.168,0.322,148,rubber,0.9,5.9919,1,
4.5,1.1,-0.30000000000000004,35.236,0.354,133,rubber,0.9,6.0707,1,
4.5,1.1,-0.1,35.237,0.0,1,rubber,0.9,6.0719,1,
4.5,1.3,-0.30000000000000004,35.323,0.322,118,rubber,0.9,6.1716,1,
4.5,1.3,-0.1,36.082,0.013,2,rubber,0.9,7.0516,1,
4.5,1.5,-0.30000000000000004,35.615,0.225,21,rubber,0.9,6.5101,1,
4.5,1.5,-0.1,35.695,0.421,496,rubber,0.9,6.6029,1,
4.5,1.5,0.1,35.638,0.291,218,paint,0.6,6.5368,1,
4.5,1.5,0.30000000000000004,35.803,0.296,161,paint,0.6,6.7281,1,
4.5,1.5,0.5,36.131,0.302,148,paint,0.6,7.1084,1,
4.5,1.5,0.7000000000000001,36.592,0.303,215,paint,0.6,7.6429,1,
4.5,1.5,0.9,36.722,0.23,51,paint,0.6,7.7936,1,
4.7,-0.7000000000000001,-0.30000000000000004,35.099,0.299,186,rubber,0.9,5.9119,1,
4.7,-0.7000000000000001,-0.1,35.165,0.422,961,painted_metal,0.65,5.9884,1,
4.7,-0.7000000000000001,0.1,35.04,0.394,422,painted_metal,0.65,5.8435,1,
4.7,-0.7000000000000001,0.30000000000000004,35.399,0.468,298,painted_metal,0.65,6.2597,1,
4.7,-0.7000000000000001,0.5,35.749,0.486,298,painted_metal,0.65,6.6655,1,
4.7,-0.7000000000000001,0.7000000000000001,35.87,0.5,377,painted_metal,0.65,6.8058,1,
4.7,-0.7000000000000001,0.9,36.235,0.315,11,painted_metal,0.65,7.229,1,
4.7,-0.5,-0.30000000000000004,35.175,0.162,140,rubber,0.9,6.0,1,
4.7,-0.30000000000000004,-0.30000000000000004,34.844,0.245,152,rubber,0.9,5.6162,1,
4.7,-0.1,-0.30000000000000004,35.59,0.464,169,rubber,0.9,6.4812,1,
4.7,0.1,-0.30000000000000004,35.868,0.265,166,rubber,0.9,6.8035,1,
4.7,0.30000000000000004,-0.30000000000000004,35.421,0.394,150,rubber,0.9,6.2852,1,
4.7,0.5,-0.30000000000000004,34.936,0.255,145,rubber,0.9,5.7229,1,
4.7,0.7000000000000001,-0.30000000000000004,35.12,0.289,115,rubber,0.9,5.9362,1,
4.7,0.9,-0.30000000000000004,35.211,0.307,109,rubber,0.9,6.0417,1,
4.7,1.1,-0.30000000000000004,35.183,0.307,155,rubber,0.9,6.0093,1,
4.7,1.3,-0.30000000000000004,35.27,0.349,147,rubber,0.9,6.1101,1,
4.7,1.5,-0.30000000000000004,35.361,0.235,41,rubber,0.9,6.2157,1,
4.7,1.5,-0.1,35.736,0.418,487,rubber,0.9,6.6504,1,
4.7,1.5,0.1,35.608,0.3,224,paint,0.6,6.502,1,
4.7,1.5,0.30000000000000004,35.762,0.282,160,paint,0.6,6.6806,1,
4.7,1.5,0.5,36.136,0.279,151,paint,0.6,7.1142,1,
4.7,1.5,0.7000000000000001,36.55,0.294,215,paint,0.6,7.5942,1,
4.7,1.5,0.9,36.764,0.254,75,paint,0.6,7.8423,1,
4.9,-0.7000000000000001,-0.30000000000000004,35.243,0.39,189,rubber,0.9,6.0788,1,
4.9,-0.7000000000000001,-0.1,35.209,0.427,894,painted_metal,0.65,6.0394,1,
4.9,-0.7000000000000001,0.1,35.049,0.401,383,painted_metal,0.65,5.8539,1,
4.9,-0.7000000000000001,0.30000000000000004,35.421,0.46,283,painted_metal,0.65,6.2852,1,
4.9,-0.7000000000000001,0.5,35.795,0.473,262,painted_metal,0.65,6.7188,1,
4.9,-0.7000000000000001,0.7000000000000001,35.824,0.516,349,painted_metal,0.65,6.7525,1,
4.9,-0.7000000000000001,0.9,36.212,0.442,28,painted_metal,0.65,7.2023,1,
4.9,-0.5,-0.30000000000000004,35.194,0.231,124,rubber,0.9,6.022,1,
4.9,-0.30000000000000004,-0.30000000000000004,34.847,0.285,130,rubber,0.9,5.6197,1,
4.9,-0.1,-0.30000000000000004,35.677,0.404,123,rubber,0.9,6.582,1,
4.9,0.1,-0.30000000000000004,35.94,0.221,103,rubber,0.9,6.887,1,
4.9,0.30000000000000004,-0.30000000000000004,35.56,0.403,101,rubber,0.9,6.4464,1,
4.9,0.5,-0.30000000000000004,34.983,0.207,117,rubber,0.9,5.7774,1,
4.9,0.7000000000000001,-0.30000000000000004,35.073,0.28,109,rubber,0.9,5.8817,1,
4.9,0.9,-0.30000000000000004,35.164,0.288,124,rubber,0.9,5.9872,1,
4.9,1.1,-0.30000000000000004,35.273,0.374,186,rubber,0.9,6.1136,1,
4.9,1.3,-0.30000000000000004,35.269,0.277,165,rubber,0.9,6.109,1,
4.9,1.3,-0.1,36.06,0.05,3,rubber,0.9,7.0261,1,
4.9,1.5,-0.30000000000000004,35.249,0.292,87,rubber,0.9,6.0858,1,
4.9,1.5,-0.1,35.584,0.443,708,rubber,0.9,6.4742,1,
4.9,1.5,0.1,35.47,0.348,317,paint,0.6,6.342,1,
4.9,1.5,0.30000000000000004,35.644,0.341,225,paint,0.6,6.5438,1,
4.9,1.5,0.5,35.921,0.401,236,paint,0.6,6.8649,1,
4.9,1.5,0.7000000000000001,36.248,0.42,360,paint,0.6,7.2441,1,
4.9,1.5,0.9,36.514,0.385,143,paint,0.6,7.5525,1,
5.1000000000000005,-0.7000000000000001,-0.30000000000000004,35.339,0.442,213,rubber,0.9,6.1901,1,
5.1000000000000005,-0.7000000000000001,-0.1,35.352,0.448,817,painted_metal,0.65,6.2052,1,
5.1000000000000005,-0.7000000000000001,0.1,35.121,0.425,347,painted_metal,0.65,5.9374,1,
5.1000000000000005,-0.7000000000000001,0.30000000000000004,35.491,0.473,252,painted_metal,0.65,6.3664,1,
5.1000000000000005,-0.7000000000000001,0.5,35.892,0.508,251,painted_metal,0.65,6.8313,1,
5.1000000000000005,-0.7000000000000001,0.7000000000000001,35.911,0.535,312,painted_metal,0.65,6.8533,1,
5.1000000000000005,-0.7000000000000001,0.9,35.97,0.5,69,painted_metal,0.65,6.9217,1,
5.1000000000000005,-0.5,-0.30000000000000004,35.241,0.281,167,rubber,0.9,6.0765,1,
5.1000000000000005,-0.30000000000000004,-0.30000000000000004,34.935,0.442,137,rubber,0.9,5.7217,1,
5.1000000000000005,-0.1,-0.30000000000000004,35.784,0.507,120,rubber,0.9,6.7061,1,
5.1000000000000005,0.1,-0.30000000000000004,36.03,0.289,112,rubber,0.9,6.9913,1,
5.1000000000000005,0.30000000000000004,-0.30000000000000004,35.613,0.415,104,rubber,0.9,6.5078,1,
5.1000000000000005,0.5,-0.30000000000000004,34.935,0.22,90,rubber,0.9,5.7217,1,
5.1000000000000005,0.7000000000000001,-0.30000000000000004,35.077,0.274,143,rubber,0.9,5.8864,1,
5.1000000000000005,0.9,-0.30000000000000004,35.277,0.35,203,rubber,0.9,6.1183,1,
5.1000000000000005,1.1,-0.30000000000000004,35.315,0.371,157,rubber,0.9,6.1623,1,
5.1000000000000005,1.3,-0.30000000000000004,35.234,0.4,122,rubber,0.9,6.0684,1,
5.1000000000000005,1.5,-0.30000000000000004,35.186,0.302,145,rubber,0.9,6.0128,1,
5.1000000000000005,1.5,-0.1,35.421,0.427,975,rubber,0.9,6.2852,1,
5.1000000000000005,1.5,0.1,35.375,0.348,441,paint,0.6,6.2319,1,
5.1000000000000005,1.5,0.30000000000000004,35.527,0.366,307,paint,0.6,6.4081,1,
5.1000000000000005,1.5,0.5,35.82,0.419,302,paint,0.6,6.7478,1,
5.1000000000000005,1.5,0.7000000000000001,36.125,0.422,384,paint,0.6,7.1014,1,
5.1000000000000005,1.5,0.9,36.422,0.385,228,paint,0.6,7.4458,1,
5.300000000000001,-0.7000000000000001,-0.30000000000000004,35.253,0.398,249,rubber,0.9,6.0904,1,
5.300000000000001,-0.7000000000000001,-0.1,35.343,0.458,840,painted_metal,0.65,6.1948,1,
5.300000000000001,-0.7000000000000001,0.1,35.115,0.402,354,painted_metal,0.65,5.9304,1,
5.300000000000001,-0.7000000000000001,0.30000000000000004,35.496,0.467,266,painted_metal,0.65,6.3722,1,
5.300000000000001,-0.7000000000000001,0.5,35.883,0.49,235,painted_metal,0.65,6.8209,1,
5.300000000000001,-0.7000000000000001,0.7000000000000001,35.883,0.499,313,painted_metal,0.65,6.8209,1,
5.300000000000001,-0.7000000000000001,0.9,35.972,0.485,96,painted_metal,0.65,6.9241,1,
5.300000000000001,-0.5,-0.30000000000000004,35.222,0.248,159,rubber,0.9,6.0545,1,
5.300000000000001,-0.30000000000000004,-0.30000000000000004,35.069,0.474,146,rubber,0.9,5.8771,1,
5.300000000000001,-0.1,-0.30000000000000004,35.777,0.522,148,rubber,0.9,6.698,1,
5.300000000000001,0.1,-0.30000000000000004,36.032,0.34,162,rubber,0.9,6.9936,1,
5.300000000000001,0.30000000000000004,-0.30000000000000004,35.696,0.436,160,rubber,0.9,6.6041,1,
5.300000000000001,0.5,-0.30000000000000004,34.999,0.283,167,rubber,0.9,5.7959,1,
5.300000000000001,0.7000000000000001,-0.30000000000000004,35.097,0.355,153,rubber,0.9,5.9096,1,
5.300000000000001,0.9,-0.30000000000000004,35.239,0.359,154,rubber,0.9,6.0742,1,
5.300000000000001,0.9,-0.1,35.424,0.0,1,rubber,0.9,6.2887,1,
5.300000000000001,1.1,-0.30000000000000004,35.194,0.348,175,rubber,0.9,6.022,1,
5.300000000000001,1.1,-0.1,34.965,0.0,1,rubber,0.9,5.7565,1,
5.300000000000001,1.3,-0.30000000000000004,35.111,0.295,138,rubber,0.9,5.9258,1,
5.300000000000001,1.5,-0.30000000000000004,35.283,0.353,172,rubber,0.9,6.1252,1,
5.300000000000001,1.5,-0.1,35.448,0.456,894,rubber,0.9,6.3165,1,
5.300000000000001,1.5,0.1,35.362,0.398,406,paint,0.6,6.2168,1,
5.300000000000001,1.5,0.30000000000000004,35.519,0.411,288,paint,0.6,6.3988,1,
5.300000000000001,1.5,0.5,35.824,0.422,284,paint,0.6,6.7525,1,
5.300000000000001,1.5,0.7000000000000001,36.131,0.463,336,paint,0.6,7.1084,1,
5.300000000000001,1.5,0.9,36.312,0.435,269,paint,0.6,7.3183,1,
5.5,-0.7000000000000001,-0.30000000000000004,35.366,0.451,278,rubber,0.9,6.2214,1,
5.5,-0.7000000000000001,-0.1,35.43,0.59,784,painted_metal,0.65,6.2957,1,
5.5,-0.7000000000000001,0.1,35.15,0.485,339,painted_metal,0.65,5.971,1,
5.5,-0.7000000000000001,0.30000000000000004,35.5,0.529,267,painted_metal,0.65,6.3768,1,
5.5,-0.7000000000000001,0.5,35.911,0.56,244,painted_metal,0.65,6.8533,1,
5.5,-0.7000000000000001,0.7000000000000001,35.938,0.567,290,painted_metal,0.65,6.8846,1,
5.5,-0.7000000000000001,0.9,35.941,0.464,128,painted_metal,0.65,6.8881,1,
5.5,-0.5,-0.30000000000000004,35.237,0.352,203,rubber,0.9,6.0719,1,
5.5,-0.30000000000000004,-0.30000000000000004,34.933,0.466,180,rubber,0.9,5.7194,1,
5.5,-0.1,-0.30000000000000004,35.781,0.48,184,rubber,0.9,6.7026,1,
5.5,0.1,-0.30000000000000004,36.096,0.384,159,rubber,0.9,7.0678,1,
5.5,0.30000000000000004,-0.30000000000000004,35.708,0.349,151,rubber,0.9,6.618,1,
5.5,0.5,-0.30000000000000004,35.1,0.302,164,rubber,0.9,5.913,1,
5.5,0.7000000000000001,-0.30000000000000004,35.029,0.316,180,rubber,0.9,5.8307,1,
5.5,0.9,-0.30000000000000004,35.159,0.301,170,rubber,0.9,5.9814,1,
5.5,1.1,-0.30000000000000004,35.157,0.349,141,rubber,0.9,5.9791,1,
5.5,1.3,-0.30000000000000004,35.261,0.407,187,rubber,0.9,6.0997,1,
5.5,1.5,-0.30000000000000004,35.316,0.4,200,rubber,0.9,6.1635,1,
5.5,1.5,-0.1,35.446,0.439,863,rubber,0.9,6.3142,1,
5.5,1.5,0.1,35.355,0.401,384,paint,0.6,6.2087,1,
5.5,1.5,0.30000000000000004,35.521,0.446,281,paint,0.6,6.4012,1,
5.5,1.5,0.5,35.815,0.441,287,paint,0.6,6.742,1,
5.5,1.5,0.7000000000000001,36.116,0.454,313,paint,0.6,7.091,1,
5.5,1.5,0.9,36.337,0.427,306,paint,0.6,7.3472,1,
5.7,-0.7000000000000001,-0.30000000000000004,35.321,0.343,309,rubber,0.9,6.1693,1,
5.7,-0.7000000000000001,-0.1,35.485,0.634,740,painted_metal,0.65,6.3594,1,
5.7,-0.7000000000000001,0.1,35.178,0.484,317,painted_metal,0.65,6.0035,1,
5.7,-0.7000000000000001,0.30000000000000004,35.501,0.523,245,painted_metal,0.65,6.378,1,
5.7,-0.7000000000000001,0.5,35.956,0.566,225,painted_metal,0.65,6.9055,1,
5.7,-0.7000000000000001,0.7000000000000001,35.945,0.587,274,painted_metal,0.65,6.8928,1,
5.7,-0.7000000000000001,0.9,35.943,0.474,146,painted_metal,0.65,6.8904,1,
5.7,-0.5,-0.30000000000000004,35.214,0.266,250,rubber,0.9,6.0452,1,
5.7,-0.30000000000000004,-0.30000000000000004,34.952,0.444,268,rubber,0.9,5.7414,1,
5.7,-0.1,-0.30000000000000004,35.754,0.445,270,rubber,0.9,6.6713,1,
5.7,0.1,-0.30000000000000004,36.003,0.334,251,rubber,0.9,6.96,1,
5.7,0.30000000000000004,-0.30000000000000004,35.886,0.309,252,rubber,0.9,6.8243,1,
5.7,0.5,-0.30000000000000004,35.082,0.387,233,rubber,0.9,5.8922,1,
5.7,0.7000000000000001,-0.30000000000000004,34.959,0.264,209,rubber,0.9,5.7496,1,
5.7,0.9,-0.30000000000000004,35.143,0.293,168,rubber,0.9,5.9629,1,
5.7,1.1,-0.30000000000000004,35.162,0.331,229,rubber,0.9,5.9849,1,
5.7,1.3,-0.30000000000000004,35.198,0.361,258,rubber,0.9,6.0267,1,
5.7,1.5,-0.30000000000000004,35.266,0.408,213,rubber,0.9,6.1055,1,
5.7,1.5,-0.1,35.463,0.478,826,rubber,0.9,6.3339,1,
5.7,1.5,0.1,35.345,0.465,367,paint,0.6,6.1971,1,
5.7,1.5,0.30000000000000004,35.509,0.456,280,paint,0.6,6.3872,1,
5.7,1.5,0.5,35.83,0.482,249,paint,0.6,6.7594,1,
5.7,1.5,0.7000000000000001,36.14,0.546,304,paint,0.6,7.1188,1,
5.7,1.5,0.9,36.291,0.427,303,paint,0.6,7.2939,1,
5.7,1.5,1.1,37.078,0.17,23,paint,0.6,8.2064,0,solar_possible
5.9,-0.7000000000000001,-0.30000000000000004,35.35,0.41,279,rubber,0.9,6.2029,1,
5.9,-0.7000000000000001,-0.1,35.549,0.658,701,painted_metal,0.65,6.4336,1,
5.9,-0.7000000000000001,0.1,35.239,0.524,313,painted_metal,0.65,6.0742,1,
5.9,-0.7000000000000001,0.30000000000000004,35.54,0.531,242,painted_metal,0.65,6.4232,1,
5.9,-0.7000000000000001,0.5,35.963,0.583,210,painted_metal,0.65,6.9136,1,
5.9,-0.7000000000000001,0.7000000000000001,36.058,0.661,252,painted_metal,0.65,7.0238,1,
5.9,-0.7000000000000001,0.9,36.076,0.516,167,painted_metal,0.65,7.0446,1,
5.9,-0.5,-0.30000000000000004,35.188,0.318,228,rubber,0.9,6.0151,1,
5.9,-0.30000000000000004,-0.30000000000000004,34.902,0.411,217,rubber,0.9,5.6835,1,
5.9,-0.1,-0.30000000000000004,35.707,0.443,221,rubber,0.9,6.6168,1,
5.9,0.1,-0.30000000000000004,36.043,0.371,249,rubber,0.9,7.0064,1,
5.9,0.30000000000000004,-0.30000000000000004,35.88,0.353,268,rubber,0.9,6.8174,1,
5.9,0.5,-0.30000000000000004,35.096,0.425,313,rubber,0.9,5.9084,1,
5.9,0.7000000000000001,-0.30000000000000004,34.912,0.213,315,rubber,0.9,5.6951,1,
5.9,0.9,-0.30000000000000004,35.022,0.253,358,rubber,0.9,5.8226,1,
5.9,1.1,-0.30000000000000004,35.148,0.323,366,rubber,0.9,5.9687,1,
5.9,1.3,-0.30000000000000004,35.212,0.43,248,rubber,0.9,6.0429,1,
5.9,1.5,-0.30000000000000004,35.212,0.402,227,rubber,0.9,6.0429,1,
5.9,1.5,-0.1,35.469,0.503,797,rubber,0.9,6.3409,1,
5.9,1.5,0.1,35.313,0.465,359,paint,0.6,6.16,1,
5.9,1.5,0.30000000000000004,35.538,0.455,291,paint,0.6,6.4209,1,
5.9,1.5,0.5,35.836,0.504,251,paint,0.6,6.7664,1,
5.9,1.5,0.7000000000000001,36.1,0.549,284,paint,0.6,7.0725,1,
5.9,1.5,0.9,36.261,0.446,311,paint,0.6,7.2591,1,
5.9,1.5,1.1,37.169,0.331,13,paint,0.6,8.3119,0,solar_possible
6.1000000000000005,-0.7000000000000001,-0.30000000000000004,35.343,0.353,299,rubber,0.9,6.1948,1,
6.1000000000000005,-0.7000000000000001,-0.1,35.581,0.638,660,painted_metal,0.65,6.4707,1,
6.1000000000000005,-0.7000000000000001,0.1,35.22,0.516,274,painted_metal,0.65,6.0522,1,
6.1000000000000005,-0.7000000000000001,0.30000000000000004,35.531,0.508,235,painted_metal,0.65,6.4128,1,
6.1000000000000005,-0.7000000000000001,0.5,35.967,0.561,212,painted_metal,0.65,6.9183,1,
6.1000000000000005,-0.7000000000000001,0.7000000000000001,36.06,0.671,244,painted_metal,0.65,7.0261,1,
6.1000000000000005,-0.7000000000000001,0.9,35.977,0.517,156,painted_metal,0.65,6.9299,1,
6.1000000000000005,-0.7000000000000001,1.1,36.675,0.187,2,painted_metal,0.65,7.7391,1,
6.1000000000000005,-0.5,-0.30000000000000004,35.107,0.27,323,rubber,0.9,5.9212,1,
6.1000000000000005,-0.30000000000000004,-0.30000000000000004,34.881,0.423,292,rubber,0.9,5.6591,1,
6.1000000000000005,-0.1,-0.30000000000000004,35.816,0.444,287,rubber,0.9,6.7432,1,
6.1000000000000005,0.1,-0.30000000000000004,36.014,0.387,329,rubber,0.9,6.9728,1,
6.1000000000000005,0.30000000000000004,-0.30000000000000004,35.848,0.317,295,rubber,0.9,6.7803,1,
6.1000000000000005,0.5,-0.30000000000000004,35.044,0.442,300,rubber,0.9,5.8481,1,
6.1000000000000005,0.7000000000000001,-0.30000000000000004,34.926,0.272,393,rubber,0.9,5.7113,1,
6.1000000000000005,0.9,-0.30000000000000004,35.04,0.334,368,rubber,0.9,5.8435,1,
6.1000000000000005,1.1,-0.30000000000000004,35.259,0.377,317,rubber,0.9,6.0974,1,
6.1000000000000005,1.3,-0.30000000000000004,35.281,0.39,270,rubber,0.9,6.1229,1,
6.1000000000000005,1.5,-0.30000000000000004,35.33,0.458,236,rubber,0.9,6.1797,1,
6.1000000000000005,1.5,-0.1,35.499,0.55,765,rubber,0.9,6.3757,1,
6.1000000000000005,1.5,0.1,35.321,0.508,346,paint,0.6,6.1693,1,
6.1000000000000005,1.5,0.30000000000000004,35.546,0.534,287,paint,0.6,6.4301,1,
6.1000000000000005,1.5,0.5,35.81,0.522,244,paint,0.6,6.7362,1,
6.1000000000000005,1.5,0.7000000000000001,36.119,0.604,292,paint,0.6,7.0945,1,
6.1000000000000005,1.5,0.9,36.233,0.465,283,paint,0.6,7.2267,1,
6.1000000000000005,1.5,1.1,36.778,0.52,36,paint,0.6,7.8586,1,
6.300000000000001,-0.7000000000000001,-0.30000000000000004,35.461,0.416,233,rubber,0.9,6.3316,1,
6.300000000000001,-0.7000000000000001,-0.1,35.594,0.621,680,painted_metal,0.65,6.4858,1,
6.300000000000001,-0.7000000000000001,0.1,35.273,0.522,293,painted_metal,0.65,6.1136,1,
6.300000000000001,-0.7000000000000001,0.30000000000000004,35.584,0.502,239,painted_metal,0.65,6.4742,1,
6.300000000000001,-0.7000000000000001,0.5,35.957,0.595,196,painted_metal,0.65,6.9067,1,
6.300000000000001,-0.7000000000000001,0.7000000000000001,36.07,0.682,243,painted_metal,0.65,7.0377,1,
6.300000000000001,-0.7000000000000001,0.9,36.031,0.518,123,painted_metal,0.65,6.9925,1,
6.300000000000001,-0.7000000000000001,1.1,36.409,0.444,5,painted_metal,0.65,7.4307,1,
6.300000000000001,-0.5,-0.30000000000000004,35.133,0.286,278,rubber,0.9,5.9513,1,
6.300000000000001,-0.30000000000000004,-0.30000000000000004,34.989,0.523,349,rubber,0.9,5.7843,1,
6.300000000000001,-0.1,-0.30000000000000004,35.82,0.488,360,rubber,0.9,6.7478,1,
6.300000000000001,0.1,-0.30000000000000004,36.028,0.446,314,rubber,0.9,6.989,1,
6.300000000000001,0.30000000000000004,-0.30000000000000004,35.878,0.413,315,rubber,0.9,6.8151,1,
6.300000000000001,0.5,-0.30000000000000004,35.257,0.508,276,rubber,0.9,6.0951,1,
6.300000000000001,0.7000000000000001,-0.30000000000000004,34.989,0.315,198,rubber,0.9,5.7843,1,
6.300000000000001,0.9,-0.30000000000000004,35.158,0.392,209,rubber,0.9,5.9803,1,
6.300000000000001,1.1,-0.30000000000000004,35.289,0.45,246,rubber,0.9,6.1322,1,
6.300000000000001,1.3,-0.30000000000000004,35.304,0.491,201,rubber,0.9,6.1496,1,
6.300000000000001,1.5,-0.30000000000000004,35.444,0.533,201,rubber,0.9,6.3119,1,
6.300000000000001,1.5,-0.1,35.478,0.552,696,rubber,0.9,6.3513,1,
6.300000000000001,1.5,0.1,35.372,0.494,302,paint,0.6,6.2284,1,
6.300000000000001,1.5,0.30000000000000004,35.518,0.496,280,paint,0.6,6.3977,1,
6.300000000000001,1.5,0.5,35.809,0.531,221,paint,0.6,6.7351,1,
6.300000000000001,1.5,0.7000000000000001,36.111,0.57,277,paint,0.6,7.0852,1,
6.300000000000001,1.5,0.9,36.232,0.472,258,paint,0.6,7.2255,1,
6.300000000000001,1.5,1.1,36.903,0.624,77,paint,0.6,8.0035,0,solar_possible
6.300000000000001,1.7000000000000002,1.1,37.479,0.319,4,paint,0.6,8.6713,0,solar_possible
6.5,-0.9,1.1,36.574,0.0,1,painted_metal,0.65,7.622,1,
6.5,-0.7000000000000001,-0.30000000000000004,35.467,0.481,203,rubber,0.9,6.3386,1,
6.5,-0.7000000000000001,-0.1,35.604,0.69,678,painted_metal,0.65,6.4974,1,
6.5,-0.7000000000000001,0.1,35.22,0.528,296,painted_metal,0.65,6.0522,1,
6.5,-0.7000000000000001,0.30000000000000004,35.53,0.505,208,painted_metal,0.65,6.4116,1,
6.5,-0.7000000000000001,0.5,35.958,0.603,190,painted_metal,0.65,6.9078,1,
6.5,-0.7000000000000001,0.7000000000000001,36.121,0.682,230,painted_metal,0.65,7.0968,1,
6.5,-0.7000000000000001,0.9,35.946,0.475,160,painted_metal,0.65,6.8939,1,
6.5,-0.7000000000000001,1.1,36.057,0.208,5,painted_metal,0.65,7.0226,1,
6.5,-0.5,-0.30000000000000004,35.192,0.337,197,rubber,0.9,6.0197,1,
6.5,-0.30000000000000004,-0.30000000000000004,35.053,0.536,192,rubber,0.9,5.8586,1,
6.5,-0.1,-0.30000000000000004,35.885,0.497,142,rubber,0.9,6.8232,1,
6.5,0.1,-0.30000000000000004,36.146,0.469,154,rubber,0.9,7.1258,1,
6.5,0.30000000000000004,-0.30000000000000004,35.967,0.403,182,rubber,0.9,6.9183,1,
6.5,0.5,-0.30000000000000004,35.312,0.473,166,rubber,0.9,6.1588,1,
6.5,0.7000000000000001,-0.30000000000000004,35.039,0.4,243,rubber,0.9,5.8423,1,
6.5,0.9,-0.30000000000000004,35.084,0.359,206,rubber,0.9,5.8945,1,
6.5,1.1,-0.30000000000000004,35.293,0.41,176,rubber,0.9,6.1368,1,
6.5,1.3,-0.30000000000000004,35.436,0.484,127,rubber,0.9,6.3026,1,
6.5,1.5,-0.30000000000000004,35.355,0.445,164,rubber,0.9,6.2087,1,
6.5,1.5,-0.1,35.586,0.544,752,rubber,0.9,6.4765,1,
6.5,1.5,0.1,35.381,0.539,348,paint,0.6,6.2388,1,
6.5,1.5,0.30000000000000004,35.558,0.512,275,paint,0.6,6.4441,1,
6.5,1.5,0.5,35.849,0.551,229,paint,0.6,6.7814,1,
6.5,1.5,0.7000000000000001,36.159,0.582,262,paint,0.6,7.1409,1,
6.5,1.5,0.9,36.266,0.463,253,paint,0.6,7.2649,1,
6.5,1.5,1.1,37.063,0.552,132,glass,0.1,8.189,0,solar_suspected
6.5,1.7000000000000002,1.1,36.93,0.63,11,glass,0.1,8.0348,0,solar_suspected
6.7,-0.9,1.1,36.44,0.107,2,painted_metal,0.65,7.4667,1,
6.7,-0.7000000000000001,-0.30000000000000004,35.524,0.525,196,rubber,0.9,6.4046,1,
6.7,-0.7000000000000001,-0.1,35.667,0.643,623,painted_metal,0.65,6.5704,1,
6.7,-0.7000000000000001,0.1,35.231,0.502,274,painted_metal,0.65,6.0649,1,
6.7,-0.7000000000000001,0.30000000000000004,35.548,0.539,203,painted_metal,0.65,6.4325,1,
6.7,-0.7000000000000001,0.5,35.941,0.562,196,painted_metal,0.65,6.8881,1,
6.7,-0.7000000000000001,0.7000000000000001,36.158,0.672,198,painted_metal,0.65,7.1397,1,
6.7,-0.7000000000000001,0.9,36.031,0.553,182,painted_metal,0.65,6.9925,1,
6.7,-0.7000000000000001,1.1,36.277,0.706,152,painted_metal,0.65,7.2777,1,
6.7,-0.5,-0.30000000000000004,35.304,0.468,163,rubber,0.9,6.1496,1,
6.7,-0.30000000000000004,-0.30000000000000004,35.192,0.59,174,rubber,0.9,6.0197,1,
6.7,-0.1,-0.30000000000000004,36.093,0.523,216,rubber,0.9,7.0643,1,
6.7,0.1,-0.30000000000000004,36.374,0.503,228,rubber,0.9,7.3901,1,
6.7,0.30000000000000004,-0.30000000000000004,36.14,0.477,242,rubber,0.9,7.1188,1,
6.7,0.5,-0.30000000000000004,35.383,0.565,251,rubber,0.9,6.2412,1,
6.7,0.7000000000000001,-0.30000000000000004,35.008,0.384,170,rubber,0.9,5.8064,1,
6.7,0.9,-0.30000000000000004,35.121,0.412,170,rubber,0.9,5.9374,1,
6.7,1.1,-0.30000000000000004,35.278,0.421,123,rubber,0.9,6.1194,1,
6.7,1.3,-0.30000000000000004,35.348,0.46,141,rubber,0.9,6.2006,1,
6.7,1.5,-0.30000000000000004,35.357,0.491,176,rubber,0.9,6.211,1,
6.7,1.5,-0.1,35.564,0.538,687,rubber,0.9,6.451,1,
6.7,1.5,0.1,35.329,0.504,309,paint,0.6,6.1786,1,
6.7,1.5,0.30000000000000004,35.491,0.523,255,paint,0.6,6.3664,1,
6.7,1.5,0.5,35.8,0.551,228,paint,0.6,6.7246,1,
6.7,1.5,0.7000000000000001,36.126,0.585,249,paint,0.6,7.1026,1,
6.7,1.5,0.9,36.24,0.454,261,paint,0.6,7.2348,1,
6.7,1.5,1.1,36.91,0.573,158,glass,0.1,8.0116,0,solar_suspected
6.7,1.7000000000000002,1.1,36.781,0.068,2,glass,0.1,7.862,1,
6.9,-0.7000000000000001,-0.30000000000000004,35.464,0.497,200,rubber,0.9,6.3351,1,
6.9,-0.7000000000000001,-0.1,35.674,0.685,584,painted_metal,0.65,6.5786,1,
6.9,-0.7000000000000001,0.1,35.22,0.522,284,painted_metal,0.65,6.0522,1,
6.9,-0.7000000000000001,0.30000000000000004,35.488,0.507,211,painted_metal,0.65,6.3629,1,
6.9,-0.7000000000000001,0.5,35.899,0.548,196,painted_metal,0.65,6.8394,1,
6.9,-0.7000000000000001,0.7000000000000001,36.122,0.706,204,painted_metal,0.65,7.098,1,
6.9,-0.7000000000000001,0.9,35.959,0.535,158,painted_metal,0.65,6.909,1,
6.9,-0.7000000000000001,1.1,36.233,0.319,6,painted_metal,0.65,7.2267,1,
6.9,-0.5,-0.30000000000000004,35.295,0.486,195,rubber,0.9,6.1391,1,
6.9,-0.30000000000000004,-0.30000000000000004,35.112,0.625,201,rubber,0.9,5.927,1,
6.9,-0.1,-0.30000000000000004,35.848,0.628,186,rubber,0.9,6.7803,1,
6.9,0.1,-0.30000000000000004,36.145,0.512,190,rubber,0.9,7.1246,1,
6.9,0.30000000000000004,-0.30000000000000004,36.138,0.539,168,rubber,0.9,7.1165,1,
6.9,0.5,-0.30000000000000004,35.488,0.594,161,rubber,0.9,6.3629,1,
6.9,0.7000000000000001,-0.30000000000000004,35.195,0.47,194,rubber,0.9,6.0232,1,
6.9,0.9,-0.30000000000000004,35.173,0.354,168,rubber,0.9,5.9977,1,
6.9,1.1,-0.30000000000000004,35.226,0.347,161,rubber,0.9,6.0591,1,
6.9,1.3,-0.30000000000000004,35.292,0.432,150,rubber,0.9,6.1357,1,
6.9,1.5,-0.30000000000000004,35.361,0.526,206,rubber,0.9,6.2157,1,
6.9,1.5,-0.1,35.605,0.588,673,rubber,0.9,6.4986,1,
6.9,1.5,0.1,35.389,0.572,305,paint,0.6,6.2481,1,
6.9,1.5,0.30000000000000004,35.537,0.577,257,paint,0.6,6.4197,1,
6.9,1.5,0.5,35.884,0.591,243,paint,0.6,6.822,1,
6.9,1.5,0.7000000000000001,36.162,0.635,250,paint,0.6,7.1443,1,
6.9,1.5,0.9,36.192,0.486,237,paint,0.6,7.1791,1,
6.9,1.5,1.1,36.512,0.567,37,paint,0.6,7.5501,1,
7.1000000000000005,-0.7000000000000001,-0.30000000000000004,35.428,0.439,170,rubber,0.9,6.2933,1,
7.1000000000000005,-0.7000000000000001,-0.1,35.693,0.646,597,painted_metal,0.65,6.6006,1,
7.1000000000000005,-0.7000000000000001,0.1,35.262,0.544,260,painted_metal,0.65,6.1009,1,
7.1000000000000005,-0.7000000000000001,0.30000000000000004,35.488,0.516,196,painted_metal,0.65,6.3629,1,
7.1000000000000005,-0.7000000000000001,0.5,35.949,0.592,189,painted_metal,0.65,6.8974,1,
7.1000000000000005,-0.7000000000000001,0.7000000000000001,36.145,0.722,196,painted_metal,0.65,7.1246,1,
7.1000000000000005,-0.7000000000000001,0.9,35.922,0.624,144,painted_metal,0.65,6.8661,1,
7.1000000000000005,-0.7000000000000001,1.1,35.881,0.345,8,painted_metal,0.65,6.8186,1,
7.1000000000000005,-0.5,-0.30000000000000004,35.328,0.498,198,rubber,0.9,6.1774,1,
7.1000000000000005,-0.30000000000000004,-0.30000000000000004,35.252,0.611,187,rubber,0.9,6.0893,1,
7.1000000000000005,-0.1,-0.30000000000000004,36.097,0.538,193,rubber,0.9,7.069,1,
7.1000000000000005,0.1,-0.30000000000000004,36.412,0.568,179,rubber,0.9,7.4342,1,
7.1000000000000005,0.30000000000000004,-0.30000000000000004,36.266,0.525,174,rubber,0.9,7.2649,1,
7.1000000000000005,0.5,-0.30000000000000004,35.584,0.63,179,rubber,0.9,6.4742,1,
7.1000000000000005,0.7000000000000001,-0.30000000000000004,35.071,0.393,154,rubber,0.9,5.8794,1,
7.1000000000000005,0.9,-0.30000000000000004,34.951,0.301,126,rubber,0.9,5.7403,1,
7.1000000000000005,1.1,-0.30000000000000004,35.205,0.442,210,rubber,0.9,6.0348,1,
7.1000000000000005,1.3,-0.30000000000000004,35.456,0.586,215,rubber,0.9,6.3258,1,
7.1000000000000005,1.5,-0.30000000000000004,35.517,0.622,264,rubber,0.9,6.3965,1,
7.1000000000000005,1.5,-0.1,35.543,0.591,678,rubber,0.9,6.4267,1,
7.1000000000000005,1.5,0.1,35.341,0.529,301,paint,0.6,6.1925,1,
7.1000000000000005,1.5,0.30000000000000004,35.481,0.566,256,paint,0.6,6.3548,1,
7.1000000000000005,1.5,0.5,35.852,0.632,229,paint,0.6,6.7849,1,
7.1000000000000005,1.5,0.7000000000000001,36.136,0.62,247,paint,0.6,7.1142,1,
7.1000000000000005,1.5,0.9,36.167,0.475,233,paint,0.6,7.1501,1,
7.1000000000000005,1.5,1.1,36.449,0.458,17,paint,0.6,7.4771,1,
7.1000000000000005,1.7000000000000002,1.3,38.159,0.0,1,glass,0.1,9.4597,0,solar_suspected
7.300000000000001,-0.7000000000000001,-0.30000000000000004,35.444,0.385,167,rubber,0.9,6.3119,1,
7.300000000000001,-0.7000000000000001,-0.1,35.693,0.619,583,painted_metal,0.65,6.6006,1,
7.300000000000001,-0.7000000000000001,0.1,35.278,0.544,245,painted_metal,0.65,6.1194,1,
7.300000000000001,-0.7000000000000001,0.30000000000000004,35.5,0.521,183,painted_metal,0.65,6.3768,1,
7.300000000000001,-0.7000000000000001,0.5,35.879,0.563,185,painted_metal,0.65,6.8162,1,
7.300000000000001,-0.7000000000000001,0.7000000000000001,36.249,0.715,182,painted_metal,0.65,7.2452,1,
7.300000000000001,-0.7000000000000001,0.9,36.014,0.598,124,painted_metal,0.65,6.9728,1,
7.300000000000001,-0.7000000000000001,1.1,36.531,0.83,9,painted_metal,0.65,7.5722,1,
7.300000000000001,-0.5,-0.30000000000000004,35.211,0.44,186,rubber,0.9,6.0417,1,
7.300000000000001,-0.30000000000000004,-0.30000000000000004,35.23,0.641,200,rubber,0.9,6.0638,1,
7.300000000000001,-0.1,-0.30000000000000004,36.001,0.673,196,rubber,0.9,6.9577,1,
7.300000000000001,0.1,-0.30000000000000004,36.327,0.647,179,rubber,0.9,7.3357,1,
7.300000000000001,0.30000000000000004,-0.30000000000000004,36.281,0.608,154,rubber,0.9,7.2823,1,
7.300000000000001,0.5,-0.30000000000000004,35.638,0.616,149,rubber,0.9,6.5368,1,
7.300000000000001,0.7000000000000001,-0.30000000000000004,35.121,0.471,189,rubber,0.9,5.9374,1,
7.300000000000001,0.9,-0.30000000000000004,35.13,0.379,231,rubber,0.9,5.9478,1,
7.300000000000001,1.1,-0.30000000000000004,35.305,0.473,253,rubber,0.9,6.1507,1,
7.300000000000001,1.3,-0.30000000000000004,35.366,0.453,179,rubber,0.9,6.2214,1,
7.300000000000001,1.5,-0.30000000000000004,35.416,0.531,217,rubber,0.9,6.2794,1,
7.300000000000001,1.5,-0.1,35.629,0.625,674,rubber,0.9,6.5264,1,
7.300000000000001,1.5,0.1,35.433,0.593,305,paint,0.6,6.2991,1,
7.300000000000001,1.5,0.30000000000000004,35.558,0.618,249,paint,0.6,6.4441,1,
7.300000000000001,1.5,0.5,35.906,0.668,210,paint,0.6,6.8475,1,
7.300000000000001,1.5,0.7000000000000001,36.184,0.677,238,paint,0.6,7.1699,1,
7.300000000000001,1.5,0.9,36.138,0.505,217,paint,0.6,7.1165,1,
7.300000000000001,1.5,1.1,36.508,0.64,20,paint,0.6,7.5455,1,
7.300000000000001,1.7000000000000002,1.1,37.692,0.0,1,glass,0.1,8.9183,0,solar_suspected
7.300000000000001,1.7000000000000002,1.3,37.982,0.374,6,glass,0.1,9.2545,0,solar_suspected
7.5,-0.7000000000000001,-0.30000000000000004,35.413,0.44,148,rubber,0.9,6.2759,1,
7.5,-0.7000000000000001,-0.1,35.649,0.617,570,painted_metal,0.65,6.5496,1,
7.5,-0.7000000000000001,0.1,35.2,0.481,244,painted_metal,0.65,6.029,1,
7.5,-0.7000000000000001,0.30000000000000004,35.445,0.448,184,painted_metal,0.65,6.313,1,
7.5,-0.7000000000000001,0.5,35.846,0.558,182,painted_metal,0.65,6.778,1,
7.5,-0.7000000000000001,0.7000000000000001,36.102,0.739,181,painted_metal,0.65,7.0748,1,
7.5,-0.7000000000000001,0.9,36.068,0.624,117,painted_metal,0.65,7.0354,1,
7.5,-0.7000000000000001,1.1,36.272,0.844,209,painted_metal,0.65,7.2719,1,
7.5,-0.7000000000000001,1.3,37.624,0.683,14,painted_metal,0.65,8.8394,0,solar_suspected
7.5,-0.5,-0.30000000000000004,35.166,0.463,177,rubber,0.9,5.9896,1,
7.5,-0.30000000000000004,-0.30000000000000004,35.257,0.653,177,rubber,0.9,6.0951,1,
7.5,-0.1,-0.30000000000000004,36.063,0.56,160,rubber,0.9,7.0296,1,
7.5,0.1,-0.30000000000000004,36.365,0.579,159,rubber,0.9,7.3797,1,
7.5,0.30000000000000004,-0.30000000000000004,36.323,0.607,176,rubber,0.9,7.331,1,
7.5,0.5,-0.30000000000000004,35.726,0.599,194,rubber,0.9,6.6388,1,
7.5,0.7000000000000001,-0.30000000000000004,35.125,0.522,199,rubber,0.9,5.942,1,
7.5,0.9,-0.30000000000000004,35.055,0.359,221,rubber,0.9,5.8609,1,
7.5,1.1,-0.30000000000000004,35.075,0.394,195,rubber,0.9,5.8841,1,
7.5,1.3,-0.30000000000000004,35.299,0.454,145,rubber,0.9,6.1438,1,
7.5,1.5,-0.30000000000000004,35.434,0.562,218,rubber,0.9,6.3003,1,
7.5,1.5,-0.1,35.567,0.625,639,rubber,0.9,6.4545,1,
7.5,1.5,0.1,35.365,0.562,301,paint,0.6,6.2203,1,
7.5,1.5,0.30000000000000004,35.492,0.579,240,paint,0.6,6.3675,1,
7.5,1.5,0.5,35.833,0.642,232,paint,0.6,6.7629,1,
7.5,1.5,0.7000000000000001,36.113,0.651,258,paint,0.6,7.0875,1,
7.5,1.5,0.9,36.161,0.514,187,paint,0.6,7.1432,1,
7.5,1.5,1.1,36.695,0.593,248,glass,0.1,7.7623,1,
7.5,1.5,1.3,38.187,1.145,50,glass,0.1,9.4922,0,solar_suspected
7.5,1.7000000000000002,1.1,36.862,0.417,16,glass,0.1,7.9559,1,
7.5,1.7000000000000002,1.3,37.614,1.008,11,glass,0.1,8.8278,0,solar_suspected
7.7,-0.7000000000000001,-0.30000000000000004,35.514,0.518,150,rubber,0.9,6.393,1,
7.7,-0.7000000000000001,-0.1,35.638,0.601,529,concrete,0.65,6.5368,1,
7.7,-0.7000000000000001,0.1,35.221,0.495,231,painted_metal,0.65,6.0533,1,
7.7,-0.7000000000000001,0.30000000000000004,35.39,0.433,170,painted_metal,0.65,6.2493,1,
7.7,-0.7000000000000001,0.5,35.847,0.512,180,painted_metal,0.65,6.7791,1,
7.7,-0.7000000000000001,0.7000000000000001,36.133,0.704,181,painted_metal,0.65,7.1107,1,
7.7,-0.7000000000000001,0.9,36.045,0.709,97,painted_metal,0.65,7.0087,1,
7.7,-0.7000000000000001,1.1,35.954,0.567,13,painted_metal,0.65,6.9032,1,
7.7,-0.7000000000000001,1.3,38.074,0.0,1,painted_metal,0.65,9.3612,0,solar_suspected
7.7,-0.5,-0.30000000000000004,35.386,0.657,130,rubber,0.9,6.2446,1,
7.7,-0.30000000000000004,-0.30000000000000004,35.197,0.62,154,rubber,0.9,6.0255,1,
7.7,-0.1,-0.30000000000000004,35.881,0.669,151,rubber,0.9,6.8186,1,
7.7,0.1,-0.30000000000000004,36.286,0.648,169,rubber,0.9,7.2881,1,
7.7,0.30000000000000004,-0.30000000000000004,36.294,0.684,184,rubber,0.9,7.2974,1,
7.7,0.5,-0.30000000000000004,35.707,0.731,168,concrete,0.65,6.6168,1,
7.7,0.7000000000000001,-0.30000000000000004,35.093,0.498,170,concrete,0.65,5.9049,1,
7.7,0.9,-0.30000000000000004,35.021,0.391,130,rubber,0.9,5.8214,1,
7.7,1.1,-0.30000000000000004,35.115,0.406,88,rubber,0.9,5.9304,1,
7.7,1.3,-0.30000000000000004,35.384,0.466,90,rubber,0.9,6.2423,1,
7.7,1.5,-0.30000000000000004,35.472,0.636,193,rubber,0.9,6.3443,1,
7.7,1.5,-0.1,35.671,0.718,658,rubber,0.9,6.5751,1,
7.7,1.5,0.1,35.442,0.594,300,paint,0.6,6.3096,1,
7.7,1.5,0.30000000000000004,35.555,0.633,243,paint,0.6,6.4406,1,
7.7,1.5,0.5,35.895,0.71,223,paint,0.6,6.8348,1,
7.7,1.5,0.7000000000000001,36.184,0.736,232,paint,0.6,7.1699,1,
7.7,1.5,0.9,36.099,0.535,170,paint,0.6,7.0713,1,
7.7,1.5,1.1,36.665,0.517,36,glass,0.1,7.7275,1,
7.7,1.5,1.3,36.998,0.806,5,glass,0.1,8.1136,0,solar_suspected
7.7,1.7000000000000002,1.1,36.686,0.496,34,glass,0.1,7.7519,1,
7.7,1.7000000000000002,1.3,38.184,0.884,11,glass,0.1,9.4887,0,solar_suspected
7.9,-0.7000000000000001,-0.30000000000000004,35.457,0.484,141,rubber,0.9,6.327,1,
7.9,-0.7000000000000001,-0.1,35.593,0.623,505,concrete,0.65,6.4846,1,
7.9,-0.7000000000000001,0.1,35.189,0.529,229,painted_metal,0.65,6.0162,1,
7.9,-0.7000000000000001,0.30000000000000004,35.359,0.448,176,painted_metal,0.65,6.2133,1,
7.9,-0.7000000000000001,0.5,35.751,0.53,177,painted_metal,0.65,6.6678,1,
7.9,-0.7000000000000001,0.7000000000000001,36.139,0.752,173,painted_metal,0.65,7.1177,1,
7.9,-0.7000000000000001,0.9,36.209,0.76,89,painted_metal,0.65,7.1988,1,
7.9,-0.7000000000000001,1.1,36.187,0.791,14,painted_metal,0.65,7.1733,1,
7.9,-0.7000000000000001,1.3,35.915,0.0,1,painted_metal,0.65,6.858,1,
7.9,-0.5,-0.30000000000000004,35.297,0.482,120,concrete,0.65,6.1414,1,
7.9,-0.30000000000000004,-0.30000000000000004,35.354,0.647,129,concrete,0.65,6.2075,1,
7.9,-0.1,-0.30000000000000004,36.001,0.813,117,concrete,0.65,6.9577,1,
7.9,0.1,-0.30000000000000004,36.266,0.677,132,concrete,0.65,7.2649,1,
7.9,0.30000000000000004,-0.30000000000000004,36.231,0.662,112,concrete,0.65,7.2243,1,
7.9,0.5,-0.30000000000000004,35.77,0.587,108,rubber,0.9,6.6899,1,
7.9,0.7000000000000001,-0.30000000000000004,35.028,0.511,88,rubber,0.9,5.8296,1,
7.9,0.9,-0.30000000000000004,35.063,0.407,116,rubber,0.9,5.8701,1,
7.9,1.1,-0.30000000000000004,35.136,0.459,153,rubber,0.9,5.9548,1,
7.9,1.3,-0.30000000000000004,35.45,0.6,140,concrete,0.65,6.3188,1,
7.9,1.5,-0.30000000000000004,35.483,0.643,189,rubber,0.9,6.3571,1,
7.9,1.5,-0.1,35.609,0.68,610,rubber,0.9,6.5032,1,
7.9,1.5,0.1,35.386,0.563,284,paint,0.6,6.2446,1,
7.9,1.5,0.30000000000000004,35.525,0.602,217,paint,0.6,6.4058,1,
7.9,1.5,0.5,35.812,0.675,220,paint,0.6,6.7386,1,
7.9,1.5,0.7000000000000001,36.165,0.738,231,paint,0.6,7.1478,1,
7.9,1.5,0.9,36.135,0.51,156,paint,0.6,7.113,1,
7.9,1.5,1.1,36.816,0.572,7,glass,0.1,7.9026,1,
7.9,1.5,1.3,38.687,0.394,3,glass,0.1,10.0719,0,solar_suspected
7.9,1.7000000000000002,0.9,36.455,0.231,2,paint,0.6,7.4841,1,
7.9,1.7000000000000002,1.1,36.577,0.563,117,glass,0.1,7.6255,1,
7.9,1.7000000000000002,1.3,38.227,0.79,47,glass,0.1,9.5386,0,solar_suspected
8.1,-0.7000000000000001,-0.30000000000000004,35.453,0.486,171,rubber,0.9,6.3223,1,
8.1,-0.7000000000000001,-0.1,35.649,0.606,471,concrete,0.65,6.5496,1,
8.1,-0.7000000000000001,0.1,35.229,0.505,228,painted_metal,0.65,6.0626,1,
8.1,-0.7000000000000001,0.30000000000000004,35.404,0.49,173,painted_metal,0.65,6.2655,1,
8.1,-0.7000000000000001,0.5,35.855,0.584,196,painted_metal,0.65,6.7884,1,
8.1,-0.7000000000000001,0.7000000000000001,36.121,0.69,177,painted_metal,0.65,7.0968,1,
8.1,-0.7000000000000001,0.9,36.039,0.704,91,painted_metal,0.65,7.0017,1,
8.1,-0.7000000000000001,1.1,36.086,0.839,11,painted_metal,0.65,7.0562,1,
8.1,-0.7000000000000001,1.3,37.027,0.0,1,glass,0.1,8.1472,0,solar_suspected
8.1,-0.5,-0.30000000000000004,35.263,0.645,119,concrete,0.65,6.102,1,
8.1,-0.30000000000000004,-0.30000000000000004,35.202,0.675,137,concrete,0.65,6.0313,1,
8.1,-0.1,-0.30000000000000004,35.882,0.703,114,rubber,0.9,6.8197,1,
8.1,0.1,-0.30000000000000004,36.394,0.678,113,rubber,0.9,7.4133,1,
8.1,0.30000000000000004,-0.30000000000000004,36.385,0.716,113,rubber,0.9,7.4029,1,
8.1,0.5,-0.30000000000000004,35.957,0.702,106,rubber,0.9,6.9067,1,
8.1,0.7000000000000001,-0.30000000000000004,35.214,0.641,155,rubber,0.9,6.0452,1,
8.1,0.9,-0.30000000000000004,35.233,0.545,122,rubber,0.9,6.0672,1,
8.1,1.1,-0.30000000000000004,35.108,0.384,98,concrete,0.65,5.9223,1,
8.1,1.3,-0.30000000000000004,35.337,0.541,120,concrete,0.65,6.1878,1,
8.1,1.5,-0.30000000000000004,35.537,0.619,211,concrete,0.65,6.4197,1,
8.1,1.5,-0.1,35.614,0.654,612,rubber,0.9,6.509,1,
8.1,1.5,0.1,35.455,0.534,302,paint,0.6,6.3246,1,
8.1,1.5,0.30000000000000004,35.528,0.578,223,paint,0.6,6.4093,1,
8.1,1.5,0.5,35.899,0.673,227,paint,0.6,6.8394,1,
8.1,1.5,0.7000000000000001,36.22,0.754,237,paint,0.6,7.2116,1,
8.1,1.5,0.9,36.123,0.533,148,paint,0.6,7.0991,1,
8.1,1.5,1.1,36.629,0.56,14,glass,0.1,7.6858,1,
8.1,1.5,1.3,37.84,0.726,7,glass,0.1,9.0899,0,solar_suspected
8.1,1.7000000000000002,-0.1,37.026,0.492,4,steel_oxidized,0.8,8.1461,0,implausible
8.1,1.7000000000000002,0.1,35.951,0.04,2,paint,0.6,6.8997,1,
8.1,1.7000000000000002,0.9,36.201,0.448,18,paint,0.6,7.1896,1,
8.1,1.7000000000000002,1.1,36.622,0.553,123,glass,0.1,7.6777,1,
8.1,1.7000000000000002,1.3,37.558,0.945,75,glass,0.1,8.7629,0,solar_suspected
8.3,-0.7000000000000001,-0.30000000000000004,35.479,0.505,164,rubber,0.9,6.3525,1,
8.3,-0.7000000000000001,-0.1,35.646,0.635,427,concrete,0.65,6.5461,1,
8.3,-0.7000000000000001,0.1,35.231,0.506,214,painted_metal,0.65,6.0649,1,
8.3,-0.7000000000000001,0.30000000000000004,35.383,0.481,165,painted_metal,0.65,6.2412,1,
8.3,-0.7000000000000001,0.5,35.834,0.571,164,painted_metal,0.65,6.7641,1,
8.3,-0.7000000000000001,0.7000000000000001,36.123,0.672,168,painted_metal,0.65,7.0991,1,
8.3,-0.7000000000000001,0.9,36.067,0.73,141,painted_metal,0.65,7.0342,1,
8.3,-0.7000000000000001,1.1,36.359,0.9,368,painted_metal,0.65,7.3728,1,
8.3,-0.7000000000000001,1.3,37.387,1.146,168,glass,0.1,8.5646,0,solar_suspected
8.3,-0.5,-0.30000000000000004,35.164,0.564,95,concrete,0.65,5.9872,1,
8.3,-0.30000000000000004,-0.30000000000000004,35.268,0.657,97,concrete,0.65,6.1078,1,
8.3,-0.1,-0.30000000000000004,35.993,0.798,128,concrete,0.65,6.9484,1,
8.3,0.1,-0.30000000000000004,36.515,0.738,141,concrete,0.65,7.5536,1,
8.3,0.30000000000000004,-0.30000000000000004,36.689,0.843,122,concrete,0.65,7.7554,1,
8.3,0.5,-0.30000000000000004,36.152,0.724,123,concrete,0.65,7.1328,1,
8.3,0.7000000000000001,-0.30000000000000004,35.409,0.708,124,concrete,0.65,6.2713,1,
8.3,0.9,-0.30000000000000004,35.256,0.612,112,concrete,0.65,6.0939,1,
8.3,1.1,-0.30000000000000004,35.107,0.371,126,concrete,0.65,5.9212,1,
8.3,1.3,-0.30000000000000004,35.324,0.492,95,concrete,0.65,6.1728,1,
8.3,1.5,-0.30000000000000004,35.467,0.565,223,concrete,0.65,6.3386,1,
8.3,1.5,-0.1,35.519,0.579,474,rubber,0.9,6.3988,1,
8.3,1.5,0.1,35.324,0.511,258,paint,0.6,6.1728,1,
8.3,1.5,0.30000000000000004,35.513,0.558,201,paint,0.6,6.3919,1,
8.3,1.5,0.5,35.807,0.65,195,paint,0.6,6.7328,1,
8.3,1.5,0.7000000000000001,36.158,0.692,217,paint,0.6,7.1397,1,
8.3,1.5,0.9,36.161,0.557,188,paint,0.6,7.1432,1,
8.3,1.5,1.1,36.675,0.663,138,glass,0.1,7.7391,1,
8.3,1.5,1.3,37.424,1.016,86,glass,0.1,8.6075,0,solar_suspected
8.3,1.7000000000000002,-0.1,36.459,0.576,47,concrete,0.65,7.4887,1,
8.3,1.7000000000000002,0.1,35.967,0.12,20,paint,0.6,6.9183,1,
8.3,1.7000000000000002,0.30000000000000004,36.251,0.07,3,paint,0.6,7.2475,1,
8.3,1.7000000000000002,0.9,35.993,0.538,11,paint,0.6,6.9484,1,
8.3,1.7000000000000002,1.1,36.431,0.487,147,glass,0.1,7.4562,1,
8.3,1.7000000000000002,1.3,37.43,0.777,74,glass,0.1,8.6145,0,solar_suspected
8.5,-0.7000000000000001,-0.30000000000000004,35.531,0.549,174,concrete,0.65,6.4128,1,
8.5,-0.7000000000000001,-0.1,35.611,0.657,426,concrete,0.65,6.5055,1,
8.5,-0.7000000000000001,0.1,35.191,0.514,234,painted_metal,0.65,6.0186,1,
8.5,-0.7000000000000001,0.30000000000000004,35.4,0.518,167,painted_metal,0.65,6.2609,1,
8.5,-0.7000000000000001,0.5,35.885,0.624,172,painted_metal,0.65,6.8232,1,
8.5,-0.7000000000000001,0.7000000000000001,36.086,0.718,163,painted_metal,0.65,7.0562,1,
8.5,-0.7000000000000001,0.9,36.083,0.682,74,painted_metal,0.65,7.0528,1,
8.5,-0.7000000000000001,1.1,36.526,1.135,6,paint,0.6,7.5664,1,
8.5,-0.7000000000000001,1.3,37.767,0.361,5,paint,0.6,9.0052,0,solar_possible
8.5,-0.5,-0.30000000000000004,35.282,0.591,103,concrete,0.65,6.1241,1,
8.5,-0.30000000000000004,-0.30000000000000004,35.158,0.679,112,concrete,0.65,5.9803,1,
8.5,-0.1,-0.30000000000000004,36.023,0.757,124,concrete,0.65,6.9832,1,
8.5,0.1,-0.30000000000000004,36.485,0.656,134,rubber,0.9,7.5188,1,
8.5,0.30000000000000004,-0.30000000000000004,36.505,0.736,159,concrete,0.65,7.542,1,
8.5,0.5,-0.30000000000000004,36.147,0.797,131,concrete,0.65,7.127,1,
8.5,0.7000000000000001,-0.30000000000000004,35.2,0.619,158,concrete,0.65,6.029,1,
8.5,0.9,-0.30000000000000004,35.228,0.54,110,concrete,0.65,6.0614,1,
8.5,1.1,-0.30000000000000004,35.105,0.357,118,concrete,0.65,5.9188,1,
8.5,1.3,-0.30000000000000004,35.328,0.494,168,concrete,0.65,6.1774,1,
8.5,1.5,-0.30000000000000004,35.51,0.565,339,concrete,0.65,6.3884,1,
8.5,1.5,-0.1,35.39,0.514,288,rubber,0.9,6.2493,1,
8.5,1.5,0.1,35.091,0.389,179,paint,0.6,5.9026,1,
8.5,1.5,0.30000000000000004,35.414,0.545,182,paint,0.6,6.2771,1,
8.5,1.5,0.5,35.807,0.693,196,paint,0.6,6.7328,1,
8.5,1.5,0.7000000000000001,36.22,0.734,219,paint,0.6,7.2116,1,
8.5,1.5,0.9,36.147,0.566,148,paint,0.6,7.127,1,
8.5,1.5,1.1,36.565,0.0,1,plastic,0.6,7.6116,1,
8.5,1.7000000000000002,-0.30000000000000004,36.124,0.384,11,concrete,0.65,7.1003,1,
8.5,1.7000000000000002,-0.1,35.854,0.581,244,concrete,0.65,6.7872,1,
8.5,1.7000000000000002,0.1,35.765,0.418,118,paint,0.6,6.6841,1,
8.5,1.7000000000000002,0.30000000000000004,36.198,0.352,39,paint,0.6,7.1861,1,
8.5,1.7000000000000002,0.5,36.78,0.199,8,paint,0.6,7.8609,1,
8.5,1.7000000000000002,0.9,36.513,0.46,8,paint,0.6,7.5513,1,
8.5,1.7000000000000002,1.1,36.695,0.533,53,glass,0.1,7.7623,1,
8.5,1.7000000000000002,1.3,37.609,1.273,4,glass,0.1,8.822,0,solar_suspected
8.5,1.7000000000000002,1.5,38.499,0.0,1,glass,0.1,9.8539,0,solar_suspected
8.700000000000001,-0.7000000000000001,-0.30000000000000004,35.4,0.528,204,concrete,0.65,6.2609,1,
8.700000000000001,-0.7000000000000001,-0.1,35.599,0.591,431,concrete,0.65,6.4916,1,
8.700000000000001,-0.7000000000000001,0.1,35.208,0.504,219,painted_metal,0.65,6.0383,1,
8.700000000000001,-0.7000000000000001,0.30000000000000004,35.367,0.548,164,painted_metal,0.65,6.2226,1,
8.700000000000001,-0.7000000000000001,0.5,35.817,0.619,166,painted_metal,0.65,6.7443,1,
8.700000000000001,-0.7000000000000001,0.7000000000000001,36.092,0.653,168,painted_metal,0.65,7.0632,1,
8.700000000000001,-0.7000000000000001,0.9,35.997,0.665,83,painted_metal,0.65,6.953,1,
8.700000000000001,-0.7000000000000001,1.1,36.586,0.394,3,painted_metal,0.65,7.6359,1,
8.700000000000001,-0.7000000000000001,1.3,38.391,0.0,1,paint,0.6,9.7287,0,solar_possible
8.700000000000001,-0.5,-0.30000000000000004,35.33,0.619,243,concrete,0.65,6.1797,1,
8.700000000000001,-0.30000000000000004,-0.30000000000000004,35.25,0.701,235,concrete,0.65,6.087,1,
8.700000000000001,-0.1,-0.30000000000000004,35.964,0.763,203,concrete,0.65,6.9148,1,
8.700000000000001,0.1,-0.30000000000000004,36.282,0.661,177,concrete,0.65,7.2835,1,
8.700000000000001,0.30000000000000004,-0.30000000000000004,36.387,0.829,190,concrete,0.65,7.4052,1,
8.700000000000001,0.5,-0.30000000000000004,36.074,0.693,201,concrete,0.65,7.0423,1,
8.700000000000001,0.7000000000000001,-0.30000000000000004,35.253,0.724,180,concrete,0.65,6.0904,1,
8.700000000000001,0.9,-0.30000000000000004,34.983,0.566,179,rubber,0.9,5.7774,1,
8.700000000000001,1.1,-0.30000000000000004,35.01,0.376,229,concrete,0.65,5.8087,1,
8.700000000000001,1.3,-0.30000000000000004,35.095,0.381,248,concrete,0.65,5.9072,1,
8.700000000000001,1.5,-0.30000000000000004,35.334,0.499,280,rubber,0.9,6.1843,1,
8.700000000000001,1.5,-0.1,35.058,0.397,109,rubber,0.9,5.8643,1,
8.700000000000001,1.5,0.1,35.02,0.417,74,paint,0.6,5.8203,1,
8.700000000000001,1.5,0.30000000000000004,35.179,0.384,112,paint,0.6,6.0046,1,
8.700000000000001,1.5,0.5,35.607,0.56,154,paint,0.6,6.5009,1,
8.700000000000001,1.5,0.7000000000000001,36.03,0.67,193,paint,0.6,6.9913,1,
8.700000000000001,1.5,0.9,36.107,0.615,118,paint,0.6,7.0806,1,
8.700000000000001,1.7000000000000002,-0.30000000000000004,35.836,0.499,36,concrete,0.65,6.7664,1,
8.700000000000001,1.7000000000000002,-0.1,35.745,0.628,419,concrete,0.65,6.6609,1,
8.700000000000001,1.7000000000000002,0.1,35.438,0.548,198,paint,0.6,6.3049,1,
8.700000000000001,1.7000000000000002,0.30000000000000004,35.88,0.566,104,paint,0.6,6.8174,1,
8.700000000000001,1.7000000000000002,0.5,36.469,0.578,51,paint,0.6,7.5003,1,
8.700000000000001,1.7000000000000002,0.7000000000000001,36.99,0.238,24,paint,0.6,8.1043,0,solar_possible
8.700000000000001,1.7000000000000002,0.9,36.535,0.704,11,paint,0.6,7.5768,1,
8.700000000000001,1.7000000000000002,1.1,36.452,0.554,84,paint,0.6,7.4806,1,
8.700000000000001,1.7000000000000002,1.3,37.438,1.031,42,glass,0.1,8.6238,0,solar_suspected
8.700000000000001,1.7000000000000002,1.5,38.921,0.372,5,glass,0.1,10.3432,0,solar_suspected
8.9,-0.7000000000000001,-0.30000000000000004,35.304,0.465,180,concrete,0.65,6.1496,1,
8.9,-0.7000000000000001,-0.1,35.342,0.561,414,concrete,0.65,6.1936,1,
8.9,-0.7000000000000001,0.1,35.039,0.51,201,painted_metal,0.65,5.8423,1,
8.9,-0.7000000000000001,0.30000000000000004,35.259,0.511,159,painted_metal,0.65,6.0974,1,
8.9,-0.7000000000000001,0.5,35.64,0.538,151,painted_metal,0.65,6.5391,1,
8.9,-0.7000000000000001,0.7000000000000001,35.931,0.635,156,painted_metal,0.65,6.8765,1,
8.9,-0.7000000000000001,0.9,36.044,0.493,79,painted_metal,0.65,7.0075,1,
8.9,-0.7000000000000001,1.1,35.897,0.372,8,painted_metal,0.65,6.8371,1,
8.9,-0.7000000000000001,1.3,36.692,0.9,5,glass,0.1,7.7588,1,
8.9,-0.7000000000000001,1.5,38.089,0.0,1,paint,0.6,9.3786,0,solar_possible
8.9,-0.5,-0.30000000000000004,35.101,0.564,181,concrete,0.65,5.9142,1,
8.9,-0.30000000000000004,-0.30000000000000004,35.071,0.68,167,concrete,0.65,5.8794,1,
8.9,-0.1,-0.30000000000000004,35.963,0.812,171,concrete,0.65,6.9136,1,
8.9,0.1,-0.30000000000000004,36.459,0.745,169,concrete,0.65,7.4887,1,
8.9,0.30000000000000004,-0.30000000000000004,36.547,0.837,195,concrete,0.65,7.5907,1,
8.9,0.5,-0.30000000000000004,36.155,0.891,170,concrete,0.65,7.1362,1,
8.9,0.7000000000000001,-0.30000000000000004,35.408,0.78,172,concrete,0.65,6.2701,1,
8.9,0.9,-0.30000000000000004,35.194,0.621,252,concrete,0.65,6.022,1,
8.9,1.1,-0.30000000000000004,35.093,0.439,284,concrete,0.65,5.9049,1,
8.9,1.3,-0.30000000000000004,35.002,0.386,207,concrete,0.65,5.7994,1,
8.9,1.5,-0.30000000000000004,35.282,0.476,274,rubber,0.9,6.1241,1,
8.9,1.5,-0.1,34.978,0.187,22,rubber,0.9,5.7716,1,
8.9,1.5,0.1,34.954,0.533,13,paint,0.6,5.7438,1,
8.9,1.5,0.30000000000000004,34.988,0.267,28,paint,0.6,5.7832,1,
8.9,1.5,0.5,35.387,0.332,68,paint,0.6,6.2458,1,
8.9,1.5,0.7000000000000001,35.67,0.481,110,paint,0.6,6.5739,1,
8.9,1.5,0.9,35.98,0.549,107,paint,0.6,6.9333,1,
8.9,1.5,1.1,35.87,0.0,1,plastic,0.6,6.8058,1,
8.9,1.7000000000000002,-0.30000000000000004,35.631,0.526,69,concrete,0.65,6.5287,1,
8.9,1.7000000000000002,-0.1,35.633,0.611,487,concrete,0.65,6.531,1,
8.9,1.7000000000000002,0.1,35.365,0.527,252,painted_metal,0.65,6.2203,1,
8.9,1.7000000000000002,0.30000000000000004,35.571,0.61,178,painted_metal,0.65,6.4591,1,
8.9,1.7000000000000002,0.5,36.11,0.735,124,painted_metal,0.65,7.0841,1,
8.9,1.7000000000000002,0.7000000000000001,36.745,0.566,105,painted_metal,0.65,7.8203,1,
8.9,1.7000000000000002,0.9,36.511,0.603,49,paint,0.6,7.549,1,
8.9,1.7000000000000002,1.1,36.596,0.565,98,paint,0.6,7.6475,1,
8.9,1.7000000000000002,1.3,37.902,0.945,93,glass,0.1,9.1617,0,solar_suspected
8.9,1.7000000000000002,1.5,38.247,0.866,32,glass,0.1,9.5617,0,solar_suspected
9.1,-0.7000000000000001,-0.30000000000000004,35.275,0.44,158,rubber,0.9,6.1159,1,
9.1,-0.7000000000000001,-0.1,35.148,0.569,398,concrete,0.65,5.9687,1,
9.1,-0.7000000000000001,0.1,34.906,0.458,208,painted_metal,0.65,5.6881,1,
9.1,-0.7000000000000001,0.30000000000000004,35.217,0.515,166,painted_metal,0.65,6.0487,1,
9.1,-0.7000000000000001,0.5,35.609,0.531,153,painted_metal,0.65,6.5032,1,
9.1,-0.7000000000000001,0.7000000000000001,35.806,0.506,172,painted_metal,0.65,6.7316,1,
9.1,-0.7000000000000001,0.9,35.805,0.443,100,painted_metal,0.65,6.7304,1,
9.1,-0.7000000000000001,1.1,36.366,0.775,354,paint,0.6,7.3809,1,
9.1,-0.7000000000000001,1.3,37.257,0.946,226,glass,0.1,8.4139,0,solar_suspected
9.1,-0.7000000000000001,1.5,38.191,0.465,28,paint,0.6,9.4968,0,solar_possible
9.1,-0.5,-0.30000000000000004,35.319,0.571,207,concrete,0.65,6.167,1,
9.1,-0.30000000000000004,-0.30000000000000004,35.266,0.702,165,concrete,0.65,6.1055,1,
9.1,-0.1,-0.30000000000000004,36.12,0.824,168,concrete,0.65,7.0957,1,
9.1,0.1,-0.30000000000000004,36.583,0.735,209,concrete,0.65,7.6325,1,
9.1,0.30000000000000004,-0.30000000000000004,36.78,0.88,186,concrete,0.65,7.8609,1,
9.1,0.5,-0.30000000000000004,36.416,0.774,241,concrete,0.65,7.4388,1,
9.1,0.7000000000000001,-0.30000000000000004,35.499,0.778,280,concrete,0.65,6.3757,1,
9.1,0.9,-0.30000000000000004,35.101,0.653,275,concrete,0.65,5.9142,1,
9.1,1.1,-0.30000000000000004,35.002,0.432,226,concrete,0.65,5.7994,1,
9.1,1.3,-0.30000000000000004,34.965,0.327,209,concrete,0.65,5.7565,1,
9.1,1.5,-0.30000000000000004,35.291,0.487,258,rubber,0.9,6.1345,1,
9.1,1.5,0.1,34.775,0.122,3,paint,0.6,5.5362,1,
9.1,1.5,0.30000000000000004,34.993,0.245,5,paint,0.6,5.789,1,
9.1,1.5,0.5,35.392,0.318,19,paint,0.6,6.2516,1,
9.1,1.5,0.7000000000000001,35.515,0.313,45,paint,0.6,6.3942,1,
9.1,1.5,0.9,35.847,0.465,72,paint,0.6,6.7791,1,
9.1,1.5,1.1,36.302,0.435,30,paint,0.6,7.3067,1,
9.1,1.5,1.3,37.471,0.844,21,glass,0.1,8.662,0,solar_suspected
9.1,1.5,1.5,38.282,0.823,6,glass,0.1,9.6023,0,solar_suspected
9.1,1.7000000000000002,-0.30000000000000004,35.564,0.492,93,concrete,0.65,6.451,1,
9.1,1.7000000000000002,-0.1,35.573,0.546,498,concrete,0.65,6.4614,1,
9.1,1.7000000000000002,0.1,35.321,0.568,272,painted_metal,0.65,6.1693,1,
9.1,1.7000000000000002,0.30000000000000004,35.509,0.617,203,painted_metal,0.65,6.3872,1,
9.1,1.7000000000000002,0.5,35.867,0.691,178,painted_metal,0.65,6.8023,1,
9.1,1.7000000000000002,0.7000000000000001,36.309,0.719,173,painted_metal,0.65,7.3148,1,
9.1,1.7000000000000002,0.9,36.334,0.605,90,paint,0.6,7.3438,1,
9.1,1.7000000000000002,1.1,36.411,0.623,249,paint,0.6,7.433,1,
9.1,1.7000000000000002,1.3,37.472,0.885,254,glass,0.1,8.6632,0,solar_suspected
9.1,1.7000000000000002,1.5,37.977,1.023,81,glass,0.1,9.2487,0,solar_suspected
9.3,-0.7000000000000001,-0.30000000000000004,35.234,0.427,108,concrete,0.65,6.0684,1,
9.3,-0.7000000000000001,-0.1,35.077,0.631,346,concrete,0.65,5.8864,1,
9.3,-0.7000000000000001,0.1,34.859,0.42,182,painted_metal,0.65,5.6336,1,
9.3,-0.7000000000000001,0.30000000000000004,35.244,0.523,142,painted_metal,0.65,6.08,1,
9.3,-0.7000000000000001,0.5,35.62,0.576,141,painted_metal,0.65,6.5159,1,
9.3,-0.7000000000000001,0.7000000000000001,35.655,0.504,144,painted_metal,0.65,6.5565,1,
9.3,-0.7000000000000001,0.9,35.847,0.439,98,painted_metal,0.65,6.7791,1,
9.3,-0.7000000000000001,1.3,37.603,0.189,4,glass,0.1,8.8151,0,solar_suspected
9.3,-0.5,-0.30000000000000004,35.394,0.616,269,concrete,0.65,6.2539,1,
9.3,-0.5,-0.1,35.625,0.191,10,concrete,0.65,6.5217,1,
9.3,-0.30000000000000004,-0.30000000000000004,35.287,0.744,259,concrete,0.65,6.1299,1,
9.3,-0.1,-0.30000000000000004,36.025,0.834,269,concrete,0.65,6.9855,1,
9.3,0.1,-0.30000000000000004,36.39,0.743,260,concrete,0.65,7.4087,1,
9.3,0.30000000000000004,-0.30000000000000004,36.511,0.871,249,concrete,0.65,7.549,1,
9.3,0.5,-0.30000000000000004,36.254,0.879,242,concrete,0.65,7.251,1,
9.3,0.7000000000000001,-0.30000000000000004,35.377,0.758,209,concrete,0.65,6.2342,1,
9.3,0.9,-0.30000000000000004,34.926,0.602,175,concrete,0.65,5.7113,1,
9.3,1.1,-0.30000000000000004,34.984,0.471,215,rubber,0.9,5.7786,1,
9.3,1.3,-0.30000000000000004,34.988,0.324,192,rubber,0.9,5.7832,1,
9.3,1.5,-0.30000000000000004,35.381,0.435,173,rubber,0.9,6.2388,1,
9.3,1.5,-0.1,34.998,0.0,1,rubber,0.9,5.7948,1,
9.3,1.5,0.5,35.14,0.0,1,paint,0.6,5.9594,1,
9.3,1.5,0.7000000000000001,35.769,0.413,7,paint,0.6,6.6887,1,
9.3,1.5,0.9,35.777,0.393,30,paint,0.6,6.698,1,
9.3,1.7000000000000002,-0.30000000000000004,35.498,0.428,108,concrete,0.65,6.3745,1,
9.3,1.7000000000000002,-0.1,35.497,0.477,471,concrete,0.65,6.3733,1,
9.3,1.7000000000000002,0.1,35.278,0.506,249,painted_metal,0.65,6.1194,1,
9.3,1.7000000000000002,0.30000000000000004,35.441,0.521,198,painted_metal,0.65,6.3084,1,
9.3,1.7000000000000002,0.5,35.733,0.554,182,painted_metal,0.65,6.647,1,
9.3,1.7000000000000002,0.7000000000000001,36.003,0.648,211,painted_metal,0.65,6.96,1,
9.3,1.7000000000000002,0.9,36.152,0.571,123,paint,0.6,7.1328,1,
9.3,1.7000000000000002,1.1,36.529,0.516,11,paint,0.6,7.5699,1,
9.3,1.7000000000000002,1.3,37.389,0.595,6,glass,0.1,8.567,0,solar_suspected
9.3,1.7000000000000002,1.5,37.641,0.0,1,glass,0.1,8.8591,0,solar_suspected
9.5,-0.7000000000000001,-0.30000000000000004,35.202,0.417,79,rubber,0.9,6.0313,1,
9.5,-0.7000000000000001,-0.1,35.022,0.62,316,concrete,0.65,5.8226,1,
9.5,-0.7000000000000001,0.1,34.886,0.372,187,painted_metal,0.65,5.6649,1,
9.5,-0.7000000000000001,0.30000000000000004,35.3,0.523,169,painted_metal,0.65,6.1449,1,
9.5,-0.7000000000000001,0.5,35.691,0.589,158,painted_metal,0.65,6.5983,1,
9.5,-0.7000000000000001,0.7000000000000001,35.734,0.544,170,painted_metal,0.65,6.6481,1,
9.5,-0.7000000000000001,0.9,35.832,0.438,84,painted_metal,0.65,6.7617,1,
9.5,-0.7000000000000001,1.1,35.738,0.262,4,painted_metal,0.65,6.6528,1,
9.5,-0.7000000000000001,1.3,37.129,0.0,1,paint,0.6,8.2655,0,solar_possible
9.5,-0.5,-0.30000000000000004,35.169,0.516,239,concrete,0.65,5.993,1,
9.5,-0.5,-0.1,34.933,0.862,75,concrete,0.65,5.7194,1,
9.5,-0.5,0.1,35.163,0.216,10,painted_metal,0.65,5.9861,1,
9.5,-0.5,0.30000000000000004,35.782,0.147,2,painted_metal,0.65,6.7038,1,
9.5,-0.5,0.5,36.169,0.0,1,painted_metal,0.65,7.1525,1,
9.5,-0.30000000000000004,-0.30000000000000004,35.189,0.71,163,concrete,0.65,6.0162,1,
9.5,-0.1,-0.30000000000000004,36.129,0.749,195,concrete,0.65,7.1061,1,
9.5,0.1,-0.30000000000000004,36.311,0.699,195,rubber,0.9,7.3171,1,
9.5,0.30000000000000004,-0.30000000000000004,36.292,0.771,180,concrete,0.65,7.2951,1,
9.5,0.5,-0.30000000000000004,36.064,0.794,220,rubber,0.9,7.0307,1,
9.5,0.7000000000000001,-0.30000000000000004,35.499,0.844,238,rubber,0.9,6.3757,1,
9.5,0.9,-0.30000000000000004,34.876,0.57,243,rubber,0.9,5.6533,1,
9.5,1.1,-0.30000000000000004,34.884,0.403,205,rubber,0.9,5.6626,1,
9.5,1.3,-0.30000000000000004,34.942,0.258,151,rubber,0.9,5.7299,1,
9.5,1.5,-0.30000000000000004,35.144,0.325,176,rubber,0.9,5.9641,1,
9.5,1.5,0.7000000000000001,35.55,0.0,1,paint,0.6,6.4348,1,
9.5,1.5,0.9,35.767,0.43,3,paint,0.6,6.6864,1,
9.5,1.7000000000000002,-0.30000000000000004,35.391,0.438,108,concrete,0.65,6.2504,1,
9.5,1.7000000000000002,-0.1,35.45,0.407,466,concrete,0.65,6.3188,1,
9.5,1.7000000000000002,0.1,35.251,0.466,258,painted_metal,0.65,6.0881,1,
9.5,1.7000000000000002,0.30000000000000004,35.452,0.759,199,painted_metal,0.65,6.3212,1,
9.5,1.7000000000000002,0.5,35.657,0.488,200,paint,0.6,6.5588,1,
9.5,1.7000000000000002,0.7000000000000001,35.919,0.491,184,painted_metal,0.65,6.8626,1,
9.5,1.7000000000000002,0.9,35.966,0.453,143,paint,0.6,6.9171,1,
9.5,1.7000000000000002,1.1,36.366,0.54,9,paint,0.6,7.3809,1,
9.5,1.7000000000000002,1.3,38.402,0.108,2,glass,0.1,9.7414,0,solar_suspected
9.5,1.7000000000000002,1.5,38.779,0.0,1,glass,0.1,10.1786,0,solar_suspected
9.700000000000001,-0.7000000000000001,-0.30000000000000004,35.109,0.338,43,rubber,0.9,5.9235,1,
9.700000000000001,-0.7000000000000001,-0.1,35.095,0.452,192,concrete,0.65,5.9072,1,
9.700000000000001,-0.7000000000000001,0.1,34.868,0.346,135,painted_metal,0.65,5.6441,1,
9.700000000000001,-0.7000000000000001,0.30000000000000004,35.229,0.571,131,painted_metal,0.65,6.0626,1,
9.700000000000001,-0.7000000000000001,0.5,35.629,0.653,139,painted_metal,0.65,6.5264,1,
9.700000000000001,-0.7000000000000001,0.7000000000000001,35.722,0.499,154,painted_metal,0.65,6.6342,1,
9.700000000000001,-0.7000000000000001,0.9,35.821,0.367,84,glass,0.1,6.749,1,
9.700000000000001,-0.7000000000000001,1.1,35.657,0.481,8,painted_metal,0.65,6.5588,1,
9.700000000000001,-0.7000000000000001,1.3,36.197,0.835,2,glass,0.1,7.1849,1,
9.700000000000001,-0.7000000000000001,1.5,38.018,0.0,1,paint,0.6,9.2962,0,solar_possible
9.700000000000001,-0.5,-0.30000000000000004,35.162,0.543,285,concrete,0.65,5.9849,1,
9.700000000000001,-0.5,-0.1,34.859,0.796,199,concrete,0.65,5.6336,1,
9.700000000000001,-0.5,0.1,35.022,0.296,46,painted_metal,0.65,5.8226,1,
9.700000000000001,-0.5,0.30000000000000004,35.802,0.317,19,painted_metal,0.65,6.727,1,
9.700000000000001,-0.5,0.5,36.265,0.205,8,painted_metal,0.65,7.2638,1,
9.700000000000001,-0.5,0.7000000000000001,35.681,0.25,2,painted_metal,0.65,6.5867,1,
9.700000000000001,-0.30000000000000004,-0.30000000000000004,35.108,0.772,210,concrete,0.65,5.9223,1,
9.700000000000001,-0.1,-0.30000000000000004,35.873,0.653,208,rubber,0.9,6.8093,1,
9.700000000000001,0.1,-0.30000000000000004,36.248,0.584,226,rubber,0.9,7.2441,1,
9.700000000000001,0.30000000000000004,-0.30000000000000004,36.345,0.638,204,rubber,0.9,7.3565,1,
9.700000000000001,0.5,-0.30000000000000004,36.258,0.738,213,rubber,0.9,7.2557,1,
9.700000000000001,0.7000000000000001,-0.30000000000000004,35.636,0.803,142,rubber,0.9,6.5345,1,
9.700000000000001,0.9,-0.30000000000000004,35.044,0.602,126,rubber,0.9,5.8481,1,
9.700000000000001,1.1,-0.30000000000000004,35.061,0.469,159,rubber,0.9,5.8678,1,
9.700000000000001,1.3,-0.30000000000000004,34.924,0.299,205,rubber,0.9,5.709,1,
9.700000000000001,1.5,-0.30000000000000004,35.048,0.292,203,concrete,0.65,5.8528,1,
9.700000000000001,1.5,0.9,35.822,0.0,1,paint,0.6,6.7501,1,
9.700000000000001,1.7000000000000002,-0.30000000000000004,35.252,0.375,106,concrete,0.65,6.0893,1,
9.700000000000001,1.7000000000000002,-0.1,35.14,0.481,461,concrete,0.65,5.9594,1,
9.700000000000001,1.7000000000000002,0.1,34.968,0.468,243,painted_metal,0.65,5.76,1,
9.700000000000001,1.7000000000000002,0.30000000000000004,35.21,0.838,205,painted_metal,0.65,6.0406,1,
9.700000000000001,1.7000000000000002,0.5,35.447,0.381,178,painted_metal,0.65,6.3154,1,
9.700000000000001,1.7000000000000002,0.7000000000000001,35.678,0.339,200,painted_metal,0.65,6.5832,1,
9.700000000000001,1.7000000000000002,0.9,35.923,0.39,134,paint,0.6,6.8672,1,
9.700000000000001,1.7000000000000002,1.1,36.361,0.443,12,paint,0.6,7.3751,1,
9.700000000000001,1.7000000000000002,1.3,38.107,0.668,20,glass,0.1,9.3994,0,solar_suspected
9.700000000000001,1.7000000000000002,1.5,38.191,1.046,18,paint,0.6,9.4968,0,solar_possible
9.9,-0.7000000000000001,-0.30000000000000004,34.598,0.403,9,rubber,0.9,5.331,1,
9.9,-0.7000000000000001,-0.1,35.135,0.377,88,rubber,0.9,5.9536,1,
9.9,-0.7000000000000001,0.1,34.884,0.324,100,glass,0.1,5.6626,1,
9.9,-0.7000000000000001,0.30000000000000004,35.039,0.495,104,glass,0.1,5.8423,1,
9.9,-0.7000000000000001,0.5,35.483,0.554,111,painted_metal,0.65,6.3571,1,
9.9,-0.7000000000000001,0.7000000000000001,35.68,0.519,122,glass,0.1,6.5855,1,
9.9,-0.7000000000000001,0.9,35.784,0.412,83,glass,0.1,6.7061,1,
9.9,-0.7000000000000001,1.1,35.855,0.596,153,paint,0.6,6.7884,1,
9.9,-0.7000000000000001,1.3,36.821,1.085,211,paint,0.6,7.9084,1,
9.9,-0.7000000000000001,1.5,37.385,1.155,98,paint,0.6,8.5623,0,solar_possible
9.9,-0.5,-0.30000000000000004,35.118,0.465,264,rubber,0.9,5.9339,1,
9.9,-0.5,-0.1,34.92,0.676,294,concrete,0.65,5.7043,1,
9.9,-0.5,0.1,34.993,0.331,96,glass,0.1,5.789,1,
9.9,-0.5,0.30000000000000004,35.761,0.466,50,glass,0.1,6.6794,1,
9.9,-0.5,0.5,36.204,0.378,39,glass,0.1,7.193,1,
9.9,-0.5,0.7000000000000001,35.768,0.555,34,glass,0.1,6.6875,1,
9.9,-0.5,0.9,35.882,0.404,5,glass,0.1,6.8197,1,
9.9,-0.30000000000000004,-0.30000000000000004,35.068,0.72,164,rubber,0.9,5.8759,1,
9.9,-0.1,-0.30000000000000004,36.018,0.664,149,rubber,0.9,6.9774,1,
9.9,0.1,-0.30000000000000004,36.465,0.625,168,rubber,0.9,7.4957,1,
9.9,0.30000000000000004,-0.30000000000000004,36.615,0.779,192,rubber,0.9,7.6696,1,
9.9,0.5,-0.30000000000000004,36.662,0.804,173,rubber,0.9,7.7241,1,
9.9,0.7000000000000001,-0.30000000000000004,35.657,0.946,200,concrete,0.65,6.5588,1,
9.9,0.9,-0.30000000000000004,34.973,0.67,178,concrete,0.65,5.7658,1,
9.9,1.1,-0.30000000000000004,35.057,0.497,190,concrete,0.65,5.8632,1,
9.9,1.3,-0.30000000000000004,35.023,0.31,179,concrete,0.65,5.8238,1,
9.9,1.5,-0.30000000000000004,35.01,0.287,150,concrete,0.65,5.8087,1,
9.9,1.7000000000000002,-0.30000000000000004,35.047,0.376,131,concrete,0.65,5.8516,1,
9.9,1.7000000000000002,-0.1,34.835,0.534,456,concrete,0.65,5.6058,1,
9.9,1.7000000000000002,0.1,34.726,0.502,242,painted_metal,0.65,5.4794,1,
9.9,1.7000000000000002,0.30000000000000004,34.916,0.387,208,paint,0.6,5.6997,1,
9.9,1.7000000000000002,0.5,35.34,0.336,198,paint,0.6,6.1913,1,
9.9,1.7000000000000002,0.7000000000000001,35.639,0.276,188,painted_metal,0.65,6.538,1,
9.9,1.7000000000000002,0.9,35.87,0.353,136,paint,0.6,6.8058,1,
9.9,1.7000000000000002,1.1,36.245,0.477,190,paint,0.6,7.2406,1,
9.9,1.7000000000000002,1.3,37.454,0.833,292,paint,0.6,8.6423,0,solar_possible
9.9,1.7000000000000002,1.5,38.079,0.977,212,paint,0.6,9.367,0,solar_possible
9.9,1.7000000000000002,1.7000000000000002,39.124,0.225,6,glass,0.1,10.5786,0,solar_suspected
10.100000000000001,-0.7000000000000001,-0.30000000000000004,34.405,0.19,2,rubber,0.9,5.1072,1,
10.100000000000001,-0.7000000000000001,-0.1,35.161,0.312,44,rubber,0.9,5.9838,1,
10.100000000000001,-0.7000000000000001,0.1,34.806,0.31,53,glass,0.1,5.5722,1,
10.100000000000001,-0.7000000000000001,0.30000000000000004,34.811,0.393,72,glass,0.1,5.578,1,
10.100000000000001,-0.7000000000000001,0.5,35.279,0.48,80,glass,0.1,6.1206,1,
10.100000000000001,-0.7000000000000001,0.7000000000000001,35.534,0.538,68,glass,0.1,6.4162,1,
10.100000000000001,-0.7000000000000001,0.9,35.815,0.392,34,glass,0.1,6.742,1,
10.100000000000001,-0.7000000000000001,1.1,36.474,0.855,5,paint,0.6,7.5061,1,
10.100000000000001,-0.7000000000000001,1.5,38.07,0.177,5,paint,0.6,9.3565,0,solar_possible
10.100000000000001,-0.5,-0.30000000000000004,35.235,0.545,271,concrete,0.65,6.0696,1,
10.100000000000001,-0.5,-0.1,34.938,0.678,375,concrete,0.65,5.7252,1,
10.100000000000001,-0.5,0.1,34.985,0.324,157,glass,0.1,5.7797,1,
10.100000000000001,-0.5,0.30000000000000004,35.645,0.48,109,glass,0.1,6.5449,1,
10.100000000000001,-0.5,0.5,36.08,0.502,88,glass,0.1,7.0493,1,
10.100000000000001,-0.5,0.7000000000000001,35.956,0.573,102,glass,0.1,6.9055,1,
10.100000000000001,-0.5,0.9,35.877,0.381,37,glass,0.1,6.8139,1,
10.100000000000001,-0.30000000000000004,-0.30000000000000004,35.301,0.701,197,rubber,0.9,6.1461,1,
10.100000000000001,-0.1,-0.30000000000000004,36.009,0.81,197,concrete,0.65,6.967,1,
10.100000000000001,0.1,-0.30000000000000004,36.231,0.803,174,concrete,0.65,7.2243,1,
10.100000000000001,0.30000000000000004,-0.30000000000000004,36.327,0.772,165,concrete,0.65,7.3357,1,
10.100000000000001,0.5,-0.30000000000000004,36.112,0.841,187,concrete,0.65,7.0864,1,
10.100000000000001,0.7000000000000001,-0.30000000000000004,35.776,0.95,164,concrete,0.65,6.6968,1,
10.100000000000001,0.9,-0.30000000000000004,35.072,0.677,196,concrete,0.65,5.8806,1,
10.100000000000001,1.1,-0.30000000000000004,35.092,0.486,160,concrete,0.65,5.9038,1,
10.100000000000001,1.3,-0.30000000000000004,34.981,0.319,163,concrete,0.65,5.7751,1,
10.100000000000001,1.5,-0.30000000000000004,34.967,0.222,192,concrete,0.65,5.7588,1,
10.100000000000001,1.7000000000000002,-0.30000000000000004,35.011,0.321,102,concrete,0.65,5.8099,1,
10.100000000000001,1.7000000000000002,-0.1,34.753,0.548,362,concrete,0.65,5.5107,1,
10.100000000000001,1.7000000000000002,0.1,34.68,0.459,193,paint,0.6,5.4261,1,
10.100000000000001,1.7000000000000002,0.30000000000000004,34.869,0.327,168,paint,0.6,5.6452,1,
10.100000000000001,1.7000000000000002,0.5,35.289,0.271,166,paint,0.6,6.1322,1,
10.100000000000001,1.7000000000000002,0.7000000000000001,35.598,0.326,183,painted_metal,0.65,6.4904,1,
10.100000000000001,1.7000000000000002,0.9,35.89,0.425,128,paint,0.6,6.829,1,
10.100000000000001,1.7000000000000002,1.1,36.067,0.038,3,paint,0.6,7.0342,1,
10.100000000000001,1.7000000000000002,1.3,36.597,0.368,2,paint,0.6,7.6487,1,
10.100000000000001,1.7000000000000002,1.5,38.82,0.0,1,steel_oxidized,0.8,10.2261,0,implausible
10.3,-0.7000000000000001,-0.1,35.0,0.277,9,glass,0.1,5.7971,1,
10.3,-0.7000000000000001,0.1,34.703,0.263,19,glass,0.1,5.4528,1,
10.3,-0.7000000000000001,0.30000000000000004,34.713,0.364,27,painted_metal,0.65,5.4643,1,
10.3,-0.7000000000000001,0.5,35.098,0.611,37,glass,0.1,5.9107,1,
10.3,-0.7000000000000001,0.7000000000000001,35.529,0.404,16,glass,0.1,6.4104,1,
10.3,-0.7000000000000001,0.9,35.508,0.397,13,glass,0.1,6.3861,1,
10.3,-0.7000000000000001,1.1,35.859,0.658,2,paint,0.6,6.793,1,
10.3,-0.7000000000000001,1.3,35.714,0.706,2,paint,0.6,6.6249,1,
10.3,-0.7000000000000001,1.5,35.28,0.543,2,paint,0.6,6.1217,1,
10.3,-0.5,-0.30000000000000004,35.212,0.533,151,concrete,0.65,6.0429,1,
10.3,-0.5,-0.1,34.958,0.411,261,concrete,0.65,5.7484,1,
10.3,-0.5,0.1,34.859,0.364,116,glass,0.1,5.6336,1,
10.3,-0.5,0.30000000000000004,35.138,0.65,44,glass,0.1,5.9571,1,
10.3,-0.5,0.5,35.905,0.603,52,glass,0.1,6.8464,1,
10.3,-0.5,0.7000000000000001,35.894,0.534,36,glass,0.1,6.8336,1,
10.3,-0.5,0.9,35.875,0.33,45,glass,0.1,6.8116,1,
10.3,-0.30000000000000004,-0.30000000000000004,35.204,0.731,161,concrete,0.65,6.0336,1,
10.3,-0.1,-0.30000000000000004,35.853,0.937,141,concrete,0.65,6.7861,1,
10.3,0.1,-0.30000000000000004,36.282,0.947,161,concrete,0.65,7.2835,1,
10.3,0.30000000000000004,-0.30000000000000004,36.611,0.941,169,concrete,0.65,7.6649,1,
10.3,0.5,-0.30000000000000004,36.487,0.845,180,concrete,0.65,7.5212,1,
10.3,0.7000000000000001,-0.30000000000000004,35.952,0.832,147,concrete,0.65,6.9009,1,
10.3,0.9,-0.30000000000000004,35.056,0.657,163,concrete,0.65,5.862,1,
10.3,1.1,-0.30000000000000004,34.995,0.537,152,rubber,0.9,5.7913,1,
10.3,1.3,-0.30000000000000004,34.863,0.311,155,concrete,0.65,5.6383,1,
10.3,1.5,-0.30000000000000004,34.964,0.243,128,concrete,0.65,5.7554,1,
10.3,1.5,-0.1,34.714,0.357,287,concrete,0.65,5.4655,1,
10.3,1.5,0.1,34.619,0.358,533,paint,0.6,5.3554,1,
10.3,1.5,0.30000000000000004,34.788,0.414,431,paint,0.6,5.5513,1,
10.3,1.5,0.5,35.282,0.471,409,paint,0.6,6.1241,1,
10.3,1.5,0.7000000000000001,35.809,0.406,45,painted_metal,0.65,6.7351,1,
10.3,1.7000000000000002,-0.30000000000000004,34.976,0.295,69,concrete,0.65,5.7693,1,
10.3,1.7000000000000002,-0.1,34.71,0.459,368,concrete,0.65,5.4609,1,
10.3,1.7000000000000002,0.1,34.677,0.439,552,painted_metal,0.65,5.4226,1,
10.3,1.7000000000000002,0.30000000000000004,34.846,0.328,449,paint,0.6,5.6186,1,
10.3,1.7000000000000002,0.5,35.302,0.366,387,painted_metal,0.65,6.1472,1,
10.3,1.7000000000000002,0.7000000000000001,35.705,0.35,124,painted_metal,0.65,6.6145,1,
10.3,1.7000000000000002,0.9,35.992,0.484,122,paint,0.6,6.9472,1,
10.3,1.7000000000000002,1.3,37.331,0.0,1,paint,0.6,8.4997,0,solar_possible
10.3,1.7000000000000002,1.5,37.491,0.107,2,paint,0.6,8.6852,0,solar_possible
10.3,2.3000000000000003,1.7000000000000002,37.649,0.0,1,glass,0.1,8.8684,0,solar_suspected
10.5,-0.7000000000000001,-0.30000000000000004,35.26,0.305,37,concrete,0.65,6.0986,1,
10.5,-0.7000000000000001,-0.1,34.67,0.619,153,concrete,0.65,5.4145,1,
10.5,-0.7000000000000001,0.1,34.859,0.366,79,glass,0.1,5.6336,1,
10.5,-0.7000000000000001,0.30000000000000004,35.196,0.592,74,glass,0.1,6.0243,1,
10.5,-0.7000000000000001,0.5,35.609,0.649,93,glass,0.1,6.5032,1,
10.5,-0.7000000000000001,0.7000000000000001,35.884,0.644,57,glass,0.1,6.822,1,
10.5,-0.7000000000000001,0.9,35.954,0.319,14,glass,0.1,6.9032,1,
10.5,-0.7000000000000001,1.1,36.05,0.0,1,paint,0.6,7.0145,1,
10.5,-0.7000000000000001,1.5,38.164,0.0,1,glass,0.1,9.4655,0,solar_suspected
10.5,-0.5,-0.30000000000000004,35.249,0.546,100,concrete,0.65,6.0858,1,
10.5,-0.5,-0.1,34.896,0.399,578,concrete,0.65,5.6765,1,
10.5,-0.5,0.1,34.833,0.41,1100,glass,0.1,5.6035,1,
10.5,-0.5,0.30000000000000004,35.094,0.661,954,glass,0.1,5.9061,1,
10.5,-0.5,0.5,35.536,0.712,873,glass,0.1,6.4186,1,
10.5,-0.5,0.7000000000000001,35.847,0.636,118,glass,0.1,6.7791,1,
10.5,-0.5,0.9,35.957,0.406,47,glass,0.1,6.9067,1,
10.5,-0.30000000000000004,-0.30000000000000004,35.35,0.769,98,concrete,0.65,6.2029,1,
10.5,-0.1,-0.30000000000000004,36.168,0.805,132,concrete,0.65,7.1513,1,
10.5,0.1,-0.30000000000000004,36.432,0.661,129,rubber,0.9,7.4574,1,
10.5,0.30000000000000004,-0.30000000000000004,36.586,0.757,131,concrete,0.65,7.6359,1,
10.5,0.5,-0.30000000000000004,36.614,0.763,119,concrete,0.65,7.6684,1,
10.5,0.7000000000000001,-0.30000000000000004,36.064,0.819,110,concrete,0.65,7.0307,1,
10.5,0.9,-0.30000000000000004,34.854,0.655,147,concrete,0.65,5.6278,1,
10.5,1.1,-0.30000000000000004,34.932,0.481,181,concrete,0.65,5.7183,1,
10.5,1.3,-0.30000000000000004,34.9,0.351,189,concrete,0.65,5.6812,1,
10.5,1.5,-0.30000000000000004,34.868,0.249,130,concrete,0.65,5.6441,1,
10.5,1.5,-0.1,34.675,0.384,195,concrete,0.65,5.4203,1,
10.5,1.5,0.1,34.578,0.395,341,paint,0.6,5.3078,1,
10.5,1.5,0.30000000000000004,34.797,0.403,288,paint,0.6,5.5617,1,
10.5,1.5,0.5,35.273,0.485,263,paint,0.6,6.1136,1,
10.5,1.5,0.7000000000000001,35.641,0.498,68,paint,0.6,6.5403,1,
10.5,1.7000000000000002,-0.30000000000000004,34.94,0.328,179,concrete,0.65,5.7275,1,
10.5,1.7000000000000002,-0.1,34.714,0.436,456,concrete,0.65,5.4655,1,
10.5,1.7000000000000002,0.1,34.632,0.309,99,paint,0.6,5.3704,1,
10.5,1.7000000000000002,0.30000000000000004,34.794,0.23,99,paint,0.6,5.5583,1,
10.5,1.7000000000000002,0.5,35.219,0.3,83,paint,0.6,6.051,1,
10.5,1.7000000000000002,0.7000000000000001,35.819,0.403,211,painted_metal,0.65,6.7467,1,
10.5,1.7000000000000002,0.9,36.017,0.536,130,paint,0.6,6.9762,1,
10.5,1.7000000000000002,1.1,36.285,0.575,8,paint,0.6,7.287,1,
10.5,1.7000000000000002,1.3,37.301,1.138,4,paint,0.6,8.4649,0,solar_possible
10.5,1.7000000000000002,1.5,38.002,0.106,2,paint,0.6,9.2777,0,solar_possible
10.5,1.7000000000000002,1.7000000000000002,37.683,0.0,1,paint,0.6,8.9078,0,solar_possible
10.700000000000001,-0.7000000000000001,-0.30000000000000004,35.322,0.372,98,concrete,0.65,6.1704,1,
10.700000000000001,-0.7000000000000001,-0.1,34.92,0.486,176,concrete,0.65,5.7043,1,
10.700000000000001,-0.7000000000000001,0.1,34.773,0.0,1,glass,0.1,5.5339,1,
10.700000000000001,-0.7000000000000001,0.30000000000000004,35.68,0.276,3,glass,0.1,6.5855,1,
10.700000000000001,-0.7000000000000001,0.5,36.032,0.542,2,glass,0.1,6.9936,1,
10.700000000000001,-0.7000000000000001,0.7000000000000001,35.921,0.547,72,glass,0.1,6.8649,1,
10.700000000000001,-0.7000000000000001,0.9,35.888,0.278,33,glass,0.1,6.8267,1,
10.700000000000001,-0.7000000000000001,1.1,35.96,0.484,196,glass,0.1,6.9101,1,
10.700000000000001,-0.7000000000000001,1.3,36.558,1.104,199,paint,0.6,7.6035,1,
10.700000000000001,-0.7000000000000001,1.5,36.966,1.36,158,paint,0.6,8.0765,0,solar_possible
10.700000000000001,-0.7000000000000001,1.7000000000000002,37.04,1.539,49,paint,0.6,8.1623,0,solar_possible
10.700000000000001,-0.5,-0.30000000000000004,35.187,0.532,129,concrete,0.65,6.0139,1,
10.700000000000001,-0.5,-0.1,34.837,0.329,156,concrete,0.65,5.6081,1,
10.700000000000001,-0.5,0.1,34.807,0.554,171,glass,0.1,5.5733,1,
10.700000000000001,-0.5,0.30000000000000004,35.235,0.785,131,glass,0.1,6.0696,1,
10.700000000000001,-0.5,0.5,35.76,0.796,146,glass,0.1,6.6783,1,
10.700000000000001,-0.5,0.7000000000000001,35.887,0.66,67,glass,0.1,6.8255,1,
10.700000000000001,-0.5,0.9,35.799,0.465,77,glass,0.1,6.7235,1,
10.700000000000001,-0.5,1.1,35.959,0.522,24,paint,0.6,6.909,1,
10.700000000000001,-0.5,1.3,35.689,0.915,9,paint,0.6,6.5959,1,
10.700000000000001,-0.5,1.5,37.698,0.382,2,paint,0.6,8.9252,0,solar_possible
10.700000000000001,-0.5,1.7000000000000002,38.081,0.0,1,paint,0.6,9.3693,0,solar_possible
10.700000000000001,-0.30000000000000004,-0.30000000000000004,35.215,0.707,148,concrete,0.65,6.0464,1,
10.700000000000001,-0.1,-0.30000000000000004,35.91,0.76,128,rubber,0.9,6.8522,1,
10.700000000000001,0.1,-0.30000000000000004,36.318,0.792,118,concrete,0.65,7.3252,1,
10.700000000000001,0.30000000000000004,-0.30000000000000004,36.432,0.814,140,concrete,0.65,7.4574,1,
10.700000000000001,0.5,-0.30000000000000004,36.317,0.912,146,concrete,0.65,7.3241,1,
10.700000000000001,0.7000000000000001,-0.30000000000000004,35.681,0.927,171,concrete,0.65,6.5867,1,
10.700000000000001,0.9,-0.30000000000000004,35.118,0.674,183,concrete,0.65,5.9339,1,
10.700000000000001,1.1,-0.30000000000000004,35.015,0.584,151,concrete,0.65,5.8145,1,
10.700000000000001,1.3,-0.30000000000000004,34.891,0.362,158,concrete,0.65,5.6707,1,
10.700000000000001,1.5,-0.30000000000000004,34.876,0.219,158,concrete,0.65,5.6533,1,
10.700000000000001,1.5,-0.1,34.629,0.331,181,concrete,0.65,5.367,1,
10.700000000000001,1.5,0.1,34.489,0.244,259,paint,0.6,5.2046,1,
10.700000000000001,1.5,0.30000000000000004,34.775,0.409,207,paint,0.6,5.5362,1,
10.700000000000001,1.5,0.5,35.305,0.471,223,paint,0.6,6.1507,1,
10.700000000000001,1.5,0.7000000000000001,35.636,0.577,54,paint,0.6,6.5345,1,
10.700000000000001,1.7000000000000002,-0.30000000000000004,34.921,0.252,224,concrete,0.65,5.7055,1,
10.700000000000001,1.7000000000000002,-0.1,34.752,0.379,387,concrete,0.65,5.5096,1,
10.700000000000001,1.7000000000000002,0.7000000000000001,35.817,0.525,177,painted_metal,0.65,6.7443,1,
10.700000000000001,1.7000000000000002,0.9,36.009,0.59,139,paint,0.6,6.967,1,
10.700000000000001,1.7000000000000002,1.1,36.183,0.51,203,paint,0.6,7.1687,1,
10.700000000000001,1.7000000000000002,1.3,36.856,0.819,177,paint,0.6,7.949,1,
10.700000000000001,1.7000000000000002,1.5,37.453,0.961,163,paint,0.6,8.6412,0,solar_possible
10.700000000000001,1.7000000000000002,1.7000000000000002,37.873,1.0,79,paint,0.6,9.1281,0,solar_possible
10.700000000000001,2.3000000000000003,1.7000000000000002,35.564,0.0,1,glass,0.1,6.451,1,
10.9,-0.7000000000000001,-0.30000000000000004,35.253,0.406,103,concrete,0.65,6.0904,1,
10.9,-0.7000000000000001,-0.1,35.035,0.379,149,concrete,0.65,5.8377,1,
10.9,-0.7000000000000001,0.7000000000000001,35.978,0.547,66,glass,0.1,6.931,1,
10.9,-0.7000000000000001,0.9,35.727,0.227,3,glass,0.1,6.64,1,
10.9,-0.7000000000000001,1.1,35.697,0.229,16,paint,0.6,6.6052,1,
10.9,-0.7000000000000001,1.3,36.405,0.893,35,paint,0.6,7.4261,1,
10.9,-0.7000000000000001,1.5,36.648,1.386,10,paint,0.6,7.7078,1,
10.9,-0.7000000000000001,1.7000000000000002,37.633,0.843,6,paint,0.6,8.8499,0,solar_possible
10.9,-0.5,-0.30000000000000004,35.25,0.459,209,concrete,0.65,6.087,1,
10.9,-0.5,-0.1,34.858,0.333,171,concrete,0.65,5.6325,1,
10.9,-0.5,0.1,34.78,0.61,155,glass,0.1,5.542,1,
10.9,-0.5,0.30000000000000004,35.186,0.769,128,glass,0.1,6.0128,1,
10.9,-0.5,0.5,35.656,0.808,124,glass,0.1,6.5577,1,
10.9,-0.5,0.7000000000000001,35.998,0.609,54,glass,0.1,6.9542,1,
10.9,-0.5,0.9,35.847,0.47,70,glass,0.1,6.7791,1,
10.9,-0.5,1.1,36.151,0.648,2,paint,0.6,7.1316,1,
10.9,-0.5,1.7000000000000002,38.136,0.0,1,paint,0.6,9.433,0,solar_possible
10.9,-0.30000000000000004,-0.30000000000000004,35.232,0.712,184,concrete,0.65,6.0661,1,
10.9,-0.1,-0.30000000000000004,36.03,0.941,187,concrete,0.65,6.9913,1,
10.9,0.1,-0.30000000000000004,36.382,0.975,200,concrete,0.65,7.3994,1,
10.9,0.30000000000000004,-0.30000000000000004,36.619,0.911,171,concrete,0.65,7.6742,1,
10.9,0.5,-0.30000000000000004,36.64,0.884,175,concrete,0.65,7.6986,1,
10.9,0.7000000000000001,-0.30000000000000004,36.233,0.815,163,concrete,0.65,7.2267,1,
10.9,0.9,-0.30000000000000004,35.171,0.725,141,concrete,0.65,5.9954,1,
10.9,1.1,-0.30000000000000004,34.965,0.48,183,concrete,0.65,5.7565,1,
10.9,1.3,-0.30000000000000004,34.857,0.406,140,concrete,0.65,5.6313,1,
10.9,1.5,-0.30000000000000004,34.853,0.262,149,concrete,0.65,5.6267,1,
10.9,1.5,-0.1,34.593,0.303,199,concrete,0.65,5.3252,1,
10.9,1.5,0.1,34.49,0.374,276,paint,0.6,5.2058,1,
10.9,1.5,0.30000000000000004,34.739,0.405,239,paint,0.6,5.4945,1,
10.9,1.5,0.5,35.322,0.495,218,paint,0.6,6.1704,1,
10.9,1.5,0.7000000000000001,35.488,0.472,42,paint,0.6,6.3629,1,
10.9,1.7000000000000002,-0.30000000000000004,34.874,0.264,219,concrete,0.65,5.651,1,
10.9,1.7000000000000002,-0.1,34.766,0.381,378,concrete,0.65,5.5258,1,
10.9,1.7000000000000002,0.7000000000000001,35.839,0.535,145,paint,0.6,6.7699,1,
10.9,1.7000000000000002,0.9,36.028,0.541,114,paint,0.6,6.989,1,
10.9,1.7000000000000002,1.1,35.986,0.379,36,paint,0.6,6.9403,1,
10.9,1.7000000000000002,1.3,36.722,0.747,41,paint,0.6,7.7936,1,
10.9,1.7000000000000002,1.5,37.396,0.95,56,paint,0.6,8.5751,0,solar_possible
10.9,1.7000000000000002,1.7000000000000002,37.715,0.849,25,paint,0.6,8.9449,0,solar_possible
10.9,2.3000000000000003,1.7000000000000002,37.132,0.278,2,painted_metal,0.65,8.269,0,solar_suspected
11.100000000000001,-1.1,1.7000000000000002,37.098,0.0,1,painted_metal,0.65,8.2296,0,solar_suspected
11.100000000000001,-0.7000000000000001,-0.30000000000000004,35.24,0.467,111,concrete,0.65,6.0754,1,
11.100000000000001,-0.7000000000000001,-0.1,35.151,0.354,125,concrete,0.65,5.9722,1,
11.100000000000001,-0.7000000000000001,0.7000000000000001,35.668,0.635,61,glass,0.1,6.5716,1,
11.100000000000001,-0.7000000000000001,0.9,35.6,0.145,2,glass,0.1,6.4928,1,
11.100000000000001,-0.7000000000000001,1.1,35.928,0.0,1,paint,0.6,6.873,1,
11.100000000000001,-0.7000000000000001,1.3,36.697,0.921,4,paint,0.6,7.7646,1,
11.100000000000001,-0.7000000000000001,1.7000000000000002,36.468,1.563,3,paint,0.6,7.4991,1,
11.100000000000001,-0.5,-0.30000000000000004,35.245,0.456,196,concrete,0.65,6.0812,1,
11.100000000000001,-0.5,-0.1,34.744,0.478,211,concrete,0.65,5.5003,1,
11.100000000000001,-0.5,0.1,34.692,0.601,144,glass,0.1,5.44,1,
11.100000000000001,-0.5,0.30000000000000004,34.927,0.798,126,glass,0.1,5.7125,1,
11.100000000000001,-0.5,0.5,35.579,0.805,121,glass,0.1,6.4684,1,
11.100000000000001,-0.5,0.7000000000000001,35.938,0.631,58,glass,0.1,6.8846,1,
11.100000000000001,-0.5,0.9,35.863,0.499,69,glass,0.1,6.7977,1,
11.100000000000001,-0.5,1.7000000000000002,34.497,0.0,1,paint,0.6,5.2139,1,
11.100000000000001,-0.30000000000000004,-0.30000000000000004,35.452,0.662,184,concrete,0.65,6.3212,1,
11.100000000000001,-0.1,-0.30000000000000004,35.884,0.812,156,concrete,0.65,6.822,1,
11.100000000000001,0.1,-0.30000000000000004,36.181,0.876,162,concrete,0.65,7.1664,1,
11.100000000000001,0.30000000000000004,-0.30000000000000004,36.237,0.82,184,concrete,0.65,7.2313,1,
11.100000000000001,0.5,-0.30000000000000004,36.267,0.818,195,concrete,0.65,7.2661,1,
11.100000000000001,0.7000000000000001,-0.30000000000000004,35.824,0.817,208,concrete,0.65,6.7525,1,
11.100000000000001,0.9,-0.30000000000000004,35.223,0.638,174,concrete,0.65,6.0557,1,
11.100000000000001,1.1,-0.30000000000000004,34.725,0.501,139,concrete,0.65,5.4783,1,
11.100000000000001,1.3,-0.30000000000000004,34.793,0.452,186,concrete,0.65,5.5571,1,
11.100000000000001,1.5,-0.30000000000000004,34.833,0.244,182,concrete,0.65,5.6035,1,
11.100000000000001,1.5,-0.1,34.592,0.315,68,concrete,0.65,5.3241,1,
11.100000000000001,1.5,0.1,34.507,0.414,86,paint,0.6,5.2255,1,
11.100000000000001,1.5,0.30000000000000004,34.687,0.553,93,paint,0.6,5.4342,1,
11.100000000000001,1.5,0.5,35.215,0.527,147,paint,0.6,6.0464,1,
11.100000000000001,1.5,0.7000000000000001,35.523,0.561,28,paint,0.6,6.4035,1,
11.100000000000001,1.7000000000000002,-0.30000000000000004,34.87,0.254,407,concrete,0.65,5.6464,1,
11.100000000000001,1.7000000000000002,-0.1,34.7,0.318,558,concrete,0.65,5.4493,1,
11.100000000000001,1.7000000000000002,0.7000000000000001,35.737,0.568,152,paint,0.6,6.6516,1,
11.100000000000001,1.7000000000000002,0.9,35.858,0.422,125,paint,0.6,6.7919,1,
11.100000000000001,1.7000000000000002,1.1,36.236,0.402,6,paint,0.6,7.2301,1,
11.100000000000001,1.7000000000000002,1.3,36.931,0.792,14,paint,0.6,8.0359,0,solar_possible
11.100000000000001,1.7000000000000002,1.5,36.677,1.007,5,paint,0.6,7.7414,1,
11.100000000000001,1.7000000000000002,1.7000000000000002,37.475,1.135,28,paint,0.6,8.6667,0,solar_possible
11.100000000000001,1.9000000000000001,1.1,36.294,0.295,10,paint,0.6,7.2974,1,
11.100000000000001,1.9000000000000001,1.3,36.93,0.851,13,paint,0.6,8.0348,0,solar_possible
11.100000000000001,1.9000000000000001,1.5,37.802,0.697,6,paint,0.6,9.0458,0,solar_possible
11.100000000000001,1.9000000000000001,1.7000000000000002,39.066,0.132,2,paint,0.6,10.5113,0,solar_possible
11.100000000000001,2.3000000000000003,1.7000000000000002,36.973,0.0,2,glass,0.1,8.0846,0,solar_suspected
11.100000000000001,2.5,1.5,36.475,0.546,34,glass,0.1,7.5072,1,
11.100000000000001,2.5,1.7000000000000002,37.225,0.563,213,glass,0.1,8.3768,0,solar_suspected
11.100000000000001,2.5,1.9000000000000001,38.471,0.805,34,glass,0.1,9.8214,0,solar_suspected
11.100000000000001,2.7,1.7000000000000002,37.507,0.344,12,glass,0.1,8.7038,0,solar_suspected
11.3,-1.1,1.5,36.224,0.27,3,painted_metal,0.65,7.2162,1,
11.3,-1.1,1.7000000000000002,36.382,0.304,11,painted_metal,0.65,7.3994,1,
11.3,-0.7000000000000001,-0.30000000000000004,35.058,0.461,80,rubber,0.9,5.8643,1,
11.3,-0.7000000000000001,-0.1,35.051,0.361,73,concrete,0.65,5.8562,1,
11.3,-0.7000000000000001,0.7000000000000001,35.633,0.619,65,glass,0.1,6.531,1,
11.3,-0.7000000000000001,0.9,35.608,0.265,2,painted_metal,0.65,6.502,1,
11.3,-0.7000000000000001,1.1,35.775,0.419,7,glass,0.1,6.6957,1,
11.3,-0.7000000000000001,1.3,36.272,0.738,4,paint,0.6,7.2719,1,
11.3,-0.7000000000000001,1.5,38.14,0.0,1,paint,0.6,9.4377,0,solar_possible
11.3,-0.7000000000000001,1.7000000000000002,36.764,1.524,14,paint,0.6,7.8423,1,
11.3,-0.5,-0.30000000000000004,35.152,0.473,474,concrete,0.65,5.9733,1,
11.3,-0.5,-0.1,34.988,0.423,402,concrete,0.65,5.7832,1,
11.3,-0.5,0.1,35.237,0.145,2,paint,0.6,6.0719,1,
11.3,-0.5,0.30000000000000004,36.046,0.0,1,glass,0.1,7.0099,1,
11.3,-0.5,0.5,36.43,0.042,2,glass,0.1,7.4551,1,
11.3,-0.5,0.7000000000000001,35.841,0.678,115,glass,0.1,6.7722,1,
11.3,-0.5,0.9,35.948,0.55,61,glass,0.1,6.8962,1,
11.3,-0.5,1.7000000000000002,36.455,1.612,9,paint,0.6,7.4841,1,
11.3,-0.30000000000000004,-0.30000000000000004,35.207,0.678,141,concrete,0.65,6.0371,1,
11.3,-0.1,-0.30000000000000004,35.807,0.818,147,concrete,0.65,6.7328,1,
11.3,0.1,-0.30000000000000004,36.247,0.898,173,concrete,0.65,7.2429,1,
11.3,0.30000000000000004,-0.30000000000000004,36.395,0.853,176,concrete,0.65,7.4145,1,
11.3,0.5,-0.30000000000000004,36.497,0.855,176,concrete,0.65,7.5328,1,
11.3,0.7000000000000001,-0.30000000000000004,36.243,0.921,164,concrete,0.65,7.2383,1,
11.3,0.9,-0.30000000000000004,35.253,0.688,220,concrete,0.65,6.0904,1,
11.3,1.1,-0.30000000000000004,34.917,0.561,242,concrete,0.65,5.7009,1,
11.3,1.3,-0.30000000000000004,34.785,0.54,237,concrete,0.65,5.5478,1,
11.3,1.5,-0.30000000000000004,34.739,0.339,217,concrete,0.65,5.4945,1,
11.3,1.5,-0.1,34.732,0.047,2,rubber,0.9,5.4864,1,
11.3,1.5,0.30000000000000004,34.847,0.027,2,paint,0.6,5.6197,1,
11.3,1.5,0.5,35.012,0.105,3,paint,0.6,5.811,1,
11.3,1.5,0.7000000000000001,35.509,0.237,4,glass,0.1,6.3872,1,
11.3,1.7000000000000002,-0.30000000000000004,34.835,0.263,249,concrete,0.65,5.6058,1,
11.3,1.7000000000000002,-0.1,34.712,0.294,543,concrete,0.65,5.4632,1,
11.3,1.7000000000000002,0.1,34.362,0.13,5,paint,0.6,5.0574,1,
11.3,1.7000000000000002,0.30000000000000004,34.746,0.242,4,paint,0.6,5.5026,1,
11.3,1.7000000000000002,0.5,35.644,0.32,5,fabric,0.6,6.5438,1,
11.3,1.7000000000000002,0.7000000000000001,35.667,0.505,218,paint,0.6,6.5704,1,
11.3,1.7000000000000002,0.9,35.856,0.377,122,paint,0.6,6.7896,1,
11.3,1.7000000000000002,1.1,36.172,0.459,23,paint,0.6,7.1559,1,
11.3,1.7000000000000002,1.3,36.557,0.894,7,paint,0.6,7.6023,1,
11.3,1.7000000000000002,1.5,36.922,1.051,22,paint,0.6,8.0255,0,solar_possible
11.3,1.7000000000000002,1.7000000000000002,37.663,0.902,32,paint,0.6,8.8846,0,solar_possible
11.3,1.7000000000000002,1.9000000000000001,38.239,0.276,3,paint,0.6,9.5525,0,solar_possible
11.3,1.9000000000000001,1.1,36.084,0.499,6,paint,0.6,7.0539,1,
11.3,1.9000000000000001,1.3,36.848,0.712,12,paint,0.6,7.9397,1,
11.3,1.9000000000000001,1.5,37.494,0.884,24,paint,0.6,8.6887,0,solar_possible
11.3,1.9000000000000001,1.7000000000000002,38.963,0.0,1,paint,0.6,10.3919,0,solar_possible
11.5,-1.1,1.7000000000000002,36.522,0.337,2,painted_metal,0.65,7.5617,1,
11.5,-0.9,1.3,36.104,0.604,56,paint,0.6,7.0771,1,
11.5,-0.9,1.5,36.621,0.754,26,glass,0.1,7.6765,1,
11.5,-0.9,1.7000000000000002,37.064,0.952,25,glass,0.1,8.1901,0,solar_suspected
11.5,-0.7000000000000001,0.9,35.978,0.107,10,glass,0.1,6.931,1,
11.5,-0.7000000000000001,1.1,35.963,0.449,128,glass,0.1,6.9136,1,
11.5,-0.7000000000000001,1.3,36.34,0.752,144,paint,0.6,7.3507,1,
11.5,-0.7000000000000001,1.5,36.7,1.202,120,paint,0.6,7.7681,1,
11.5,-0.7000000000000001,1.7000000000000002,36.901,1.342,60,paint,0.6,8.0012,0,solar_possible
11.5,-0.5,-0.30000000000000004,35.194,0.49,264,concrete,0.65,6.022,1,
11.5,-0.5,-0.1,34.972,0.401,195,concrete,0.65,5.7646,1,
11.5,-0.5,0.1,34.744,0.0,1,glass,0.1,5.5003,1,
11.5,-0.5,0.30000000000000004,35.919,0.186,4,paint,0.6,6.8626,1,
11.5,-0.5,0.5,35.875,0.241,2,paint,0.6,6.8116,1,
11.5,-0.5,0.7000000000000001,35.975,0.638,62,glass,0.1,6.9275,1,
11.5,-0.5,0.9,35.886,0.552,111,glass,0.1,6.8243,1,
11.5,-0.5,1.1,36.022,0.473,118,glass,0.1,6.982,1,
11.5,-0.5,1.3,36.209,0.838,87,paint,0.6,7.1988,1,
11.5,-0.5,1.5,36.546,1.042,103,paint,0.6,7.5896,1,
11.5,-0.5,1.7000000000000002,36.233,1.235,43,paint,0.6,7.2267,1,
11.5,-0.30000000000000004,-0.30000000000000004,35.243,0.683,190,concrete,0.65,6.0788,1,
11.5,-0.1,-0.30000000000000004,35.88,0.923,168,concrete,0.65,6.8174,1,
11.5,0.1,-0.30000000000000004,36.05,1.144,158,concrete,0.65,7.0145,1,
11.5,0.30000000000000004,-0.30000000000000004,36.459,0.838,169,concrete,0.65,7.4887,1,
11.5,0.5,-0.30000000000000004,36.601,0.796,193,concrete,0.65,7.6533,1,
11.5,0.7000000000000001,-0.30000000000000004,36.32,0.84,174,concrete,0.65,7.3275,1,
11.5,0.9,-0.30000000000000004,35.55,0.867,167,concrete,0.65,6.4348,1,
11.5,1.1,-0.30000000000000004,34.898,0.592,147,concrete,0.65,5.6788,1,
11.5,1.3,-0.30000000000000004,34.909,0.454,186,concrete,0.65,5.6916,1,
11.5,1.5,-0.30000000000000004,34.819,0.316,143,concrete,0.65,5.5872,1,
11.5,1.7000000000000002,-0.30000000000000004,34.783,0.247,175,concrete,0.65,5.5455,1,
11.5,1.7000000000000002,-0.1,34.53,0.259,472,concrete,0.65,5.2522,1,
11.5,1.7000000000000002,0.1,34.322,0.208,113,paint,0.6,5.011,1,
11.5,1.7000000000000002,0.30000000000000004,34.732,0.277,75,paint,0.6,5.4864,1,
11.5,1.7000000000000002,0.5,35.365,0.398,75,paint,0.6,6.2203,1,
11.5,1.7000000000000002,0.7000000000000001,35.698,0.427,142,paint,0.6,6.6064,1,
11.5,1.7000000000000002,0.9,35.802,0.412,180,paint,0.6,6.727,1,
11.5,1.7000000000000002,1.1,36.094,0.441,358,paint,0.6,7.0655,1,
11.5,1.7000000000000002,1.3,36.678,0.775,327,paint,0.6,7.7426,1,
11.5,1.7000000000000002,1.5,37.141,1.058,312,paint,0.6,8.2794,0,solar_possible
11.5,1.7000000000000002,1.7000000000000002,37.362,1.184,124,paint,0.6,8.5357,0,solar_possible
11.5,1.7000000000000002,1.9000000000000001,36.972,1.224,6,paint,0.6,8.0835,0,solar_possible
11.5,1.9000000000000001,1.1,36.18,0.425,47,paint,0.6,7.1652,1,
11.5,1.9000000000000001,1.3,36.418,0.586,122,paint,0.6,7.4412,1,
11.5,1.9000000000000001,1.5,37.233,1.047,62,paint,0.6,8.3861,0,solar_possible
11.5,1.9000000000000001,1.7000000000000002,37.748,0.847,29,paint,0.6,8.9832,0,solar_possible
11.5,2.1,1.3,36.37,0.471,109,paint,0.6,7.3855,1,
11.5,2.1,1.5,37.058,0.579,122,paint,0.6,8.1832,0,solar_possible
11.5,2.1,1.7000000000000002,38.571,0.385,8,glass,0.1,9.9374,0,solar_suspected
11.5,2.3000000000000003,1.3,36.356,0.024,2,glass,0.1,7.3693,1,
11.5,2.3000000000000003,1.5,36.822,0.393,6,glass,0.1,7.9096,1,
11.5,2.3000000000000003,1.7000000000000002,37.257,0.0,1,steel_oxidized,0.8,8.4139,0,implausible
11.700000000000001,-1.3,1.7000000000000002,35.953,0.535,55,glass,0.1,6.902,1,
11.700000000000001,-1.1,1.7000000000000002,36.658,0.522,19,painted_metal,0.65,7.7194,1,
11.700000000000001,-1.1,1.9000000000000001,36.957,0.652,6,painted_metal,0.65,8.0661,0,solar_suspected
11.700000000000001,-0.9,1.3,35.975,0.324,2,painted_metal,0.65,6.9275,1,
11.700000000000001,-0.9,1.5,37.018,0.49,2,asphalt,0.9,8.1368,0,implausible
11.700000000000001,-0.5,-0.30000000000000004,35.037,0.433,275,concrete,0.65,5.84,1,
11.700000000000001,-0.5,-0.1,34.933,0.349,240,concrete,0.65,5.7194,1,
11.700000000000001,-0.5,0.1,34.934,0.324,49,paint,0.6,5.7206,1,
11.700000000000001,-0.5,0.30000000000000004,35.69,0.362,33,paint,0.6,6.5971,1,
11.700000000000001,-0.5,0.5,36.1,0.343,29,paint,0.6,7.0725,1,
11.700000000000001,-0.5,0.7000000000000001,36.061,0.627,104,glass,0.1,7.0272,1,
11.700000000000001,-0.5,0.9,36.007,0.589,87,glass,0.1,6.9646,1,
11.700000000000001,-0.5,1.1,35.995,0.634,53,glass,0.1,6.9507,1,
11.700000000000001,-0.5,1.3,36.112,0.847,41,paint,0.6,7.0864,1,
11.700000000000001,-0.5,1.5,35.807,0.86,28,paint,0.6,6.7328,1,
11.700000000000001,-0.5,1.7000000000000002,35.484,0.983,39,paint,0.6,6.3583,1,
11.700000000000001,-0.5,1.9000000000000001,36.119,1.41,5,paint,0.6,7.0945,1,
11.700000000000001,-0.30000000000000004,-0.30000000000000004,35.37,0.667,203,concrete,0.65,6.2261,1,
11.700000000000001,-0.1,-0.30000000000000004,35.897,0.911,194,concrete,0.65,6.8371,1,
11.700000000000001,0.1,-0.30000000000000004,36.383,0.939,171,concrete,0.65,7.4006,1,
11.700000000000001,0.30000000000000004,-0.30000000000000004,36.646,0.843,160,concrete,0.65,7.7055,1,
11.700000000000001,0.5,-0.30000000000000004,36.678,0.797,147,concrete,0.65,7.7426,1,
11.700000000000001,0.7000000000000001,-0.30000000000000004,36.369,0.924,122,concrete,0.65,7.3843,1,
11.700000000000001,0.9,-0.30000000000000004,35.59,0.753,107,concrete,0.65,6.4812,1,
11.700000000000001,1.1,-0.30000000000000004,35.116,0.491,133,concrete,0.65,5.9316,1,
11.700000000000001,1.1,1.9000000000000001,34.898,0.068,2,paint,0.6,5.6788,1,
11.700000000000001,1.3,-0.30000000000000004,34.901,0.368,127,concrete,0.65,5.6823,1,
11.700000000000001,1.3,1.9000000000000001,34.98,0.087,4,paint,0.6,5.7739,1,
11.700000000000001,1.5,-0.30000000000000004,34.767,0.34,111,concrete,0.65,5.527,1,
11.700000000000001,1.5,1.9000000000000001,34.956,0.22,11,paint,0.6,5.7461,1,
11.700000000000001,1.7000000000000002,-0.30000000000000004,34.791,0.268,137,concrete,0.65,5.5548,1,
11.700000000000001,1.7000000000000002,-0.1,34.513,0.262,509,concrete,0.65,5.2325,1,
11.700000000000001,1.7000000000000002,0.1,34.346,0.225,184,paint,0.6,5.0388,1,
11.700000000000001,1.7000000000000002,0.30000000000000004,34.729,0.274,151,paint,0.6,5.4829,1,
11.700000000000001,1.7000000000000002,0.5,35.325,0.415,146,paint,0.6,6.1739,1,
11.700000000000001,1.7000000000000002,0.7000000000000001,35.688,0.42,186,paint,0.6,6.5948,1,
11.700000000000001,1.7000000000000002,0.9,35.817,0.433,144,paint,0.6,6.7443,1,
11.700000000000001,1.7000000000000002,1.1,36.014,0.409,109,paint,0.6,6.9728,1,
11.700000000000001,1.7000000000000002,1.3,36.429,0.799,77,paint,0.6,7.4539,1,
11.700000000000001,1.7000000000000002,1.5,36.924,1.049,61,paint,0.6,8.0278,0,solar_possible
11.700000000000001,1.7000000000000002,1.7000000000000002,37.172,1.011,41,paint,0.6,8.3154,0,solar_possible
11.700000000000001,1.7000000000000002,1.9000000000000001,36.66,1.048,22,paint,0.6,7.7217,1,
11.700000000000001,1.9000000000000001,1.5,37.008,0.148,2,paint,0.6,8.1252,0,solar_possible
11.700000000000001,1.9000000000000001,1.7000000000000002,38.514,0.0,1,paint,0.6,9.8713,0,solar_possible
11.700000000000001,1.9000000000000001,1.9000000000000001,38.64,0.639,3,paint,0.6,10.0174,0,solar_possible
11.700000000000001,2.1,1.3,36.079,0.417,11,paint,0.6,7.0481,1,
11.700000000000001,2.1,1.5,36.53,0.454,13,paint,0.6,7.571,1,
11.700000000000001,2.1,1.7000000000000002,38.223,0.0,1,paint,0.6,9.5339,0,solar_possible
11.700000000000001,2.3000000000000003,1.5,36.275,0.0,1,glass,0.1,7.2754,1,
11.9,-0.5,-0.30000000000000004,35.156,0.505,166,concrete,0.65,5.978,1,
11.9,-0.5,-0.1,34.975,0.317,176,concrete,0.65,5.7681,1,
11.9,-0.5,0.1,34.999,0.246,57,paint,0.6,5.7959,1,
11.9,-0.5,0.30000000000000004,35.615,0.436,44,paint,0.6,6.5101,1,
11.9,-0.5,0.5,35.974,0.482,39,paint,0.6,6.9264,1,
11.9,-0.5,0.7000000000000001,35.979,0.625,89,glass,0.1,6.9322,1,
11.9,-0.5,0.9,35.984,0.642,112,glass,0.1,6.938,1,
11.9,-0.5,1.1,35.695,0.494,69,glass,0.1,6.6029,1,
11.9,-0.5,1.3,35.773,0.888,62,paint,0.6,6.6933,1,
11.9,-0.5,1.5,35.446,0.87,59,paint,0.6,6.3142,1,
11.9,-0.5,1.7000000000000002,35.495,0.983,20,paint,0.6,6.371,1,
11.9,-0.5,1.9000000000000001,34.412,0.534,24,paint,0.6,5.1154,1,
11.9,-0.30000000000000004,-0.30000000000000004,35.275,0.664,124,concrete,0.65,6.1159,1,
11.9,-0.30000000000000004,1.9000000000000001,34.636,0.321,25,paint,0.6,5.3751,1,
11.9,-0.1,-0.30000000000000004,36.003,0.827,124,concrete,0.65,6.96,1,
11.9,-0.1,1.9000000000000001,34.9,0.193,23,paint,0.6,5.6812,1,
11.9,0.1,-0.30000000000000004,36.325,0.895,112,concrete,0.65,7.3333,1,
11.9,0.1,1.9000000000000001,35.117,0.237,27,paint,0.6,5.9328,1,
11.9,0.30000000000000004,-0.30000000000000004,36.277,1.059,114,concrete,0.65,7.2777,1,
11.9,0.30000000000000004,1.9000000000000001,35.185,0.192,26,paint,0.6,6.0116,1,
11.9,0.5,-0.30000000000000004,36.486,0.881,129,concrete,0.65,7.52,1,
11.9,0.5,1.9000000000000001,35.238,0.218,28,paint,0.6,6.073,1,
11.9,0.7000000000000001,-0.30000000000000004,36.407,0.701,130,concrete,0.65,7.4284,1,
11.9,0.7000000000000001,1.9000000000000001,35.03,0.221,26,paint,0.6,5.8319,1,
11.9,0.9,-0.30000000000000004,35.672,0.739,129,concrete,0.65,6.5762,1,
11.9,0.9,1.9000000000000001,34.768,0.257,29,paint,0.6,5.5281,1,
11.9,1.1,-0.30000000000000004,35.178,0.478,108,concrete,0.65,6.0035,1,
11.9,1.1,1.9000000000000001,34.469,0.189,31,paint,0.6,5.1814,1,
11.9,1.3,-0.30000000000000004,35.035,0.438,78,concrete,0.65,5.8377,1,
11.9,1.3,1.9000000000000001,34.619,0.199,31,paint,0.6,5.3554,1,
11.9,1.5,-0.30000000000000004,34.754,0.414,68,concrete,0.65,5.5119,1,
11.9,1.5,1.9000000000000001,34.768,0.18,30,paint,0.6,5.5281,1,
11.9,1.7000000000000002,-0.30000000000000004,34.625,0.225,67,concrete,0.65,5.3623,1,
11.9,1.7000000000000002,-0.1,34.548,0.281,222,concrete,0.65,5.273,1,
11.9,1.7000000000000002,0.1,34.329,0.263,96,paint,0.6,5.0191,1,
11.9,1.7000000000000002,0.30000000000000004,34.725,0.312,84,paint,0.6,5.4783,1,
11.9,1.7000000000000002,0.5,35.372,0.465,77,paint,0.6,6.2284,1,
11.9,1.7000000000000002,0.7000000000000001,35.627,0.535,98,paint,0.6,6.5241,1,
11.9,1.7000000000000002,0.9,35.804,0.516,93,paint,0.6,6.7293,1,
11.9,1.7000000000000002,1.1,36.073,0.377,60,paint,0.6,7.0412,1,
11.9,1.7000000000000002,1.3,36.365,0.86,51,paint,0.6,7.3797,1,
11.9,1.7000000000000002,1.5,36.381,1.022,51,paint,0.6,7.3983,1,
11.9,1.7000000000000002,1.7000000000000002,36.579,1.086,31,paint,0.6,7.6278,1,
11.9,1.7000000000000002,1.9000000000000001,36.376,1.148,12,paint,0.6,7.3925,1,
11.9,1.9000000000000001,1.7000000000000002,36.239,0.0,1,paint,0.6,7.2336,1,
11.9,1.9000000000000001,1.9000000000000001,38.75,0.526,4,paint,0.6,10.1449,0,solar_possible
12.100000000000001,-0.5,-0.30000000000000004,35.102,0.491,90,concrete,0.65,5.9154,1,
12.100000000000001,-0.5,-0.1,34.764,0.362,2,concrete,0.65,5.5235,1,
12.100000000000001,-0.5,0.1,34.86,0.208,3,paint,0.6,5.6348,1,
12.100000000000001,-0.5,0.5,35.943,0.519,2,paint,0.6,6.8904,1,
12.100000000000001,-0.5,0.7000000000000001,36.179,0.62,2,paint,0.6,7.1641,1,
12.100000000000001,-0.5,0.9,35.628,0.0,1,glass,0.1,6.5252,1,
12.100000000000001,-0.5,1.7000000000000002,34.592,0.0,1,glass,0.1,5.3241,1,
12.100000000000001,-0.5,1.9000000000000001,34.389,0.391,19,paint,0.6,5.0887,1,
12.100000000000001,-0.30000000000000004,-0.30000000000000004,35.286,0.643,148,concrete,0.65,6.1287,1,
12.100000000000001,-0.30000000000000004,1.9000000000000001,34.677,0.39,24,paint,0.6,5.4226,1,
12.100000000000001,-0.1,-0.30000000000000004,35.837,0.803,152,concrete,0.65,6.7675,1,
12.100000000000001,-0.1,1.9000000000000001,34.962,0.235,18,paint,0.6,5.753,1,
12.100000000000001,0.1,-0.30000000000000004,36.323,0.949,132,concrete,0.65,7.331,1,
12.100000000000001,0.1,1.9000000000000001,35.085,0.315,22,paint,0.6,5.8957,1,
12.100000000000001,0.30000000000000004,-0.30000000000000004,36.393,0.979,146,concrete,0.65,7.4122,1,
12.100000000000001,0.30000000000000004,1.9000000000000001,35.24,0.301,22,paint,0.6,6.0754,1,
12.100000000000001,0.5,-0.30000000000000004,36.58,0.88,135,concrete,0.65,7.629,1,
12.100000000000001,0.5,1.9000000000000001,35.304,0.182,21,paint,0.6,6.1496,1,
12.100000000000001,0.7000000000000001,-0.30000000000000004,36.307,0.849,139,concrete,0.65,7.3125,1,
12.100000000000001,0.7000000000000001,1.9000000000000001,35.051,0.264,27,paint,0.6,5.8562,1,
12.100000000000001,0.9,-0.30000000000000004,35.56,0.729,148,concrete,0.65,6.4464,1,
12.100000000000001,0.9,1.9000000000000001,34.919,0.299,28,paint,0.6,5.7032,1,
12.100000000000001,1.1,-0.30000000000000004,35.009,0.625,122,concrete,0.65,5.8075,1,
12.100000000000001,1.1,1.9000000000000001,34.656,0.45,39,paint,0.6,5.3983,1,
12.100000000000001,1.3,-0.30000000000000004,34.929,0.464,106,concrete,0.65,5.7148,1,
12.100000000000001,1.3,1.9000000000000001,35.125,1.732,53,paint,0.6,5.942,1,
12.100000000000001,1.5,-0.30000000000000004,34.516,0.427,106,concrete,0.65,5.2359,1,
12.100000000000001,1.5,1.9000000000000001,34.74,0.498,57,paint,0.6,5.4957,1,
12.100000000000001,1.7000000000000002,-0.30000000000000004,34.627,0.314,84,concrete,0.65,5.3646,1,
12.100000000000001,1.7000000000000002,-0.1,34.27,0.17,11,concrete,0.65,4.9507,1,
12.100000000000001,1.7000000000000002,0.1,34.308,0.112,3,paint,0.6,4.9948,1,
12.100000000000001,1.7000000000000002,0.30000000000000004,34.645,0.106,2,paint,0.6,5.3855,1,
12.100000000000001,1.7000000000000002,0.7000000000000001,35.861,0.221,4,paint,0.6,6.7954,1,
12.100000000000001,1.7000000000000002,1.9000000000000001,36.238,1.0,30,paint,0.6,7.2325,1,
12.100000000000001,1.9000000000000001,1.7000000000000002,38.6,0.0,1,paint,0.6,9.971,0,solar_possible
12.100000000000001,1.9000000000000001,1.9000000000000001,38.685,0.501,4,paint,0.6,10.0696,0,solar_possible
12.100000000000001,2.1,1.9000000000000001,37.671,0.0,1,paint,0.6,8.8939,0,solar_possible
12.3,-0.7000000000000001,-0.30000000000000004,34.404,0.028,2,concrete,0.65,5.1061,1,
12.3,-0.5,-0.30000000000000004,34.853,0.405,127,concrete,0.65,5.6267,1,
12.3,-0.5,1.9000000000000001,34.385,0.555,47,paint,0.6,5.0841,1,
12.3,-0.30000000000000004,-0.30000000000000004,35.112,0.498,131,concrete,0.65,5.927,1,
12.3,-0.30000000000000004,1.9000000000000001,34.673,0.492,57,paint,0.6,5.418,1,
12.3,-0.1,-0.30000000000000004,35.613,0.773,117,concrete,0.65,6.5078,1,
12.3,-0.1,1.9000000000000001,34.839,0.367,57,paint,0.6,5.6104,1,
12.3,0.1,-0.30000000000000004,36.02,0.96,139,concrete,0.65,6.9797,1,
12.3,0.1,1.9000000000000001,34.829,0.429,53,paint,0.6,5.5988,1,
12.3,0.30000000000000004,-0.30000000000000004,35.984,1.056,122,concrete,0.65,6.938,1,
12.3,0.30000000000000004,1.9000000000000001,34.959,0.527,58,paint,0.6,5.7496,1,
12.3,0.5,-0.30000000000000004,36.416,0.908,112,concrete,0.65,7.4388,1,
12.3,0.5,1.9000000000000001,35.016,0.512,62,paint,0.6,5.8157,1,
12.3,0.7000000000000001,-0.30000000000000004,36.183,0.785,107,concrete,0.65,7.1687,1,
12.3,0.7000000000000001,1.9000000000000001,34.9,0.451,63,paint,0.6,5.6812,1,
12.3,0.9,-0.30000000000000004,35.946,0.656,107,concrete,0.65,6.8939,1,
12.3,0.9,1.9000000000000001,34.835,0.489,60,paint,0.6,5.6058,1,
12.3,1.1,-0.30000000000000004,35.147,0.68,104,concrete,0.65,5.9675,1,
12.3,1.1,1.9000000000000001,34.818,0.606,48,paint,0.6,5.5861,1,
12.3,1.3,-0.30000000000000004,34.89,0.459,128,concrete,0.65,5.6696,1,
12.3,1.3,1.9000000000000001,34.728,0.558,31,paint,0.6,5.4817,1,
12.3,1.5,-0.30000000000000004,34.648,0.43,166,concrete,0.65,5.389,1,
12.3,1.5,1.9000000000000001,34.862,0.587,38,paint,0.6,5.6371,1,
12.3,1.7000000000000002,-0.30000000000000004,34.588,0.347,158,concrete,0.65,5.3194,1,
12.3,1.7000000000000002,1.9000000000000001,36.073,0.976,31,paint,0.6,7.0412,1,
12.3,1.9000000000000001,-0.30000000000000004,34.693,0.212,21,concrete,0.65,5.4412,1,
12.3,1.9000000000000001,-0.1,34.338,0.095,2,concrete,0.65,5.0296,1,
12.3,1.9000000000000001,0.1,34.097,0.0,1,paint,0.6,4.7501,1,
12.3,1.9000000000000001,0.5,35.283,0.29,2,paint,0.6,6.1252,1,
12.3,1.9000000000000001,0.7000000000000001,36.047,0.0,1,paint,0.6,7.011,1,
12.3,1.9000000000000001,1.9000000000000001,37.871,0.014,2,glass,0.1,9.1258,0,solar_suspected
12.3,2.1,1.9000000000000001,38.023,0.223,5,paint,0.6,9.302,0,solar_possible
12.5,-0.7000000000000001,-0.30000000000000004,34.712,0.339,4,concrete,0.65,5.4632,1,
12.5,-0.7000000000000001,-0.1,34.75,0.0,1,concrete,0.65,5.5072,1,
12.5,-0.5,-0.30000000000000004,35.094,0.386,125,concrete,0.65,5.9061,1,
12.5,-0.5,1.9000000000000001,34.019,0.342,36,paint,0.6,4.6597,1,
12.5,-0.30000000000000004,-0.30000000000000004,35.278,0.62,129,concrete,0.65,6.1194,1,
12.5,-0.30000000000000004,1.9000000000000001,34.401,0.317,36,paint,0.6,5.1026,1,
12.5,-0.1,-0.30000000000000004,35.86,0.744,123,concrete,0.65,6.7942,1,
12.5,-0.1,1.9000000000000001,34.653,0.37,38,paint,0.6,5.3948,1,
12.5,0.1,-0.30000000000000004,36.092,0.85,131,concrete,0.65,7.0632,1,
12.5,0.1,1.9000000000000001,34.69,0.383,40,paint,0.6,5.4377,1,
12.5,0.30000000000000004,-0.30000000000000004,36.01,1.106,103,concrete,0.65,6.9681,1,
12.5,0.30000000000000004,1.9000000000000001,34.752,0.367,37,paint,0.6,5.5096,1,
12.5,0.5,-0.30000000000000004,36.22,0.996,121,concrete,0.65,7.2116,1,
12.5,0.5,1.9000000000000001,34.849,0.506,33,paint,0.6,5.622,1,
12.5,0.7000000000000001,-0.30000000000000004,36.257,0.747,111,concrete,0.65,7.2545,1,
12.5,0.7000000000000001,1.9000000000000001,34.934,0.521,36,paint,0.6,5.7206,1,
12.5,0.9,-0.30000000000000004,35.859,0.666,129,concrete,0.65,6.793,1,
12.5,0.9,1.9000000000000001,34.803,0.522,40,paint,0.6,5.5687,1,
12.5,1.1,-0.30000000000000004,35.206,0.653,165,concrete,0.65,6.0359,1,
12.5,1.1,1.9000000000000001,34.858,0.574,34,paint,0.6,5.6325,1,
12.5,1.3,-0.30000000000000004,34.994,0.491,161,concrete,0.65,5.7901,1,
12.5,1.3,1.9000000000000001,34.727,0.603,42,paint,0.6,5.4806,1,
12.5,1.5,-0.30000000000000004,34.78,0.429,139,concrete,0.65,5.542,1,
12.5,1.5,1.9000000000000001,34.883,0.765,37,paint,0.6,5.6614,1,
12.5,1.7000000000000002,-0.30000000000000004,34.599,0.341,165,concrete,0.65,5.3322,1,
12.5,1.7000000000000002,1.9000000000000001,35.962,1.197,21,paint,0.6,6.9125,1,
12.5,1.9000000000000001,-0.30000000000000004,34.535,0.227,40,concrete,0.65,5.258,1,
12.5,1.9000000000000001,-0.1,34.618,0.0,1,asphalt,0.9,5.3542,1,
12.5,1.9000000000000001,1.9000000000000001,36.246,0.0,1,paint,0.6,7.2417,1,
12.5,2.1,1.9000000000000001,38.316,0.504,6,paint,0.6,9.6417,0,solar_possible
12.700000000000001,-0.7000000000000001,-0.30000000000000004,34.933,0.254,13,concrete,0.65,5.7194,1,
12.700000000000001,-0.5,-0.30000000000000004,35.149,0.495,111,concrete,0.65,5.9699,1,
12.700000000000001,-0.5,1.9000000000000001,34.29,0.438,38,paint,0.6,4.9739,1,
12.700000000000001,-0.30000000000000004,-0.30000000000000004,35.264,0.543,143,concrete,0.65,6.1032,1,
12.700000000000001,-0.30000000000000004,1.9000000000000001,34.636,0.449,37,paint,0.6,5.3751,1,
12.700000000000001,-0.1,-0.30000000000000004,35.676,0.704,139,concrete,0.65,6.5809,1,
12.700000000000001,-0.1,1.9000000000000001,34.772,0.412,34,paint,0.6,5.5328,1,
12.700000000000001,0.1,-0.30000000000000004,36.08,1.002,147,concrete,0.65,7.0493,1,
12.700000000000001,0.1,1.9000000000000001,34.845,0.502,36,paint,0.6,5.6174,1,
12.700000000000001,0.30000000000000004,-0.30000000000000004,36.182,1.119,151,concrete,0.65,7.1675,1,
12.700000000000001,0.30000000000000004,1.9000000000000001,34.974,0.463,37,paint,0.6,5.767,1,
12.700000000000001,0.5,-0.30000000000000004,36.513,1.073,124,concrete,0.65,7.5513,1,
12.700000000000001,0.5,1.9000000000000001,35.045,0.492,37,paint,0.6,5.8493,1,
12.700000000000001,0.7000000000000001,-0.30000000000000004,36.478,0.739,154,concrete,0.65,7.5107,1,
12.700000000000001,0.7000000000000001,1.9000000000000001,35.05,0.414,35,paint,0.6,5.8551,1,
12.700000000000001,0.9,-0.30000000000000004,35.902,0.925,152,concrete,0.65,6.8429,1,
12.700000000000001,0.9,1.9000000000000001,34.822,0.375,31,paint,0.6,5.5907,1,
12.700000000000001,1.1,-0.30000000000000004,35.243,0.61,147,concrete,0.65,6.0788,1,
12.700000000000001,1.1,1.9000000000000001,34.711,0.424,32,paint,0.6,5.462,1,
12.700000000000001,1.3,-0.30000000000000004,35.053,0.508,166,concrete,0.65,5.8586,1,
12.700000000000001,1.3,1.9000000000000001,34.922,1.031,28,paint,0.6,5.7067,1,
12.700000000000001,1.5,-0.30000000000000004,34.851,0.443,166,concrete,0.65,5.6243,1,
12.700000000000001,1.5,1.9000000000000001,34.59,0.433,30,paint,0.6,5.3217,1,
12.700000000000001,1.7000000000000002,-0.30000000000000004,34.674,0.369,117,concrete,0.65,5.4191,1,
12.700000000000001,1.7000000000000002,1.9000000000000001,35.609,1.151,30,paint,0.6,6.5032,1,
12.700000000000001,1.9000000000000001,-0.30000000000000004,34.557,0.308,77,concrete,0.65,5.2835,1,
12.700000000000001,1.9000000000000001,0.1,34.481,0.0,1,paint,0.6,5.1954,1,
12.700000000000001,2.1,-0.30000000000000004,34.916,0.067,5,concrete,0.65,5.6997,1,
12.700000000000001,2.1,-0.1,34.705,0.127,10,asphalt,0.9,5.4551,1,
12.700000000000001,2.1,0.1,34.688,0.071,7,paint,0.6,5.4354,1,
12.700000000000001,2.1,0.30000000000000004,34.967,0.186,7,paint,0.6,5.7588,1,
12.700000000000001,2.1,0.5,35.556,0.241,7,paint,0.6,6.4417,1,
12.700000000000001,2.1,0.7000000000000001,35.664,0.234,4,concrete,0.65,6.567,1,
12.700000000000001,2.1,1.9000000000000001,36.815,1.163,4,paint,0.6,7.9014,1,
12.9,-0.7000000000000001,-0.30000000000000004,34.965,0.261,27,concrete,0.65,5.7565,1,
12.9,-0.7000000000000001,-0.1,35.758,0.0,1,steel_oxidized,0.8,6.6759,1,
12.9,-0.7000000000000001,1.9000000000000001,37.676,0.0,1,paint,0.6,8.8997,0,solar_possible
12.9,-0.5,-0.30000000000000004,35.121,0.401,146,concrete,0.65,5.9374,1,
12.9,-0.5,1.9000000000000001,34.717,0.659,32,paint,0.6,5.469,1,
12.9,-0.30000000000000004,-0.30000000000000004,35.212,0.434,187,concrete,0.65,6.0429,1,
12.9,-0.30000000000000004,1.9000000000000001,34.867,0.495,29,paint,0.6,5.6429,1,
12.9,-0.1,-0.30000000000000004,35.705,0.865,186,concrete,0.65,6.6145,1,
12.9,-0.1,1.9000000000000001,34.896,0.391,35,paint,0.6,5.6765,1,
12.9,0.1,-0.30000000000000004,36.207,1.04,219,concrete,0.65,7.1965,1,
12.9,0.1,1.9000000000000001,34.902,0.456,29,paint,0.6,5.6835,1,
12.9,0.30000000000000004,-0.30000000000000004,36.169,1.155,232,concrete,0.65,7.1525,1,
12.9,0.30000000000000004,1.9000000000000001,35.073,0.565,27,paint,0.6,5.8817,1,
12.9,0.5,-0.30000000000000004,36.501,1.074,237,concrete,0.65,7.5374,1,
12.9,0.5,1.9000000000000001,35.173,0.525,28,paint,0.6,5.9977,1,
12.9,0.7000000000000001,-0.30000000000000004,36.432,0.756,214,concrete,0.65,7.4574,1,
12.9,0.7000000000000001,1.9000000000000001,34.951,0.453,33,paint,0.6,5.7403,1,
12.9,0.9,-0.30000000000000004,36.085,0.723,217,concrete,0.65,7.0551,1,
12.9,0.9,1.9000000000000001,34.838,0.373,26,paint,0.6,5.6093,1,
12.9,1.1,-0.30000000000000004,35.338,0.645,217,concrete,0.65,6.189,1,
12.9,1.1,1.9000000000000001,34.844,0.468,31,paint,0.6,5.6162,1,
12.9,1.3,-0.30000000000000004,35.21,0.47,174,concrete,0.65,6.0406,1,
12.9,1.3,1.9000000000000001,34.736,0.531,34,paint,0.6,5.491,1,
12.9,1.5,-0.30000000000000004,34.766,0.445,145,concrete,0.65,5.5258,1,
12.9,1.5,1.9000000000000001,34.789,0.564,32,paint,0.6,5.5525,1,
12.9,1.7000000000000002,-0.30000000000000004,34.643,0.359,172,concrete,0.65,5.3832,1,
12.9,1.7000000000000002,1.9000000000000001,35.769,1.175,32,paint,0.6,6.6887,1,
12.9,1.9000000000000001,-0.30000000000000004,34.475,0.294,117,concrete,0.65,5.1884,1,
12.9,1.9000000000000001,-0.1,34.415,0.0,1,concrete,0.65,5.1188,1,
12.9,1.9000000000000001,0.5,34.871,0.0,1,paint,0.6,5.6475,1,
12.9,1.9000000000000001,1.9000000000000001,37.274,1.109,4,paint,0.6,8.4336,0,solar_possible
12.9,2.1,-0.30000000000000004,34.685,0.294,42,concrete,0.65,5.4319,1,
12.9,2.1,-0.1,34.522,0.297,153,paint,0.6,5.2429,1,
12.9,2.1,0.1,34.45,0.302,80,paint,0.6,5.1594,1,
12.9,2.1,0.30000000000000004,34.745,0.254,61,paint,0.6,5.5014,1,
12.9,2.1,0.5,35.276,0.35,64,paint,0.6,6.1171,1,
12.9,2.1,0.7000000000000001,35.576,0.445,74,paint,0.6,6.4649,1,
12.9,2.1,0.9,35.302,0.655,11,paint,0.6,6.1472,1,
12.9,2.1,1.9000000000000001,37.534,1.15,5,paint,0.6,8.7351,0,solar_possible
13.100000000000001,-0.9,-0.30000000000000004,34.536,0.014,2,concrete,0.65,5.2591,1,
13.100000000000001,-0.9,-0.1,35.154,0.492,15,concrete,0.65,5.9757,1,
13.100000000000001,-0.9,0.1,35.15,0.272,6,paint,0.6,5.971,1,
13.100000000000001,-0.9,0.30000000000000004,35.765,0.192,4,paint,0.6,6.6841,1,
13.100000000000001,-0.9,0.5,36.141,0.208,4,paint,0.6,7.12,1,
13.100000000000001,-0.9,0.7000000000000001,36.655,0.189,11,paint,0.6,7.7159,1,
13.100000000000001,-0.9,0.9,36.6,0.154,3,paint,0.6,7.6522,1,
13.100000000000001,-0.7000000000000001,-0.30000000000000004,34.873,0.347,45,concrete,0.65,5.6499,1,
13.100000000000001,-0.7000000000000001,-0.1,34.889,0.091,5,concrete,0.65,5.6684,1,
13.100000000000001,-0.7000000000000001,0.1,34.97,0.0,1,paint,0.6,5.7623,1,
13.100000000000001,-0.7000000000000001,0.30000000000000004,35.482,0.0,1,paint,0.6,6.3559,1,
13.100000000000001,-0.7000000000000001,0.7000000000000001,36.528,0.0,1,paint,0.6,7.5687,1,
13.100000000000001,-0.7000000000000001,1.9000000000000001,34.365,0.0,1,paint,0.6,5.0609,1,
13.100000000000001,-0.5,-0.30000000000000004,35.218,0.331,104,concrete,0.65,6.0499,1,
13.100000000000001,-0.5,1.9000000000000001,34.261,0.328,39,paint,0.6,4.9403,1,
13.100000000000001,-0.30000000000000004,-0.30000000000000004,35.343,0.573,141,concrete,0.65,6.1948,1,
13.100000000000001,-0.30000000000000004,1.9000000000000001,34.601,0.451,36,paint,0.6,5.3345,1,
13.100000000000001,-0.1,-0.30000000000000004,35.99,0.935,145,concrete,0.65,6.9449,1,
13.100000000000001,-0.1,1.9000000000000001,34.805,0.356,39,paint,0.6,5.571,1,
13.100000000000001,0.1,-0.30000000000000004,36.276,1.002,141,concrete,0.65,7.2765,1,
13.100000000000001,0.1,1.9000000000000001,34.945,0.483,32,paint,0.6,5.7333,1,
13.100000000000001,0.30000000000000004,-0.30000000000000004,36.241,1.109,167,concrete,0.65,7.2359,1,
13.100000000000001,0.30000000000000004,1.9000000000000001,35.081,0.455,35,paint,0.6,5.891,1,
13.100000000000001,0.5,-0.30000000000000004,36.594,1.024,164,concrete,0.65,7.6452,1,
13.100000000000001,0.5,1.9000000000000001,35.149,0.523,35,paint,0.6,5.9699,1,
13.100000000000001,0.7000000000000001,-0.30000000000000004,36.689,0.749,194,concrete,0.65,7.7554,1,
13.100000000000001,0.7000000000000001,1.9000000000000001,35.103,0.503,33,paint,0.6,5.9165,1,
13.100000000000001,0.9,-0.30000000000000004,36.036,0.859,167,concrete,0.65,6.9983,1,
13.100000000000001,0.9,1.9000000000000001,35.0,0.488,33,paint,0.6,5.7971,1,
13.100000000000001,1.1,-0.30000000000000004,35.296,0.648,142,concrete,0.65,6.1403,1,
13.100000000000001,1.1,1.9000000000000001,34.758,0.523,30,paint,0.6,5.5165,1,
13.100000000000001,1.3,-0.30000000000000004,35.021,0.602,144,concrete,0.65,5.8214,1,
13.100000000000001,1.3,1.9000000000000001,34.686,0.479,30,paint,0.6,5.433,1,
13.100000000000001,1.5,-0.30000000000000004,34.948,0.402,191,concrete,0.65,5.7368,1,
13.100000000000001,1.5,1.9000000000000001,34.679,0.484,31,paint,0.6,5.4249,1,
13.100000000000001,1.7000000000000002,-0.30000000000000004,34.697,0.379,190,concrete,0.65,5.4458,1,
13.100000000000001,1.7000000000000002,1.9000000000000001,34.992,0.586,41,paint,0.6,5.7878,1,
13.100000000000001,1.9000000000000001,-0.30000000000000004,34.535,0.322,123,concrete,0.65,5.258,1,
13.100000000000001,1.9000000000000001,1.9000000000000001,35.692,0.545,12,paint,0.6,6.5994,1,
13.100000000000001,2.1,-0.30000000000000004,34.513,0.329,88,concrete,0.65,5.2325,1,
13.100000000000001,2.1,-0.1,34.319,0.385,352,paint,0.6,5.0075,1,
13.100000000000001,2.1,0.1,34.312,0.537,176,paint,0.6,4.9994,1,
13.100000000000001,2.1,0.30000000000000004,34.65,0.548,132,paint,0.6,5.3913,1,
13.100000000000001,2.1,0.5,35.216,0.625,114,paint,0.6,6.0475,1,
13.100000000000001,2.1,0.7000000000000001,35.58,0.608,152,paint,0.6,6.4696,1,
13.100000000000001,2.1,0.9,35.432,0.695,68,paint,0.6,6.298,1,
13.100000000000001,2.1,1.1,35.533,0.579,4,glass,0.1,6.4151,1,
13.3,-0.9,-0.30000000000000004,34.412,0.194,2,concrete,0.65,5.1154,1,
13.3,-0.9,-0.1,34.951,0.393,11,concrete,0.65,5.7403,1,
13.3,-0.9,0.1,34.969,0.193,11,paint,0.6,5.7612,1,
13.3,-0.9,0.30000000000000004,35.409,0.267,12,paint,0.6,6.2713,1,
13.3,-0.9,0.5,36.053,0.262,12,paint,0.6,7.018,1,
13.3,-0.9,0.7000000000000001,36.389,0.232,23,paint,0.6,7.4075,1,
13.3,-0.9,0.9,36.356,0.168,10,paint,0.6,7.3693,1,
13.3,-0.7000000000000001,-0.30000000000000004,34.928,0.34,89,concrete,0.65,5.7136,1,
13.3,-0.7000000000000001,-0.1,34.893,0.388,52,concrete,0.65,5.673,1,
13.3,-0.7000000000000001,0.1,34.89,0.209,19,paint,0.6,5.6696,1,
13.3,-0.7000000000000001,0.30000000000000004,35.39,0.245,9,paint,0.6,6.2493,1,
13.3,-0.7000000000000001,0.5,36.028,0.141,8,paint,0.6,6.989,1,
13.3,-0.7000000000000001,0.7000000000000001,36.204,0.155,17,paint,0.6,7.193,1,
13.3,-0.7000000000000001,0.9,36.187,0.051,2,paint,0.6,7.1733,1,
13.3,-0.7000000000000001,1.9000000000000001,34.684,0.203,3,paint,0.6,5.4307,1,
13.3,-0.5,-0.30000000000000004,35.185,0.343,155,concrete,0.65,6.0116,1,
13.3,-0.5,1.9000000000000001,34.449,0.473,40,paint,0.6,5.1583,1,
13.3,-0.30000000000000004,-0.30000000000000004,35.278,0.48,139,concrete,0.65,6.1194,1,
13.3,-0.30000000000000004,1.9000000000000001,34.721,0.488,37,paint,0.6,5.4736,1,
13.3,-0.1,-0.30000000000000004,35.779,0.867,131,concrete,0.65,6.7003,1,
13.3,-0.1,1.9000000000000001,34.871,0.448,36,paint,0.6,5.6475,1,
13.3,0.1,-0.30000000000000004,36.034,1.09,113,concrete,0.65,6.9959,1,
13.3,0.1,1.9000000000000001,35.044,0.515,39,paint,0.6,5.8481,1,
13.3,0.30000000000000004,-0.30000000000000004,36.332,1.056,111,concrete,0.65,7.3414,1,
13.3,0.30000000000000004,1.9000000000000001,35.009,0.524,42,paint,0.6,5.8075,1,
13.3,0.5,-0.30000000000000004,36.664,0.948,105,concrete,0.65,7.7264,1,
13.3,0.5,1.9000000000000001,35.143,0.599,43,paint,0.6,5.9629,1,
13.3,0.7000000000000001,-0.30000000000000004,36.493,0.682,83,concrete,0.65,7.5281,1,
13.3,0.7000000000000001,1.9000000000000001,34.976,0.515,39,paint,0.6,5.7693,1,
13.3,0.9,-0.30000000000000004,36.286,1.132,99,concrete,0.65,7.2881,1,
13.3,0.9,1.9000000000000001,34.895,0.399,41,paint,0.6,5.6754,1,
13.3,1.1,-0.30000000000000004,35.481,0.739,149,concrete,0.65,6.3548,1,
13.3,1.1,1.9000000000000001,34.835,0.462,44,paint,0.6,5.6058,1,
13.3,1.3,-0.30000000000000004,35.161,0.612,169,concrete,0.65,5.9838,1,
13.3,1.3,1.9000000000000001,34.529,0.39,35,paint,0.6,5.251,1,
13.3,1.5,-0.30000000000000004,34.754,0.543,185,concrete,0.65,5.5119,1,
13.3,1.5,1.9000000000000001,34.552,0.562,41,paint,0.6,5.2777,1,
13.3,1.7000000000000002,-0.30000000000000004,34.607,0.494,206,concrete,0.65,5.3414,1,
13.3,1.7000000000000002,1.9000000000000001,35.334,1.108,26,paint,0.6,6.1843,1,
13.3,1.9000000000000001,-0.30000000000000004,34.524,0.368,170,concrete,0.65,5.2452,1,
13.3,1.9000000000000001,1.9000000000000001,36.095,1.025,14,paint,0.6,7.0667,1,
13.3,2.1,-0.30000000000000004,34.416,0.358,117,concrete,0.65,5.12,1,
13.3,2.1,-0.1,34.288,0.484,383,paint,0.6,4.9716,1,
13.3,2.1,0.1,34.102,0.727,208,paint,0.6,4.7559,1,
13.3,2.1,0.30000000000000004,34.537,0.66,140,paint,0.6,5.2603,1,
13.3,2.1,0.5,35.119,0.635,150,paint,0.6,5.9351,1,
13.3,2.1,0.7000000000000001,35.586,0.606,157,paint,0.6,6.4765,1,
13.3,2.1,0.9,35.535,0.692,87,paint,0.6,6.4174,1,
13.3,2.1,1.1,35.519,0.675,24,paint,0.6,6.3988,1,
13.5,-0.9,-0.1,34.743,0.045,2,paint,0.6,5.4991,1,
13.5,-0.9,0.1,34.896,0.111,4,paint,0.6,5.6765,1,
13.5,-0.9,0.30000000000000004,35.442,0.088,6,paint,0.6,6.3096,1,
13.5,-0.9,0.5,35.833,0.024,2,paint,0.6,6.7629,1,
13.5,-0.9,0.7000000000000001,36.219,0.103,8,paint,0.6,7.2104,1,
13.5,-0.9,0.9,36.233,0.21,3,paint,0.6,7.2267,1,
13.5,-0.7000000000000001,-0.30000000000000004,34.939,0.378,106,concrete,0.65,5.7264,1,
13.5,-0.7000000000000001,-0.1,34.864,0.275,95,concrete,0.65,5.6394,1,
13.5,-0.7000000000000001,0.1,34.982,0.176,46,paint,0.6,5.7762,1,
13.5,-0.7000000000000001,0.30000000000000004,35.449,0.212,28,paint,0.6,6.3177,1,
13.5,-0.7000000000000001,0.5,35.93,0.241,32,paint,0.6,6.8754,1,
13.5,-0.7000000000000001,0.7000000000000001,36.134,0.215,41,paint,0.6,7.1119,1,
13.5,-0.7000000000000001,0.9,36.145,0.255,27,paint,0.6,7.1246,1,
13.5,-0.7000000000000001,1.1,36.075,0.013,2,paint,0.6,7.0435,1,
13.5,-0.7000000000000001,1.9000000000000001,35.374,1.117,6,paint,0.6,6.2307,1,
13.5,-0.5,-0.30000000000000004,35.168,0.352,119,concrete,0.65,5.9919,1,
13.5,-0.5,1.9000000000000001,34.364,0.363,30,paint,0.6,5.0597,1,
13.5,-0.30000000000000004,-0.30000000000000004,35.35,0.514,117,concrete,0.65,6.2029,1,
13.5,-0.30000000000000004,1.9000000000000001,34.601,0.473,31,paint,0.6,5.3345,1,
13.5,-0.1,-0.30000000000000004,36.021,0.755,86,concrete,0.65,6.9809,1,
13.5,-0.1,1.9000000000000001,34.951,0.341,30,paint,0.6,5.7403,1,
13.5,0.1,-0.30000000000000004,36.035,0.942,116,concrete,0.65,6.9971,1,
13.5,0.1,1.9000000000000001,35.131,0.375,29,paint,0.6,5.949,1,
13.5,0.30000000000000004,-0.30000000000000004,35.742,1.087,134,concrete,0.65,6.6574,1,
13.5,0.30000000000000004,1.9000000000000001,35.204,0.38,30,paint,0.6,6.0336,1,
13.5,0.5,-0.30000000000000004,36.006,1.056,177,concrete,0.65,6.9635,1,
13.5,0.5,1.9000000000000001,35.256,0.383,32,paint,0.6,6.0939,1,
13.5,0.7000000000000001,-0.30000000000000004,36.393,0.655,205,concrete,0.65,7.4122,1,
13.5,0.7000000000000001,1.9000000000000001,35.26,0.416,29,paint,0.6,6.0986,1,
13.5,0.9,-0.30000000000000004,36.123,0.686,191,concrete,0.65,7.0991,1,
13.5,0.9,1.9000000000000001,35.0,0.435,35,paint,0.6,5.7971,1,
13.5,1.1,-0.30000000000000004,35.351,0.611,162,concrete,0.65,6.2041,1,
13.5,1.1,1.9000000000000001,34.951,0.48,30,paint,0.6,5.7403,1,
13.5,1.3,-0.30000000000000004,35.287,0.592,119,concrete,0.65,6.1299,1,
13.5,1.3,1.9000000000000001,34.673,0.451,36,paint,0.6,5.418,1,
13.5,1.5,-0.30000000000000004,34.918,0.529,125,concrete,0.65,5.702,1,
13.5,1.5,1.9000000000000001,34.665,0.58,57,paint,0.6,5.4087,1,
13.5,1.7000000000000002,-0.30000000000000004,34.504,0.45,137,concrete,0.65,5.222,1,
13.5,1.7000000000000002,1.9000000000000001,35.064,0.849,61,paint,0.6,5.8713,1,
13.5,1.9000000000000001,-0.30000000000000004,34.509,0.333,81,concrete,0.65,5.2278,1,
13.5,1.9000000000000001,1.9000000000000001,35.828,0.838,37,paint,0.6,6.7571,1,
13.5,2.1,-0.30000000000000004,34.399,0.363,110,concrete,0.65,5.1003,1,
13.5,2.1,-0.1,34.302,0.482,450,concrete,0.65,4.9878,1,
13.5,2.1,0.1,34.151,0.701,219,paint,0.6,4.8128,1,
13.5,2.1,0.30000000000000004,34.57,0.725,165,paint,0.6,5.2986,1,
13.5,2.1,0.5,35.151,0.633,196,paint,0.6,5.9722,1,
13.5,2.1,0.7000000000000001,35.646,0.578,237,paint,0.6,6.5461,1,
13.5,2.1,0.9,35.553,0.705,137,paint,0.6,6.4383,1,
13.5,2.1,1.1,35.812,0.683,70,paint,0.6,6.7386,1,
13.5,2.1,1.3,36.419,0.322,16,paint,0.6,7.4423,1,
13.5,2.1,1.5,37.507,0.0,1,painted_metal,0.65,8.7038,0,solar_suspected
13.700000000000001,-0.7000000000000001,-0.30000000000000004,34.974,0.293,121,concrete,0.65,5.767,1,
13.700000000000001,-0.7000000000000001,-0.1,34.979,0.229,188,concrete,0.65,5.7728,1,
13.700000000000001,-0.7000000000000001,0.1,35.081,0.218,85,paint,0.6,5.891,1,
13.700000000000001,-0.7000000000000001,0.30000000000000004,35.454,0.359,68,paint,0.6,6.3235,1,
13.700000000000001,-0.7000000000000001,0.5,35.894,0.435,68,paint,0.6,6.8336,1,
13.700000000000001,-0.7000000000000001,0.7000000000000001,36.096,0.413,90,paint,0.6,7.0678,1,
13.700000000000001,-0.7000000000000001,0.9,36.221,0.423,74,paint,0.6,7.2128,1,
13.700000000000001,-0.7000000000000001,1.1,36.113,0.374,12,paint,0.6,7.0875,1,
13.700000000000001,-0.7000000000000001,1.9000000000000001,34.817,1.109,9,paint,0.6,5.5849,1,
13.700000000000001,-0.5,-0.30000000000000004,35.156,0.379,106,concrete,0.65,5.978,1,
13.700000000000001,-0.5,1.9000000000000001,34.592,0.764,51,paint,0.6,5.3241,1,
13.700000000000001,-0.30000000000000004,-0.30000000000000004,35.203,0.5,131,concrete,0.65,6.0325,1,
13.700000000000001,-0.30000000000000004,1.9000000000000001,34.736,0.567,50,paint,0.6,5.491,1,
13.700000000000001,-0.1,-0.30000000000000004,35.781,0.784,162,concrete,0.65,6.7026,1,
13.700000000000001,-0.1,1.9000000000000001,34.872,0.513,59,paint,0.6,5.6487,1,
13.700000000000001,0.1,-0.30000000000000004,36.262,0.972,170,concrete,0.65,7.2603,1,
13.700000000000001,0.1,1.9000000000000001,35.078,0.571,62,paint,0.6,5.8875,1,
13.700000000000001,0.30000000000000004,-0.30000000000000004,36.497,1.005,129,concrete,0.65,7.5328,1,
13.700000000000001,0.30000000000000004,1.9000000000000001,35.142,0.588,63,paint,0.6,5.9617,1,
13.700000000000001,0.5,-0.30000000000000004,36.857,1.008,109,concrete,0.65,7.9501,1,
13.700000000000001,0.5,1.9000000000000001,35.081,0.584,68,paint,0.6,5.891,1,
13.700000000000001,0.7000000000000001,-0.30000000000000004,36.774,0.79,89,concrete,0.65,7.8539,1,
13.700000000000001,0.7000000000000001,1.9000000000000001,35.087,0.584,73,paint,0.6,5.898,1,
13.700000000000001,0.9,-0.30000000000000004,36.27,0.793,82,concrete,0.65,7.2696,1,
13.700000000000001,0.9,1.9000000000000001,34.926,0.565,72,paint,0.6,5.7113,1,
13.700000000000001,1.1,-0.30000000000000004,35.567,0.723,90,concrete,0.65,6.4545,1,
13.700000000000001,1.1,1.9000000000000001,34.929,0.574,72,paint,0.6,5.7148,1,
13.700000000000001,1.3,-0.30000000000000004,35.189,0.646,92,concrete,0.65,6.0162,1,
13.700000000000001,1.3,1.9000000000000001,34.8,0.585,77,paint,0.6,5.5652,1,
13.700000000000001,1.5,-0.30000000000000004,34.675,0.647,118,concrete,0.65,5.4203,1,
13.700000000000001,1.5,1.9000000000000001,34.847,0.865,60,paint,0.6,5.6197,1,
13.700000000000001,1.7000000000000002,-0.30000000000000004,34.614,0.526,99,concrete,0.65,5.3496,1,
13.700000000000001,1.7000000000000002,1.9000000000000001,35.018,0.832,65,paint,0.6,5.818,1,
13.700000000000001,1.9000000000000001,-0.30000000000000004,34.547,0.366,112,concrete,0.65,5.2719,1,
13.700000000000001,1.9000000000000001,1.9000000000000001,36.158,1.108,43,paint,0.6,7.1397,1,
13.700000000000001,2.1,-0.30000000000000004,34.471,0.331,127,concrete,0.65,5.1838,1,
13.700000000000001,2.1,-0.1,34.321,0.454,474,paint,0.6,5.0099,1,
13.700000000000001,2.1,0.1,34.139,0.726,230,paint,0.6,4.7988,1,
13.700000000000001,2.1,0.30000000000000004,34.565,0.701,182,paint,0.6,5.2928,1,
13.700000000000001,2.1,0.5,35.185,0.635,173,paint,0.6,6.0116,1,
13.700000000000001,2.1,0.7000000000000001,35.548,0.625,214,paint,0.6,6.4325,1,
13.700000000000001,2.1,0.9,35.477,0.853,118,paint,0.6,6.3501,1,
13.700000000000001,2.1,1.1,35.637,0.8,72,paint,0.6,6.5357,1,
13.700000000000001,2.1,1.3,36.216,0.561,31,paint,0.6,7.207,1,
13.700000000000001,2.1,1.5,37.091,0.591,4,paint,0.6,8.2214,0,solar_possible
13.9,-0.7000000000000001,-0.30000000000000004,35.025,0.211,116,concrete,0.65,5.8261,1,
13.9,-0.7000000000000001,-0.1,35.085,0.236,166,concrete,0.65,5.8957,1,
13.9,-0.7000000000000001,0.1,35.204,0.286,85,paint,0.6,6.0336,1,
13.9,-0.7000000000000001,0.30000000000000004,35.644,0.401,62,paint,0.6,6.5438,1,
13.9,-0.7000000000000001,0.5,36.024,0.536,60,paint,0.6,6.9843,1,
13.9,-0.7000000000000001,0.7000000000000001,36.444,0.455,78,paint,0.6,7.4713,1,
13.9,-0.7000000000000001,0.9,36.362,0.581,62,paint,0.6,7.3762,1,
13.9,-0.7000000000000001,1.1,36.522,0.499,20,glass,0.1,7.5617,1,
13.9,-0.7000000000000001,1.3,36.631,0.289,2,paint,0.6,7.6881,1,
13.9,-0.7000000000000001,1.9000000000000001,35.234,0.789,19,paint,0.6,6.0684,1,
13.9,-0.5,-0.30000000000000004,35.127,0.345,135,concrete,0.65,5.9443,1,
13.9,-0.5,1.9000000000000001,34.685,0.634,67,paint,0.6,5.4319,1,
13.9,-0.30000000000000004,-0.30000000000000004,35.183,0.464,170,concrete,0.65,6.0093,1,
13.9,-0.30000000000000004,1.9000000000000001,34.749,0.545,62,paint,0.6,5.5061,1,
13.9,-0.1,-0.30000000000000004,35.678,0.746,159,concrete,0.65,6.5832,1,
13.9,-0.1,1.9000000000000001,34.894,0.468,62,paint,0.6,5.6742,1,
13.9,0.1,-0.30000000000000004,36.027,1.16,121,concrete,0.65,6.9878,1,
13.9,0.1,1.9000000000000001,34.94,0.552,60,paint,0.6,5.7275,1,
13.9,0.30000000000000004,-0.30000000000000004,36.073,1.191,128,concrete,0.65,7.0412,1,
13.9,0.30000000000000004,1.9000000000000001,35.19,0.649,58,paint,0.6,6.0174,1,
13.9,0.5,-0.30000000000000004,36.407,1.02,140,concrete,0.65,7.4284,1,
13.9,0.5,1.9000000000000001,35.156,0.602,56,paint,0.6,5.978,1,
13.9,0.7000000000000001,-0.30000000000000004,36.585,0.776,152,concrete,0.65,7.6348,1,
13.9,0.7000000000000001,1.9000000000000001,35.183,0.585,55,paint,0.6,6.0093,1,
13.9,0.9,-0.30000000000000004,36.292,0.647,152,concrete,0.65,7.2951,1,
13.9,0.9,1.9000000000000001,34.989,0.485,59,paint,0.6,5.7843,1,
13.9,1.1,-0.30000000000000004,35.528,0.723,148,concrete,0.65,6.4093,1,
13.9,1.1,1.9000000000000001,34.947,0.553,62,paint,0.6,5.7357,1,
13.9,1.3,-0.30000000000000004,34.939,0.578,165,concrete,0.65,5.7264,1,
13.9,1.3,1.9000000000000001,34.818,0.576,57,paint,0.6,5.5861,1,
13.9,1.5,-0.30000000000000004,34.64,0.672,149,concrete,0.65,5.3797,1,
13.9,1.5,1.9000000000000001,34.628,0.555,55,paint,0.6,5.3658,1,
13.9,1.7000000000000002,-0.30000000000000004,34.659,0.599,171,concrete,0.65,5.4017,1,
13.9,1.7000000000000002,1.9000000000000001,35.101,0.688,43,paint,0.6,5.9142,1,
13.9,1.9000000000000001,-0.30000000000000004,34.492,0.439,123,concrete,0.65,5.2081,1,
13.9,1.9000000000000001,1.9000000000000001,35.952,1.141,41,paint,0.6,6.9009,1,
13.9,2.1,-0.30000000000000004,34.51,0.357,121,concrete,0.65,5.229,1,
13.9,2.1,-0.1,34.365,0.392,495,paint,0.6,5.0609,1,
13.9,2.1,0.1,34.233,0.662,256,paint,0.6,4.9078,1,
13.9,2.1,0.30000000000000004,34.63,0.638,200,paint,0.6,5.3681,1,
13.9,2.1,0.5,35.091,0.688,196,paint,0.6,5.9026,1,
13.9,2.1,0.7000000000000001,35.526,0.674,225,paint,0.6,6.407,1,
13.9,2.1,0.9,35.442,0.917,137,paint,0.6,6.3096,1,
13.9,2.1,1.1,35.495,0.856,73,paint,0.6,6.371,1,
13.9,2.1,1.3,36.083,0.482,39,paint,0.6,7.0528,1,
13.9,2.1,1.5,36.62,0.551,18,paint,0.6,7.6754,1,
13.9,2.1,1.7000000000000002,37.233,0.0,2,asphalt,0.9,8.3861,0,implausible
14.100000000000001,-0.7000000000000001,-0.30000000000000004,35.064,0.236,144,concrete,0.65,5.8713,1,
14.100000000000001,-0.7000000000000001,-0.1,35.099,0.247,165,concrete,0.65,5.9119,1,
14.100000000000001,-0.7000000000000001,0.1,35.201,0.325,87,paint,0.6,6.0301,1,
14.100000000000001,-0.7000000000000001,0.30000000000000004,35.625,0.461,72,paint,0.6,6.5217,1,
14.100000000000001,-0.7000000000000001,0.5,36.206,0.485,51,paint,0.6,7.1954,1,
14.100000000000001,-0.7000000000000001,0.7000000000000001,36.395,0.606,70,paint,0.6,7.4145,1,
14.100000000000001,-0.7000000000000001,0.9,36.434,0.607,71,paint,0.6,7.4597,1,
14.100000000000001,-0.7000000000000001,1.1,36.517,0.617,27,glass,0.1,7.5559,1,
14.100000000000001,-0.7000000000000001,1.3,36.344,0.376,5,paint,0.6,7.3554,1,
14.100000000000001,-0.7000000000000001,1.9000000000000001,35.633,1.087,23,paint,0.6,6.531,1,
14.100000000000001,-0.5,-0.30000000000000004,35.154,0.341,84,concrete,0.65,5.9757,1,
14.100000000000001,-0.5,1.9000000000000001,34.517,0.777,69,paint,0.6,5.2371,1,
14.100000000000001,-0.30000000000000004,-0.30000000000000004,35.307,0.443,91,concrete,0.65,6.153,1,
14.100000000000001,-0.30000000000000004,1.9000000000000001,34.79,0.637,60,paint,0.6,5.5536,1,
14.100000000000001,-0.1,-0.30000000000000004,35.746,0.876,114,concrete,0.65,6.662,1,
14.100000000000001,-0.1,1.9000000000000001,34.94,0.577,53,paint,0.6,5.7275,1,
14.100000000000001,0.1,-0.30000000000000004,35.859,1.054,147,concrete,0.65,6.793,1,
14.100000000000001,0.1,1.9000000000000001,35.104,0.626,57,paint,0.6,5.9177,1,
14.100000000000001,0.30000000000000004,-0.30000000000000004,36.09,1.195,165,concrete,0.65,7.0609,1,
14.100000000000001,0.30000000000000004,1.9000000000000001,35.134,0.617,62,paint,0.6,5.9525,1,
14.100000000000001,0.5,-0.30000000000000004,36.396,1.078,152,concrete,0.65,7.4157,1,
14.100000000000001,0.5,1.9000000000000001,35.105,0.653,60,paint,0.6,5.9188,1,
14.100000000000001,0.7000000000000001,-0.30000000000000004,36.515,0.732,154,concrete,0.65,7.5536,1,
14.100000000000001,0.7000000000000001,1.9000000000000001,35.173,0.649,52,paint,0.6,5.9977,1,
14.100000000000001,0.9,-0.30000000000000004,36.126,0.651,177,concrete,0.65,7.1026,1,
14.100000000000001,0.9,1.9000000000000001,35.154,0.601,52,paint,0.6,5.9757,1,
14.100000000000001,1.1,-0.30000000000000004,35.359,0.868,155,concrete,0.65,6.2133,1,
14.100000000000001,1.1,1.9000000000000001,35.009,0.605,42,paint,0.6,5.8075,1,
14.100000000000001,1.3,-0.30000000000000004,35.115,0.634,169,concrete,0.65,5.9304,1,
14.100000000000001,1.3,1.9000000000000001,34.807,0.577,45,paint,0.6,5.5733,1,
14.100000000000001,1.5,-0.30000000000000004,35.088,0.569,175,concrete,0.65,5.8991,1,
14.100000000000001,1.5,1.9000000000000001,34.631,0.577,49,paint,0.6,5.3693,1,
14.100000000000001,1.7000000000000002,-0.30000000000000004,34.773,0.59,162,concrete,0.65,5.5339,1,
14.100000000000001,1.7000000000000002,1.9000000000000001,34.88,0.528,50,paint,0.6,5.658,1,
14.100000000000001,1.9000000000000001,-0.30000000000000004,34.53,0.483,113,concrete,0.65,5.2522,1,
14.100000000000001,1.9000000000000001,1.9000000000000001,35.795,1.037,51,paint,0.6,6.7188,1,
14.100000000000001,2.1,-0.30000000000000004,34.495,0.411,127,concrete,0.65,5.2116,1,
14.100000000000001,2.1,-0.1,34.371,0.447,473,concrete,0.65,5.0678,1,
14.100000000000001,2.1,0.1,34.253,0.706,254,paint,0.6,4.931,1,
14.100000000000001,2.1,0.30000000000000004,34.637,0.715,198,paint,0.6,5.3762,1,
14.100000000000001,2.1,0.5,35.07,0.704,189,paint,0.6,5.8783,1,
14.100000000000001,2.1,0.7000000000000001,35.476,0.696,221,paint,0.6,6.349,1,
14.100000000000001,2.1,0.9,35.317,0.868,142,paint,0.6,6.1646,1,
14.100000000000001,2.1,1.1,35.523,0.849,80,paint,0.6,6.4035,1,
14.100000000000001,2.1,1.3,36.025,0.535,49,paint,0.6,6.9855,1,
14.100000000000001,2.1,1.5,36.306,0.537,23,paint,0.6,7.3113,1,
14.100000000000001,2.1,1.7000000000000002,36.645,0.613,8,paint,0.6,7.7043,1,
14.100000000000001,2.1,1.9000000000000001,37.022,1.2,3,paint,0.6,8.1414,0,solar_possible
14.3,-0.7000000000000001,-0.30000000000000004,35.074,0.23,116,concrete,0.65,5.8829,1,
14.3,-0.7000000000000001,-0.1,35.099,0.252,166,concrete,0.65,5.9119,1,
14.3,-0.7000000000000001,0.1,35.216,0.308,84,paint,0.6,6.0475,1,
14.3,-0.7000000000000001,0.30000000000000004,35.644,0.437,63,paint,0.6,6.5438,1,
14.3,-0.7000000000000001,0.5,36.105,0.58,75,paint,0.6,7.0783,1,
14.3,-0.7000000000000001,0.7000000000000001,36.404,0.635,96,paint,0.6,7.4249,1,
14.3,-0.7000000000000001,0.9,36.45,0.649,86,paint,0.6,7.4783,1,
14.3,-0.7000000000000001,1.1,36.289,0.675,43,glass,0.1,7.2916,1,
14.3,-0.7000000000000001,1.3,36.361,0.428,11,paint,0.6,7.3751,1,
14.3,-0.7000000000000001,1.5,36.072,0.091,3,paint,0.6,7.04,1,
14.3,-0.7000000000000001,1.9000000000000001,35.039,0.424,14,paint,0.6,5.8423,1,
14.3,-0.5,-0.30000000000000004,35.096,0.384,80,concrete,0.65,5.9084,1,
14.3,-0.5,1.9000000000000001,34.463,0.467,46,paint,0.6,5.1745,1,
14.3,-0.30000000000000004,-0.30000000000000004,35.265,0.614,108,concrete,0.65,6.1043,1,
14.3,-0.30000000000000004,1.9000000000000001,34.886,0.587,46,paint,0.6,5.6649,1,
14.3,-0.1,-0.30000000000000004,35.551,0.88,128,concrete,0.65,6.4359,1,
14.3,-0.1,1.9000000000000001,35.09,0.514,52,paint,0.6,5.9014,1,
14.3,0.1,-0.30000000000000004,35.76,1.162,122,concrete,0.65,6.6783,1,
14.3,0.1,1.9000000000000001,35.171,0.607,50,paint,0.6,5.9954,1,
14.3,0.30000000000000004,-0.30000000000000004,36.054,1.136,100,concrete,0.65,7.0191,1,
14.3,0.30000000000000004,1.9000000000000001,35.277,0.62,49,paint,0.6,6.1183,1,
14.3,0.5,-0.30000000000000004,36.528,0.875,111,concrete,0.65,7.5687,1,
14.3,0.5,1.9000000000000001,35.296,0.616,49,paint,0.6,6.1403,1,
14.3,0.7000000000000001,-0.30000000000000004,36.704,0.992,94,concrete,0.65,7.7728,1,
14.3,0.7000000000000001,1.9000000000000001,35.264,0.631,54,paint,0.6,6.1032,1,
14.3,0.9,-0.30000000000000004,36.54,0.813,111,concrete,0.65,7.5826,1,
14.3,0.9,1.9000000000000001,35.2,0.599,54,paint,0.6,6.029,1,
14.3,1.1,-0.30000000000000004,35.914,0.808,109,concrete,0.65,6.8568,1,
14.3,1.1,1.9000000000000001,35.175,0.578,57,paint,0.6,6.0,1,
14.3,1.3,-0.30000000000000004,35.075,0.657,125,concrete,0.65,5.8841,1,
14.3,1.3,1.9000000000000001,34.998,0.601,50,paint,0.6,5.7948,1,
14.3,1.5,-0.30000000000000004,35.042,0.543,139,concrete,0.65,5.8458,1,
14.3,1.5,1.9000000000000001,34.783,0.69,51,paint,0.6,5.5455,1,
14.3,1.7000000000000002,-0.30000000000000004,34.642,0.659,82,concrete,0.65,5.382,1,
14.3,1.7000000000000002,1.9000000000000001,34.874,0.666,53,paint,0.6,5.651,1,
14.3,1.9000000000000001,-0.30000000000000004,34.551,0.581,63,concrete,0.65,5.2765,1,
14.3,1.9000000000000001,1.9000000000000001,35.791,1.023,51,paint,0.6,6.7142,1,
14.3,2.1,-0.30000000000000004,34.549,0.377,145,concrete,0.65,5.2742,1,
14.3,2.1,-0.1,34.435,0.567,525,paint,0.6,5.142,1,
14.3,2.1,0.1,34.231,0.78,279,paint,0.6,4.9055,1,
14.3,2.1,0.30000000000000004,34.654,0.732,223,paint,0.6,5.3959,1,
14.3,2.1,0.5,35.201,0.728,161,paint,0.6,6.0301,1,
14.3,2.1,0.7000000000000001,35.476,0.75,178,paint,0.6,6.349,1,
14.3,2.1,0.9,35.414,0.845,101,paint,0.6,6.2771,1,
14.3,2.1,1.1,35.308,0.974,63,paint,0.6,6.1542,1,
14.3,2.1,1.3,35.704,0.668,39,paint,0.6,6.6133,1,
14.3,2.1,1.5,36.552,0.685,23,paint,0.6,7.5965,1,
14.3,2.1,1.7000000000000002,36.989,1.168,4,cardboard,0.75,8.1032,0,implausible
14.3,2.1,1.9000000000000001,37.026,1.282,9,paint,0.6,8.1461,0,solar_possible
14.3,2.9000000000000004,1.9000000000000001,36.883,0.0,1,glass,0.1,7.9803,1,
14.3,3.1,1.9000000000000001,36.214,0.0,1,glass,0.1,7.2046,1,
14.5,-0.7000000000000001,-0.30000000000000004,35.114,0.216,149,concrete,0.65,5.9293,1,
14.5,-0.7000000000000001,-0.1,35.092,0.302,182,concrete,0.65,5.9038,1,
14.5,-0.7000000000000001,0.1,35.232,0.389,110,paint,0.6,6.0661,1,
14.5,-0.7000000000000001,0.30000000000000004,35.587,0.529,100,paint,0.6,6.4777,1,
14.5,-0.7000000000000001,0.5,36.069,0.634,79,paint,0.6,7.0365,1,
14.5,-0.7000000000000001,0.7000000000000001,36.392,0.651,86,paint,0.6,7.411,1,
14.5,-0.7000000000000001,0.9,36.345,0.697,94,paint,0.6,7.3565,1,
14.5,-0.7000000000000001,1.1,36.364,0.752,42,glass,0.1,7.3786,1,
14.5,-0.7000000000000001,1.3,36.539,0.36,13,paint,0.6,7.5814,1,
14.5,-0.7000000000000001,1.5,36.064,0.0,1,paint,0.6,7.0307,1,
14.5,-0.7000000000000001,1.9000000000000001,35.929,1.082,19,paint,0.6,6.8742,1,
14.5,-0.5,-0.30000000000000004,35.159,0.308,105,concrete,0.65,5.9814,1,
14.5,-0.5,1.9000000000000001,34.481,0.63,44,paint,0.6,5.1954,1,
14.5,-0.30000000000000004,-0.30000000000000004,35.204,0.543,136,concrete,0.65,6.0336,1,
14.5,-0.30000000000000004,1.9000000000000001,34.79,0.584,42,paint,0.6,5.5536,1,
14.5,-0.1,-0.30000000000000004,35.466,1.076,120,concrete,0.65,6.3374,1,
14.5,-0.1,1.9000000000000001,34.87,0.514,42,paint,0.6,5.6464,1,
14.5,0.1,-0.30000000000000004,36.112,1.116,99,concrete,0.65,7.0864,1,
14.5,0.1,1.9000000000000001,35.175,0.625,41,paint,0.6,6.0,1,
14.5,0.30000000000000004,-0.30000000000000004,36.334,1.074,115,concrete,0.65,7.3438,1,
14.5,0.30000000000000004,1.9000000000000001,35.174,0.578,42,paint,0.6,5.9988,1,
14.5,0.5,-0.30000000000000004,36.539,1.054,116,concrete,0.65,7.5814,1,
14.5,0.5,1.9000000000000001,35.218,0.562,39,paint,0.6,6.0499,1,
14.5,0.7000000000000001,-0.30000000000000004,36.748,0.903,104,concrete,0.65,7.8238,1,
14.5,0.7000000000000001,1.9000000000000001,35.265,0.633,37,paint,0.6,6.1043,1,
14.5,0.9,-0.30000000000000004,36.565,0.698,139,concrete,0.65,7.6116,1,
14.5,0.9,1.9000000000000001,34.992,0.596,46,paint,0.6,5.7878,1,
14.5,1.1,-0.30000000000000004,35.922,0.894,144,concrete,0.65,6.8661,1,
14.5,1.1,1.9000000000000001,35.033,0.585,45,paint,0.6,5.8354,1,
14.5,1.3,-0.30000000000000004,35.14,0.635,139,concrete,0.65,5.9594,1,
14.5,1.3,1.9000000000000001,34.836,0.651,53,paint,0.6,5.607,1,
14.5,1.5,-0.30000000000000004,35.067,0.646,139,concrete,0.65,5.8748,1,
14.5,1.5,1.9000000000000001,34.558,0.478,48,paint,0.6,5.2846,1,
14.5,1.7000000000000002,-0.30000000000000004,34.959,0.563,122,concrete,0.65,5.7496,1,
14.5,1.7000000000000002,1.9000000000000001,34.925,0.659,50,paint,0.6,5.7101,1,
14.5,1.9000000000000001,-0.30000000000000004,34.716,0.558,83,concrete,0.65,5.4678,1,
14.5,1.9000000000000001,1.9000000000000001,35.688,1.032,51,paint,0.6,6.5948,1,
14.5,2.1,-0.30000000000000004,34.576,0.369,169,concrete,0.65,5.3055,1,
14.5,2.1,-0.1,34.413,0.53,504,paint,0.6,5.1165,1,
14.5,2.1,0.1,34.271,0.734,269,paint,0.6,4.9519,1,
14.5,2.1,0.30000000000000004,34.607,0.746,213,paint,0.6,5.3414,1,
14.5,2.1,0.5,35.197,0.761,219,paint,0.6,6.0255,1,
14.5,2.1,0.7000000000000001,35.523,0.79,215,paint,0.6,6.4035,1,
14.5,2.1,0.9,35.402,0.823,159,paint,0.6,6.2632,1,
14.5,2.1,1.1,35.443,0.923,86,paint,0.6,6.3107,1,
14.5,2.1,1.3,35.898,0.643,51,paint,0.6,6.8383,1,
14.5,2.1,1.5,36.486,0.792,34,paint,0.6,7.52,1,
14.5,2.1,1.7000000000000002,36.65,1.001,5,paint,0.6,7.7101,1,
14.5,2.1,1.9000000000000001,36.512,1.166,15,paint,0.6,7.5501,1,
14.700000000000001,-0.7000000000000001,-0.30000000000000004,35.128,0.217,116,concrete,0.65,5.9455,1,
14.700000000000001,-0.7000000000000001,-0.1,35.166,0.281,173,concrete,0.65,5.9896,1,
14.700000000000001,-0.7000000000000001,0.1,35.247,0.39,99,paint,0.6,6.0835,1,
14.700000000000001,-0.7000000000000001,0.30000000000000004,35.709,0.486,79,paint,0.6,6.6191,1,
14.700000000000001,-0.7000000000000001,0.5,36.125,0.642,74,paint,0.6,7.1014,1,
14.700000000000001,-0.7000000000000001,0.7000000000000001,36.524,0.618,70,paint,0.6,7.5641,1,
14.700000000000001,-0.7000000000000001,0.9,36.489,0.703,77,paint,0.6,7.5235,1,
14.700000000000001,-0.7000000000000001,1.1,36.442,0.725,50,glass,0.1,7.469,1,
14.700000000000001,-0.7000000000000001,1.3,36.095,0.628,28,paint,0.6,7.0667,1,
14.700000000000001,-0.7000000000000001,1.5,36.369,0.225,4,paint,0.6,7.3843,1,
14.700000000000001,-0.7000000000000001,1.7000000000000002,36.02,0.0,1,paint,0.6,6.9797,1,
14.700000000000001,-0.7000000000000001,1.9000000000000001,35.498,1.105,30,paint,0.6,6.3745,1,
14.700000000000001,-0.5,-0.30000000000000004,35.244,0.239,94,concrete,0.65,6.08,1,
14.700000000000001,-0.5,1.9000000000000001,34.681,0.857,69,paint,0.6,5.4272,1,
14.700000000000001,-0.30000000000000004,-0.30000000000000004,35.38,0.496,124,concrete,0.65,6.2377,1,
14.700000000000001,-0.30000000000000004,1.9000000000000001,34.801,0.705,66,paint,0.6,5.5664,1,
14.700000000000001,-0.1,-0.30000000000000004,35.37,1.025,134,concrete,0.65,6.2261,1,
14.700000000000001,-0.1,1.9000000000000001,34.976,0.624,65,paint,0.6,5.7693,1,
14.700000000000001,0.1,-0.30000000000000004,35.694,1.221,125,concrete,0.65,6.6017,1,
14.700000000000001,0.1,1.9000000000000001,35.141,0.641,63,paint,0.6,5.9606,1,
14.700000000000001,0.30000000000000004,-0.30000000000000004,36.108,1.174,124,concrete,0.65,7.0817,1,
14.700000000000001,0.30000000000000004,1.9000000000000001,35.269,0.668,66,paint,0.6,6.109,1,
14.700000000000001,0.5,-0.30000000000000004,36.614,0.969,121,concrete,0.65,7.6684,1,
14.700000000000001,0.5,1.9000000000000001,35.277,0.615,62,paint,0.6,6.1183,1,
14.700000000000001,0.7000000000000001,-0.30000000000000004,36.771,0.792,139,concrete,0.65,7.8504,1,
14.700000000000001,0.7000000000000001,1.9000000000000001,35.289,0.702,68,paint,0.6,6.1322,1,
14.700000000000001,0.9,-0.30000000000000004,36.522,0.697,121,concrete,0.65,7.5617,1,
14.700000000000001,0.9,1.9000000000000001,35.197,0.671,57,paint,0.6,6.0255,1,
14.700000000000001,1.1,-0.30000000000000004,35.974,1.068,91,concrete,0.65,6.9264,1,
14.700000000000001,1.1,1.9000000000000001,35.132,0.599,52,paint,0.6,5.9501,1,
14.700000000000001,1.3,-0.30000000000000004,35.1,0.729,76,concrete,0.65,5.913,1,
14.700000000000001,1.3,1.9000000000000001,35.005,0.66,47,paint,0.6,5.8029,1,
14.700000000000001,1.5,-0.30000000000000004,35.103,0.6,92,concrete,0.65,5.9165,1,
14.700000000000001,1.5,1.9000000000000001,34.678,0.584,52,paint,0.6,5.4238,1,
14.700000000000001,1.7000000000000002,-0.30000000000000004,34.68,0.768,131,concrete,0.65,5.4261,1,
14.700000000000001,1.7000000000000002,1.9000000000000001,34.707,0.576,41,paint,0.6,5.4574,1,
14.700000000000001,1.9000000000000001,-0.30000000000000004,34.528,0.648,122,concrete,0.65,5.2499,1,
14.700000000000001,1.9000000000000001,1.9000000000000001,35.511,1.026,41,paint,0.6,6.3896,1,
14.700000000000001,2.1,-0.30000000000000004,34.532,0.409,185,concrete,0.65,5.2545,1,
14.700000000000001,2.1,-0.1,34.419,0.578,496,paint,0.6,5.1235,1,
14.700000000000001,2.1,0.1,34.202,0.781,266,paint,0.6,4.8719,1,
14.700000000000001,2.1,0.30000000000000004,34.594,0.842,201,paint,0.6,5.3264,1,
14.700000000000001,2.1,0.5,35.121,0.876,195,paint,0.6,5.9374,1,
14.700000000000001,2.1,0.7000000000000001,35.491,0.887,235,paint,0.6,6.3664,1,
14.700000000000001,2.1,0.9,35.516,0.864,150,paint,0.6,6.3954,1,
14.700000000000001,2.1,1.1,35.288,0.917,89,paint,0.6,6.131,1,
14.700000000000001,2.1,1.3,35.84,0.829,67,paint,0.6,6.771,1,
14.700000000000001,2.1,1.5,36.284,0.721,43,paint,0.6,7.2858,1,
14.700000000000001,2.1,1.7000000000000002,36.586,1.035,35,paint,0.6,7.6359,1,
14.700000000000001,2.1,1.9000000000000001,36.14,1.034,22,paint,0.6,7.1188,1,
14.9,-0.7000000000000001,-0.30000000000000004,35.191,0.234,126,concrete,0.65,6.0186,1,
14.9,-0.7000000000000001,-0.1,35.135,0.297,168,concrete,0.65,5.9536,1,
14.9,-0.7000000000000001,0.1,35.301,0.406,93,paint,0.6,6.1461,1,
14.9,-0.7000000000000001,0.30000000000000004,35.677,0.535,77,paint,0.6,6.582,1,
14.9,-0.7000000000000001,0.5,36.087,0.659,67,paint,0.6,7.0574,1,
14.9,-0.7000000000000001,0.7000000000000001,36.496,0.664,79,paint,0.6,7.5316,1,
14.9,-0.7000000000000001,0.9,36.457,0.741,93,paint,0.6,7.4864,1,
14.9,-0.7000000000000001,1.1,36.302,0.772,57,paint,0.6,7.3067,1,
14.9,-0.7000000000000001,1.3,36.425,0.489,23,paint,0.6,7.4493,1,
14.9,-0.7000000000000001,1.5,36.333,0.505,11,paint,0.6,7.3426,1,
14.9,-0.7000000000000001,1.9000000000000001,36.002,1.272,18,paint,0.6,6.9588,1,
14.9,-0.5,-0.30000000000000004,35.215,0.335,59,concrete,0.65,6.0464,1,
14.9,-0.5,1.9000000000000001,34.899,1.021,37,paint,0.6,5.68,1,
14.9,-0.30000000000000004,-0.30000000000000004,35.351,0.646,69,concrete,0.65,6.2041,1,
14.9,-0.30000000000000004,1.9000000000000001,34.68,0.708,35,paint,0.6,5.4261,1,
14.9,-0.1,-0.30000000000000004,35.778,0.869,109,concrete,0.65,6.6991,1,
14.9,-0.1,1.9000000000000001,34.957,0.584,36,paint,0.6,5.7472,1,
14.9,0.1,-0.30000000000000004,35.985,1.136,112,concrete,0.65,6.9391,1,
14.9,0.1,1.9000000000000001,35.133,0.67,35,paint,0.6,5.9513,1,
14.9,0.30000000000000004,-0.30000000000000004,36.016,1.165,105,concrete,0.65,6.9751,1,
14.9,0.30000000000000004,1.9000000000000001,35.147,0.647,34,paint,0.6,5.9675,1,
14.9,0.5,-0.30000000000000004,36.581,0.958,114,concrete,0.65,7.6301,1,
14.9,0.5,1.9000000000000001,35.266,0.702,36,paint,0.6,6.1055,1,
14.9,0.7000000000000001,-0.30000000000000004,36.627,0.769,89,concrete,0.65,7.6835,1,
14.9,0.7000000000000001,1.9000000000000001,35.238,0.76,36,paint,0.6,6.073,1,
14.9,0.9,-0.30000000000000004,36.547,0.671,117,concrete,0.65,7.5907,1,
14.9,0.9,1.9000000000000001,35.152,0.712,35,paint,0.6,5.9733,1,
14.9,1.1,-0.30000000000000004,35.877,1.015,111,concrete,0.65,6.8139,1,
14.9,1.1,1.9000000000000001,35.138,0.681,37,paint,0.6,5.9571,1,
14.9,1.3,-0.30000000000000004,34.793,0.685,132,concrete,0.65,5.5571,1,
14.9,1.3,1.9000000000000001,34.969,0.713,34,paint,0.6,5.7612,1,
14.9,1.5,-0.30000000000000004,34.705,0.685,110,concrete,0.65,5.4551,1,
14.9,1.5,1.9000000000000001,34.681,0.598,32,paint,0.6,5.4272,1,
14.9,1.7000000000000002,-0.30000000000000004,34.908,0.697,92,concrete,0.65,5.6904,1,
14.9,1.7000000000000002,1.9000000000000001,34.931,0.606,37,paint,0.6,5.7171,1,
14.9,1.9000000000000001,-0.30000000000000004,34.552,0.753,89,concrete,0.65,5.2777,1,
14.9,1.9000000000000001,1.9000000000000001,35.625,1.035,41,paint,0.6,6.5217,1,
14.9,2.1,-0.30000000000000004,34.512,0.501,224,concrete,0.65,5.2313,1,
14.9,2.1,-0.1,34.387,0.635,542,paint,0.6,5.0864,1,
14.9,2.1,0.1,34.259,0.769,287,paint,0.6,4.938,1,
14.9,2.1,0.30000000000000004,34.545,0.882,222,paint,0.6,5.2696,1,
14.9,2.1,0.5,35.162,0.967,217,paint,0.6,5.9849,1,
14.9,2.1,0.7000000000000001,35.471,1.001,234,paint,0.6,6.3432,1,
14.9,2.1,0.9,35.544,0.92,162,paint,0.6,6.4278,1,
14.9,2.1,1.1,35.414,0.933,109,paint,0.6,6.2771,1,
14.9,2.1,1.3,35.762,0.859,81,paint,0.6,6.6806,1,
14.9,2.1,1.5,36.422,0.847,44,paint,0.6,7.4458,1,
14.9,2.1,1.7000000000000002,36.346,0.923,41,paint,0.6,7.3577,1,
14.9,2.1,1.9000000000000001,36.364,1.132,24,paint,0.6,7.3786,1,
14.9,2.9000000000000004,1.9000000000000001,36.013,0.0,1,paint,0.6,6.9716,1,
15.100000000000001,-0.7000000000000001,-0.30000000000000004,35.182,0.254,124,concrete,0.65,6.0081,1,
15.100000000000001,-0.7000000000000001,-0.1,35.162,0.28,119,concrete,0.65,5.9849,1,
15.100000000000001,-0.7000000000000001,0.1,35.269,0.415,66,paint,0.6,6.109,1,
15.100000000000001,-0.7000000000000001,0.30000000000000004,35.811,0.523,46,paint,0.6,6.7374,1,
15.100000000000001,-0.7000000000000001,0.5,36.152,0.703,52,paint,0.6,7.1328,1,
15.100000000000001,-0.7000000000000001,0.7000000000000001,36.497,0.699,62,paint,0.6,7.5328,1,
15.100000000000001,-0.7000000000000001,0.9,36.536,0.703,61,paint,0.6,7.578,1,
15.100000000000001,-0.7000000000000001,1.1,36.374,0.773,32,paint,0.6,7.3901,1,
15.100000000000001,-0.7000000000000001,1.3,36.39,0.625,17,paint,0.6,7.4087,1,
15.100000000000001,-0.7000000000000001,1.5,36.43,0.499,7,cardboard,0.75,7.4551,1,
15.100000000000001,-0.7000000000000001,1.7000000000000002,35.674,0.027,2,paint,0.6,6.5786,1,
15.100000000000001,-0.7000000000000001,1.9000000000000001,35.715,0.971,19,paint,0.6,6.6261,1,
15.100000000000001,-0.5,-0.30000000000000004,35.197,0.282,91,concrete,0.65,6.0255,1,
15.100000000000001,-0.5,1.9000000000000001,34.948,0.885,35,paint,0.6,5.7368,1,
15.100000000000001,-0.30000000000000004,-0.30000000000000004,35.298,0.424,81,concrete,0.65,6.1426,1,
15.100000000000001,-0.30000000000000004,1.9000000000000001,35.134,0.804,33,paint,0.6,5.9525,1,
15.100000000000001,-0.1,-0.30000000000000004,35.349,0.961,68,concrete,0.65,6.2017,1,
15.100000000000001,-0.1,1.9000000000000001,35.204,0.727,37,paint,0.6,6.0336,1,
15.100000000000001,0.1,-0.30000000000000004,35.521,1.14,73,concrete,0.65,6.4012,1,
15.100000000000001,0.1,1.9000000000000001,35.343,0.78,43,paint,0.6,6.1948,1,
15.100000000000001,0.30000000000000004,-0.30000000000000004,36.161,1.138,86,concrete,0.65,7.1432,1,
15.100000000000001,0.30000000000000004,1.9000000000000001,35.48,0.838,37,paint,0.6,6.3536,1,
15.100000000000001,0.5,-0.30000000000000004,36.622,0.94,100,concrete,0.65,7.6777,1,
15.100000000000001,0.5,1.9000000000000001,35.533,0.83,35,paint,0.6,6.4151,1,
15.100000000000001,0.7000000000000001,-0.30000000000000004,36.6,0.875,117,concrete,0.65,7.6522,1,
15.100000000000001,0.7000000000000001,1.9000000000000001,35.508,0.826,29,paint,0.6,6.3861,1,
15.100000000000001,0.9,-0.30000000000000004,36.551,0.629,99,concrete,0.65,7.5954,1,
15.100000000000001,0.9,1.9000000000000001,35.447,0.843,28,paint,0.6,6.3154,1,
15.100000000000001,1.1,-0.30000000000000004,36.13,0.756,103,concrete,0.65,7.1072,1,
15.100000000000001,1.1,1.9000000000000001,35.292,0.805,36,paint,0.6,6.1357,1,
15.100000000000001,1.3,-0.30000000000000004,35.421,0.727,103,concrete,0.65,6.2852,1,
15.100000000000001,1.3,1.9000000000000001,35.094,0.788,42,paint,0.6,5.9061,1,
15.100000000000001,1.5,-0.30000000000000004,35.118,0.585,91,concrete,0.65,5.9339,1,
15.100000000000001,1.5,1.9000000000000001,34.747,0.633,37,paint,0.6,5.5038,1,
15.100000000000001,1.7000000000000002,-0.30000000000000004,34.842,0.791,99,concrete,0.65,5.6139,1,
15.100000000000001,1.7000000000000002,1.9000000000000001,34.811,0.622,31,paint,0.6,5.578,1,
15.100000000000001,1.9000000000000001,-0.30000000000000004,34.491,0.738,79,concrete,0.65,5.207,1,
15.100000000000001,1.9000000000000001,1.9000000000000001,35.281,0.84,28,paint,0.6,6.1229,1,
15.100000000000001,2.1,-0.30000000000000004,34.44,0.574,195,concrete,0.65,5.1478,1,
15.100000000000001,2.1,-0.1,34.192,0.824,497,paint,0.6,4.8603,1,
15.100000000000001,2.1,0.1,34.012,0.939,270,paint,0.6,4.6516,1,
15.100000000000001,2.1,0.30000000000000004,34.318,0.981,219,paint,0.6,5.0064,1,
15.100000000000001,2.1,0.5,34.974,1.085,211,paint,0.6,5.767,1,
15.100000000000001,2.1,0.7000000000000001,35.284,1.137,230,paint,0.6,6.1264,1,
15.100000000000001,2.1,0.9,35.564,1.002,162,paint,0.6,6.451,1,
15.100000000000001,2.1,1.1,35.552,1.066,99,paint,0.6,6.4371,1,
15.100000000000001,2.1,1.3,35.698,0.953,62,paint,0.6,6.6064,1,
15.100000000000001,2.1,1.5,36.233,0.611,58,paint,0.6,7.2267,1,
15.100000000000001,2.1,1.7000000000000002,36.108,0.747,30,paint,0.6,7.0817,1,
15.100000000000001,2.1,1.9000000000000001,35.965,1.07,17,paint,0.6,6.9159,1,
15.3,-0.7000000000000001,-0.30000000000000004,35.181,0.284,168,concrete,0.65,6.007,1,
15.3,-0.7000000000000001,-0.1,35.167,0.305,171,concrete,0.65,5.9907,1,
15.3,-0.7000000000000001,0.1,35.308,0.431,101,paint,0.6,6.1542,1,
15.3,-0.7000000000000001,0.30000000000000004,35.685,0.575,90,paint,0.6,6.5913,1,
15.3,-0.7000000000000001,0.5,36.187,0.657,80,paint,0.6,7.1733,1,
15.3,-0.7000000000000001,0.7000000000000001,36.471,0.729,80,paint,0.6,7.5026,1,
15.3,-0.7000000000000001,0.9,36.525,0.746,94,paint,0.6,7.5652,1,
15.3,-0.7000000000000001,1.1,36.368,0.738,68,paint,0.6,7.3832,1,
15.3,-0.7000000000000001,1.3,36.081,0.664,43,paint,0.6,7.0504,1,
15.3,-0.7000000000000001,1.5,36.221,0.447,18,paint,0.6,7.2128,1,
15.3,-0.7000000000000001,1.7000000000000002,36.343,0.568,13,paint,0.6,7.3542,1,
15.3,-0.7000000000000001,1.9000000000000001,35.872,1.357,20,paint,0.6,6.8081,1,
15.3,-0.5,-0.30000000000000004,35.095,0.364,62,concrete,0.65,5.9072,1,
15.3,-0.5,1.9000000000000001,34.963,1.139,36,paint,0.6,5.7542,1,
15.3,-0.30000000000000004,-0.30000000000000004,35.17,0.694,85,concrete,0.65,5.9942,1,
15.3,-0.30000000000000004,1.9000000000000001,34.771,0.792,25,paint,0.6,5.5316,1,
15.3,-0.1,-0.30000000000000004,35.358,1.033,119,concrete,0.65,6.2122,1,
15.3,-0.1,1.9000000000000001,34.982,0.858,27,paint,0.6,5.7762,1,
15.3,0.1,-0.30000000000000004,35.946,1.182,76,concrete,0.65,6.8939,1,
15.3,0.1,1.9000000000000001,35.246,0.858,29,paint,0.6,6.0823,1,
15.3,0.30000000000000004,-0.30000000000000004,36.344,1.13,79,concrete,0.65,7.3554,1,
15.3,0.30000000000000004,1.9000000000000001,35.369,0.841,31,paint,0.6,6.2249,1,
15.3,0.5,-0.30000000000000004,36.652,1.038,79,concrete,0.65,7.7125,1,
15.3,0.5,1.9000000000000001,35.268,0.853,35,paint,0.6,6.1078,1,
15.3,0.7000000000000001,-0.30000000000000004,36.888,0.932,67,concrete,0.65,7.9861,1,
15.3,0.7000000000000001,1.9000000000000001,35.157,0.815,36,paint,0.6,5.9791,1,
15.3,0.9,-0.30000000000000004,36.724,0.649,71,concrete,0.65,7.7959,1,
15.3,0.9,1.9000000000000001,35.255,0.824,34,paint,0.6,6.0928,1,
15.3,1.1,-0.30000000000000004,36.168,0.692,94,concrete,0.65,7.1513,1,
15.3,1.1,1.9000000000000001,35.188,0.719,23,paint,0.6,6.0151,1,
15.3,1.3,-0.30000000000000004,35.451,0.893,133,concrete,0.65,6.32,1,
15.3,1.3,1.9000000000000001,35.275,0.678,17,paint,0.6,6.1159,1,
15.3,1.5,-0.30000000000000004,34.979,0.697,123,concrete,0.65,5.7728,1,
15.3,1.5,1.9000000000000001,34.862,0.683,19,paint,0.6,5.6371,1,
15.3,1.7000000000000002,-0.30000000000000004,34.942,0.852,174,concrete,0.65,5.7299,1,
15.3,1.7000000000000002,1.9000000000000001,34.826,0.562,20,paint,0.6,5.5954,1,
15.3,1.9000000000000001,-0.30000000000000004,34.554,0.775,198,concrete,0.65,5.28,1,
15.3,1.9000000000000001,1.9000000000000001,35.111,0.655,19,paint,0.6,5.9258,1,
15.3,2.1,-0.30000000000000004,34.344,0.684,232,concrete,0.65,5.0365,1,
15.3,2.1,-0.1,34.022,1.0,535,paint,0.6,4.6632,1,
15.3,2.1,0.1,33.919,1.127,294,paint,0.6,4.5438,1,
15.3,2.1,0.30000000000000004,34.333,1.152,225,paint,0.6,5.0238,1,
15.3,2.1,0.5,34.958,1.232,211,paint,0.6,5.7484,1,
15.3,2.1,0.7000000000000001,35.399,1.305,260,paint,0.6,6.2597,1,
15.3,2.1,0.9,35.681,1.062,159,paint,0.6,6.5867,1,
15.3,2.1,1.1,35.56,0.965,108,paint,0.6,6.4464,1,
15.3,2.1,1.3,35.705,0.965,91,paint,0.6,6.6145,1,
15.3,2.1,1.5,36.106,0.667,55,paint,0.6,7.0794,1,
15.3,2.1,1.7000000000000002,36.02,0.847,33,paint,0.6,6.9797,1,
15.3,2.1,1.9000000000000001,36.152,1.116,16,paint,0.6,7.1328,1,
15.5,-0.9,1.7000000000000002,35.619,0.0,1,paint,0.6,6.5148,1,
15.5,-0.7000000000000001,-0.30000000000000004,35.162,0.267,170,concrete,0.65,5.9849,1,
15.5,-0.7000000000000001,-0.1,35.147,0.334,165,concrete,0.65,5.9675,1,
15.5,-0.7000000000000001,0.1,35.22,0.469,102,paint,0.6,6.0522,1,
15.5,-0.7000000000000001,0.30000000000000004,35.695,0.579,89,paint,0.6,6.6029,1,
15.5,-0.7000000000000001,0.5,36.016,0.738,79,paint,0.6,6.9751,1,
15.5,-0.7000000000000001,0.7000000000000001,36.487,0.695,88,paint,0.6,7.5212,1,
15.5,-0.7000000000000001,0.9,36.415,0.785,80,paint,0.6,7.4377,1,
15.5,-0.7000000000000001,1.1,36.331,0.753,64,paint,0.6,7.3403,1,
15.5,-0.7000000000000001,1.3,36.305,0.653,35,glass,0.1,7.3101,1,
15.5,-0.7000000000000001,1.5,36.422,0.716,16,paint,0.6,7.4458,1,
15.5,-0.7000000000000001,1.7000000000000002,36.209,0.793,7,paint,0.6,7.1988,1,
15.5,-0.7000000000000001,1.9000000000000001,34.971,0.493,17,paint,0.6,5.7635,1,
15.5,-0.5,-0.30000000000000004,35.159,0.324,122,concrete,0.65,5.9814,1,
15.5,-0.5,1.9000000000000001,34.635,0.559,20,paint,0.6,5.3739,1,
15.5,-0.30000000000000004,-0.30000000000000004,35.202,0.544,140,concrete,0.65,6.0313,1,
15.5,-0.30000000000000004,1.9000000000000001,35.0,0.692,24,paint,0.6,5.7971,1,
15.5,-0.1,-0.30000000000000004,35.64,0.911,121,concrete,0.65,6.5391,1,
15.5,-0.1,1.9000000000000001,35.189,0.611,22,paint,0.6,6.0162,1,
15.5,0.1,-0.30000000000000004,36.127,1.088,162,concrete,0.65,7.1038,1,
15.5,0.1,1.9000000000000001,35.469,0.697,21,paint,0.6,6.3409,1,
15.5,0.30000000000000004,-0.30000000000000004,36.311,1.096,164,concrete,0.65,7.3171,1,
15.5,0.30000000000000004,1.9000000000000001,35.404,0.767,20,paint,0.6,6.2655,1,
15.5,0.5,-0.30000000000000004,36.422,0.918,157,concrete,0.65,7.4458,1,
15.5,0.5,1.9000000000000001,35.582,0.808,23,paint,0.6,6.4719,1,
15.5,0.7000000000000001,-0.30000000000000004,36.488,0.961,158,concrete,0.65,7.5223,1,
15.5,0.7000000000000001,1.9000000000000001,35.522,0.756,26,paint,0.6,6.4023,1,
15.5,0.9,-0.30000000000000004,36.558,0.672,191,concrete,0.65,7.6035,1,
15.5,0.9,1.9000000000000001,35.398,0.731,26,paint,0.6,6.2586,1,
15.5,1.1,-0.30000000000000004,36.181,0.84,185,concrete,0.65,7.1664,1,
15.5,1.1,1.9000000000000001,35.469,0.802,26,paint,0.6,6.3409,1,
15.5,1.3,-0.30000000000000004,35.481,1.038,207,concrete,0.65,6.3548,1,
15.5,1.3,1.9000000000000001,35.37,0.892,24,paint,0.6,6.2261,1,
15.5,1.5,-0.30000000000000004,34.849,0.761,220,concrete,0.65,5.622,1,
15.5,1.5,1.9000000000000001,34.947,0.693,29,paint,0.6,5.7357,1,
15.5,1.7000000000000002,-0.30000000000000004,34.896,0.809,197,concrete,0.65,5.6765,1,
15.5,1.7000000000000002,1.9000000000000001,34.837,0.619,29,paint,0.6,5.6081,1,
15.5,1.9000000000000001,-0.30000000000000004,34.485,0.746,149,concrete,0.65,5.2,1,
15.5,1.9000000000000001,1.9000000000000001,35.401,0.929,38,paint,0.6,6.262,1,
15.5,2.1,-0.30000000000000004,34.4,0.732,228,concrete,0.65,5.1014,1,
15.5,2.1,-0.1,33.921,1.04,544,paint,0.6,4.5461,1,
15.5,2.1,0.1,33.907,1.157,307,paint,0.6,4.5299,1,
15.5,2.1,0.30000000000000004,34.277,1.196,230,paint,0.6,4.9588,1,
15.5,2.1,0.5,34.84,1.255,213,paint,0.6,5.6116,1,
15.5,2.1,0.7000000000000001,35.304,1.23,254,paint,0.6,6.1496,1,
15.5,2.1,0.9,35.662,1.015,167,paint,0.6,6.5646,1,
15.5,2.1,1.1,35.604,1.004,113,paint,0.6,6.4974,1,
15.5,2.1,1.3,35.54,1.024,70,paint,0.6,6.4232,1,
15.5,2.1,1.5,36.32,0.947,40,paint,0.6,7.3275,1,
15.5,2.1,1.7000000000000002,35.951,0.837,49,paint,0.6,6.8997,1,
15.5,2.1,1.9000000000000001,36.105,1.175,27,paint,0.6,7.0783,1,
15.5,2.3000000000000003,1.7000000000000002,35.735,0.0,1,paint,0.6,6.6493,1,
15.5,2.3000000000000003,1.9000000000000001,36.505,1.236,3,paint,0.6,7.542,1,
15.5,2.9000000000000004,1.9000000000000001,35.521,0.008,2,paint,0.6,6.4012,1,
15.700000000000001,-0.7000000000000001,-0.30000000000000004,35.153,0.295,163,concrete,0.65,5.9745,1,
15.700000000000001,-0.7000000000000001,-0.1,35.206,0.335,201,concrete,0.65,6.0359,1,
15.700000000000001,-0.7000000000000001,0.1,35.323,0.51,111,paint,0.6,6.1716,1,
15.700000000000001,-0.7000000000000001,0.30000000000000004,35.694,0.616,92,paint,0.6,6.6017,1,
15.700000000000001,-0.7000000000000001,0.5,36.205,0.698,84,paint,0.6,7.1942,1,
15.700000000000001,-0.7000000000000001,0.7000000000000001,36.418,0.802,107,glass,0.1,7.4412,1,
15.700000000000001,-0.7000000000000001,0.9,36.577,0.75,108,glass,0.1,7.6255,1,
15.700000000000001,-0.7000000000000001,1.1,36.352,0.761,59,paint,0.6,7.3646,1,
15.700000000000001,-0.7000000000000001,1.3,36.266,0.717,53,glass,0.1,7.2649,1,
15.700000000000001,-0.7000000000000001,1.5,36.152,0.541,28,glass,0.1,7.1328,1,
15.700000000000001,-0.7000000000000001,1.7000000000000002,36.071,0.46,23,paint,0.6,7.0388,1,
15.700000000000001,-0.7000000000000001,1.9000000000000001,35.523,0.901,32,paint,0.6,6.4035,1,
15.700000000000001,-0.5,-0.30000000000000004,35.133,0.356,99,concrete,0.65,5.9513,1,
15.700000000000001,-0.5,1.9000000000000001,34.916,0.732,38,paint,0.6,5.6997,1,
15.700000000000001,-0.30000000000000004,-0.30000000000000004,35.248,0.804,152,concrete,0.65,6.0846,1,
15.700000000000001,-0.30000000000000004,1.9000000000000001,35.183,0.918,38,paint,0.6,6.0093,1,
15.700000000000001,-0.1,-0.30000000000000004,35.332,1.079,187,concrete,0.65,6.182,1,
15.700000000000001,-0.1,1.9000000000000001,35.356,0.918,39,paint,0.6,6.2099,1,
15.700000000000001,0.1,-0.30000000000000004,35.591,1.129,198,concrete,0.65,6.4823,1,
15.700000000000001,0.1,1.9000000000000001,35.576,1.085,35,paint,0.6,6.4649,1,
15.700000000000001,0.30000000000000004,-0.30000000000000004,35.895,1.089,209,concrete,0.65,6.8348,1,
15.700000000000001,0.30000000000000004,1.9000000000000001,35.702,1.103,37,paint,0.6,6.611,1,
15.700000000000001,0.5,-0.30000000000000004,36.216,1.017,213,concrete,0.65,7.207,1,
15.700000000000001,0.5,1.9000000000000001,35.686,0.959,31,paint,0.6,6.5925,1,
15.700000000000001,0.7000000000000001,-0.30000000000000004,36.45,1.023,317,concrete,0.65,7.4783,1,
15.700000000000001,0.7000000000000001,1.9000000000000001,35.781,1.097,30,paint,0.6,6.7026,1,
15.700000000000001,0.9,-0.30000000000000004,36.383,0.782,275,concrete,0.65,7.4006,1,
15.700000000000001,0.9,1.9000000000000001,35.709,0.996,30,paint,0.6,6.6191,1,
15.700000000000001,1.1,-0.30000000000000004,35.966,1.017,292,concrete,0.65,6.9171,1,
15.700000000000001,1.1,1.9000000000000001,35.632,0.778,34,paint,0.6,6.5299,1,
15.700000000000001,1.3,-0.30000000000000004,35.424,1.102,212,concrete,0.65,6.2887,1,
15.700000000000001,1.3,1.9000000000000001,35.449,0.813,41,paint,0.6,6.3177,1,
15.700000000000001,1.5,-0.30000000000000004,34.922,0.832,223,concrete,0.65,5.7067,1,
15.700000000000001,1.5,1.9000000000000001,35.061,0.768,42,paint,0.6,5.8678,1,
15.700000000000001,1.7000000000000002,-0.30000000000000004,34.881,0.841,198,concrete,0.65,5.6591,1,
15.700000000000001,1.7000000000000002,1.9000000000000001,34.915,0.673,45,paint,0.6,5.6986,1,
15.700000000000001,1.9000000000000001,-0.30000000000000004,34.766,0.786,159,concrete,0.65,5.5258,1,
15.700000000000001,1.9000000000000001,1.9000000000000001,34.936,0.671,39,paint,0.6,5.7229,1,
15.700000000000001,2.1,-0.30000000000000004,34.542,0.724,171,concrete,0.65,5.2661,1,
15.700000000000001,2.1,-0.1,34.013,1.09,538,paint,0.6,4.6528,1,
15.700000000000001,2.1,0.1,33.963,1.211,288,paint,0.6,4.5948,1,
15.700000000000001,2.1,0.30000000000000004,34.403,1.216,240,paint,0.6,5.1049,1,
15.700000000000001,2.1,0.5,34.918,1.262,218,paint,0.6,5.702,1,
15.700000000000001,2.1,0.7000000000000001,35.495,1.298,259,paint,0.6,6.371,1,
15.700000000000001,2.1,0.9,35.765,1.064,177,paint,0.6,6.6841,1,
15.700000000000001,2.1,1.1,35.63,1.044,101,paint,0.6,6.5275,1,
15.700000000000001,2.1,1.3,35.87,0.996,80,paint,0.6,6.8058,1,
15.700000000000001,2.1,1.5,36.055,0.911,53,paint,0.6,7.0203,1,
15.700000000000001,2.1,1.7000000000000002,36.23,1.085,46,paint,0.6,7.2232,1,
15.700000000000001,2.1,1.9000000000000001,35.43,0.883,24,paint,0.6,6.2957,1,
15.700000000000001,2.3000000000000003,1.9000000000000001,36.407,1.306,3,paint,0.6,7.4284,1,
15.9,-0.7000000000000001,-0.30000000000000004,35.16,0.306,151,concrete,0.65,5.9826,1,
15.9,-0.7000000000000001,-0.1,35.177,0.372,190,concrete,0.65,6.0023,1,
15.9,-0.7000000000000001,0.1,35.21,0.538,109,paint,0.6,6.0406,1,
15.9,-0.7000000000000001,0.30000000000000004,35.689,0.622,92,glass,0.1,6.5959,1,
15.9,-0.7000000000000001,0.5,36.097,0.752,82,glass,0.1,7.069,1,
15.9,-0.7000000000000001,0.7000000000000001,36.322,0.789,82,glass,0.1,7.3299,1,
15.9,-0.7000000000000001,0.9,36.413,0.811,104,glass,0.1,7.4354,1,
15.9,-0.7000000000000001,1.1,36.404,0.818,72,paint,0.6,7.4249,1,
15.9,-0.7000000000000001,1.3,36.179,0.729,39,glass,0.1,7.1641,1,
15.9,-0.7000000000000001,1.5,36.369,0.561,34,glass,0.1,7.3843,1,
15.9,-0.7000000000000001,1.7000000000000002,36.528,0.854,16,paint,0.6,7.5687,1,
15.9,-0.7000000000000001,1.9000000000000001,35.752,1.051,26,paint,0.6,6.669,1,
15.9,-0.5,-0.30000000000000004,35.091,0.353,149,concrete,0.65,5.9026,1,
15.9,-0.5,1.9000000000000001,35.054,0.675,28,paint,0.6,5.8597,1,
15.9,-0.30000000000000004,-0.30000000000000004,35.199,0.759,158,concrete,0.65,6.0278,1,
15.9,-0.30000000000000004,1.9000000000000001,35.136,0.748,33,paint,0.6,5.9548,1,
15.9,-0.1,-0.30000000000000004,35.622,0.907,126,concrete,0.65,6.5183,1,
15.9,-0.1,1.9000000000000001,35.198,0.752,35,paint,0.6,6.0267,1,
15.9,0.1,-0.30000000000000004,35.775,1.107,166,concrete,0.65,6.6957,1,
15.9,0.1,1.9000000000000001,35.395,0.756,38,paint,0.6,6.2551,1,
15.9,0.30000000000000004,-0.30000000000000004,36.13,1.187,160,concrete,0.65,7.1072,1,
15.9,0.30000000000000004,1.9000000000000001,35.394,0.855,43,paint,0.6,6.2539,1,
15.9,0.5,-0.30000000000000004,36.391,0.999,160,concrete,0.65,7.4099,1,
15.9,0.5,1.9000000000000001,35.452,1.033,44,paint,0.6,6.3212,1,
15.9,0.7000000000000001,-0.30000000000000004,36.415,1.182,138,concrete,0.65,7.4377,1,
15.9,0.7000000000000001,1.9000000000000001,35.461,1.033,45,paint,0.6,6.3316,1,
15.9,0.9,-0.30000000000000004,36.632,0.764,158,concrete,0.65,7.6893,1,
15.9,0.9,1.9000000000000001,35.306,1.011,42,paint,0.6,6.1519,1,
15.9,1.1,-0.30000000000000004,36.417,0.851,158,concrete,0.65,7.44,1,
15.9,1.1,1.9000000000000001,35.155,1.003,39,paint,0.6,5.9768,1,
15.9,1.3,-0.30000000000000004,35.966,1.169,156,concrete,0.65,6.9171,1,
15.9,1.3,1.9000000000000001,35.025,0.805,36,paint,0.6,5.8261,1,
15.9,1.5,-0.30000000000000004,35.055,0.799,154,concrete,0.65,5.8609,1,
15.9,1.5,1.9000000000000001,34.552,0.628,33,paint,0.6,5.2777,1,
15.9,1.7000000000000002,-0.30000000000000004,35.107,0.667,140,concrete,0.65,5.9212,1,
15.9,1.7000000000000002,1.9000000000000001,34.554,0.566,31,paint,0.6,5.28,1,
15.9,1.9000000000000001,-0.30000000000000004,34.892,0.716,113,concrete,0.65,5.6719,1,
15.9,1.9000000000000001,1.9000000000000001,34.692,0.588,29,paint,0.6,5.44,1,
15.9,2.1,-0.30000000000000004,34.558,0.772,180,concrete,0.65,5.2846,1,
15.9,2.1,-0.1,34.087,1.113,539,paint,0.6,4.7386,1,
15.9,2.1,0.1,33.993,1.212,283,paint,0.6,4.6296,1,
15.9,2.1,0.30000000000000004,34.497,1.307,219,paint,0.6,5.2139,1,
15.9,2.1,0.5,34.919,1.336,202,paint,0.6,5.7032,1,
15.9,2.1,0.7000000000000001,35.636,1.292,236,paint,0.6,6.5345,1,
15.9,2.1,0.9,35.789,1.059,155,paint,0.6,6.7119,1,
15.9,2.1,1.1,35.634,1.103,93,paint,0.6,6.5322,1,
15.9,2.1,1.3,35.699,1.107,62,paint,0.6,6.6075,1,
15.9,2.1,1.5,35.984,0.994,64,paint,0.6,6.938,1,
15.9,2.1,1.7000000000000002,36.157,0.826,36,paint,0.6,7.1386,1,
15.9,2.1,1.9000000000000001,35.159,0.376,17,paint,0.6,5.9814,1,
15.9,2.3000000000000003,1.9000000000000001,37.214,1.087,3,paint,0.6,8.3641,0,solar_possible
16.1,-0.7000000000000001,-0.30000000000000004,35.15,0.326,170,concrete,0.65,5.971,1,
16.1,-0.7000000000000001,-0.1,35.149,0.376,204,concrete,0.65,5.9699,1,
16.1,-0.7000000000000001,0.1,35.293,0.558,101,glass,0.1,6.1368,1,
16.1,-0.7000000000000001,0.30000000000000004,35.649,0.697,104,glass,0.1,6.5496,1,
16.1,-0.7000000000000001,0.5,36.081,0.82,77,glass,0.1,7.0504,1,
16.1,-0.7000000000000001,0.7000000000000001,36.46,0.758,99,glass,0.1,7.4899,1,
16.1,-0.7000000000000001,0.9,36.545,0.851,98,glass,0.1,7.5884,1,
16.1,-0.7000000000000001,1.1,36.245,0.757,74,glass,0.1,7.2406,1,
16.1,-0.7000000000000001,1.3,36.269,0.779,37,glass,0.1,7.2684,1,
16.1,-0.7000000000000001,1.5,36.122,0.648,38,glass,0.1,7.098,1,
16.1,-0.7000000000000001,1.7000000000000002,36.065,0.757,49,paint,0.6,7.0319,1,
16.1,-0.7000000000000001,1.9000000000000001,35.635,1.058,30,paint,0.6,6.5333,1,
16.1,-0.5,-0.30000000000000004,34.983,0.467,128,concrete,0.65,5.7774,1,
16.1,-0.5,1.9000000000000001,35.089,0.874,49,paint,0.6,5.9003,1,
16.1,-0.30000000000000004,-0.30000000000000004,35.09,0.814,132,concrete,0.65,5.9014,1,
16.1,-0.30000000000000004,1.9000000000000001,34.942,0.927,43,paint,0.6,5.7299,1,
16.1,-0.1,-0.30000000000000004,35.381,1.052,184,concrete,0.65,6.2388,1,
16.1,-0.1,1.9000000000000001,35.086,0.925,43,paint,0.6,5.8968,1,
16.1,0.1,-0.30000000000000004,35.967,1.177,172,concrete,0.65,6.9183,1,
16.1,0.1,1.9000000000000001,35.348,0.904,42,paint,0.6,6.2006,1,
16.1,0.30000000000000004,-0.30000000000000004,36.471,1.057,163,concrete,0.65,7.5026,1,
16.1,0.30000000000000004,1.9000000000000001,35.411,1.062,39,paint,0.6,6.2736,1,
16.1,0.5,-0.30000000000000004,36.644,1.154,157,concrete,0.65,7.7032,1,
16.1,0.5,1.9000000000000001,35.507,1.042,39,paint,0.6,6.3849,1,
16.1,0.7000000000000001,-0.30000000000000004,36.704,1.213,139,concrete,0.65,7.7728,1,
16.1,0.7000000000000001,1.9000000000000001,35.475,1.061,36,paint,0.6,6.3478,1,
16.1,0.9,-0.30000000000000004,36.956,0.651,111,concrete,0.65,8.0649,0,implausible
16.1,0.9,1.9000000000000001,35.539,1.086,31,paint,0.6,6.422,1,
16.1,1.1,-0.30000000000000004,36.778,0.737,133,concrete,0.65,7.8586,1,
16.1,1.1,1.9000000000000001,35.351,0.959,30,paint,0.6,6.2041,1,
16.1,1.3,-0.30000000000000004,36.111,1.285,153,concrete,0.65,7.0852,1,
16.1,1.3,1.9000000000000001,35.35,0.945,38,paint,0.6,6.2029,1,
16.1,1.5,-0.30000000000000004,35.234,0.921,132,concrete,0.65,6.0684,1,
16.1,1.5,1.9000000000000001,35.032,0.776,36,paint,0.6,5.8342,1,
16.1,1.7000000000000002,-0.30000000000000004,35.016,0.705,116,concrete,0.65,5.8157,1,
16.1,1.7000000000000002,1.9000000000000001,34.751,0.597,42,paint,0.6,5.5084,1,
16.1,1.9000000000000001,-0.30000000000000004,34.523,0.841,85,concrete,0.65,5.2441,1,
16.1,1.9000000000000001,1.9000000000000001,34.918,0.663,46,paint,0.6,5.702,1,
16.1,2.1,-0.30000000000000004,34.474,0.787,164,concrete,0.65,5.1872,1,
16.1,2.1,-0.1,34.129,1.113,455,paint,0.6,4.7872,1,
16.1,2.1,0.1,34.153,1.178,256,paint,0.6,4.8151,1,
16.1,2.1,0.30000000000000004,34.447,1.359,208,paint,0.6,5.1559,1,
16.1,2.1,0.5,34.984,1.337,178,paint,0.6,5.7786,1,
16.1,2.1,0.7000000000000001,35.543,1.273,222,paint,0.6,6.4267,1,
16.1,2.1,0.9,35.883,1.074,180,paint,0.6,6.8209,1,
16.1,2.1,1.1,35.634,1.03,103,paint,0.6,6.5322,1,
16.1,2.1,1.3,35.77,1.125,63,paint,0.6,6.6899,1,
16.1,2.1,1.5,35.92,1.077,48,paint,0.6,6.8638,1,
16.1,2.1,1.7000000000000002,35.918,0.757,30,paint,0.6,6.8614,1,
16.1,2.1,1.9000000000000001,35.501,0.875,32,paint,0.6,6.378,1,
16.1,2.3000000000000003,1.9000000000000001,38.145,0.0,1,cardboard,0.75,9.4435,0,implausible
16.3,-0.7000000000000001,-0.30000000000000004,35.153,0.287,138,concrete,0.65,5.9745,1,
16.3,-0.7000000000000001,-0.1,35.189,0.393,207,concrete,0.65,6.0162,1,
16.3,-0.7000000000000001,0.1,35.198,0.609,104,glass,0.1,6.0267,1,
16.3,-0.7000000000000001,0.30000000000000004,35.577,0.728,99,glass,0.1,6.4661,1,
16.3,-0.7000000000000001,0.5,36.075,0.751,85,glass,0.1,7.0435,1,
16.3,-0.7000000000000001,0.7000000000000001,36.483,0.841,94,glass,0.1,7.5165,1,
16.3,-0.7000000000000001,0.9,36.473,0.893,102,glass,0.1,7.5049,1,
16.3,-0.7000000000000001,1.1,36.361,0.83,85,glass,0.1,7.3751,1,
16.3,-0.7000000000000001,1.3,36.201,0.832,54,glass,0.1,7.1896,1,
16.3,-0.7000000000000001,1.5,36.167,0.766,23,glass,0.1,7.1501,1,
16.3,-0.7000000000000001,1.7000000000000002,35.838,0.804,14,paint,0.6,6.7687,1,
16.3,-0.7000000000000001,1.9000000000000001,35.516,1.03,33,paint,0.6,6.3954,1,
16.3,-0.5,-0.30000000000000004,34.981,0.532,132,concrete,0.65,5.7751,1,
16.3,-0.5,1.9000000000000001,35.316,0.818,48,paint,0.6,6.1635,1,
16.3,-0.30000000000000004,-0.30000000000000004,34.958,0.914,178,concrete,0.65,5.7484,1,
16.3,-0.30000000000000004,1.9000000000000001,35.32,0.931,46,paint,0.6,6.1681,1,
16.3,-0.1,-0.30000000000000004,35.281,1.051,112,concrete,0.65,6.1229,1,
16.3,-0.1,1.9000000000000001,35.461,1.048,40,paint,0.6,6.3316,1,
16.3,0.1,-0.30000000000000004,35.857,1.134,132,concrete,0.65,6.7907,1,
16.3,0.1,1.9000000000000001,35.607,1.078,38,paint,0.6,6.5009,1,
16.3,0.30000000000000004,-0.30000000000000004,35.861,1.097,126,concrete,0.65,6.7954,1,
16.3,0.30000000000000004,1.9000000000000001,35.807,1.07,41,paint,0.6,6.7328,1,
16.3,0.5,-0.30000000000000004,36.338,1.064,125,concrete,0.65,7.3484,1,
16.3,0.5,1.9000000000000001,35.718,1.029,42,paint,0.6,6.6296,1,
16.3,0.7000000000000001,-0.30000000000000004,36.497,1.061,108,concrete,0.65,7.5328,1,
16.3,0.7000000000000001,1.9000000000000001,35.859,1.127,53,paint,0.6,6.793,1,
16.3,0.9,-0.30000000000000004,36.311,1.289,104,concrete,0.65,7.3171,1,
16.3,0.9,1.9000000000000001,35.635,1.087,51,paint,0.6,6.5333,1,
16.3,1.1,-0.30000000000000004,35.928,1.102,100,concrete,0.65,6.873,1,
16.3,1.1,1.9000000000000001,35.603,1.07,51,paint,0.6,6.4962,1,
16.3,1.3,-0.30000000000000004,35.454,1.058,90,concrete,0.65,6.3235,1,
16.3,1.3,1.9000000000000001,35.758,1.18,51,paint,0.6,6.6759,1,
16.3,1.5,-0.30000000000000004,34.698,0.763,71,concrete,0.65,5.447,1,
16.3,1.5,1.9000000000000001,35.522,1.518,43,paint,0.6,6.4023,1,
16.3,1.7000000000000002,-0.30000000000000004,34.658,0.688,71,concrete,0.65,5.4006,1,
16.3,1.7000000000000002,1.9000000000000001,35.123,1.085,42,paint,0.6,5.9397,1,
16.3,1.9000000000000001,-0.30000000000000004,34.94,0.685,66,concrete,0.65,5.7275,1,
16.3,1.9000000000000001,1.9000000000000001,35.001,0.723,37,paint,0.6,5.7983,1,
16.3,2.1,-0.30000000000000004,34.583,0.797,155,concrete,0.65,5.3136,1,
16.3,2.1,-0.1,34.244,1.074,465,paint,0.6,4.9206,1,
16.3,2.1,0.1,34.239,1.2,260,paint,0.6,4.9148,1,
16.3,2.1,0.30000000000000004,34.632,1.278,208,paint,0.6,5.3704,1,
16.3,2.1,0.5,35.111,1.408,171,paint,0.6,5.9258,1,
16.3,2.1,0.7000000000000001,35.847,1.312,219,paint,0.6,6.7791,1,
16.3,2.1,0.9,35.9,1.142,170,paint,0.6,6.8406,1,
16.3,2.1,1.1,35.728,1.045,107,paint,0.6,6.6412,1,
16.3,2.1,1.3,35.607,0.953,74,paint,0.6,6.5009,1,
16.3,2.1,1.5,35.622,0.992,59,paint,0.6,6.5183,1,
16.3,2.1,1.7000000000000002,35.712,0.832,39,paint,0.6,6.6226,1,
16.3,2.1,1.9000000000000001,35.469,0.63,26,paint,0.6,6.3409,1,
16.5,-0.7000000000000001,-0.30000000000000004,35.148,0.351,129,concrete,0.65,5.9687,1,
16.5,-0.7000000000000001,-0.1,35.119,0.398,175,concrete,0.65,5.9351,1,
16.5,-0.7000000000000001,0.1,35.264,0.62,109,glass,0.1,6.1032,1,
16.5,-0.7000000000000001,0.30000000000000004,35.642,0.691,84,glass,0.1,6.5414,1,
16.5,-0.7000000000000001,0.5,35.934,0.883,86,glass,0.1,6.88,1,
16.5,-0.7000000000000001,0.7000000000000001,36.402,0.87,97,glass,0.1,7.4226,1,
16.5,-0.7000000000000001,0.9,36.438,0.894,101,glass,0.1,7.4643,1,
16.5,-0.7000000000000001,1.1,36.191,0.866,78,glass,0.1,7.178,1,
16.5,-0.7000000000000001,1.3,36.32,0.769,58,glass,0.1,7.3275,1,
16.5,-0.7000000000000001,1.5,36.066,0.752,34,glass,0.1,7.033,1,
16.5,-0.7000000000000001,1.7000000000000002,35.933,0.839,15,paint,0.6,6.8788,1,
16.5,-0.7000000000000001,1.9000000000000001,35.334,1.193,25,paint,0.6,6.1843,1,
16.5,-0.5,-0.30000000000000004,35.11,0.448,53,concrete,0.65,5.9246,1,
16.5,-0.5,1.9000000000000001,35.013,0.921,38,paint,0.6,5.8122,1,
16.5,-0.30000000000000004,-0.30000000000000004,35.04,0.897,79,concrete,0.65,5.8435,1,
16.5,-0.30000000000000004,1.9000000000000001,34.896,0.836,39,paint,0.6,5.6765,1,
16.5,-0.1,-0.30000000000000004,35.416,1.019,136,concrete,0.65,6.2794,1,
16.5,-0.1,1.9000000000000001,35.247,0.906,44,paint,0.6,6.0835,1,
16.5,0.1,-0.30000000000000004,35.678,0.995,116,concrete,0.65,6.5832,1,
16.5,0.1,1.9000000000000001,35.654,0.982,45,paint,0.6,6.5554,1,
16.5,0.30000000000000004,-0.30000000000000004,36.22,1.108,99,concrete,0.65,7.2116,1,
16.5,0.30000000000000004,1.9000000000000001,35.649,1.06,43,paint,0.6,6.5496,1,
16.5,0.5,-0.30000000000000004,36.234,1.013,97,concrete,0.65,7.2278,1,
16.5,0.5,1.9000000000000001,35.671,1.157,44,paint,0.6,6.5751,1,
16.5,0.7000000000000001,-0.30000000000000004,36.322,0.934,92,concrete,0.65,7.3299,1,
16.5,0.7000000000000001,1.9000000000000001,35.933,1.276,35,paint,0.6,6.8788,1,
16.5,0.9,-0.30000000000000004,36.411,0.753,99,concrete,0.65,7.433,1,
16.5,0.9,1.9000000000000001,35.797,1.227,38,paint,0.6,6.7212,1,
16.5,1.1,-0.30000000000000004,36.253,0.831,96,concrete,0.65,7.2499,1,
16.5,1.1,1.9000000000000001,36.017,1.271,36,glass,0.1,6.9762,1,
16.5,1.3,-0.30000000000000004,35.694,1.142,84,concrete,0.65,6.6017,1,
16.5,1.3,1.9000000000000001,36.061,1.597,25,glass,0.1,7.0272,1,
16.5,1.5,-0.30000000000000004,35.367,1.191,72,concrete,0.65,6.2226,1,
16.5,1.5,1.9000000000000001,35.326,1.151,22,glass,0.1,6.1751,1,
16.5,1.7000000000000002,-0.30000000000000004,35.0,0.815,86,concrete,0.65,5.7971,1,
16.5,1.7000000000000002,1.9000000000000001,34.952,0.718,25,glass,0.1,5.7414,1,
16.5,1.9000000000000001,-0.30000000000000004,34.914,0.825,80,concrete,0.65,5.6974,1,
16.5,1.9000000000000001,1.9000000000000001,35.08,0.686,34,paint,0.6,5.8899,1,
16.5,2.1,-0.30000000000000004,34.394,0.992,182,concrete,0.65,5.0945,1,
16.5,2.1,-0.1,34.111,1.162,473,paint,0.6,4.7664,1,
16.5,2.1,0.1,34.15,1.28,251,paint,0.6,4.8116,1,
16.5,2.1,0.30000000000000004,34.526,1.346,213,paint,0.6,5.2475,1,
16.5,2.1,0.5,34.993,1.375,200,paint,0.6,5.789,1,
16.5,2.1,0.7000000000000001,35.69,1.353,219,paint,0.6,6.5971,1,
16.5,2.1,0.9,36.086,1.171,159,paint,0.6,7.0562,1,
16.5,2.1,1.1,35.774,1.152,101,paint,0.6,6.6945,1,
16.5,2.1,1.3,35.703,0.983,72,paint,0.6,6.6122,1,
16.5,2.1,1.5,35.806,1.032,45,paint,0.6,6.7316,1,
16.5,2.1,1.7000000000000002,35.719,0.759,20,paint,0.6,6.6307,1,
16.5,2.1,1.9000000000000001,35.246,0.774,37,paint,0.6,6.0823,1,
16.7,-0.7000000000000001,-0.30000000000000004,35.148,0.347,136,concrete,0.65,5.9687,1,
16.7,-0.7000000000000001,-0.1,35.16,0.439,188,concrete,0.65,5.9826,1,
16.7,-0.7000000000000001,0.1,35.251,0.62,106,glass,0.1,6.0881,1,
16.7,-0.7000000000000001,0.30000000000000004,35.583,0.778,84,glass,0.1,6.473,1,
16.7,-0.7000000000000001,0.5,36.02,0.867,79,glass,0.1,6.9797,1,
16.7,-0.7000000000000001,0.7000000000000001,36.325,0.924,90,glass,0.1,7.3333,1,
16.7,-0.7000000000000001,0.9,36.411,0.931,101,glass,0.1,7.433,1,
16.7,-0.7000000000000001,1.1,36.371,0.87,76,glass,0.1,7.3867,1,
16.7,-0.7000000000000001,1.3,35.961,0.73,39,glass,0.1,6.9113,1,
16.7,-0.7000000000000001,1.5,36.032,0.643,38,glass,0.1,6.9936,1,
16.7,-0.7000000000000001,1.7000000000000002,35.823,0.729,21,paint,0.6,6.7513,1,
16.7,-0.7000000000000001,1.9000000000000001,36.071,0.993,16,paint,0.6,7.0388,1,
16.7,-0.5,-0.30000000000000004,35.001,0.681,54,concrete,0.65,5.7983,1,
16.7,-0.5,1.9000000000000001,34.852,0.824,34,paint,0.6,5.6255,1,
16.7,-0.30000000000000004,-0.30000000000000004,35.011,0.96,111,concrete,0.65,5.8099,1,
16.7,-0.30000000000000004,1.9000000000000001,34.913,0.922,31,paint,0.6,5.6962,1,
16.7,-0.1,-0.30000000000000004,35.29,0.93,76,concrete,0.65,6.1333,1,
16.7,-0.1,1.9000000000000001,35.08,0.842,30,paint,0.6,5.8899,1,
16.7,0.1,-0.30000000000000004,35.57,1.11,92,concrete,0.65,6.458,1,
16.7,0.1,1.9000000000000001,35.227,0.799,30,glass,0.1,6.0603,1,
16.7,0.30000000000000004,-0.30000000000000004,36.326,0.977,98,concrete,0.65,7.3345,1,
16.7,0.30000000000000004,1.9000000000000001,35.42,0.934,29,glass,0.1,6.2841,1,
16.7,0.5,-0.30000000000000004,36.761,1.04,101,concrete,0.65,7.8388,1,
16.7,0.5,1.9000000000000001,35.368,0.87,23,glass,0.1,6.2238,1,
16.7,0.7000000000000001,-0.30000000000000004,36.92,1.062,99,concrete,0.65,8.0232,0,implausible
16.7,0.7000000000000001,1.9000000000000001,35.567,1.101,23,glass,0.1,6.4545,1,
16.7,0.9,-0.30000000000000004,36.969,0.81,97,concrete,0.65,8.08,0,implausible
16.7,0.9,1.9000000000000001,35.51,1.132,21,glass,0.1,6.3884,1,
16.7,1.1,-0.30000000000000004,36.835,0.762,96,concrete,0.65,7.9246,1,
16.7,1.1,1.9000000000000001,35.523,1.2,26,glass,0.1,6.4035,1,
16.7,1.3,-0.30000000000000004,36.478,1.202,97,concrete,0.65,7.5107,1,
16.7,1.3,1.9000000000000001,35.633,1.055,41,glass,0.1,6.531,1,
16.7,1.5,-0.30000000000000004,35.079,1.444,116,concrete,0.65,5.8887,1,
16.7,1.5,1.9000000000000001,35.324,1.103,39,glass,0.1,6.1728,1,
16.7,1.7000000000000002,-0.30000000000000004,34.664,0.926,85,concrete,0.65,5.4075,1,
16.7,1.7000000000000002,1.9000000000000001,34.929,0.842,42,paint,0.6,5.7148,1,
16.7,1.9000000000000001,-0.30000000000000004,34.31,1.15,76,concrete,0.65,4.9971,1,
16.7,1.9000000000000001,1.9000000000000001,35.011,0.772,38,paint,0.6,5.8099,1,
16.7,2.1,-0.30000000000000004,34.41,1.042,198,concrete,0.65,5.113,1,
16.7,2.1,-0.1,34.247,1.158,471,paint,0.6,4.9241,1,
16.7,2.1,0.1,34.282,1.249,251,paint,0.6,4.9646,1,
16.7,2.1,0.30000000000000004,34.619,1.518,193,paint,0.6,5.3554,1,
16.7,2.1,0.5,35.101,1.456,188,paint,0.6,5.9142,1,
16.7,2.1,0.7000000000000001,35.574,1.35,228,paint,0.6,6.4626,1,
16.7,2.1,0.9,35.953,1.206,171,paint,0.6,6.902,1,
16.7,2.1,1.1,35.943,1.143,96,paint,0.6,6.8904,1,
16.7,2.1,1.3,35.696,1.032,70,paint,0.6,6.6041,1,
16.7,2.1,1.5,35.852,1.003,57,paint,0.6,6.7849,1,
16.7,2.1,1.7000000000000002,35.581,0.925,49,paint,0.6,6.4707,1,
16.7,2.1,1.9000000000000001,35.485,0.839,27,paint,0.6,6.3594,1,
16.900000000000002,-0.7000000000000001,-0.30000000000000004,35.082,0.344,131,concrete,0.65,5.8922,1,
16.900000000000002,-0.7000000000000001,-0.1,35.158,0.45,176,concrete,0.65,5.9803,1,
16.900000000000002,-0.7000000000000001,0.1,35.256,0.636,97,glass,0.1,6.0939,1,
16.900000000000002,-0.7000000000000001,0.30000000000000004,35.553,0.814,94,glass,0.1,6.4383,1,
16.900000000000002,-0.7000000000000001,0.5,35.857,0.975,84,glass,0.1,6.7907,1,
16.900000000000002,-0.7000000000000001,0.7000000000000001,36.485,0.838,79,glass,0.1,7.5188,1,
16.900000000000002,-0.7000000000000001,0.9,36.446,0.964,106,glass,0.1,7.4736,1,
16.900000000000002,-0.7000000000000001,1.1,36.31,0.888,68,glass,0.1,7.3159,1,
16.900000000000002,-0.7000000000000001,1.3,36.091,0.793,49,glass,0.1,7.062,1,
16.900000000000002,-0.7000000000000001,1.5,36.025,0.565,34,glass,0.1,6.9855,1,
16.900000000000002,-0.7000000000000001,1.7000000000000002,36.008,0.787,24,paint,0.6,6.9658,1,
16.900000000000002,-0.7000000000000001,1.9000000000000001,35.698,0.899,18,paint,0.6,6.6064,1,
16.900000000000002,-0.5,-0.30000000000000004,34.932,0.699,94,concrete,0.65,5.7183,1,
16.900000000000002,-0.5,1.9000000000000001,35.299,1.016,26,paint,0.6,6.1438,1,
16.900000000000002,-0.30000000000000004,-0.30000000000000004,35.196,1.011,96,concrete,0.65,6.0243,1,
16.900000000000002,-0.30000000000000004,1.9000000000000001,35.552,1.367,27,paint,0.6,6.4371,1,
16.900000000000002,-0.1,-0.30000000000000004,35.374,1.096,115,concrete,0.65,6.2307,1,
16.900000000000002,-0.1,1.9000000000000001,35.74,1.325,24,paint,0.6,6.6551,1,
16.900000000000002,0.1,-0.30000000000000004,35.947,0.992,90,concrete,0.65,6.8951,1,
16.900000000000002,0.1,1.9000000000000001,36.033,1.413,28,paint,0.6,6.9948,1,
16.900000000000002,0.30000000000000004,-0.30000000000000004,36.388,0.987,113,concrete,0.65,7.4064,1,
16.900000000000002,0.30000000000000004,1.9000000000000001,36.317,1.474,29,paint,0.6,7.3241,1,
16.900000000000002,0.5,-0.30000000000000004,36.49,0.874,139,concrete,0.65,7.5246,1,
16.900000000000002,0.5,1.9000000000000001,36.362,1.569,33,paint,0.6,7.3762,1,
16.900000000000002,0.7000000000000001,-0.30000000000000004,36.647,0.916,120,concrete,0.65,7.7067,1,
16.900000000000002,0.7000000000000001,1.9000000000000001,36.578,1.595,36,paint,0.6,7.6267,1,
16.900000000000002,0.9,-0.30000000000000004,36.369,1.177,93,concrete,0.65,7.3843,1,
16.900000000000002,0.9,1.9000000000000001,36.338,1.564,43,paint,0.6,7.3484,1,
16.900000000000002,1.1,-0.30000000000000004,35.805,1.408,106,concrete,0.65,6.7304,1,
16.900000000000002,1.1,1.9000000000000001,36.528,1.536,38,glass,0.1,7.5687,1,
16.900000000000002,1.3,-0.30000000000000004,35.382,1.536,109,concrete,0.65,6.24,1,
16.900000000000002,1.3,1.9000000000000001,36.304,1.34,32,paint,0.6,7.309,1,
16.900000000000002,1.5,-0.30000000000000004,35.359,1.471,93,concrete,0.65,6.2133,1,
16.900000000000002,1.5,1.9000000000000001,35.927,1.247,31,glass,0.1,6.8719,1,
16.900000000000002,1.7000000000000002,-0.30000000000000004,35.055,1.296,95,concrete,0.65,5.8609,1,
16.900000000000002,1.7000000000000002,1.9000000000000001,35.264,0.826,32,glass,0.1,6.1032,1,
16.900000000000002,1.9000000000000001,-0.30000000000000004,34.571,1.107,117,concrete,0.65,5.2997,1,
16.900000000000002,1.9000000000000001,1.9000000000000001,35.077,0.719,36,paint,0.6,5.8864,1,
16.900000000000002,2.1,-0.30000000000000004,34.51,1.046,193,concrete,0.65,5.229,1,
16.900000000000002,2.1,-0.1,34.317,1.133,455,paint,0.6,5.0052,1,
16.900000000000002,2.1,0.1,34.419,1.217,236,paint,0.6,5.1235,1,
16.900000000000002,2.1,0.30000000000000004,34.701,1.406,197,paint,0.6,5.4504,1,
16.900000000000002,2.1,0.5,35.277,1.452,164,paint,0.6,6.1183,1,
16.900000000000002,2.1,0.7000000000000001,35.682,1.387,197,paint,0.6,6.5878,1,
16.900000000000002,2.1,0.9,36.01,1.217,183,paint,0.6,6.9681,1,
16.900000000000002,2.1,1.1,36.02,1.131,95,paint,0.6,6.9797,1,
16.900000000000002,2.1,1.3,35.825,1.026,69,paint,0.6,6.7536,1,
16.900000000000002,2.1,1.5,35.592,1.131,49,paint,0.6,6.4835,1,
16.900000000000002,2.1,1.7000000000000002,35.278,0.917,31,paint,0.6,6.1194,1,
16.900000000000002,2.1,1.9000000000000001,35.681,0.827,20,paint,0.6,6.5867,1,
17.1,-0.7000000000000001,-0.30000000000000004,35.087,0.398,150,concrete,0.65,5.898,1,
17.1,-0.7000000000000001,-0.1,35.14,0.409,207,concrete,0.65,5.9594,1,
17.1,-0.7000000000000001,0.1,35.25,0.671,124,glass,0.1,6.087,1,
17.1,-0.7000000000000001,0.30000000000000004,35.546,0.826,97,glass,0.1,6.4301,1,
17.1,-0.7000000000000001,0.5,36.024,0.855,89,glass,0.1,6.9843,1,
17.1,-0.7000000000000001,0.7000000000000001,36.284,1.01,93,glass,0.1,7.2858,1,
17.1,-0.7000000000000001,0.9,36.446,0.985,115,glass,0.1,7.4736,1,
17.1,-0.7000000000000001,1.1,36.235,0.836,79,glass,0.1,7.229,1,
17.1,-0.7000000000000001,1.3,36.222,0.78,62,glass,0.1,7.2139,1,
17.1,-0.7000000000000001,1.5,36.067,0.652,35,glass,0.1,7.0342,1,
17.1,-0.7000000000000001,1.7000000000000002,35.958,0.812,37,paint,0.6,6.9078,1,
17.1,-0.7000000000000001,1.9000000000000001,35.472,0.902,24,paint,0.6,6.3443,1,
17.1,-0.5,-0.30000000000000004,34.78,0.875,94,concrete,0.65,5.542,1,
17.1,-0.5,1.9000000000000001,35.347,0.898,35,paint,0.6,6.1994,1,
17.1,-0.30000000000000004,-0.30000000000000004,35.075,0.883,96,concrete,0.65,5.8841,1,
17.1,-0.30000000000000004,1.9000000000000001,36.131,1.368,40,paint,0.6,7.1084,1,
17.1,-0.1,-0.30000000000000004,35.341,0.992,84,concrete,0.65,6.1925,1,
17.1,-0.1,1.9000000000000001,36.192,1.347,41,paint,0.6,7.1791,1,
17.1,0.1,-0.30000000000000004,35.557,1.034,99,concrete,0.65,6.4429,1,
17.1,0.1,1.9000000000000001,36.611,1.473,38,paint,0.6,7.6649,1,
17.1,0.30000000000000004,-0.30000000000000004,36.154,1.104,134,concrete,0.65,7.1351,1,
17.1,0.30000000000000004,1.9000000000000001,36.424,1.493,36,paint,0.6,7.4481,1,
17.1,0.5,-0.30000000000000004,36.663,0.887,92,concrete,0.65,7.7252,1,
17.1,0.5,1.9000000000000001,36.626,1.44,35,paint,0.6,7.6823,1,
17.1,0.7000000000000001,-0.30000000000000004,36.61,1.082,98,concrete,0.65,7.6638,1,
17.1,0.7000000000000001,1.9000000000000001,36.694,1.564,28,paint,0.6,7.7612,1,
17.1,0.9,-0.30000000000000004,36.351,1.38,105,concrete,0.65,7.3635,1,
17.1,0.9,1.9000000000000001,36.634,1.466,26,glass,0.1,7.6916,1,
17.1,1.1,-0.30000000000000004,36.182,1.188,102,concrete,0.65,7.1675,1,
17.1,1.1,1.9000000000000001,36.372,1.693,26,glass,0.1,7.3878,1,
17.1,1.3,-0.30000000000000004,35.636,1.511,112,concrete,0.65,6.5345,1,
17.1,1.3,1.9000000000000001,36.36,1.369,33,paint,0.6,7.3739,1,
17.1,1.5,-0.30000000000000004,35.035,1.656,105,concrete,0.65,5.8377,1,
17.1,1.5,1.9000000000000001,35.981,1.457,33,paint,0.6,6.9345,1,
17.1,1.7000000000000002,-0.30000000000000004,34.745,1.411,88,concrete,0.65,5.5014,1,
17.1,1.7000000000000002,1.9000000000000001,35.31,1.095,31,paint,0.6,6.1565,1,
17.1,1.9000000000000001,-0.30000000000000004,34.475,1.226,75,concrete,0.65,5.1884,1,
17.1,1.9000000000000001,1.9000000000000001,35.343,0.736,28,paint,0.6,6.1948,1,
17.1,2.1,-0.30000000000000004,34.586,1.006,192,concrete,0.65,5.3171,1,
17.1,2.1,-0.1,34.316,1.11,420,paint,0.6,5.0041,1,
17.1,2.1,0.1,34.369,1.223,225,paint,0.6,5.0655,1,
17.1,2.1,0.30000000000000004,34.776,1.339,169,paint,0.6,5.5374,1,
17.1,2.1,0.5,35.211,1.422,172,paint,0.6,6.0417,1,
17.1,2.1,0.7000000000000001,35.857,1.351,192,paint,0.6,6.7907,1,
17.1,2.1,0.9,35.951,1.307,149,paint,0.6,6.8997,1,
17.1,2.1,1.1,35.96,1.131,114,paint,0.6,6.9101,1,
17.1,2.1,1.3,36.029,1.016,66,paint,0.6,6.9901,1,
17.1,2.1,1.5,35.799,1.199,49,paint,0.6,6.7235,1,
17.1,2.1,1.7000000000000002,35.583,0.968,40,paint,0.6,6.473,1,
17.1,2.1,1.9000000000000001,35.582,0.765,28,paint,0.6,6.4719,1,
17.3,-0.7000000000000001,-0.30000000000000004,34.956,0.606,156,concrete,0.65,5.7461,1,
17.3,-0.7000000000000001,-0.1,34.898,0.785,234,concrete,0.65,5.6788,1,
17.3,-0.7000000000000001,0.1,35.089,0.805,125,glass,0.1,5.9003,1,
17.3,-0.7000000000000001,0.30000000000000004,35.45,0.837,101,glass,0.1,6.3188,1,
17.3,-0.7000000000000001,0.5,35.868,0.975,102,glass,0.1,6.8035,1,
17.3,-0.7000000000000001,0.7000000000000001,35.939,1.034,109,glass,0.1,6.8858,1,
17.3,-0.7000000000000001,0.9,36.337,1.094,102,glass,0.1,7.3472,1,
17.3,-0.7000000000000001,1.1,36.227,0.907,77,glass,0.1,7.2197,1,
17.3,-0.7000000000000001,1.3,36.236,0.763,54,glass,0.1,7.2301,1,
17.3,-0.7000000000000001,1.5,36.053,0.575,33,glass,0.1,7.018,1,
17.3,-0.7000000000000001,1.7000000000000002,35.646,0.562,33,paint,0.6,6.5461,1,
17.3,-0.7000000000000001,1.9000000000000001,35.676,0.681,17,paint,0.6,6.5809,1,
17.3,-0.5,-0.30000000000000004,34.534,0.761,119,concrete,0.65,5.2568,1,
17.3,-0.5,1.9000000000000001,35.308,1.154,31,paint,0.6,6.1542,1,
17.3,-0.30000000000000004,-0.30000000000000004,34.966,0.929,148,concrete,0.65,5.7577,1,
17.3,-0.30000000000000004,1.9000000000000001,35.849,1.328,27,glass,0.1,6.7814,1,
17.3,-0.1,-0.30000000000000004,35.361,1.02,148,concrete,0.65,6.2157,1,
17.3,-0.1,1.9000000000000001,36.243,1.313,26,glass,0.1,7.2383,1,
17.3,0.1,-0.30000000000000004,36.063,1.037,106,concrete,0.65,7.0296,1,
17.3,0.1,1.9000000000000001,36.613,1.55,24,paint,0.6,7.6672,1,
17.3,0.30000000000000004,-0.30000000000000004,36.35,1.03,80,concrete,0.65,7.3623,1,
17.3,0.30000000000000004,1.9000000000000001,36.621,1.617,25,paint,0.6,7.6765,1,
17.3,0.5,-0.30000000000000004,36.321,0.803,74,concrete,0.65,7.3287,1,
17.3,0.5,1.9000000000000001,36.689,1.6,30,glass,0.1,7.7554,1,
17.3,0.7000000000000001,-0.30000000000000004,36.614,1.1,78,concrete,0.65,7.6684,1,
17.3,0.7000000000000001,1.9000000000000001,36.874,1.665,30,glass,0.1,7.9699,1,
17.3,0.9,-0.30000000000000004,35.915,1.493,81,concrete,0.65,6.858,1,
17.3,0.9,1.9000000000000001,36.577,1.815,33,glass,0.1,7.6255,1,
17.3,1.1,-0.30000000000000004,35.999,1.386,91,concrete,0.65,6.9554,1,
17.3,1.1,1.9000000000000001,36.634,1.541,33,glass,0.1,7.6916,1,
17.3,1.3,-0.30000000000000004,36.103,1.37,72,concrete,0.65,7.0759,1,
17.3,1.3,1.9000000000000001,36.584,1.41,34,glass,0.1,7.6336,1,
17.3,1.5,-0.30000000000000004,35.643,1.407,74,concrete,0.65,6.5426,1,
17.3,1.5,1.9000000000000001,36.019,1.417,32,glass,0.1,6.9786,1,
17.3,1.7000000000000002,-0.30000000000000004,34.556,1.213,129,concrete,0.65,5.2823,1,
17.3,1.7000000000000002,1.9000000000000001,35.356,1.044,36,glass,0.1,6.2099,1,
17.3,1.9000000000000001,-0.30000000000000004,34.712,0.854,147,concrete,0.65,5.4632,1,
17.3,1.9000000000000001,1.9000000000000001,35.199,0.865,40,paint,0.6,6.0278,1,
17.3,2.1,-0.30000000000000004,34.514,1.077,205,concrete,0.65,5.2336,1,
17.3,2.1,-0.1,34.245,1.197,384,paint,0.6,4.9217,1,
17.3,2.1,0.1,34.352,1.228,220,paint,0.6,5.0458,1,
17.3,2.1,0.30000000000000004,34.483,1.298,185,paint,0.6,5.1977,1,
17.3,2.1,0.5,35.262,1.387,161,paint,0.6,6.1009,1,
17.3,2.1,0.7000000000000001,35.896,1.365,176,paint,0.6,6.8359,1,
17.3,2.1,0.9,35.966,1.296,156,paint,0.6,6.9171,1,
17.3,2.1,1.1,35.987,1.177,104,paint,0.6,6.9414,1,
17.3,2.1,1.3,35.814,0.979,77,paint,0.6,6.7409,1,
17.3,2.1,1.5,35.455,0.998,49,paint,0.6,6.3246,1,
17.3,2.1,1.7000000000000002,35.93,0.954,37,paint,0.6,6.8754,1,
17.3,2.1,1.9000000000000001,35.056,0.846,35,paint,0.6,5.862,1,
17.5,-0.7000000000000001,-0.30000000000000004,34.794,0.795,193,concrete,0.65,5.5583,1,
17.5,-0.7000000000000001,-0.1,34.714,0.96,260,concrete,0.65,5.4655,1,
17.5,-0.7000000000000001,0.1,34.939,0.898,147,glass,0.1,5.7264,1,
17.5,-0.7000000000000001,0.30000000000000004,35.386,0.916,127,glass,0.1,6.2446,1,
17.5,-0.7000000000000001,0.5,35.733,1.001,116,glass,0.1,6.647,1,
17.5,-0.7000000000000001,0.7000000000000001,36.044,1.073,148,glass,0.1,7.0075,1,
17.5,-0.7000000000000001,0.9,36.293,1.051,109,glass,0.1,7.2962,1,
17.5,-0.7000000000000001,1.1,36.135,0.906,81,glass,0.1,7.113,1,
17.5,-0.7000000000000001,1.3,35.912,0.61,49,glass,0.1,6.8545,1,
17.5,-0.7000000000000001,1.5,35.99,0.496,35,glass,0.1,6.9449,1,
17.5,-0.7000000000000001,1.7000000000000002,35.754,0.698,31,glass,0.1,6.6713,1,
17.5,-0.7000000000000001,1.9000000000000001,35.625,0.923,13,glass,0.1,6.5217,1,
17.5,-0.5,-0.30000000000000004,34.921,0.655,111,concrete,0.65,5.7055,1,
17.5,-0.5,1.9000000000000001,35.335,1.048,33,glass,0.1,6.1855,1,
17.5,-0.30000000000000004,-0.30000000000000004,35.118,0.97,154,concrete,0.65,5.9339,1,
17.5,-0.30000000000000004,1.9000000000000001,35.704,1.398,28,glass,0.1,6.6133,1,
17.5,-0.1,-0.30000000000000004,35.424,0.981,161,concrete,0.65,6.2887,1,
17.5,-0.1,1.9000000000000001,35.889,1.259,39,glass,0.1,6.8278,1,
17.5,0.1,-0.30000000000000004,35.976,1.297,146,concrete,0.65,6.9287,1,
17.5,0.1,1.9000000000000001,36.311,1.352,44,glass,0.1,7.3171,1,
17.5,0.30000000000000004,-0.30000000000000004,36.637,1.066,137,concrete,0.65,7.6951,1,
17.5,0.30000000000000004,1.9000000000000001,36.52,1.426,37,glass,0.1,7.5594,1,
17.5,0.5,-0.30000000000000004,36.878,0.882,124,concrete,0.65,7.9745,1,
17.5,0.5,1.9000000000000001,36.373,1.518,41,glass,0.1,7.389,1,
17.5,0.7000000000000001,-0.30000000000000004,36.851,1.169,130,concrete,0.65,7.9432,1,
17.5,0.7000000000000001,1.9000000000000001,36.31,1.581,49,glass,0.1,7.3159,1,
17.5,0.9,-0.30000000000000004,36.907,1.038,114,concrete,0.65,8.0081,0,implausible
17.5,0.9,1.9000000000000001,36.086,1.605,46,glass,0.1,7.0562,1,
17.5,1.1,-0.30000000000000004,36.679,0.808,102,concrete,0.65,7.7438,1,
17.5,1.1,1.9000000000000001,36.185,1.69,45,glass,0.1,7.171,1,
17.5,1.3,-0.30000000000000004,36.121,1.332,138,concrete,0.65,7.0968,1,
17.5,1.3,1.9000000000000001,35.592,1.46,39,glass,0.1,6.4835,1,
17.5,1.5,-0.30000000000000004,35.161,1.466,209,concrete,0.65,5.9838,1,
17.5,1.5,1.9000000000000001,35.545,1.315,39,glass,0.1,6.429,1,
17.5,1.7000000000000002,-0.30000000000000004,34.819,1.281,184,concrete,0.65,5.5872,1,
17.5,1.7000000000000002,1.9000000000000001,35.174,1.076,38,glass,0.1,5.9988,1,
17.5,1.9000000000000001,-0.30000000000000004,34.338,1.042,157,concrete,0.65,5.0296,1,
17.5,1.9000000000000001,1.9000000000000001,34.978,0.85,32,glass,0.1,5.7716,1,
17.5,2.1,-0.30000000000000004,34.365,1.054,229,concrete,0.65,5.0609,1,
17.5,2.1,-0.1,34.289,1.159,410,paint,0.6,4.9728,1,
17.5,2.1,0.1,34.396,1.229,219,paint,0.6,5.0968,1,
17.5,2.1,0.30000000000000004,34.704,1.493,173,paint,0.6,5.4539,1,
17.5,2.1,0.5,35.307,1.421,165,paint,0.6,6.153,1,
17.5,2.1,0.7000000000000001,35.822,1.337,181,paint,0.6,6.7501,1,
17.5,2.1,0.9,36.01,1.351,164,paint,0.6,6.9681,1,
17.5,2.1,1.1,36.195,1.229,97,paint,0.6,7.1826,1,
17.5,2.1,1.3,35.97,1.175,66,paint,0.6,6.9217,1,
17.5,2.1,1.5,35.583,1.045,53,paint,0.6,6.473,1,
17.5,2.1,1.7000000000000002,35.253,0.94,33,paint,0.6,6.0904,1,
17.5,2.1,1.9000000000000001,35.28,0.765,23,paint,0.6,6.1217,1,
17.7,-0.7000000000000001,-0.30000000000000004,34.581,0.97,210,concrete,0.65,5.3113,1,
17.7,-0.7000000000000001,-0.1,34.643,1.045,292,concrete,0.65,5.3832,1,
17.7,-0.7000000000000001,0.1,34.763,1.126,166,painted_metal,0.65,5.5223,1,
17.7,-0.7000000000000001,0.30000000000000004,35.295,1.076,134,painted_metal,0.65,6.1391,1,
17.7,-0.7000000000000001,0.5,35.758,1.09,127,painted_metal,0.65,6.6759,1,
17.7,-0.7000000000000001,0.7000000000000001,36.01,1.19,160,painted_metal,0.65,6.9681,1,
17.7,-0.7000000000000001,0.9,36.229,1.261,108,glass,0.1,7.222,1,
17.7,-0.7000000000000001,1.1,36.109,1.151,91,glass,0.1,7.0829,1,
17.7,-0.7000000000000001,1.3,36.099,0.734,59,glass,0.1,7.0713,1,
17.7,-0.7000000000000001,1.5,35.958,0.6,36,glass,0.1,6.9078,1,
17.7,-0.7000000000000001,1.7000000000000002,36.065,0.88,31,paint,0.6,7.0319,1,
17.7,-0.7000000000000001,1.9000000000000001,35.865,1.088,14,paint,0.6,6.8,1,
17.7,-0.5,-0.30000000000000004,34.514,0.858,141,concrete,0.65,5.2336,1,
17.7,-0.5,1.9000000000000001,35.061,1.23,26,paint,0.6,5.8678,1,
17.7,-0.30000000000000004,-0.30000000000000004,34.747,0.975,168,concrete,0.65,5.5038,1,
17.7,-0.30000000000000004,1.9000000000000001,35.053,1.459,26,glass,0.1,5.8586,1,
17.7,-0.1,-0.30000000000000004,35.575,1.003,144,concrete,0.65,6.4638,1,
17.7,-0.1,1.9000000000000001,35.318,1.397,27,glass,0.1,6.1658,1,
17.7,0.1,-0.30000000000000004,35.863,1.171,199,concrete,0.65,6.7977,1,
17.7,0.1,1.9000000000000001,35.353,1.461,22,glass,0.1,6.2064,1,
17.7,0.30000000000000004,-0.30000000000000004,36.382,0.99,199,concrete,0.65,7.3994,1,
17.7,0.30000000000000004,1.9000000000000001,35.51,1.434,28,glass,0.1,6.3884,1,
17.7,0.5,-0.30000000000000004,36.595,0.874,208,concrete,0.65,7.6464,1,
17.7,0.5,1.9000000000000001,35.813,1.553,26,glass,0.1,6.7397,1,
17.7,0.7000000000000001,-0.30000000000000004,36.746,0.95,183,concrete,0.65,7.8214,1,
17.7,0.7000000000000001,1.9000000000000001,36.059,1.528,18,glass,0.1,7.0249,1,
17.7,0.9,-0.30000000000000004,36.562,1.118,158,concrete,0.65,7.6081,1,
17.7,0.9,1.9000000000000001,36.021,1.429,22,glass,0.1,6.9809,1,
17.7,1.1,-0.30000000000000004,36.342,1.324,167,concrete,0.65,7.353,1,
17.7,1.1,1.9000000000000001,35.946,1.206,21,glass,0.1,6.8939,1,
17.7,1.3,-0.30000000000000004,35.763,1.584,193,concrete,0.65,6.6817,1,
17.7,1.3,1.9000000000000001,36.036,1.235,23,glass,0.1,6.9983,1,
17.7,1.5,-0.30000000000000004,35.441,1.676,192,concrete,0.65,6.3084,1,
17.7,1.5,1.9000000000000001,35.806,1.163,26,glass,0.1,6.7316,1,
17.7,1.7000000000000002,-0.30000000000000004,34.889,1.556,184,concrete,0.65,5.6684,1,
17.7,1.7000000000000002,1.9000000000000001,35.285,1.139,26,glass,0.1,6.1275,1,
17.7,1.9000000000000001,-0.30000000000000004,34.681,1.206,178,concrete,0.65,5.4272,1,
17.7,1.9000000000000001,1.9000000000000001,35.329,0.944,29,glass,0.1,6.1786,1,
17.7,2.1,-0.30000000000000004,34.445,1.083,224,concrete,0.65,5.1536,1,
17.7,2.1,-0.1,34.351,1.158,352,paint,0.6,5.0446,1,
17.7,2.1,0.1,34.389,1.202,204,paint,0.6,5.0887,1,
17.7,2.1,0.30000000000000004,34.75,1.642,174,paint,0.6,5.5072,1,
17.7,2.1,0.5,35.399,1.332,164,paint,0.6,6.2597,1,
17.7,2.1,0.7000000000000001,35.818,1.292,167,paint,0.6,6.7455,1,
17.7,2.1,0.9,36.074,1.3,150,paint,0.6,7.0423,1,
17.7,2.1,1.1,36.2,1.309,99,paint,0.6,7.1884,1,
17.7,2.1,1.3,35.997,1.213,67,paint,0.6,6.953,1,
17.7,2.1,1.5,35.734,1.162,43,paint,0.6,6.6481,1,
17.7,2.1,1.7000000000000002,35.322,0.865,36,paint,0.6,6.1704,1,
17.7,2.1,1.9000000000000001,35.219,0.853,28,paint,0.6,6.051,1,
17.900000000000002,-0.7000000000000001,-0.30000000000000004,34.61,0.922,255,concrete,0.65,5.3449,1,
17.900000000000002,-0.7000000000000001,-0.1,34.628,1.051,453,concrete,0.65,5.3658,1,
17.900000000000002,-0.7000000000000001,0.1,34.836,1.149,227,painted_metal,0.65,5.607,1,
17.900000000000002,-0.7000000000000001,0.30000000000000004,35.416,1.056,176,glass,0.1,6.2794,1,
17.900000000000002,-0.7000000000000001,0.5,35.743,1.175,175,painted_metal,0.65,6.6586,1,
17.900000000000002,-0.7000000000000001,0.7000000000000001,36.078,1.143,194,glass,0.1,7.047,1,
17.900000000000002,-0.7000000000000001,0.9,36.03,1.317,136,glass,0.1,6.9913,1,
17.900000000000002,-0.7000000000000001,1.1,35.874,1.234,77,glass,0.1,6.8104,1,
17.900000000000002,-0.7000000000000001,1.3,35.982,0.687,57,glass,0.1,6.9357,1,
17.900000000000002,-0.7000000000000001,1.5,35.815,0.735,27,glass,0.1,6.742,1,
17.900000000000002,-0.7000000000000001,1.7000000000000002,35.972,0.763,35,glass,0.1,6.9241,1,
17.900000000000002,-0.7000000000000001,1.9000000000000001,35.842,0.838,11,glass,0.1,6.7733,1,
17.900000000000002,-0.5,-0.30000000000000004,34.783,0.837,161,concrete,0.65,5.5455,1,
17.900000000000002,-0.5,1.9000000000000001,35.426,0.839,19,glass,0.1,6.291,1,
17.900000000000002,-0.30000000000000004,-0.30000000000000004,35.055,1.041,187,concrete,0.65,5.8609,1,
17.900000000000002,-0.30000000000000004,1.9000000000000001,35.622,1.224,23,glass,0.1,6.5183,1,
17.900000000000002,-0.1,-0.30000000000000004,35.394,0.925,221,concrete,0.65,6.2539,1,
17.900000000000002,-0.1,1.9000000000000001,35.86,1.296,24,glass,0.1,6.7942,1,
17.900000000000002,0.1,-0.30000000000000004,36.066,0.894,206,concrete,0.65,7.033,1,
17.900000000000002,0.1,1.9000000000000001,36.405,1.173,21,glass,0.1,7.4261,1,
17.900000000000002,0.30000000000000004,-0.30000000000000004,36.575,0.901,179,concrete,0.65,7.6232,1,
17.900000000000002,0.30000000000000004,1.9000000000000001,36.144,1.388,22,glass,0.1,7.1235,1,
17.900000000000002,0.5,-0.30000000000000004,36.792,0.808,174,concrete,0.65,7.8748,1,
17.900000000000002,0.5,1.9000000000000001,36.18,1.326,28,glass,0.1,7.1652,1,
17.900000000000002,0.7000000000000001,-0.30000000000000004,36.591,1.192,198,concrete,0.65,7.6417,1,
17.900000000000002,0.7000000000000001,1.9000000000000001,36.132,1.429,29,glass,0.1,7.1096,1,
17.900000000000002,0.9,-0.30000000000000004,36.279,1.519,222,concrete,0.65,7.28,1,
17.900000000000002,0.9,1.9000000000000001,36.309,1.522,30,glass,0.1,7.3148,1,
17.900000000000002,1.1,-0.30000000000000004,36.234,1.444,235,concrete,0.65,7.2278,1,
17.900000000000002,1.1,1.9000000000000001,36.535,1.59,31,glass,0.1,7.5768,1,
17.900000000000002,1.3,-0.30000000000000004,35.822,1.607,219,concrete,0.65,6.7501,1,
17.900000000000002,1.3,1.9000000000000001,36.227,1.586,27,glass,0.1,7.2197,1,
17.900000000000002,1.5,-0.30000000000000004,35.405,1.925,176,concrete,0.65,6.2667,1,
17.900000000000002,1.5,1.9000000000000001,35.587,1.483,22,glass,0.1,6.4777,1,
17.900000000000002,1.7000000000000002,-0.30000000000000004,34.894,1.718,152,concrete,0.65,5.6742,1,
17.900000000000002,1.7000000000000002,1.9000000000000001,35.143,1.233,31,glass,0.1,5.9629,1,
17.900000000000002,1.9000000000000001,-0.30000000000000004,34.448,1.418,143,concrete,0.65,5.1571,1,
17.900000000000002,1.9000000000000001,1.9000000000000001,35.026,2.313,27,glass,0.1,5.8272,1,
17.900000000000002,2.1,-0.30000000000000004,34.44,1.111,207,concrete,0.65,5.1478,1,
17.900000000000002,2.1,-0.1,34.282,1.158,325,paint,0.6,4.9646,1,
17.900000000000002,2.1,0.1,34.364,1.168,180,paint,0.6,5.0597,1,
17.900000000000002,2.1,0.30000000000000004,34.499,1.264,157,paint,0.6,5.2162,1,
17.900000000000002,2.1,0.5,35.308,1.343,145,paint,0.6,6.1542,1,
17.900000000000002,2.1,0.7000000000000001,35.772,1.297,174,paint,0.6,6.6922,1,
17.900000000000002,2.1,0.9,36.136,1.361,141,paint,0.6,7.1142,1,
17.900000000000002,2.1,1.1,36.106,1.304,101,paint,0.6,7.0794,1,
17.900000000000002,2.1,1.3,35.931,1.247,63,paint,0.6,6.8765,1,
17.900000000000002,2.1,1.5,35.618,1.129,56,paint,0.6,6.5136,1,
17.900000000000002,2.1,1.7000000000000002,35.483,0.911,45,paint,0.6,6.3571,1,
17.900000000000002,2.1,1.9000000000000001,34.689,0.914,25,glass,0.1,5.4365,1,
18.1,-0.7000000000000001,-0.30000000000000004,34.537,0.961,254,concrete,0.65,5.2603,1,
18.1,-0.7000000000000001,-0.1,34.521,1.18,445,concrete,0.65,5.2417,1,
18.1,-0.7000000000000001,0.1,34.919,1.017,225,glass,0.1,5.7032,1,
18.1,-0.7000000000000001,0.30000000000000004,35.356,1.015,192,painted_metal,0.65,6.2099,1,
18.1,-0.7000000000000001,0.5,35.807,1.089,191,painted_metal,0.65,6.7328,1,
18.1,-0.7000000000000001,0.7000000000000001,36.244,1.034,205,painted_metal,0.65,7.2394,1,
18.1,-0.7000000000000001,0.9,35.969,1.143,127,glass,0.1,6.9206,1,
18.1,-0.7000000000000001,1.1,36.074,1.08,86,glass,0.1,7.0423,1,
18.1,-0.7000000000000001,1.3,36.135,0.771,54,glass,0.1,7.113,1,
18.1,-0.7000000000000001,1.5,35.969,0.678,38,glass,0.1,6.9206,1,
18.1,-0.7000000000000001,1.7000000000000002,35.836,0.707,37,glass,0.1,6.7664,1,
18.1,-0.7000000000000001,1.9000000000000001,35.747,1.072,11,glass,0.1,6.6632,1,
18.1,-0.5,-0.30000000000000004,34.829,0.855,122,concrete,0.65,5.5988,1,
18.1,-0.5,1.9000000000000001,35.32,1.286,30,glass,0.1,6.1681,1,
18.1,-0.30000000000000004,-0.30000000000000004,35.199,1.14,108,concrete,0.65,6.0278,1,
18.1,-0.30000000000000004,1.9000000000000001,35.452,1.612,29,glass,0.1,6.3212,1,
18.1,-0.1,-0.30000000000000004,35.939,1.047,168,concrete,0.65,6.8858,1,
18.1,-0.1,1.7000000000000002,36.694,0.0,1,glass,0.1,7.7612,1,
18.1,-0.1,1.9000000000000001,35.775,1.638,32,glass,0.1,6.6957,1,
18.1,0.1,-0.30000000000000004,36.239,1.103,153,concrete,0.65,7.2336,1,
18.1,0.1,1.7000000000000002,37.329,0.0,1,glass,0.1,8.4974,0,solar_suspected
18.1,0.1,1.9000000000000001,36.05,1.647,33,glass,0.1,7.0145,1,
18.1,0.30000000000000004,-0.30000000000000004,36.532,0.916,176,concrete,0.65,7.5733,1,
18.1,0.30000000000000004,1.9000000000000001,36.231,1.589,33,glass,0.1,7.2243,1,
18.1,0.5,-0.30000000000000004,36.829,0.892,157,concrete,0.65,7.9177,1,
18.1,0.5,1.7000000000000002,39.103,0.0,1,glass,0.1,10.5542,0,solar_suspected
18.1,0.5,1.9000000000000001,36.257,1.725,30,glass,0.1,7.2545,1,
18.1,0.7000000000000001,-0.30000000000000004,36.78,1.212,154,concrete,0.65,7.8609,1,
18.1,0.7000000000000001,1.7000000000000002,37.593,1.643,5,glass,0.1,8.8035,0,solar_suspected
18.1,0.7000000000000001,1.9000000000000001,36.275,1.725,33,glass,0.1,7.2754,1,
18.1,0.9,-0.30000000000000004,36.298,1.636,167,concrete,0.65,7.302,1,
18.1,0.9,1.7000000000000002,38.941,0.0,1,glass,0.1,10.3664,0,solar_suspected
18.1,0.9,1.9000000000000001,36.348,1.733,25,glass,0.1,7.36,1,
18.1,1.1,-0.30000000000000004,36.123,1.643,168,concrete,0.65,7.0991,1,
18.1,1.1,1.7000000000000002,37.137,0.0,1,glass,0.1,8.2748,0,solar_suspected
18.1,1.1,1.9000000000000001,36.142,1.755,21,glass,0.1,7.1212,1,
18.1,1.3,-0.30000000000000004,35.756,1.833,102,concrete,0.65,6.6736,1,
18.1,1.3,1.9000000000000001,35.863,1.724,33,glass,0.1,6.7977,1,
18.1,1.5,-0.30000000000000004,35.242,1.84,125,concrete,0.65,6.0777,1,
18.1,1.5,1.9000000000000001,36.316,1.993,30,glass,0.1,7.3229,1,
18.1,1.7000000000000002,-0.30000000000000004,34.764,1.649,131,concrete,0.65,5.5235,1,
18.1,1.7000000000000002,1.9000000000000001,36.029,2.255,29,glass,0.1,6.9901,1,
18.1,1.9000000000000001,-0.30000000000000004,34.549,1.394,125,concrete,0.65,5.2742,1,
18.1,1.9000000000000001,1.9000000000000001,35.272,1.109,25,glass,0.1,6.1125,1,
18.1,2.1,-0.30000000000000004,34.528,1.064,209,concrete,0.65,5.2499,1,
18.1,2.1,-0.1,34.398,1.161,348,paint,0.6,5.0991,1,
18.1,2.1,0.1,34.527,1.153,193,paint,0.6,5.2487,1,
18.1,2.1,0.30000000000000004,34.61,1.343,169,paint,0.6,5.3449,1,
18.1,2.1,0.5,35.298,1.338,146,paint,0.6,6.1426,1,
18.1,2.1,0.7000000000000001,35.987,1.271,169,paint,0.6,6.9414,1,
18.1,2.1,0.9,36.053,1.354,156,paint,0.6,7.018,1,
18.1,2.1,1.1,36.126,1.289,106,paint,0.6,7.1026,1,
18.1,2.1,1.3,36.15,1.171,71,paint,0.6,7.1304,1,
18.1,2.1,1.5,35.975,1.184,36,paint,0.6,6.9275,1,
18.1,2.1,1.7000000000000002,35.651,1.086,47,paint,0.6,6.5519,1,
18.1,2.1,1.9000000000000001,35.151,0.857,20,paint,0.6,5.9722,1,
18.3,-0.7000000000000001,-0.30000000000000004,34.49,0.956,239,concrete,0.65,5.2058,1,
18.3,-0.7000000000000001,-0.1,34.517,1.094,462,concrete,0.65,5.2371,1,
18.3,-0.7000000000000001,0.1,34.858,0.966,227,painted_metal,0.65,5.6325,1,
18.3,-0.7000000000000001,0.30000000000000004,35.395,0.96,184,painted_metal,0.65,6.2551,1,
18.3,-0.7000000000000001,0.5,35.847,0.974,178,painted_metal,0.65,6.7791,1,
18.3,-0.7000000000000001,0.7000000000000001,36.116,1.036,214,painted_metal,0.65,7.091,1,
18.3,-0.7000000000000001,0.9,36.084,1.143,128,glass,0.1,7.0539,1,
18.3,-0.7000000000000001,1.1,36.037,1.093,92,glass,0.1,6.9994,1,
18.3,-0.7000000000000001,1.3,35.933,0.773,51,glass,0.1,6.8788,1,
18.3,-0.7000000000000001,1.5,35.91,0.746,36,glass,0.1,6.8522,1,
18.3,-0.7000000000000001,1.7000000000000002,35.616,0.878,32,glass,0.1,6.5113,1,
18.3,-0.7000000000000001,1.9000000000000001,36.156,0.704,11,paint,0.6,7.1374,1,
18.3,-0.5,-0.30000000000000004,34.597,0.909,114,concrete,0.65,5.3299,1,
18.3,-0.5,1.9000000000000001,35.448,0.997,28,glass,0.1,6.3165,1,
18.3,-0.30000000000000004,-0.30000000000000004,34.912,1.082,126,concrete,0.65,5.6951,1,
18.3,-0.30000000000000004,1.9000000000000001,35.545,1.569,26,glass,0.1,6.429,1,
18.3,-0.1,-0.30000000000000004,35.733,1.114,107,concrete,0.65,6.647,1,
18.3,-0.1,1.9000000000000001,36.049,1.558,30,glass,0.1,7.0133,1,
18.3,0.1,-0.30000000000000004,36.487,1.176,103,concrete,0.65,7.5212,1,
18.3,0.1,1.9000000000000001,36.457,1.583,27,glass,0.1,7.4864,1,
18.3,0.30000000000000004,-0.30000000000000004,36.742,0.925,126,concrete,0.65,7.8168,1,
18.3,0.30000000000000004,1.9000000000000001,36.399,1.691,25,glass,0.1,7.4191,1,
18.3,0.5,-0.30000000000000004,36.765,0.871,138,concrete,0.65,7.8435,1,
18.3,0.5,1.9000000000000001,36.322,1.695,28,glass,0.1,7.3299,1,
18.3,0.7000000000000001,-0.30000000000000004,36.479,1.166,137,concrete,0.65,7.5119,1,
18.3,0.7000000000000001,1.7000000000000002,37.123,1.426,6,glass,0.1,8.2586,0,solar_suspected
18.3,0.7000000000000001,1.9000000000000001,35.745,1.489,19,glass,0.1,6.6609,1,
18.3,0.9,-0.30000000000000004,36.188,1.435,145,concrete,0.65,7.1745,1,
18.3,0.9,1.7000000000000002,39.046,0.0,1,glass,0.1,10.4881,0,solar_suspected
18.3,0.9,1.9000000000000001,36.573,1.985,22,glass,0.1,7.6209,1,
18.3,1.1,-0.30000000000000004,35.987,1.456,121,concrete,0.65,6.9414,1,
18.3,1.1,1.7000000000000002,34.78,0.0,1,paint,0.6,5.542,1,
18.3,1.1,1.9000000000000001,37.022,2.004,29,glass,0.1,8.1414,0,solar_suspected
18.3,1.3,-0.30000000000000004,35.615,1.527,119,concrete,0.65,6.5101,1,
18.3,1.3,1.9000000000000001,36.817,1.579,24,glass,0.1,7.9038,1,
18.3,1.5,-0.30000000000000004,35.273,1.623,136,concrete,0.65,6.1136,1,
18.3,1.5,1.9000000000000001,36.396,1.621,28,glass,0.1,7.4157,1,
18.3,1.7000000000000002,-0.30000000000000004,34.841,1.516,153,concrete,0.65,5.6128,1,
18.3,1.7000000000000002,1.7000000000000002,34.405,0.33,2,glass,0.1,5.1072,1,
18.3,1.7000000000000002,1.9000000000000001,35.552,1.345,33,glass,0.1,6.4371,1,
18.3,1.9000000000000001,-0.30000000000000004,34.375,1.191,98,concrete,0.65,5.0725,1,
18.3,1.9000000000000001,1.7000000000000002,34.622,0.0,1,glass,0.1,5.3588,1,
18.3,1.9000000000000001,1.9000000000000001,35.193,1.099,42,glass,0.1,6.0209,1,
18.3,2.1,-0.30000000000000004,34.312,1.141,174,concrete,0.65,4.9994,1,
18.3,2.1,-0.1,34.281,1.231,353,paint,0.6,4.9635,1,
18.3,2.1,0.1,34.365,1.197,181,paint,0.6,5.0609,1,
18.3,2.1,0.30000000000000004,34.521,1.248,167,paint,0.6,5.2417,1,
18.3,2.1,0.5,35.179,1.256,149,paint,0.6,6.0046,1,
18.3,2.1,0.7000000000000001,35.905,1.286,176,paint,0.6,6.8464,1,
18.3,2.1,0.9,36.096,1.323,154,paint,0.6,7.0678,1,
18.3,2.1,1.1,36.281,1.381,106,paint,0.6,7.2823,1,
18.3,2.1,1.3,36.092,1.203,66,paint,0.6,7.0632,1,
18.3,2.1,1.5,35.902,1.323,47,paint,0.6,6.8429,1,
18.3,2.1,1.7000000000000002,35.437,0.941,35,paint,0.6,6.3038,1,
18.3,2.1,1.9000000000000001,35.112,0.979,37,paint,0.6,5.927,1,
18.5,-0.7000000000000001,-0.30000000000000004,34.524,0.95,225,concrete,0.65,5.2452,1,
18.5,-0.7000000000000001,-0.1,34.545,1.084,465,concrete,0.65,5.2696,1,
18.5,-0.7000000000000001,0.1,34.969,0.968,247,painted_metal,0.65,5.7612,1,
18.5,-0.7000000000000001,0.30000000000000004,35.399,0.969,209,painted_metal,0.65,6.2597,1,
18.5,-0.7000000000000001,0.5,35.91,1.031,193,painted_metal,0.65,6.8522,1,
18.5,-0.7000000000000001,0.7000000000000001,36.212,1.004,209,painted_metal,0.65,7.2023,1,
18.5,-0.7000000000000001,0.9,36.104,1.094,130,glass,0.1,7.0771,1,
18.5,-0.7000000000000001,1.1,35.867,1.247,83,glass,0.1,6.8023,1,
18.5,-0.7000000000000001,1.3,36.05,0.962,62,glass,0.1,7.0145,1,
18.5,-0.7000000000000001,1.5,35.725,0.637,40,glass,0.1,6.6377,1,
18.5,-0.7000000000000001,1.7000000000000002,35.745,0.877,37,glass,0.1,6.6609,1,
18.5,-0.7000000000000001,1.9000000000000001,35.926,0.975,14,glass,0.1,6.8707,1,
18.5,-0.5,-0.30000000000000004,34.83,0.795,106,concrete,0.65,5.6,1,
18.5,-0.5,1.7000000000000002,35.888,0.986,5,glass,0.1,6.8267,1,
18.5,-0.5,1.9000000000000001,35.32,0.808,43,glass,0.1,6.1681,1,
18.5,-0.30000000000000004,-0.30000000000000004,35.111,1.074,109,concrete,0.65,5.9258,1,
18.5,-0.30000000000000004,1.7000000000000002,36.589,0.951,5,glass,0.1,7.6394,1,
18.5,-0.30000000000000004,1.9000000000000001,35.85,1.112,39,glass,0.1,6.7826,1,
18.5,-0.1,-0.30000000000000004,35.798,1.009,102,concrete,0.65,6.7223,1,
18.5,-0.1,1.7000000000000002,36.271,1.04,4,glass,0.1,7.2707,1,
18.5,-0.1,1.9000000000000001,36.237,1.278,41,glass,0.1,7.2313,1,
18.5,0.1,-0.30000000000000004,36.021,1.006,104,concrete,0.65,6.9809,1,
18.5,0.1,1.7000000000000002,36.764,0.964,3,glass,0.1,7.8423,1,
18.5,0.1,1.9000000000000001,36.391,1.539,42,glass,0.1,7.4099,1,
18.5,0.30000000000000004,-0.30000000000000004,36.203,0.95,93,concrete,0.65,7.1919,1,
18.5,0.30000000000000004,1.7000000000000002,36.351,1.001,4,glass,0.1,7.3635,1,
18.5,0.30000000000000004,1.9000000000000001,36.54,1.882,39,glass,0.1,7.5826,1,
18.5,0.5,-0.30000000000000004,36.506,0.914,116,concrete,0.65,7.5432,1,
18.5,0.5,1.7000000000000002,36.411,1.286,4,glass,0.1,7.433,1,
18.5,0.5,1.9000000000000001,36.196,1.982,35,glass,0.1,7.1838,1,
18.5,0.7000000000000001,-0.30000000000000004,36.452,1.231,118,concrete,0.65,7.4806,1,
18.5,0.7000000000000001,1.7000000000000002,36.616,1.367,4,glass,0.1,7.6707,1,
18.5,0.7000000000000001,1.9000000000000001,36.627,2.004,39,glass,0.1,7.6835,1,
18.5,0.9,-0.30000000000000004,36.141,1.627,125,concrete,0.65,7.12,1,
18.5,0.9,1.7000000000000002,36.389,1.235,3,glass,0.1,7.4075,1,
18.5,0.9,1.9000000000000001,36.825,1.914,44,glass,0.1,7.913,1,
18.5,1.1,-0.30000000000000004,35.915,1.765,103,concrete,0.65,6.858,1,
18.5,1.1,1.7000000000000002,35.602,1.146,5,glass,0.1,6.4951,1,
18.5,1.1,1.9000000000000001,36.37,1.876,39,glass,0.1,7.3855,1,
18.5,1.3,-0.30000000000000004,35.606,1.702,136,concrete,0.65,6.4997,1,
18.5,1.3,1.7000000000000002,35.903,1.111,7,glass,0.1,6.8441,1,
18.5,1.3,1.9000000000000001,36.466,1.99,42,glass,0.1,7.4968,1,
18.5,1.5,-0.30000000000000004,34.996,1.867,116,concrete,0.65,5.7925,1,
18.5,1.5,1.7000000000000002,36.271,1.152,10,glass,0.1,7.2707,1,
18.5,1.5,1.9000000000000001,36.065,1.872,34,glass,0.1,7.0319,1,
18.5,1.7000000000000002,-0.30000000000000004,34.456,1.733,95,concrete,0.65,5.1664,1,
18.5,1.7000000000000002,1.7000000000000002,36.665,0.6,3,glass,0.1,7.7275,1,
18.5,1.7000000000000002,1.9000000000000001,35.709,2.153,36,glass,0.1,6.6191,1,
18.5,1.9000000000000001,-0.30000000000000004,34.792,1.572,79,concrete,0.65,5.5559,1,
18.5,1.9000000000000001,1.7000000000000002,35.289,0.464,5,glass,0.1,6.1322,1,
18.5,1.9000000000000001,1.9000000000000001,35.589,1.976,30,glass,0.1,6.48,1,
18.5,2.1,-0.30000000000000004,34.442,1.165,160,concrete,0.65,5.1501,1,
18.5,2.1,-0.1,34.265,1.225,289,paint,0.6,4.9449,1,
18.5,2.1,0.1,34.45,1.226,161,paint,0.6,5.1594,1,
18.5,2.1,0.30000000000000004,34.566,1.739,158,paint,0.6,5.2939,1,
18.5,2.1,0.5,35.312,1.253,130,paint,0.6,6.1588,1,
18.5,2.1,0.7000000000000001,35.868,1.299,140,paint,0.6,6.8035,1,
18.5,2.1,0.9,36.055,1.358,146,paint,0.6,7.0203,1,
18.5,2.1,1.1,36.368,1.372,101,paint,0.6,7.3832,1,
18.5,2.1,1.3,36.086,1.195,72,paint,0.6,7.0562,1,
18.5,2.1,1.5,35.911,1.231,55,paint,0.6,6.8533,1,
18.5,2.1,1.7000000000000002,35.536,1.038,39,paint,0.6,6.4186,1,
18.5,2.1,1.9000000000000001,36.008,1.546,27,paint,0.6,6.9658,1,
18.5,2.3000000000000003,-0.30000000000000004,34.927,0.872,4,concrete,0.65,5.7125,1,
18.5,2.3000000000000003,-0.1,34.731,1.105,28,paint,0.6,5.4852,1,
18.5,2.3000000000000003,0.1,34.481,1.313,11,paint,0.6,5.1954,1,
18.5,2.3000000000000003,0.30000000000000004,35.146,1.143,4,paint,0.6,5.9664,1,
18.7,-0.7000000000000001,-0.30000000000000004,34.486,0.914,240,concrete,0.65,5.2012,1,
18.7,-0.7000000000000001,-0.1,34.543,1.025,470,concrete,0.65,5.2672,1,
18.7,-0.7000000000000001,0.1,34.904,0.946,243,painted_metal,0.65,5.6858,1,
18.7,-0.7000000000000001,0.30000000000000004,35.312,0.886,201,painted_metal,0.65,6.1588,1,
18.7,-0.7000000000000001,0.5,35.861,0.946,195,painted_metal,0.65,6.7954,1,
18.7,-0.7000000000000001,0.7000000000000001,36.132,1.024,211,painted_metal,0.65,7.1096,1,
18.7,-0.7000000000000001,0.9,36.183,1.098,122,glass,0.1,7.1687,1,
18.7,-0.7000000000000001,1.1,35.923,1.277,93,glass,0.1,6.8672,1,
18.7,-0.7000000000000001,1.3,35.934,0.869,48,glass,0.1,6.88,1,
18.7,-0.7000000000000001,1.5,36.016,0.812,38,glass,0.1,6.9751,1,
18.7,-0.7000000000000001,1.7000000000000002,35.659,0.992,46,glass,0.1,6.5612,1,
18.7,-0.7000000000000001,1.9000000000000001,35.828,0.47,2,paint,0.6,6.7571,1,
18.7,-0.5,-0.30000000000000004,34.538,0.858,105,concrete,0.65,5.2614,1,
18.7,-0.5,1.7000000000000002,36.852,0.745,2,glass,0.1,7.9443,1,
18.7,-0.5,1.9000000000000001,35.927,1.087,31,glass,0.1,6.8719,1,
18.7,-0.30000000000000004,-0.30000000000000004,35.213,1.096,139,concrete,0.65,6.0441,1,
18.7,-0.30000000000000004,1.9000000000000001,36.66,1.624,33,glass,0.1,7.7217,1,
18.7,-0.1,-0.30000000000000004,35.984,1.062,127,concrete,0.65,6.938,1,
18.7,-0.1,1.7000000000000002,37.597,0.0,1,glass,0.1,8.8081,0,solar_suspected
18.7,-0.1,1.9000000000000001,36.774,1.649,33,glass,0.1,7.8539,1,
18.7,0.1,-0.30000000000000004,36.324,1.093,137,concrete,0.65,7.3322,1,
18.7,0.1,1.7000000000000002,37.733,0.317,4,glass,0.1,8.9658,0,solar_suspected
18.7,0.1,1.9000000000000001,36.697,1.881,31,glass,0.1,7.7646,1,
18.7,0.30000000000000004,-0.30000000000000004,36.699,0.945,129,concrete,0.65,7.767,1,
18.7,0.30000000000000004,1.7000000000000002,37.221,1.535,7,glass,0.1,8.3722,0,solar_suspected
18.7,0.30000000000000004,1.9000000000000001,37.078,1.924,31,glass,0.1,8.2064,0,solar_suspected
18.7,0.5,-0.30000000000000004,36.788,0.824,136,concrete,0.65,7.8701,1,
18.7,0.5,1.7000000000000002,36.521,1.897,11,glass,0.1,7.5606,1,
18.7,0.5,1.9000000000000001,37.038,2.002,27,glass,0.1,8.16,0,solar_suspected
18.7,0.7000000000000001,-0.30000000000000004,36.494,1.349,129,concrete,0.65,7.5293,1,
18.7,0.7000000000000001,1.7000000000000002,38.45,0.664,3,glass,0.1,9.7971,0,solar_suspected
18.7,0.7000000000000001,1.9000000000000001,36.352,2.273,32,glass,0.1,7.3646,1,
18.7,0.9,-0.30000000000000004,36.205,1.689,151,concrete,0.65,7.1942,1,
18.7,0.9,1.7000000000000002,38.396,0.519,7,glass,0.1,9.7345,0,solar_suspected
18.7,0.9,1.9000000000000001,37.179,2.396,30,glass,0.1,8.3235,0,solar_suspected
18.7,1.1,-0.30000000000000004,35.967,1.633,129,concrete,0.65,6.9183,1,
18.7,1.1,1.7000000000000002,37.758,1.334,8,glass,0.1,8.9948,0,solar_suspected
18.7,1.1,1.9000000000000001,37.038,2.439,21,glass,0.1,8.16,0,solar_suspected
18.7,1.3,-0.30000000000000004,35.268,1.723,115,concrete,0.65,6.1078,1,
18.7,1.3,1.7000000000000002,37.786,0.28,3,glass,0.1,9.0272,0,solar_suspected
18.7,1.3,1.9000000000000001,37.703,2.336,27,glass,0.1,8.931,0,solar_suspected
18.7,1.5,-0.30000000000000004,35.37,1.682,87,concrete,0.65,6.2261,1,
18.7,1.5,1.7000000000000002,38.088,0.535,3,glass,0.1,9.3774,0,solar_suspected
18.7,1.5,1.9000000000000001,38.064,2.618,23,glass,0.1,9.3496,0,solar_suspected
18.7,1.7000000000000002,-0.30000000000000004,34.999,1.578,85,concrete,0.65,5.7959,1,
18.7,1.7000000000000002,1.9000000000000001,37.593,1.875,27,glass,0.1,8.8035,0,solar_suspected
18.7,1.9000000000000001,-0.30000000000000004,34.292,1.52,77,concrete,0.65,4.9762,1,
18.7,1.9000000000000001,1.9000000000000001,35.856,0.964,26,glass,0.1,6.7896,1,
18.7,2.1,-0.30000000000000004,34.599,1.146,193,concrete,0.65,5.3322,1,
18.7,2.1,-0.1,34.332,1.27,200,paint,0.6,5.0226,1,
18.7,2.1,0.1,34.349,1.238,102,paint,0.6,5.0423,1,
18.7,2.1,0.30000000000000004,34.642,1.339,107,paint,0.6,5.382,1,
18.7,2.1,0.5,35.042,1.311,128,paint,0.6,5.8458,1,
18.7,2.1,0.7000000000000001,35.835,1.273,133,paint,0.6,6.7652,1,
18.7,2.1,0.9,36.127,1.385,145,paint,0.6,7.1038,1,
18.7,2.1,1.1,36.198,1.453,86,paint,0.6,7.1861,1,
18.7,2.1,1.3,35.991,1.279,81,paint,0.6,6.9461,1,
18.7,2.1,1.5,35.828,1.062,54,paint,0.6,6.7571,1,
18.7,2.1,1.7000000000000002,35.479,0.999,49,paint,0.6,6.3525,1,
18.7,2.1,1.9000000000000001,35.318,0.894,25,paint,0.6,6.1658,1,
18.7,2.3000000000000003,-0.30000000000000004,34.692,0.922,11,concrete,0.65,5.44,1,
18.7,2.3000000000000003,-0.1,34.482,1.206,101,paint,0.6,5.1965,1,
18.7,2.3000000000000003,0.1,34.377,1.093,56,paint,0.6,5.0748,1,
18.7,2.3000000000000003,0.30000000000000004,34.572,1.008,38,paint,0.6,5.3009,1,
18.7,2.3000000000000003,0.5,36.094,3.775,16,paint,0.6,7.0655,1,
18.7,2.3000000000000003,0.7000000000000001,35.098,0.897,7,glass,0.1,5.9107,1,
18.7,2.3000000000000003,0.9,35.921,0.898,2,paint,0.6,6.8649,1,
18.7,2.3000000000000003,1.1,35.002,0.147,3,plastic,0.6,5.7994,1,
18.7,2.3000000000000003,1.3,37.722,0.0,1,paint,0.6,8.953,0,solar_possible
18.7,2.3000000000000003,1.7000000000000002,35.25,0.0,1,paint,0.6,6.087,1,
18.900000000000002,-0.7000000000000001,-0.30000000000000004,34.52,0.901,241,concrete,0.65,5.2406,1,
18.900000000000002,-0.7000000000000001,-0.1,34.588,0.992,456,concrete,0.65,5.3194,1,
18.900000000000002,-0.7000000000000001,0.1,34.917,0.932,246,painted_metal,0.65,5.7009,1,
18.900000000000002,-0.7000000000000001,0.30000000000000004,35.37,0.889,196,painted_metal,0.65,6.2261,1,
18.900000000000002,-0.7000000000000001,0.5,35.719,0.921,189,painted_metal,0.65,6.6307,1,
18.900000000000002,-0.7000000000000001,0.7000000000000001,36.213,0.919,222,painted_metal,0.65,7.2035,1,
18.900000000000002,-0.7000000000000001,0.9,36.094,1.081,141,glass,0.1,7.0655,1,
18.900000000000002,-0.7000000000000001,1.1,35.851,1.185,85,glass,0.1,6.7838,1,
18.900000000000002,-0.7000000000000001,1.3,35.89,1.146,56,glass,0.1,6.829,1,
18.900000000000002,-0.7000000000000001,1.5,35.943,0.584,46,glass,0.1,6.8904,1,
18.900000000000002,-0.7000000000000001,1.7000000000000002,35.859,0.784,40,glass,0.1,6.793,1,
18.900000000000002,-0.7000000000000001,1.9000000000000001,35.938,0.628,4,glass,0.1,6.8846,1,
18.900000000000002,-0.5,-0.30000000000000004,34.955,0.836,146,concrete,0.65,5.7449,1,
18.900000000000002,-0.5,1.7000000000000002,36.154,0.772,6,glass,0.1,7.1351,1,
18.900000000000002,-0.5,1.9000000000000001,35.263,1.413,37,glass,0.1,6.102,1,
18.900000000000002,-0.30000000000000004,-0.30000000000000004,35.227,0.962,177,concrete,0.65,6.0603,1,
18.900000000000002,-0.30000000000000004,1.7000000000000002,37.148,0.412,5,glass,0.1,8.2875,0,solar_suspected
18.900000000000002,-0.30000000000000004,1.9000000000000001,35.876,1.831,36,glass,0.1,6.8128,1,
18.900000000000002,-0.1,-0.30000000000000004,35.64,1.114,123,concrete,0.65,6.5391,1,
18.900000000000002,-0.1,1.7000000000000002,37.528,0.541,7,glass,0.1,8.7281,0,solar_suspected
18.900000000000002,-0.1,1.9000000000000001,36.086,1.707,33,glass,0.1,7.0562,1,
18.900000000000002,0.1,-0.30000000000000004,36.026,1.255,144,concrete,0.65,6.9867,1,
18.900000000000002,0.1,1.7000000000000002,37.655,1.148,10,glass,0.1,8.8754,0,solar_suspected
18.900000000000002,0.1,1.9000000000000001,36.476,2.057,28,glass,0.1,7.5084,1,
18.900000000000002,0.30000000000000004,-0.30000000000000004,36.673,0.895,134,concrete,0.65,7.7368,1,
18.900000000000002,0.30000000000000004,1.7000000000000002,37.689,1.15,7,glass,0.1,8.9148,0,solar_suspected
18.900000000000002,0.30000000000000004,1.9000000000000001,36.372,1.918,31,glass,0.1,7.3878,1,
18.900000000000002,0.5,-0.30000000000000004,36.694,0.921,117,concrete,0.65,7.7612,1,
18.900000000000002,0.5,1.7000000000000002,38.232,0.155,3,glass,0.1,9.5443,0,solar_suspected
18.900000000000002,0.5,1.9000000000000001,37.025,2.227,23,glass,0.1,8.1449,0,solar_suspected
18.900000000000002,0.7000000000000001,-0.30000000000000004,36.451,1.194,119,concrete,0.65,7.4794,1,
18.900000000000002,0.7000000000000001,1.7000000000000002,38.706,0.3,4,glass,0.1,10.0939,0,solar_suspected
18.900000000000002,0.7000000000000001,1.9000000000000001,37.182,2.143,26,glass,0.1,8.327,0,solar_suspected
18.900000000000002,0.9,-0.30000000000000004,36.274,1.549,94,concrete,0.65,7.2742,1,
18.900000000000002,0.9,1.7000000000000002,38.366,0.07,2,fabric,0.6,9.6997,0,implausible
18.900000000000002,0.9,1.9000000000000001,37.254,2.115,28,glass,0.1,8.4104,0,solar_suspected
18.900000000000002,1.1,-0.30000000000000004,36.423,1.387,101,concrete,0.65,7.447,1,
18.900000000000002,1.1,1.7000000000000002,38.284,0.606,4,fabric,0.6,9.6046,0,implausible
18.900000000000002,1.1,1.9000000000000001,37.707,2.139,28,glass,0.1,8.9357,0,solar_suspected
18.900000000000002,1.3,-0.30000000000000004,36.096,1.356,136,concrete,0.65,7.0678,1,
18.900000000000002,1.3,1.7000000000000002,37.01,0.628,4,glass,0.1,8.1275,0,solar_suspected
18.900000000000002,1.3,1.9000000000000001,36.857,1.581,24,glass,0.1,7.9501,1,
18.900000000000002,1.5,-0.30000000000000004,35.675,1.519,124,concrete,0.65,6.5797,1,
18.900000000000002,1.5,1.7000000000000002,37.643,2.147,12,glass,0.1,8.8614,0,solar_suspected
18.900000000000002,1.5,1.9000000000000001,36.127,1.495,28,glass,0.1,7.1038,1,
18.900000000000002,1.7000000000000002,-0.30000000000000004,35.227,1.558,130,concrete,0.65,6.0603,1,
18.900000000000002,1.7000000000000002,1.7000000000000002,38.487,2.793,12,glass,0.1,9.84,0,solar_suspected
18.900000000000002,1.7000000000000002,1.9000000000000001,35.422,1.42,38,glass,0.1,6.2864,1,
18.900000000000002,1.9000000000000001,-0.30000000000000004,34.844,1.272,167,concrete,0.65,5.6162,1,
18.900000000000002,1.9000000000000001,1.7000000000000002,39.615,3.304,4,glass,0.1,11.1478,0,solar_suspected
18.900000000000002,1.9000000000000001,1.9000000000000001,35.104,0.997,36,glass,0.1,5.9177,1,
18.900000000000002,2.1,-0.30000000000000004,34.398,1.229,163,concrete,0.65,5.0991,1,
18.900000000000002,2.1,-0.1,34.075,1.308,94,concrete,0.65,4.7246,1,
18.900000000000002,2.1,0.1,34.195,1.367,37,paint,0.6,4.8638,1,
18.900000000000002,2.1,0.30000000000000004,34.414,1.377,40,paint,0.6,5.1177,1,
18.900000000000002,2.1,0.5,35.316,1.408,71,paint,0.6,6.1635,1,
18.900000000000002,2.1,0.7000000000000001,35.639,1.324,102,paint,0.6,6.538,1,
18.900000000000002,2.1,0.9,36.225,1.447,97,paint,0.6,7.2174,1,
18.900000000000002,2.1,1.1,36.375,1.676,71,paint,0.6,7.3913,1,
18.900000000000002,2.1,1.3,36.291,1.284,51,paint,0.6,7.2939,1,
18.900000000000002,2.1,1.5,36.027,1.094,31,paint,0.6,6.9878,1,
18.900000000000002,2.1,1.7000000000000002,35.715,1.244,47,paint,0.6,6.6261,1,
18.900000000000002,2.1,1.9000000000000001,35.164,0.931,35,glass,0.1,5.9872,1,
18.900000000000002,2.3000000000000003,-0.30000000000000004,34.141,1.095,27,concrete,0.65,4.8012,1,
18.900000000000002,2.3000000000000003,-0.1,34.379,1.239,195,paint,0.6,5.0771,1,
18.900000000000002,2.3000000000000003,0.1,34.332,1.153,130,paint,0.6,5.0226,1,
18.900000000000002,2.3000000000000003,0.30000000000000004,34.676,1.907,102,paint,0.6,5.4214,1,
18.900000000000002,2.3000000000000003,0.5,35.008,1.163,55,paint,0.6,5.8064,1,
18.900000000000002,2.3000000000000003,0.7000000000000001,35.64,1.265,37,paint,0.6,6.5391,1,
18.900000000000002,2.3000000000000003,0.9,36.234,1.148,41,paint,0.6,7.2278,1,
18.900000000000002,2.3000000000000003,1.1,36.748,1.274,29,paint,0.6,7.8238,1,
18.900000000000002,2.3000000000000003,1.3,36.896,1.512,14,paint,0.6,7.9954,1,
18.900000000000002,2.3000000000000003,1.5,36.928,0.494,3,paint,0.6,8.0325,0,solar_possible
18.900000000000002,2.3000000000000003,1.7000000000000002,36.102,1.047,3,paint,0.6,7.0748,1,
19.1,-0.7000000000000001,-0.30000000000000004,34.549,0.816,242,concrete,0.65,5.2742,1,
19.1,-0.7000000000000001,-0.1,34.504,0.933,493,concrete,0.65,5.222,1,
19.1,-0.7000000000000001,0.1,34.845,0.888,262,painted_metal,0.65,5.6174,1,
19.1,-0.7000000000000001,0.30000000000000004,35.281,0.89,215,painted_metal,0.65,6.1229,1,
19.1,-0.7000000000000001,0.5,35.767,0.922,210,painted_metal,0.65,6.6864,1,
19.1,-0.7000000000000001,0.7000000000000001,36.117,0.946,234,painted_metal,0.65,7.0922,1,
19.1,-0.7000000000000001,0.9,36.216,1.016,131,glass,0.1,7.207,1,
19.1,-0.7000000000000001,1.1,35.966,1.152,88,glass,0.1,6.9171,1,
19.1,-0.7000000000000001,1.3,35.966,1.04,61,glass,0.1,6.9171,1,
19.1,-0.7000000000000001,1.5,35.993,0.812,33,glass,0.1,6.9484,1,
19.1,-0.7000000000000001,1.7000000000000002,35.897,0.615,24,glass,0.1,6.8371,1,
19.1,-0.7000000000000001,1.9000000000000001,35.866,0.489,6,glass,0.1,6.8012,1,
19.1,-0.5,-0.30000000000000004,34.653,0.956,109,concrete,0.65,5.3948,1,
19.1,-0.5,1.7000000000000002,35.982,0.616,6,glass,0.1,6.9357,1,
19.1,-0.5,1.9000000000000001,35.856,1.163,35,glass,0.1,6.7896,1,
19.1,-0.30000000000000004,-0.30000000000000004,35.434,1.114,92,concrete,0.65,6.3003,1,
19.1,-0.30000000000000004,1.7000000000000002,37.072,0.452,8,glass,0.1,8.1994,0,solar_suspected
19.1,-0.30000000000000004,1.9000000000000001,36.688,1.353,34,glass,0.1,7.7542,1,
19.1,-0.1,-0.30000000000000004,36.063,1.204,119,concrete,0.65,7.0296,1,
19.1,-0.1,1.7000000000000002,37.407,0.48,8,glass,0.1,8.5878,0,solar_suspected
19.1,-0.1,1.9000000000000001,36.508,1.471,29,glass,0.1,7.5455,1,
19.1,0.1,-0.30000000000000004,36.413,1.052,115,concrete,0.65,7.4354,1,
19.1,0.1,1.7000000000000002,37.823,0.591,12,glass,0.1,9.0701,0,solar_suspected
19.1,0.1,1.9000000000000001,36.498,1.49,30,glass,0.1,7.5339,1,
19.1,0.30000000000000004,-0.30000000000000004,36.509,0.827,138,concrete,0.65,7.5467,1,
19.1,0.30000000000000004,1.7000000000000002,37.525,0.426,9,glass,0.1,8.7246,0,solar_suspected
19.1,0.30000000000000004,1.9000000000000001,36.445,1.693,28,glass,0.1,7.4725,1,
19.1,0.5,-0.30000000000000004,36.736,0.878,154,concrete,0.65,7.8099,1,
19.1,0.5,1.7000000000000002,37.791,0.405,10,glass,0.1,9.033,0,solar_suspected
19.1,0.5,1.9000000000000001,36.292,1.831,24,glass,0.1,7.2951,1,
19.1,0.7000000000000001,-0.30000000000000004,36.603,1.135,163,concrete,0.65,7.6557,1,
19.1,0.7000000000000001,1.7000000000000002,37.603,1.185,13,glass,0.1,8.8151,0,solar_suspected
19.1,0.7000000000000001,1.9000000000000001,36.304,1.723,31,glass,0.1,7.309,1,
19.1,0.9,-0.30000000000000004,36.361,1.406,154,concrete,0.65,7.3751,1,
19.1,0.9,1.7000000000000002,37.591,1.324,13,glass,0.1,8.8012,0,solar_suspected
19.1,0.9,1.9000000000000001,36.072,1.755,41,glass,0.1,7.04,1,
19.1,1.1,-0.30000000000000004,36.386,1.422,145,concrete,0.65,7.4041,1,
19.1,1.1,1.7000000000000002,38.253,1.332,15,glass,0.1,9.5687,0,solar_suspected
19.1,1.1,1.9000000000000001,35.769,1.624,33,glass,0.1,6.6887,1,
19.1,1.3,-0.30000000000000004,36.237,1.231,110,concrete,0.65,7.2313,1,
19.1,1.3,1.7000000000000002,38.781,2.727,10,glass,0.1,10.1809,0,solar_suspected
19.1,1.3,1.9000000000000001,36.334,1.892,36,glass,0.1,7.3438,1,
19.1,1.5,-0.30000000000000004,35.539,1.644,117,concrete,0.65,6.422,1,
19.1,1.5,1.7000000000000002,37.2,1.185,12,glass,0.1,8.3478,0,solar_suspected
19.1,1.5,1.9000000000000001,36.778,1.907,39,glass,0.1,7.8586,1,
19.1,1.7000000000000002,-0.30000000000000004,34.815,1.581,128,concrete,0.65,5.5826,1,
19.1,1.7000000000000002,1.7000000000000002,37.379,0.957,7,glass,0.1,8.5554,0,solar_suspected
19.1,1.7000000000000002,1.9000000000000001,37.293,1.887,32,glass,0.1,8.4557,0,solar_suspected
19.1,1.9000000000000001,-0.30000000000000004,34.464,1.476,136,concrete,0.65,5.1757,1,
19.1,1.9000000000000001,1.7000000000000002,35.816,0.667,9,glass,0.1,6.7432,1,
19.1,1.9000000000000001,1.9000000000000001,36.361,1.332,29,glass,0.1,7.3751,1,
19.1,2.1,-0.30000000000000004,34.418,1.38,143,concrete,0.65,5.1223,1,
19.1,2.1,-0.1,34.184,1.29,17,concrete,0.65,4.851,1,
19.1,2.1,0.1,34.381,1.21,13,paint,0.6,5.0794,1,
19.1,2.1,0.30000000000000004,34.757,1.315,8,paint,0.6,5.5154,1,
19.1,2.1,0.5,35.02,1.727,12,paint,0.6,5.8203,1,
19.1,2.1,0.7000000000000001,35.958,1.414,31,paint,0.6,6.9078,1,
19.1,2.1,0.9,35.694,1.374,36,paint,0.6,6.6017,1,
19.1,2.1,1.1,36.95,2.071,12,paint,0.6,8.058,0,solar_possible
19.1,2.1,1.3,35.801,1.694,20,paint,0.6,6.7258,1,
19.1,2.1,1.5,35.721,1.107,28,paint,0.6,6.633,1,
19.1,2.1,1.7000000000000002,35.301,0.756,33,paint,0.6,6.1461,1,
19.1,2.1,1.9000000000000001,35.759,1.243,31,paint,0.6,6.6771,1,
19.1,2.3000000000000003,-0.30000000000000004,34.351,1.214,70,concrete,0.65,5.0446,1,
19.1,2.3000000000000003,-0.1,34.33,1.335,273,paint,0.6,5.0203,1,
19.1,2.3000000000000003,0.1,34.501,1.206,157,paint,0.6,5.2186,1,
19.1,2.3000000000000003,0.30000000000000004,34.562,1.384,146,paint,0.6,5.2893,1,
19.1,2.3000000000000003,0.5,35.211,1.437,116,paint,0.6,6.0417,1,
19.1,2.3000000000000003,0.7000000000000001,35.497,1.294,110,paint,0.6,6.3733,1,
19.1,2.3000000000000003,0.9,36.189,1.436,107,paint,0.6,7.1757,1,
19.1,2.3000000000000003,1.1,36.424,1.583,77,paint,0.6,7.4481,1,
19.1,2.3000000000000003,1.3,36.804,1.646,44,paint,0.6,7.8887,1,
19.1,2.3000000000000003,1.5,36.172,1.188,26,paint,0.6,7.1559,1,
19.1,2.3000000000000003,1.7000000000000002,35.302,0.894,10,paint,0.6,6.1472,1,
19.3,-0.7000000000000001,-0.30000000000000004,34.555,0.887,237,concrete,0.65,5.2812,1,
19.3,-0.7000000000000001,-0.1,34.545,0.948,483,concrete,0.65,5.2696,1,
19.3,-0.7000000000000001,0.1,34.943,0.922,251,painted_metal,0.65,5.731,1,
19.3,-0.7000000000000001,0.30000000000000004,35.423,0.904,213,painted_metal,0.65,6.2875,1,
19.3,-0.7000000000000001,0.5,35.869,0.933,188,painted_metal,0.65,6.8046,1,
19.3,-0.7000000000000001,0.7000000000000001,36.211,0.998,234,painted_metal,0.65,7.2012,1,
19.3,-0.7000000000000001,0.9,36.209,1.017,130,glass,0.1,7.1988,1,
19.3,-0.7000000000000001,1.1,36.253,1.242,83,glass,0.1,7.2499,1,
19.3,-0.7000000000000001,1.3,35.876,1.121,58,glass,0.1,6.8128,1,
19.3,-0.7000000000000001,1.5,36.024,1.055,37,glass,0.1,6.9843,1,
19.3,-0.7000000000000001,1.7000000000000002,36.001,0.765,36,glass,0.1,6.9577,1,
19.3,-0.7000000000000001,1.9000000000000001,35.575,0.826,4,glass,0.1,6.4638,1,
19.3,-0.5,-0.30000000000000004,34.597,0.862,97,concrete,0.65,5.3299,1,
19.3,-0.5,1.7000000000000002,35.845,0.831,3,glass,0.1,6.7768,1,
19.3,-0.5,1.9000000000000001,35.948,1.355,43,glass,0.1,6.8962,1,
19.3,-0.30000000000000004,-0.30000000000000004,35.45,0.772,75,concrete,0.65,6.3188,1,
19.3,-0.30000000000000004,1.7000000000000002,36.386,0.367,3,glass,0.1,7.4041,1,
19.3,-0.30000000000000004,1.9000000000000001,36.493,2.006,40,glass,0.1,7.5281,1,
19.3,-0.1,-0.30000000000000004,36.081,0.839,92,concrete,0.65,7.0504,1,
19.3,-0.1,1.7000000000000002,37.605,0.931,2,glass,0.1,8.8174,0,solar_suspected
19.3,-0.1,1.9000000000000001,36.995,1.737,46,glass,0.1,8.1101,0,solar_suspected
19.3,0.1,-0.30000000000000004,36.483,0.941,125,concrete,0.65,7.5165,1,
19.3,0.1,1.7000000000000002,37.696,0.906,4,glass,0.1,8.9229,0,solar_suspected
19.3,0.1,1.9000000000000001,37.202,1.895,48,glass,0.1,8.3501,0,solar_suspected
19.3,0.30000000000000004,-0.30000000000000004,36.801,0.923,140,concrete,0.65,7.8852,1,
19.3,0.30000000000000004,1.7000000000000002,37.958,0.784,5,glass,0.1,9.2267,0,solar_suspected
19.3,0.30000000000000004,1.9000000000000001,37.356,1.877,50,glass,0.1,8.5287,0,solar_suspected
19.3,0.5,-0.30000000000000004,36.802,0.922,118,concrete,0.65,7.8864,1,
19.3,0.5,1.7000000000000002,37.913,0.874,5,glass,0.1,9.1745,0,solar_suspected
19.3,0.5,1.9000000000000001,37.3,2.076,44,glass,0.1,8.4638,0,solar_suspected
19.3,0.7000000000000001,-0.30000000000000004,36.718,1.109,131,concrete,0.65,7.789,1,
19.3,0.7000000000000001,1.7000000000000002,38.234,1.041,5,glass,0.1,9.5467,0,solar_suspected
19.3,0.7000000000000001,1.9000000000000001,37.744,2.281,38,glass,0.1,8.9786,0,solar_suspected
19.3,0.9,-0.30000000000000004,36.381,1.43,132,concrete,0.65,7.3983,1,
19.3,0.9,1.7000000000000002,38.313,1.238,4,glass,0.1,9.6383,0,solar_suspected
19.3,0.9,1.9000000000000001,38.097,2.073,36,glass,0.1,9.3878,0,solar_suspected
19.3,1.1,-0.30000000000000004,35.805,1.575,149,concrete,0.65,6.7304,1,
19.3,1.1,1.7000000000000002,38.294,1.155,4,glass,0.1,9.6162,0,solar_suspected
19.3,1.1,1.9000000000000001,38.132,1.991,37,glass,0.1,9.4284,0,solar_suspected
19.3,1.3,-0.30000000000000004,35.636,1.633,172,concrete,0.65,6.5345,1,
19.3,1.3,1.7000000000000002,38.069,1.114,4,glass,0.1,9.3554,0,solar_suspected
19.3,1.3,1.9000000000000001,37.646,2.163,30,glass,0.1,8.8649,0,solar_suspected
19.3,1.5,-0.30000000000000004,35.144,1.604,164,concrete,0.65,5.9641,1,
19.3,1.5,1.7000000000000002,36.285,0.362,2,glass,0.1,7.287,1,
19.3,1.5,1.9000000000000001,37.273,1.951,24,glass,0.1,8.4325,0,solar_suspected
19.3,1.7000000000000002,-0.30000000000000004,34.435,1.416,156,concrete,0.65,5.142,1,
19.3,1.7000000000000002,1.7000000000000002,35.666,0.789,5,glass,0.1,6.5693,1,
19.3,1.7000000000000002,1.9000000000000001,36.514,1.951,23,glass,0.1,7.5525,1,
19.3,1.9000000000000001,-0.30000000000000004,34.531,1.511,154,concrete,0.65,5.2533,1,
19.3,1.9000000000000001,1.7000000000000002,35.126,0.978,5,glass,0.1,5.9432,1,
19.3,1.9000000000000001,1.9000000000000001,35.732,1.413,27,glass,0.1,6.6458,1,
19.3,2.1,-0.30000000000000004,34.684,1.068,145,concrete,0.65,5.4307,1,
19.3,2.1,-0.1,32.736,0.0,1,concrete,0.65,3.1722,1,
19.3,2.1,0.5,35.202,1.504,2,painted_metal,0.65,6.0313,1,
19.3,2.1,0.7000000000000001,35.689,1.361,2,paint,0.6,6.5959,1,
19.3,2.1,0.9,34.613,0.15,2,paint,0.6,5.3484,1,
19.3,2.1,1.3,35.527,0.0,1,paint,0.6,6.4081,1,
19.3,2.1,1.5,34.903,0.945,8,paint,0.6,5.6846,1,
19.3,2.1,1.7000000000000002,35.473,0.979,13,glass,0.1,6.3455,1,
19.3,2.1,1.9000000000000001,35.439,0.97,33,glass,0.1,6.3061,1,
19.3,2.3000000000000003,-0.30000000000000004,34.485,1.243,79,concrete,0.65,5.2,1,
19.3,2.3000000000000003,-0.1,34.392,1.348,282,concrete,0.65,5.0922,1,
19.3,2.3000000000000003,0.1,34.543,1.354,164,paint,0.6,5.2672,1,
19.3,2.3000000000000003,0.30000000000000004,34.788,1.418,155,paint,0.6,5.5513,1,
19.3,2.3000000000000003,0.5,35.196,1.453,137,paint,0.6,6.0243,1,
19.3,2.3000000000000003,0.7000000000000001,35.943,1.403,137,paint,0.6,6.8904,1,
19.3,2.3000000000000003,0.9,36.184,1.529,148,paint,0.6,7.1699,1,
19.3,2.3000000000000003,1.1,36.541,1.915,98,paint,0.6,7.5838,1,
19.3,2.3000000000000003,1.3,36.497,1.678,69,paint,0.6,7.5328,1,
19.3,2.3000000000000003,1.5,36.422,1.099,35,paint,0.6,7.4458,1,
19.3,2.3000000000000003,1.7000000000000002,35.753,1.051,33,paint,0.6,6.6701,1,
19.3,2.3000000000000003,1.9000000000000001,36.874,0.0,1,ceramic,0.4,7.9699,1,
19.5,-0.7000000000000001,-0.30000000000000004,34.508,0.872,238,concrete,0.65,5.2267,1,
19.5,-0.7000000000000001,-0.1,34.435,0.972,478,concrete,0.65,5.142,1,
19.5,-0.7000000000000001,0.1,34.886,0.992,260,painted_metal,0.65,5.6649,1,
19.5,-0.7000000000000001,0.30000000000000004,35.444,0.942,213,painted_metal,0.65,6.3119,1,
19.5,-0.7000000000000001,0.5,35.752,0.983,216,painted_metal,0.65,6.669,1,
19.5,-0.7000000000000001,0.7000000000000001,36.16,1.05,231,painted_metal,0.65,7.142,1,
19.5,-0.7000000000000001,0.9,36.193,1.176,116,glass,0.1,7.1803,1,
19.5,-0.7000000000000001,1.1,36.023,1.202,92,glass,0.1,6.9832,1,
19.5,-0.7000000000000001,1.3,35.797,1.11,60,glass,0.1,6.7212,1,
19.5,-0.7000000000000001,1.5,35.953,0.86,33,glass,0.1,6.902,1,
19.5,-0.7000000000000001,1.7000000000000002,35.847,0.776,34,glass,0.1,6.7791,1,
19.5,-0.7000000000000001,1.9000000000000001,36.544,0.0,1,glass,0.1,7.5872,1,
19.5,-0.5,-0.30000000000000004,34.837,1.13,166,concrete,0.65,5.6081,1,
19.5,-0.5,1.7000000000000002,35.675,1.084,8,glass,0.1,6.5797,1,
19.5,-0.5,1.9000000000000001,35.949,1.344,17,glass,0.1,6.8974,1,
19.5,-0.30000000000000004,-0.30000000000000004,35.597,1.066,159,concrete,0.65,6.4893,1,
19.5,-0.30000000000000004,1.7000000000000002,36.174,1.307,8,glass,0.1,7.1583,1,
19.5,-0.30000000000000004,1.9000000000000001,36.6,1.419,21,glass,0.1,7.6522,1,
19.5,-0.1,-0.30000000000000004,36.028,1.003,136,concrete,0.65,6.989,1,
19.5,-0.1,1.7000000000000002,37.278,0.573,7,glass,0.1,8.4383,0,solar_suspected
19.5,-0.1,1.9000000000000001,36.635,1.56,19,glass,0.1,7.6928,1,
19.5,0.1,-0.30000000000000004,36.323,0.992,109,concrete,0.65,7.331,1,
19.5,0.1,1.7000000000000002,37.048,1.76,10,glass,0.1,8.1716,0,solar_suspected
19.5,0.1,1.9000000000000001,37.479,1.676,12,glass,0.1,8.6713,0,solar_suspected
19.5,0.30000000000000004,-0.30000000000000004,36.49,0.906,87,concrete,0.65,7.5246,1,
19.5,0.30000000000000004,1.7000000000000002,36.771,1.518,10,glass,0.1,7.8504,1,
19.5,0.30000000000000004,1.9000000000000001,37.442,1.195,11,glass,0.1,8.6284,0,solar_suspected
19.5,0.5,-0.30000000000000004,36.621,0.933,94,concrete,0.65,7.6765,1,
19.5,0.5,1.7000000000000002,37.069,1.509,8,glass,0.1,8.1959,0,solar_suspected
19.5,0.5,1.9000000000000001,37.953,1.315,15,glass,0.1,9.2209,0,solar_suspected
19.5,0.7000000000000001,-0.30000000000000004,36.402,1.395,136,concrete,0.65,7.4226,1,
19.5,0.7000000000000001,1.7000000000000002,37.143,1.727,7,glass,0.1,8.2817,0,solar_suspected
19.5,0.7000000000000001,1.9000000000000001,37.32,2.137,18,glass,0.1,8.487,0,solar_suspected
19.5,0.9,-0.30000000000000004,35.98,1.709,163,concrete,0.65,6.9333,1,
19.5,0.9,1.7000000000000002,36.914,1.747,9,glass,0.1,8.0162,0,solar_suspected
19.5,0.9,1.9000000000000001,36.94,2.133,10,glass,0.1,8.0464,0,solar_suspected
19.5,1.1,-0.30000000000000004,36.242,1.543,159,concrete,0.65,7.2371,1,
19.5,1.1,1.7000000000000002,36.929,1.803,8,glass,0.1,8.0336,0,solar_suspected
19.5,1.1,1.9000000000000001,36.537,2.065,15,glass,0.1,7.5791,1,
19.5,1.3,-0.30000000000000004,35.944,1.463,160,concrete,0.65,6.8916,1,
19.5,1.3,1.7000000000000002,36.516,1.535,6,glass,0.1,7.5548,1,
19.5,1.3,1.9000000000000001,36.85,1.923,17,glass,0.1,7.942,1,
19.5,1.5,-0.30000000000000004,35.402,1.459,170,concrete,0.65,6.2632,1,
19.5,1.5,1.7000000000000002,36.837,1.538,8,glass,0.1,7.927,1,
19.5,1.5,1.9000000000000001,36.046,1.711,17,glass,0.1,7.0099,1,
19.5,1.7000000000000002,-0.30000000000000004,35.085,1.432,185,concrete,0.65,5.8957,1,
19.5,1.7000000000000002,1.7000000000000002,36.005,1.524,6,glass,0.1,6.9623,1,
19.5,1.7000000000000002,1.9000000000000001,36.212,1.879,21,glass,0.1,7.2023,1,
19.5,1.9000000000000001,-0.30000000000000004,34.759,1.284,162,concrete,0.65,5.5177,1,
19.5,1.9000000000000001,1.7000000000000002,35.884,1.323,6,glass,0.1,6.822,1,
19.5,1.9000000000000001,1.9000000000000001,35.817,1.595,30,glass,0.1,6.7443,1,
19.5,2.1,-0.30000000000000004,34.314,1.359,97,concrete,0.65,5.0017,1,
19.5,2.1,1.3,34.888,0.0,1,glass,0.1,5.6672,1,
19.5,2.1,1.7000000000000002,35.874,0.91,5,glass,0.1,6.8104,1,
19.5,2.1,1.9000000000000001,35.791,1.215,28,glass,0.1,6.7142,1,
19.5,2.3000000000000003,-0.30000000000000004,34.571,1.142,135,concrete,0.65,5.2997,1,
19.5,2.3000000000000003,-0.1,34.417,1.16,349,concrete,0.65,5.1212,1,
19.5,2.3000000000000003,0.1,34.627,1.223,195,paint,0.6,5.3646,1,
19.5,2.3000000000000003,0.30000000000000004,34.832,1.289,160,paint,0.6,5.6023,1,
19.5,2.3000000000000003,0.5,35.436,1.412,159,paint,0.6,6.3026,1,
19.5,2.3000000000000003,0.7000000000000001,36.122,1.357,162,painted_metal,0.65,7.098,1,
19.5,2.3000000000000003,0.9,36.352,1.55,143,paint,0.6,7.3646,1,
19.5,2.3000000000000003,1.1,36.292,1.639,111,paint,0.6,7.2951,1,
19.5,2.3000000000000003,1.3,36.579,1.75,73,paint,0.6,7.6278,1,
19.5,2.3000000000000003,1.5,36.282,1.428,40,paint,0.6,7.2835,1,
19.5,2.3000000000000003,1.7000000000000002,35.821,1.236,34,paint,0.6,6.749,1,
19.5,2.3000000000000003,1.9000000000000001,36.641,0.0,1,paint,0.6,7.6997,1,
19.700000000000003,-0.7000000000000001,-0.30000000000000004,34.704,0.87,217,concrete,0.65,5.4539,1,
19.700000000000003,-0.7000000000000001,-0.1,34.445,0.947,482,concrete,0.65,5.1536,1,
19.700000000000003,-0.7000000000000001,0.1,34.879,0.954,241,painted_metal,0.65,5.6568,1,
19.700000000000003,-0.7000000000000001,0.30000000000000004,35.31,0.948,225,painted_metal,0.65,6.1565,1,
19.700000000000003,-0.7000000000000001,0.5,35.704,0.962,197,painted_metal,0.65,6.6133,1,
19.700000000000003,-0.7000000000000001,0.7000000000000001,36.165,1.027,236,painted_metal,0.65,7.1478,1,
19.700000000000003,-0.7000000000000001,0.9,36.405,1.205,133,glass,0.1,7.4261,1,
19.700000000000003,-0.7000000000000001,1.1,36.057,1.176,80,glass,0.1,7.0226,1,
19.700000000000003,-0.7000000000000001,1.3,36.113,1.162,61,glass,0.1,7.0875,1,
19.700000000000003,-0.7000000000000001,1.5,35.895,0.958,46,glass,0.1,6.8348,1,
19.700000000000003,-0.7000000000000001,1.7000000000000002,35.971,0.875,34,glass,0.1,6.9229,1,
19.700000000000003,-0.7000000000000001,1.9000000000000001,36.241,0.524,4,glass,0.1,7.2359,1,
19.700000000000003,-0.5,-0.30000000000000004,34.757,1.104,164,concrete,0.65,5.5154,1,
19.700000000000003,-0.5,1.7000000000000002,36.682,0.0,1,glass,0.1,7.7472,1,
19.700000000000003,-0.5,1.9000000000000001,36.597,1.46,30,glass,0.1,7.6487,1,
19.700000000000003,-0.30000000000000004,-0.30000000000000004,35.298,1.323,196,concrete,0.65,6.1426,1,
19.700000000000003,-0.30000000000000004,1.7000000000000002,38.056,0.0,1,glass,0.1,9.3403,0,solar_suspected
19.700000000000003,-0.30000000000000004,1.9000000000000001,37.462,1.574,25,glass,0.1,8.6516,0,solar_suspected
19.700000000000003,-0.1,-0.30000000000000004,35.756,1.362,201,concrete,0.65,6.6736,1,
19.700000000000003,-0.1,1.7000000000000002,37.15,1.666,7,glass,0.1,8.2899,0,solar_suspected
19.700000000000003,-0.1,1.9000000000000001,37.863,1.581,24,glass,0.1,9.1165,0,solar_suspected
19.700000000000003,0.1,-0.30000000000000004,36.079,1.31,190,concrete,0.65,7.0481,1,
19.700000000000003,0.1,1.7000000000000002,38.593,0.159,5,glass,0.1,9.9629,0,solar_suspected
19.700000000000003,0.1,1.9000000000000001,37.733,2.012,23,glass,0.1,8.9658,0,solar_suspected
19.700000000000003,0.30000000000000004,-0.30000000000000004,36.322,1.139,175,concrete,0.65,7.3299,1,
19.700000000000003,0.30000000000000004,1.7000000000000002,38.049,1.335,9,glass,0.1,9.3322,0,solar_suspected
19.700000000000003,0.30000000000000004,1.9000000000000001,37.302,2.108,22,glass,0.1,8.4661,0,solar_suspected
19.700000000000003,0.5,-0.30000000000000004,36.662,0.902,169,concrete,0.65,7.7241,1,
19.700000000000003,0.5,1.7000000000000002,38.489,0.584,11,glass,0.1,9.8423,0,solar_suspected
19.700000000000003,0.5,1.9000000000000001,37.203,2.26,23,glass,0.1,8.3513,0,solar_suspected
19.700000000000003,0.7000000000000001,-0.30000000000000004,36.212,1.155,163,concrete,0.65,7.2023,1,
19.700000000000003,0.7000000000000001,1.7000000000000002,37.937,1.861,14,glass,0.1,9.2023,0,solar_suspected
19.700000000000003,0.7000000000000001,1.9000000000000001,37.661,2.465,24,glass,0.1,8.8823,0,solar_suspected
19.700000000000003,0.9,-0.30000000000000004,36.007,1.528,163,concrete,0.65,6.9646,1,
19.700000000000003,0.9,1.7000000000000002,37.657,1.775,20,glass,0.1,8.8777,0,solar_suspected
19.700000000000003,0.9,1.9000000000000001,37.033,2.465,21,glass,0.1,8.1542,0,solar_suspected
19.700000000000003,1.1,-0.30000000000000004,35.948,1.435,142,concrete,0.65,6.8962,1,
19.700000000000003,1.1,1.7000000000000002,37.753,1.718,25,glass,0.1,8.989,0,solar_suspected
19.700000000000003,1.1,1.9000000000000001,37.011,2.491,27,glass,0.1,8.1287,0,solar_suspected
19.700000000000003,1.3,-0.30000000000000004,35.615,1.486,175,concrete,0.65,6.5101,1,
19.700000000000003,1.3,1.7000000000000002,38.151,1.423,16,glass,0.1,9.4504,0,solar_suspected
19.700000000000003,1.3,1.9000000000000001,37.325,2.169,33,glass,0.1,8.4928,0,solar_suspected
19.700000000000003,1.5,-0.30000000000000004,35.373,1.43,175,concrete,0.65,6.2296,1,
19.700000000000003,1.5,1.7000000000000002,37.39,1.348,14,glass,0.1,8.5681,0,solar_suspected
19.700000000000003,1.5,1.9000000000000001,36.968,1.94,30,glass,0.1,8.0788,0,solar_suspected
19.700000000000003,1.7000000000000002,-0.30000000000000004,35.003,1.338,137,concrete,0.65,5.8006,1,
19.700000000000003,1.7000000000000002,1.7000000000000002,37.458,0.761,9,glass,0.1,8.647,0,solar_suspected
19.700000000000003,1.7000000000000002,1.9000000000000001,37.221,1.755,27,glass,0.1,8.3722,0,solar_suspected
19.700000000000003,1.9000000000000001,-0.30000000000000004,34.463,1.158,139,concrete,0.65,5.1745,1,
19.700000000000003,1.9000000000000001,1.7000000000000002,37.351,0.607,3,glass,0.1,8.5229,0,solar_suspected
19.700000000000003,1.9000000000000001,1.9000000000000001,36.636,1.711,33,glass,0.1,7.6939,1,
19.700000000000003,2.1,-0.30000000000000004,34.418,1.173,140,concrete,0.65,5.1223,1,
19.700000000000003,2.1,1.7000000000000002,36.555,0.0,1,glass,0.1,7.6,1,
19.700000000000003,2.1,1.9000000000000001,35.788,1.007,33,glass,0.1,6.7107,1,
19.700000000000003,2.3000000000000003,-0.30000000000000004,34.476,1.108,187,concrete,0.65,5.1896,1,
19.700000000000003,2.3000000000000003,-0.1,34.358,1.011,508,concrete,0.65,5.0528,1,
19.700000000000003,2.3000000000000003,0.1,34.661,1.106,273,painted_metal,0.65,5.4041,1,
19.700000000000003,2.3000000000000003,0.30000000000000004,35.063,1.226,231,painted_metal,0.65,5.8701,1,
19.700000000000003,2.3000000000000003,0.5,35.622,1.701,230,painted_metal,0.65,6.5183,1,
19.700000000000003,2.3000000000000003,0.7000000000000001,36.076,1.241,242,painted_metal,0.65,7.0446,1,
19.700000000000003,2.3000000000000003,0.9,36.329,1.582,146,paint,0.6,7.338,1,
19.700000000000003,2.3000000000000003,1.1,36.589,1.925,95,paint,0.6,7.6394,1,
19.700000000000003,2.3000000000000003,1.3,36.601,1.753,61,paint,0.6,7.6533,1,
19.700000000000003,2.3000000000000003,1.5,35.9,1.192,56,paint,0.6,6.8406,1,
19.700000000000003,2.3000000000000003,1.7000000000000002,35.874,1.226,35,paint,0.6,6.8104,1,
19.700000000000003,2.3000000000000003,1.9000000000000001,34.837,0.0,1,paint,0.6,5.6081,1,
19.900000000000002,-0.7000000000000001,-0.30000000000000004,34.54,0.917,174,concrete,0.65,5.2638,1,
19.900000000000002,-0.7000000000000001,-0.1,34.434,0.944,502,concrete,0.65,5.1409,1,
19.900000000000002,-0.7000000000000001,0.1,34.758,0.904,269,painted_metal,0.65,5.5165,1,
19.900000000000002,-0.7000000000000001,0.30000000000000004,35.293,0.912,241,painted_metal,0.65,6.1368,1,
19.900000000000002,-0.7000000000000001,0.5,35.662,0.868,235,painted_metal,0.65,6.5646,1,
19.900000000000002,-0.7000000000000001,0.7000000000000001,36.11,0.94,229,painted_metal,0.65,7.0841,1,
19.900000000000002,-0.7000000000000001,0.9,36.329,1.307,143,glass,0.1,7.338,1,
19.900000000000002,-0.7000000000000001,1.1,36.16,1.131,84,glass,0.1,7.142,1,
19.900000000000002,-0.7000000000000001,1.3,36.054,1.162,61,glass,0.1,7.0191,1,
19.900000000000002,-0.7000000000000001,1.5,35.897,0.987,42,glass,0.1,6.8371,1,
19.900000000000002,-0.7000000000000001,1.7000000000000002,36.043,1.066,31,glass,0.1,7.0064,1,
19.900000000000002,-0.7000000000000001,1.9000000000000001,34.137,0.0,1,glass,0.1,4.7965,1,
19.900000000000002,-0.5,-0.30000000000000004,34.557,1.072,172,concrete,0.65,5.2835,1,
19.900000000000002,-0.5,-0.1,33.624,0.165,23,concrete,0.65,4.2017,1,
19.900000000000002,-0.5,0.1,33.961,0.0,1,painted_metal,0.65,4.5925,1,
19.900000000000002,-0.5,1.7000000000000002,35.442,1.549,12,glass,0.1,6.3096,1,
19.900000000000002,-0.5,1.9000000000000001,36.185,1.549,37,glass,0.1,7.171,1,
19.900000000000002,-0.30000000000000004,-0.30000000000000004,35.295,1.231,181,concrete,0.65,6.1391,1,
19.900000000000002,-0.30000000000000004,1.7000000000000002,36.989,1.7,3,glass,0.1,8.1032,0,solar_suspected
19.900000000000002,-0.30000000000000004,1.9000000000000001,36.277,1.96,46,glass,0.1,7.2777,1,
19.900000000000002,-0.1,-0.30000000000000004,35.382,1.22,177,concrete,0.65,6.24,1,
19.900000000000002,-0.1,1.7000000000000002,36.552,2.091,9,glass,0.1,7.5965,1,
19.900000000000002,-0.1,1.9000000000000001,36.071,1.993,30,glass,0.1,7.0388,1,
19.900000000000002,0.1,-0.30000000000000004,35.922,0.97,146,concrete,0.65,6.8661,1,
19.900000000000002,0.1,1.7000000000000002,36.107,1.933,12,glass,0.1,7.0806,1,
19.900000000000002,0.1,1.9000000000000001,37.001,1.988,27,glass,0.1,8.1171,0,solar_suspected
19.900000000000002,0.30000000000000004,-0.30000000000000004,36.425,0.849,141,concrete,0.65,7.4493,1,
19.900000000000002,0.30000000000000004,1.7000000000000002,36.257,1.86,16,glass,0.1,7.2545,1,
19.900000000000002,0.30000000000000004,1.9000000000000001,37.217,1.775,24,glass,0.1,8.3675,0,solar_suspected
19.900000000000002,0.5,-0.30000000000000004,36.668,0.834,134,concrete,0.65,7.731,1,
19.900000000000002,0.5,1.7000000000000002,36.78,1.861,20,glass,0.1,7.8609,1,
19.900000000000002,0.5,1.9000000000000001,37.26,1.846,20,glass,0.1,8.4174,0,solar_suspected
19.900000000000002,0.7000000000000001,-0.30000000000000004,36.55,1.015,162,concrete,0.65,7.5942,1,
19.900000000000002,0.7000000000000001,1.7000000000000002,37.406,2.089,20,glass,0.1,8.5867,0,solar_suspected
19.900000000000002,0.7000000000000001,1.9000000000000001,37.354,2.185,16,glass,0.1,8.5264,0,solar_suspected
19.900000000000002,0.9,-0.30000000000000004,36.377,1.245,177,concrete,0.65,7.3936,1,
19.900000000000002,0.9,1.7000000000000002,37.426,1.762,17,glass,0.1,8.6099,0,solar_suspected
19.900000000000002,0.9,1.9000000000000001,36.974,2.12,19,glass,0.1,8.0858,0,solar_suspected
19.900000000000002,1.1,-0.30000000000000004,36.263,1.214,185,concrete,0.65,7.2614,1,
19.900000000000002,1.1,1.7000000000000002,36.852,1.743,12,glass,0.1,7.9443,1,
19.900000000000002,1.1,1.9000000000000001,37.899,1.818,16,glass,0.1,9.1583,0,solar_suspected
19.900000000000002,1.3,-0.30000000000000004,36.239,1.33,164,concrete,0.65,7.2336,1,
19.900000000000002,1.3,1.7000000000000002,37.179,1.621,10,glass,0.1,8.3235,0,solar_suspected
19.900000000000002,1.3,1.9000000000000001,37.437,2.151,19,glass,0.1,8.6226,0,solar_suspected
19.900000000000002,1.5,-0.30000000000000004,35.495,1.485,129,concrete,0.65,6.371,1,
19.900000000000002,1.5,1.7000000000000002,37.263,1.215,7,glass,0.1,8.4209,0,solar_suspected
19.900000000000002,1.5,1.9000000000000001,36.81,1.746,33,glass,0.1,7.8957,1,
19.900000000000002,1.7000000000000002,-0.30000000000000004,34.731,1.338,161,concrete,0.65,5.4852,1,
19.900000000000002,1.7000000000000002,1.7000000000000002,36.903,1.273,6,glass,0.1,8.0035,0,solar_suspected
19.900000000000002,1.7000000000000002,1.9000000000000001,36.933,1.75,34,glass,0.1,8.0383,0,solar_suspected
19.900000000000002,1.9000000000000001,-0.30000000000000004,34.284,1.131,136,concrete,0.65,4.967,1,
19.900000000000002,1.9000000000000001,1.7000000000000002,36.05,1.641,5,glass,0.1,7.0145,1,
19.900000000000002,1.9000000000000001,1.9000000000000001,36.492,1.616,35,glass,0.1,7.527,1,
19.900000000000002,2.1,-0.30000000000000004,34.5,1.047,101,concrete,0.65,5.2174,1,
19.900000000000002,2.1,1.7000000000000002,35.333,0.868,7,glass,0.1,6.1832,1,
19.900000000000002,2.1,1.9000000000000001,35.574,1.045,37,glass,0.1,6.4626,1,
19.900000000000002,2.3000000000000003,-0.30000000000000004,34.491,1.121,210,concrete,0.65,5.207,1,
19.900000000000002,2.3000000000000003,-0.1,34.407,1.004,515,concrete,0.65,5.1096,1,
19.900000000000002,2.3000000000000003,0.1,34.707,1.066,263,painted_metal,0.65,5.4574,1,
19.900000000000002,2.3000000000000003,0.30000000000000004,35.115,1.68,231,painted_metal,0.65,5.9304,1,
19.900000000000002,2.3000000000000003,0.5,35.605,1.731,201,painted_metal,0.65,6.4986,1,
19.900000000000002,2.3000000000000003,0.7000000000000001,36.225,1.29,263,painted_metal,0.65,7.2174,1,
19.900000000000002,2.3000000000000003,0.9,36.207,1.522,145,paint,0.6,7.1965,1,
19.900000000000002,2.3000000000000003,1.1,36.5,1.821,97,paint,0.6,7.5362,1,
19.900000000000002,2.3000000000000003,1.3,36.697,1.892,71,paint,0.6,7.7646,1,
19.900000000000002,2.3000000000000003,1.5,36.387,1.226,65,paint,0.6,7.4052,1,
19.900000000000002,2.3000000000000003,1.7000000000000002,35.468,1.028,29,paint,0.6,6.3397,1,
19.900000000000002,2.3000000000000003,1.9000000000000001,34.727,0.317,3,paint,0.6,5.4806,1,
20.1,-0.7000000000000001,-0.30000000000000004,34.582,0.911,155,concrete,0.65,5.3125,1,
20.1,-0.7000000000000001,-0.1,34.506,1.014,436,concrete,0.65,5.2243,1,
20.1,-0.7000000000000001,0.1,34.974,1.105,260,painted_metal,0.65,5.767,1,
20.1,-0.7000000000000001,0.30000000000000004,35.325,1.039,220,painted_metal,0.65,6.1739,1,
20.1,-0.7000000000000001,0.5,35.731,1.026,213,painted_metal,0.65,6.6446,1,
20.1,-0.7000000000000001,0.7000000000000001,36.105,1.012,220,painted_metal,0.65,7.0783,1,
20.1,-0.7000000000000001,0.9,36.655,1.282,136,glass,0.1,7.7159,1,
20.1,-0.7000000000000001,1.1,36.18,1.116,81,glass,0.1,7.1652,1,
20.1,-0.7000000000000001,1.3,35.826,1.153,59,glass,0.1,6.7548,1,
20.1,-0.7000000000000001,1.5,35.963,1.179,31,glass,0.1,6.9136,1,
20.1,-0.7000000000000001,1.7000000000000002,35.616,0.989,27,glass,0.1,6.5113,1,
20.1,-0.5,-0.30000000000000004,34.573,1.155,213,concrete,0.65,5.302,1,
20.1,-0.5,-0.1,33.755,0.23,43,rubber,0.9,4.3536,1,
20.1,-0.5,0.1,33.998,0.025,3,painted_metal,0.65,4.6354,1,
20.1,-0.5,1.7000000000000002,36.138,1.218,13,glass,0.1,7.1165,1,
20.1,-0.5,1.9000000000000001,36.085,1.422,26,glass,0.1,7.0551,1,
20.1,-0.30000000000000004,-0.30000000000000004,35.23,1.101,116,concrete,0.65,6.0638,1,
20.1,-0.30000000000000004,1.7000000000000002,36.308,1.51,7,glass,0.1,7.3136,1,
20.1,-0.30000000000000004,1.9000000000000001,36.755,1.416,34,glass,0.1,7.8319,1,
20.1,-0.1,-0.30000000000000004,35.532,1.121,107,concrete,0.65,6.4139,1,
20.1,-0.1,1.7000000000000002,37.304,0.891,8,glass,0.1,8.4684,0,solar_suspected
20.1,-0.1,1.9000000000000001,36.686,1.51,36,glass,0.1,7.7519,1,
20.1,0.1,-0.30000000000000004,36.026,1.091,147,concrete,0.65,6.9867,1,
20.1,0.1,1.7000000000000002,36.94,1.308,10,glass,0.1,8.0464,0,solar_suspected
20.1,0.1,1.9000000000000001,37.16,1.73,36,glass,0.1,8.3014,0,solar_suspected
20.1,0.30000000000000004,-0.30000000000000004,36.432,0.899,159,concrete,0.65,7.4574,1,
20.1,0.30000000000000004,1.7000000000000002,37.187,1.207,9,glass,0.1,8.3328,0,solar_suspected
20.1,0.30000000000000004,1.9000000000000001,36.834,2.01,31,glass,0.1,7.9235,1,
20.1,0.5,-0.30000000000000004,36.752,0.706,162,concrete,0.65,7.8284,1,
20.1,0.5,1.7000000000000002,37.283,1.354,11,glass,0.1,8.4441,0,solar_suspected
20.1,0.5,1.9000000000000001,36.514,2.304,30,glass,0.1,7.5525,1,
20.1,0.7000000000000001,-0.30000000000000004,36.839,0.796,161,concrete,0.65,7.9293,1,
20.1,0.7000000000000001,1.7000000000000002,38.003,1.857,15,glass,0.1,9.2788,0,solar_suspected
20.1,0.7000000000000001,1.9000000000000001,36.502,2.649,25,glass,0.1,7.5386,1,
20.1,0.9,-0.30000000000000004,36.605,0.908,147,concrete,0.65,7.658,1,
20.1,0.9,1.7000000000000002,37.578,1.592,9,glass,0.1,8.7861,0,solar_suspected
20.1,0.9,1.9000000000000001,36.79,2.371,30,glass,0.1,7.8725,1,
20.1,1.1,-0.30000000000000004,36.148,1.274,132,concrete,0.65,7.1281,1,
20.1,1.1,1.7000000000000002,38.405,2.073,17,glass,0.1,9.7449,0,solar_suspected
20.1,1.1,1.9000000000000001,36.558,2.158,35,glass,0.1,7.6035,1,
20.1,1.3,-0.30000000000000004,35.809,1.493,147,concrete,0.65,6.7351,1,
20.1,1.3,1.7000000000000002,37.849,1.59,16,glass,0.1,9.1003,0,solar_suspected
20.1,1.3,1.9000000000000001,36.829,2.26,28,glass,0.1,7.9177,1,
20.1,1.5,-0.30000000000000004,35.543,1.432,140,concrete,0.65,6.4267,1,
20.1,1.5,1.7000000000000002,38.125,1.959,13,glass,0.1,9.4203,0,solar_suspected
20.1,1.5,1.9000000000000001,36.492,1.82,24,glass,0.1,7.527,1,
20.1,1.7000000000000002,-0.30000000000000004,35.104,1.244,147,concrete,0.65,5.9177,1,
20.1,1.7000000000000002,1.7000000000000002,38.241,2.228,9,glass,0.1,9.5548,0,solar_suspected
20.1,1.7000000000000002,1.9000000000000001,36.522,1.719,30,glass,0.1,7.5617,1,
20.1,1.9000000000000001,-0.30000000000000004,34.633,1.257,139,concrete,0.65,5.3716,1,
20.1,1.9000000000000001,1.7000000000000002,37.313,2.182,8,glass,0.1,8.4788,0,solar_suspected
20.1,1.9000000000000001,1.9000000000000001,36.832,1.78,29,glass,0.1,7.9212,1,
20.1,2.1,-0.30000000000000004,34.235,1.233,96,concrete,0.65,4.9101,1,
20.1,2.1,1.7000000000000002,35.658,1.357,3,glass,0.1,6.56,1,
20.1,2.1,1.9000000000000001,36.187,1.669,29,glass,0.1,7.1733,1,
20.1,2.3000000000000003,-0.30000000000000004,34.545,1.151,191,concrete,0.65,5.2696,1,
20.1,2.3000000000000003,-0.1,34.498,1.012,466,concrete,0.65,5.2151,1,
20.1,2.3000000000000003,0.1,34.623,1.187,243,painted_metal,0.65,5.36,1,
20.1,2.3000000000000003,0.30000000000000004,35.058,1.216,208,painted_metal,0.65,5.8643,1,
20.1,2.3000000000000003,0.5,35.642,1.36,188,painted_metal,0.65,6.5414,1,
20.1,2.3000000000000003,0.7000000000000001,36.121,1.296,213,painted_metal,0.65,7.0968,1,
20.1,2.3000000000000003,0.9,36.298,1.464,168,plastic,0.6,7.302,1,
20.1,2.3000000000000003,1.1,36.674,1.852,90,paint,0.6,7.738,1,
20.1,2.3000000000000003,1.3,36.648,1.87,63,paint,0.6,7.7078,1,
20.1,2.3000000000000003,1.5,36.464,1.727,48,paint,0.6,7.4945,1,
20.1,2.3000000000000003,1.7000000000000002,36.037,1.177,36,paint,0.6,6.9994,1,
20.1,2.3000000000000003,1.9000000000000001,35.999,0.876,8,glass,0.1,6.9554,1,
20.3,-0.7000000000000001,-0.30000000000000004,34.761,0.916,116,concrete,0.65,5.52,1,
20.3,-0.7000000000000001,-0.1,34.667,1.104,326,concrete,0.65,5.411,1,
20.3,-0.7000000000000001,0.1,34.941,1.105,218,painted_metal,0.65,5.7287,1,
20.3,-0.7000000000000001,0.30000000000000004,35.368,1.099,207,painted_metal,0.65,6.2238,1,
20.3,-0.7000000000000001,0.5,35.783,1.193,194,painted_metal,0.65,6.7049,1,
20.3,-0.7000000000000001,0.7000000000000001,36.19,1.178,248,painted_metal,0.65,7.1768,1,
20.3,-0.7000000000000001,0.9,36.614,1.51,147,glass,0.1,7.6684,1,
20.3,-0.7000000000000001,1.1,36.325,1.258,75,glass,0.1,7.3333,1,
20.3,-0.7000000000000001,1.3,35.999,1.12,62,glass,0.1,6.9554,1,
20.3,-0.7000000000000001,1.5,35.931,1.125,46,glass,0.1,6.8765,1,
20.3,-0.7000000000000001,1.7000000000000002,36.129,1.002,26,glass,0.1,7.1061,1,
20.3,-0.7000000000000001,1.9000000000000001,37.396,0.187,2,glass,0.1,8.5751,0,solar_suspected
20.3,-0.5,-0.30000000000000004,34.533,0.953,271,concrete,0.65,5.2557,1,
20.3,-0.5,-0.1,34.165,0.88,135,concrete,0.65,4.829,1,
20.3,-0.5,0.1,34.633,0.896,32,painted_metal,0.65,5.3716,1,
20.3,-0.5,0.30000000000000004,35.031,1.26,11,painted_metal,0.65,5.833,1,
20.3,-0.5,0.5,33.667,0.0,1,painted_metal,0.65,4.2516,1,
20.3,-0.5,0.7000000000000001,35.989,0.0,1,painted_metal,0.65,6.9438,1,
20.3,-0.5,1.7000000000000002,36.736,1.541,11,glass,0.1,7.8099,1,
20.3,-0.5,1.9000000000000001,36.618,1.519,33,glass,0.1,7.673,1,
20.3,-0.30000000000000004,-0.30000000000000004,35.286,1.166,139,concrete,0.65,6.1287,1,
20.3,-0.30000000000000004,1.7000000000000002,38.14,0.71,5,glass,0.1,9.4377,0,solar_suspected
20.3,-0.30000000000000004,1.9000000000000001,36.733,1.469,31,glass,0.1,7.8064,1,
20.3,-0.1,-0.30000000000000004,35.542,1.154,108,concrete,0.65,6.4255,1,
20.3,-0.1,1.7000000000000002,37.727,0.901,8,glass,0.1,8.9588,0,solar_suspected
20.3,-0.1,1.9000000000000001,36.81,1.495,25,glass,0.1,7.8957,1,
20.3,0.1,-0.30000000000000004,36.177,1.135,112,concrete,0.65,7.1617,1,
20.3,0.1,1.7000000000000002,38.247,1.314,10,glass,0.1,9.5617,0,solar_suspected
20.3,0.1,1.9000000000000001,37.424,1.739,24,glass,0.1,8.6075,0,solar_suspected
20.3,0.30000000000000004,-0.30000000000000004,36.413,0.813,124,concrete,0.65,7.4354,1,
20.3,0.30000000000000004,1.7000000000000002,38.107,0.96,11,glass,0.1,9.3994,0,solar_suspected
20.3,0.30000000000000004,1.9000000000000001,36.831,1.581,22,glass,0.1,7.92,1,
20.3,0.5,-0.30000000000000004,36.572,0.805,139,concrete,0.65,7.6197,1,
20.3,0.5,1.7000000000000002,38.277,0.863,11,glass,0.1,9.5965,0,solar_suspected
20.3,0.5,1.9000000000000001,36.597,1.883,21,glass,0.1,7.6487,1,
20.3,0.7000000000000001,-0.30000000000000004,36.437,0.906,138,concrete,0.65,7.4632,1,
20.3,0.7000000000000001,1.7000000000000002,38.424,1.501,12,glass,0.1,9.767,0,solar_suspected
20.3,0.7000000000000001,1.9000000000000001,36.872,2.239,23,glass,0.1,7.9675,1,
20.3,0.9,-0.30000000000000004,36.07,1.229,113,concrete,0.65,7.0377,1,
20.3,0.9,1.7000000000000002,39.031,2.186,15,glass,0.1,10.4707,0,solar_suspected
20.3,0.9,1.9000000000000001,36.492,2.157,20,glass,0.1,7.527,1,
20.3,1.1,-0.30000000000000004,36.125,1.384,119,concrete,0.65,7.1014,1,
20.3,1.1,1.7000000000000002,38.397,1.516,9,glass,0.1,9.7357,0,solar_suspected
20.3,1.1,1.9000000000000001,36.727,2.114,18,glass,0.1,7.7994,1,
20.3,1.3,-0.30000000000000004,35.9,1.415,133,concrete,0.65,6.8406,1,
20.3,1.3,1.7000000000000002,37.967,1.262,7,glass,0.1,9.2371,0,solar_suspected
20.3,1.3,1.9000000000000001,37.381,2.667,21,glass,0.1,8.5577,0,solar_suspected
20.3,1.5,-0.30000000000000004,35.701,1.443,147,concrete,0.65,6.6099,1,
20.3,1.5,1.7000000000000002,37.744,0.943,6,glass,0.1,8.9786,0,solar_suspected
20.3,1.5,1.9000000000000001,37.064,2.476,27,glass,0.1,8.1901,0,solar_suspected
20.3,1.7000000000000002,-0.30000000000000004,35.509,1.45,105,concrete,0.65,6.3872,1,
20.3,1.7000000000000002,1.7000000000000002,37.204,1.012,8,glass,0.1,8.3525,0,solar_suspected
20.3,1.7000000000000002,1.9000000000000001,36.915,2.256,26,glass,0.1,8.0174,0,solar_suspected
20.3,1.9000000000000001,-0.30000000000000004,35.016,1.318,108,concrete,0.65,5.8157,1,
20.3,1.9000000000000001,1.7000000000000002,35.231,0.27,3,glass,0.1,6.0649,1,
20.3,1.9000000000000001,1.9000000000000001,36.9,1.856,38,glass,0.1,8.0,1,
20.3,2.1,-0.30000000000000004,34.794,0.711,68,concrete,0.65,5.5583,1,
20.3,2.1,1.7000000000000002,35.001,0.515,6,glass,0.1,5.7983,1,
20.3,2.1,1.9000000000000001,36.113,1.274,33,glass,0.1,7.0875,1,
20.3,2.3000000000000003,-0.30000000000000004,34.587,1.172,199,concrete,0.65,5.3183,1,
20.3,2.3000000000000003,-0.1,34.418,1.058,415,concrete,0.65,5.1223,1,
20.3,2.3000000000000003,0.1,34.707,1.188,237,plastic,0.6,5.4574,1,
20.3,2.3000000000000003,0.30000000000000004,35.046,1.463,188,plastic,0.6,5.8504,1,
20.3,2.3000000000000003,0.5,35.541,1.426,179,plastic,0.6,6.4243,1,
20.3,2.3000000000000003,0.7000000000000001,36.124,1.292,197,plastic,0.6,7.1003,1,
20.3,2.3000000000000003,0.9,36.354,1.517,154,plastic,0.6,7.367,1,
20.3,2.3000000000000003,1.1,36.55,1.792,94,paint,0.6,7.5942,1,
20.3,2.3000000000000003,1.3,36.946,1.973,70,paint,0.6,8.0533,0,solar_possible
20.3,2.3000000000000003,1.5,36.038,1.512,36,paint,0.6,7.0006,1,
20.3,2.3000000000000003,1.7000000000000002,35.873,1.184,49,paint,0.6,6.8093,1,
20.3,2.3000000000000003,1.9000000000000001,36.645,0.752,8,glass,0.1,7.7043,1,
20.5,-0.7000000000000001,-0.30000000000000004,34.614,0.765,59,concrete,0.65,5.3496,1,
20.5,-0.7000000000000001,-0.1,34.777,1.081,205,concrete,0.65,5.5386,1,
20.5,-0.7000000000000001,0.1,35.137,1.212,140,painted_metal,0.65,5.9559,1,
20.5,-0.7000000000000001,0.30000000000000004,35.443,1.145,160,painted_metal,0.65,6.3107,1,
20.5,-0.7000000000000001,0.5,36.019,1.243,178,painted_metal,0.65,6.9786,1,
20.5,-0.7000000000000001,0.7000000000000001,36.267,1.174,196,painted_metal,0.65,7.2661,1,
20.5,-0.7000000000000001,0.9,36.876,1.684,145,painted_metal,0.65,7.9722,1,
20.5,-0.7000000000000001,1.1,36.373,1.272,85,glass,0.1,7.389,1,
20.5,-0.7000000000000001,1.3,36.08,1.107,49,glass,0.1,7.0493,1,
20.5,-0.7000000000000001,1.5,35.912,1.165,39,glass,0.1,6.8545,1,
20.5,-0.7000000000000001,1.7000000000000002,35.962,1.145,28,glass,0.1,6.9125,1,
20.5,-0.5,-0.30000000000000004,34.534,0.978,285,concrete,0.65,5.2568,1,
20.5,-0.5,-0.1,34.426,0.958,193,concrete,0.65,5.1316,1,
20.5,-0.5,0.1,35.128,1.227,87,painted_metal,0.65,5.9455,1,
20.5,-0.5,0.30000000000000004,35.451,1.287,35,painted_metal,0.65,6.32,1,
20.5,-0.5,0.5,35.789,0.565,8,painted_metal,0.65,6.7119,1,
20.5,-0.5,0.7000000000000001,35.489,0.628,7,painted_metal,0.65,6.3641,1,
20.5,-0.5,1.5,34.75,0.0,1,glass,0.1,5.5072,1,
20.5,-0.5,1.7000000000000002,35.584,1.113,14,glass,0.1,6.4742,1,
20.5,-0.5,1.9000000000000001,36.731,1.813,31,glass,0.1,7.8041,1,
20.5,-0.30000000000000004,-0.30000000000000004,35.248,1.218,153,concrete,0.65,6.0846,1,
20.5,-0.30000000000000004,1.7000000000000002,37.405,1.202,11,glass,0.1,8.5855,0,solar_suspected
20.5,-0.30000000000000004,1.9000000000000001,37.353,1.642,43,glass,0.1,8.5252,0,solar_suspected
20.5,-0.1,-0.30000000000000004,35.868,1.228,147,concrete,0.65,6.8035,1,
20.5,-0.1,1.7000000000000002,37.099,1.233,18,glass,0.1,8.2307,0,solar_suspected
20.5,-0.1,1.9000000000000001,37.852,1.661,36,glass,0.1,9.1038,0,solar_suspected
20.5,0.1,-0.30000000000000004,36.199,1.144,160,concrete,0.65,7.1872,1,
20.5,0.1,1.7000000000000002,37.777,1.132,15,glass,0.1,9.0168,0,solar_suspected
20.5,0.1,1.9000000000000001,37.764,2.036,36,glass,0.1,9.0017,0,solar_suspected
20.5,0.30000000000000004,-0.30000000000000004,36.359,0.992,107,concrete,0.65,7.3728,1,
20.5,0.30000000000000004,1.7000000000000002,38.173,0.97,8,glass,0.1,9.4759,0,solar_suspected
20.5,0.30000000000000004,1.9000000000000001,37.529,1.898,40,glass,0.1,8.7293,0,solar_suspected
20.5,0.5,-0.30000000000000004,36.596,0.803,113,concrete,0.65,7.6475,1,
20.5,0.5,1.7000000000000002,37.661,1.528,11,glass,0.1,8.8823,0,solar_suspected
20.5,0.5,1.9000000000000001,37.52,2.206,37,glass,0.1,8.7188,0,solar_suspected
20.5,0.7000000000000001,-0.30000000000000004,36.482,0.994,109,concrete,0.65,7.5154,1,
20.5,0.7000000000000001,1.7000000000000002,37.826,1.554,15,glass,0.1,9.0736,0,solar_suspected
20.5,0.7000000000000001,1.9000000000000001,37.456,2.721,34,glass,0.1,8.6446,0,solar_suspected
20.5,0.9,-0.30000000000000004,36.277,1.353,111,concrete,0.65,7.2777,1,
20.5,0.9,1.7000000000000002,37.111,1.943,10,glass,0.1,8.2446,0,solar_suspected
20.5,0.9,1.9000000000000001,37.629,2.489,35,glass,0.1,8.8452,0,solar_suspected
20.5,1.1,-0.30000000000000004,36.258,1.415,96,concrete,0.65,7.2557,1,
20.5,1.1,1.7000000000000002,37.242,1.596,13,glass,0.1,8.3965,0,solar_suspected
20.5,1.1,1.9000000000000001,37.908,2.321,35,glass,0.1,9.1687,0,solar_suspected
20.5,1.3,-0.30000000000000004,36.095,1.385,124,concrete,0.65,7.0667,1,
20.5,1.3,1.7000000000000002,37.024,1.992,15,glass,0.1,8.1438,0,solar_suspected
20.5,1.3,1.9000000000000001,38.006,2.249,33,glass,0.1,9.2823,0,solar_suspected
20.5,1.5,-0.30000000000000004,35.786,1.467,119,concrete,0.65,6.7084,1,
20.5,1.5,1.7000000000000002,36.45,1.724,12,glass,0.1,7.4783,1,
20.5,1.5,1.9000000000000001,37.767,1.811,34,glass,0.1,9.0052,0,solar_suspected
20.5,1.7000000000000002,-0.30000000000000004,35.371,1.415,111,concrete,0.65,6.2272,1,
20.5,1.7000000000000002,1.7000000000000002,36.266,1.715,17,glass,0.1,7.2649,1,
20.5,1.7000000000000002,1.9000000000000001,37.341,1.703,25,glass,0.1,8.5113,0,solar_suspected
20.5,1.9000000000000001,-0.30000000000000004,35.078,1.443,116,concrete,0.65,5.8875,1,
20.5,1.9000000000000001,1.7000000000000002,35.897,1.758,14,glass,0.1,6.8371,1,
20.5,1.9000000000000001,1.9000000000000001,36.733,1.896,24,glass,0.1,7.8064,1,
20.5,2.1,-0.30000000000000004,34.62,1.133,137,concrete,0.65,5.3565,1,
20.5,2.1,1.7000000000000002,36.006,0.952,5,glass,0.1,6.9635,1,
20.5,2.1,1.9000000000000001,35.906,1.418,28,glass,0.1,6.8475,1,
20.5,2.3000000000000003,-0.30000000000000004,34.557,1.207,205,concrete,0.65,5.2835,1,
20.5,2.3000000000000003,-0.1,34.388,1.063,388,concrete,0.65,5.0875,1,
20.5,2.3000000000000003,0.1,34.553,1.172,208,plastic,0.6,5.2788,1,
20.5,2.3000000000000003,0.30000000000000004,34.975,1.372,188,plastic,0.6,5.7681,1,
20.5,2.3000000000000003,0.5,35.388,1.356,174,plastic,0.6,6.247,1,
20.5,2.3000000000000003,0.7000000000000001,36.15,1.293,210,plastic,0.6,7.1304,1,
20.5,2.3000000000000003,0.9,36.35,1.453,152,plastic,0.6,7.3623,1,
20.5,2.3000000000000003,1.1,36.737,1.976,84,paint,0.6,7.811,1,
20.5,2.3000000000000003,1.3,37.029,2.089,65,paint,0.6,8.1496,0,solar_possible
20.5,2.3000000000000003,1.5,37.036,1.653,58,paint,0.6,8.1577,0,solar_possible
20.5,2.3000000000000003,1.7000000000000002,35.741,1.141,37,paint,0.6,6.6562,1,
20.5,2.3000000000000003,1.9000000000000001,35.665,1.083,6,glass,0.1,6.5681,1,
20.700000000000003,-0.7000000000000001,-0.30000000000000004,35.312,0.548,20,concrete,0.65,6.1588,1,
20.700000000000003,-0.7000000000000001,-0.1,34.833,0.997,94,concrete,0.65,5.6035,1,
20.700000000000003,-0.7000000000000001,0.1,35.226,1.063,81,painted_metal,0.65,6.0591,1,
20.700000000000003,-0.7000000000000001,0.30000000000000004,35.53,1.161,96,painted_metal,0.65,6.4116,1,
20.700000000000003,-0.7000000000000001,0.5,36.049,1.318,109,painted_metal,0.65,7.0133,1,
20.700000000000003,-0.7000000000000001,0.7000000000000001,36.445,1.218,170,painted_metal,0.65,7.4725,1,
20.700000000000003,-0.7000000000000001,0.9,36.966,1.43,130,painted_metal,0.65,8.0765,0,solar_suspected
20.700000000000003,-0.7000000000000001,1.1,36.596,1.347,81,glass,0.1,7.6475,1,
20.700000000000003,-0.7000000000000001,1.3,36.045,1.076,52,glass,0.1,7.0087,1,
20.700000000000003,-0.7000000000000001,1.5,36.032,1.154,42,glass,0.1,6.9936,1,
20.700000000000003,-0.7000000000000001,1.7000000000000002,36.28,1.131,25,glass,0.1,7.2812,1,
20.700000000000003,-0.5,-0.30000000000000004,34.761,1.039,323,concrete,0.65,5.52,1,
20.700000000000003,-0.5,-0.1,34.707,1.08,312,concrete,0.65,5.4574,1,
20.700000000000003,-0.5,0.1,35.311,1.336,136,painted_metal,0.65,6.1577,1,
20.700000000000003,-0.5,0.30000000000000004,35.557,1.227,82,painted_metal,0.65,6.4429,1,
20.700000000000003,-0.5,0.5,36.128,1.18,56,painted_metal,0.65,7.1049,1,
20.700000000000003,-0.5,0.7000000000000001,36.164,0.874,35,painted_metal,0.65,7.1467,1,
20.700000000000003,-0.5,0.9,37.374,1.759,11,painted_metal,0.65,8.5496,0,solar_suspected
20.700000000000003,-0.5,1.1,38.455,1.569,2,painted_metal,0.65,9.8029,0,solar_suspected
20.700000000000003,-0.5,1.3,34.952,0.428,2,glass,0.1,5.7414,1,
20.700000000000003,-0.5,1.5,35.005,0.0,1,glass,0.1,5.8029,1,
20.700000000000003,-0.5,1.7000000000000002,35.603,1.386,23,glass,0.1,6.4962,1,
20.700000000000003,-0.5,1.9000000000000001,36.574,1.75,14,glass,0.1,7.622,1,
20.700000000000003,-0.30000000000000004,-0.30000000000000004,34.895,0.973,116,concrete,0.65,5.6754,1,
20.700000000000003,-0.30000000000000004,1.7000000000000002,35.937,1.477,18,glass,0.1,6.8835,1,
20.700000000000003,-0.30000000000000004,1.9000000000000001,36.262,1.775,16,glass,0.1,7.2603,1,
20.700000000000003,-0.1,-0.30000000000000004,35.198,0.927,129,concrete,0.65,6.0267,1,
20.700000000000003,-0.1,1.7000000000000002,36.279,1.171,15,glass,0.1,7.28,1,
20.700000000000003,-0.1,1.9000000000000001,36.652,1.827,14,glass,0.1,7.7125,1,
20.700000000000003,0.1,-0.30000000000000004,36.062,1.069,188,concrete,0.65,7.0284,1,
20.700000000000003,0.1,1.7000000000000002,36.235,1.505,14,glass,0.1,7.229,1,
20.700000000000003,0.1,1.9000000000000001,37.449,1.926,17,glass,0.1,8.6365,0,solar_suspected
20.700000000000003,0.30000000000000004,-0.30000000000000004,36.492,0.821,168,concrete,0.65,7.527,1,
20.700000000000003,0.30000000000000004,1.7000000000000002,36.521,1.645,19,glass,0.1,7.5606,1,
20.700000000000003,0.30000000000000004,1.9000000000000001,37.468,1.842,21,glass,0.1,8.6586,0,solar_suspected
20.700000000000003,0.5,-0.30000000000000004,36.709,0.767,182,concrete,0.65,7.7786,1,
20.700000000000003,0.5,1.7000000000000002,36.64,1.709,19,glass,0.1,7.6986,1,
20.700000000000003,0.5,1.9000000000000001,37.872,1.73,14,glass,0.1,9.127,0,solar_suspected
20.700000000000003,0.7000000000000001,-0.30000000000000004,36.793,0.74,172,concrete,0.65,7.8759,1,
20.700000000000003,0.7000000000000001,1.7000000000000002,36.593,1.85,18,glass,0.1,7.6441,1,
20.700000000000003,0.7000000000000001,1.9000000000000001,37.572,2.447,16,glass,0.1,8.7791,0,solar_suspected
20.700000000000003,0.9,-0.30000000000000004,36.43,1.005,144,concrete,0.65,7.4551,1,
20.700000000000003,0.9,1.7000000000000002,36.87,1.758,21,glass,0.1,7.9652,1,
20.700000000000003,0.9,1.9000000000000001,37.586,2.23,16,glass,0.1,8.7954,0,solar_suspected
20.700000000000003,1.1,-0.30000000000000004,36.385,1.18,129,concrete,0.65,7.4029,1,
20.700000000000003,1.1,1.7000000000000002,37.114,1.717,20,glass,0.1,8.2481,0,solar_suspected
20.700000000000003,1.1,1.9000000000000001,36.928,2.023,12,glass,0.1,8.0325,0,solar_suspected
20.700000000000003,1.3,-0.30000000000000004,36.12,1.443,130,concrete,0.65,7.0957,1,
20.700000000000003,1.3,1.7000000000000002,37.203,1.955,19,glass,0.1,8.3513,0,solar_suspected
20.700000000000003,1.3,1.9000000000000001,36.474,2.189,9,glass,0.1,7.5061,1,
20.700000000000003,1.5,-0.30000000000000004,36.357,1.35,132,concrete,0.65,7.3704,1,
20.700000000000003,1.5,1.7000000000000002,36.745,1.311,17,glass,0.1,7.8203,1,
20.700000000000003,1.5,1.9000000000000001,37.023,1.892,14,glass,0.1,8.1426,0,solar_suspected
20.700000000000003,1.7000000000000002,-0.30000000000000004,36.201,1.284,140,concrete,0.65,7.1896,1,
20.700000000000003,1.7000000000000002,1.7000000000000002,36.74,1.128,10,glass,0.1,7.8145,1,
20.700000000000003,1.7000000000000002,1.9000000000000001,36.603,1.808,21,glass,0.1,7.6557,1,
20.700000000000003,1.9000000000000001,-0.30000000000000004,35.233,1.36,181,concrete,0.65,6.0672,1,
20.700000000000003,1.9000000000000001,1.7000000000000002,36.549,1.153,8,glass,0.1,7.593,1,
20.700000000000003,1.9000000000000001,1.9000000000000001,36.637,1.872,23,glass,0.1,7.6951,1,
20.700000000000003,2.1,-0.30000000000000004,34.274,1.167,123,concrete,0.65,4.9554,1,
20.700000000000003,2.1,1.7000000000000002,35.756,0.637,8,glass,0.1,6.6736,1,
20.700000000000003,2.1,1.9000000000000001,35.883,1.411,29,glass,0.1,6.8209,1,
20.700000000000003,2.3000000000000003,-0.30000000000000004,34.592,1.277,204,concrete,0.65,5.3241,1,
20.700000000000003,2.3000000000000003,-0.1,34.466,1.094,368,concrete,0.65,5.178,1,
20.700000000000003,2.3000000000000003,0.1,34.672,1.229,184,plastic,0.6,5.4168,1,
20.700000000000003,2.3000000000000003,0.30000000000000004,34.867,1.281,154,plastic,0.6,5.6429,1,
20.700000000000003,2.3000000000000003,0.5,35.344,1.376,172,plastic,0.6,6.1959,1,
20.700000000000003,2.3000000000000003,0.7000000000000001,36.051,1.343,171,plastic,0.6,7.0157,1,
20.700000000000003,2.3000000000000003,0.9,36.315,1.525,174,plastic,0.6,7.3217,1,
20.700000000000003,2.3000000000000003,1.1,36.415,1.746,92,paint,0.6,7.4377,1,
20.700000000000003,2.3000000000000003,1.3,36.59,1.959,67,paint,0.6,7.6406,1,
20.700000000000003,2.3000000000000003,1.5,36.797,1.714,51,paint,0.6,7.8806,1,
20.700000000000003,2.3000000000000003,1.7000000000000002,35.842,1.334,30,paint,0.6,6.7733,1,
20.700000000000003,2.3000000000000003,1.9000000000000001,36.279,1.219,8,glass,0.1,7.28,1,
20.900000000000002,-0.7000000000000001,-0.30000000000000004,35.415,0.719,4,concrete,0.65,6.2783,1,
20.900000000000002,-0.7000000000000001,-0.1,35.108,0.879,27,glass,0.1,5.9223,1,
20.900000000000002,-0.7000000000000001,0.1,35.335,1.059,41,painted_metal,0.65,6.1855,1,
20.900000000000002,-0.7000000000000001,0.30000000000000004,35.553,0.942,44,painted_metal,0.65,6.4383,1,
20.900000000000002,-0.7000000000000001,0.5,35.926,1.343,66,painted_metal,0.65,6.8707,1,
20.900000000000002,-0.7000000000000001,0.7000000000000001,36.318,1.352,94,painted_metal,0.65,7.3252,1,
20.900000000000002,-0.7000000000000001,0.9,36.876,1.344,111,painted_metal,0.65,7.9722,1,
20.900000000000002,-0.7000000000000001,1.1,36.993,1.358,66,glass,0.1,8.1078,0,solar_suspected
20.900000000000002,-0.7000000000000001,1.3,36.25,1.135,54,glass,0.1,7.2464,1,
20.900000000000002,-0.7000000000000001,1.5,35.68,1.042,39,glass,0.1,6.5855,1,
20.900000000000002,-0.7000000000000001,1.7000000000000002,35.561,1.121,20,glass,0.1,6.4475,1,
20.900000000000002,-0.5,-0.30000000000000004,34.786,1.053,375,concrete,0.65,5.549,1,
20.900000000000002,-0.5,-0.1,34.637,1.005,353,concrete,0.65,5.3762,1,
20.900000000000002,-0.5,0.1,35.284,1.23,184,painted_metal,0.65,6.1264,1,
20.900000000000002,-0.5,0.30000000000000004,35.75,1.211,134,painted_metal,0.65,6.6667,1,
20.900000000000002,-0.5,0.5,36.046,1.188,106,painted_metal,0.65,7.0099,1,
20.900000000000002,-0.5,0.7000000000000001,36.311,1.093,103,painted_metal,0.65,7.3171,1,
20.900000000000002,-0.5,0.9,36.864,1.579,54,painted_metal,0.65,7.9583,1,
20.900000000000002,-0.5,1.1,37.046,2.124,14,glass,0.1,8.1693,0,solar_suspected
20.900000000000002,-0.5,1.3,35.558,0.938,8,glass,0.1,6.4441,1,
20.900000000000002,-0.5,1.5,35.719,1.33,4,glass,0.1,6.6307,1,
20.900000000000002,-0.5,1.7000000000000002,36.497,1.667,21,glass,0.1,7.5328,1,
20.900000000000002,-0.5,1.9000000000000001,36.0,1.421,16,glass,0.1,6.9565,1,
20.900000000000002,-0.30000000000000004,-0.30000000000000004,35.142,1.108,185,concrete,0.65,5.9617,1,
20.900000000000002,-0.30000000000000004,1.7000000000000002,36.655,1.81,9,glass,0.1,7.7159,1,
20.900000000000002,-0.30000000000000004,1.9000000000000001,36.567,1.601,17,glass,0.1,7.6139,1,
20.900000000000002,-0.1,-0.30000000000000004,35.568,1.063,192,concrete,0.65,6.4557,1,
20.900000000000002,-0.1,1.7000000000000002,36.296,1.855,15,glass,0.1,7.2997,1,
20.900000000000002,-0.1,1.9000000000000001,36.664,1.414,12,glass,0.1,7.7264,1,
20.900000000000002,0.1,-0.30000000000000004,35.732,0.908,142,concrete,0.65,6.6458,1,
20.900000000000002,0.1,1.7000000000000002,36.65,1.853,15,glass,0.1,7.7101,1,
20.900000000000002,0.1,1.9000000000000001,37.199,1.607,13,glass,0.1,8.3467,0,solar_suspected
20.900000000000002,0.30000000000000004,-0.30000000000000004,36.192,0.812,138,concrete,0.65,7.1791,1,
20.900000000000002,0.30000000000000004,1.7000000000000002,36.327,2.164,14,glass,0.1,7.3357,1,
20.900000000000002,0.30000000000000004,1.9000000000000001,37.159,1.216,13,glass,0.1,8.3003,0,solar_suspected
20.900000000000002,0.5,-0.30000000000000004,36.454,0.782,144,concrete,0.65,7.4829,1,
20.900000000000002,0.5,1.7000000000000002,36.671,2.099,17,glass,0.1,7.7345,1,
20.900000000000002,0.5,1.9000000000000001,37.18,1.22,9,glass,0.1,8.3246,0,solar_suspected
20.900000000000002,0.7000000000000001,-0.30000000000000004,36.574,0.711,122,concrete,0.65,7.622,1,
20.900000000000002,0.7000000000000001,1.7000000000000002,37.02,2.409,14,glass,0.1,8.1391,0,solar_suspected
20.900000000000002,0.7000000000000001,1.9000000000000001,36.829,1.876,11,glass,0.1,7.9177,1,
20.900000000000002,0.9,-0.30000000000000004,36.613,0.941,126,concrete,0.65,7.6672,1,
20.900000000000002,0.9,1.7000000000000002,37.199,2.117,19,glass,0.1,8.3467,0,solar_suspected
20.900000000000002,0.9,1.9000000000000001,37.079,1.899,8,glass,0.1,8.2075,0,solar_suspected
20.900000000000002,1.1,-0.30000000000000004,36.696,0.919,146,concrete,0.65,7.7635,1,
20.900000000000002,1.1,1.7000000000000002,37.153,2.011,16,glass,0.1,8.2933,0,solar_suspected
20.900000000000002,1.1,1.9000000000000001,36.593,1.984,13,glass,0.1,7.6441,1,
20.900000000000002,1.3,-0.30000000000000004,36.456,1.209,148,concrete,0.65,7.4852,1,
20.900000000000002,1.3,1.7000000000000002,37.437,2.045,16,glass,0.1,8.6226,0,solar_suspected
20.900000000000002,1.3,1.9000000000000001,36.617,1.644,11,glass,0.1,7.6719,1,
20.900000000000002,1.5,-0.30000000000000004,36.356,1.254,141,concrete,0.65,7.3693,1,
20.900000000000002,1.5,1.7000000000000002,36.986,1.754,16,glass,0.1,8.0997,0,solar_suspected
20.900000000000002,1.5,1.9000000000000001,36.724,1.575,17,glass,0.1,7.7959,1,
20.900000000000002,1.7000000000000002,-0.30000000000000004,35.665,1.415,190,concrete,0.65,6.5681,1,
20.900000000000002,1.7000000000000002,1.7000000000000002,37.182,1.653,11,glass,0.1,8.327,0,solar_suspected
20.900000000000002,1.7000000000000002,1.9000000000000001,36.472,1.353,11,glass,0.1,7.5038,1,
20.900000000000002,1.9000000000000001,-0.30000000000000004,35.271,1.412,140,concrete,0.65,6.1113,1,
20.900000000000002,1.9000000000000001,1.7000000000000002,37.108,1.654,12,glass,0.1,8.2412,0,solar_suspected
20.900000000000002,1.9000000000000001,1.9000000000000001,36.125,1.24,13,glass,0.1,7.1014,1,
20.900000000000002,2.1,-0.30000000000000004,34.639,1.444,143,concrete,0.65,5.3786,1,
20.900000000000002,2.1,1.7000000000000002,36.682,1.735,8,glass,0.1,7.7472,1,
20.900000000000002,2.1,1.9000000000000001,35.14,0.418,8,glass,0.1,5.9594,1,
20.900000000000002,2.3000000000000003,-0.30000000000000004,34.537,1.317,210,concrete,0.65,5.2603,1,
20.900000000000002,2.3000000000000003,-0.1,34.351,1.125,353,concrete,0.65,5.0446,1,
20.900000000000002,2.3000000000000003,0.1,34.555,1.213,197,plastic,0.6,5.2812,1,
20.900000000000002,2.3000000000000003,0.30000000000000004,34.973,1.404,169,plastic,0.6,5.7658,1,
20.900000000000002,2.3000000000000003,0.5,35.514,1.343,153,plastic,0.6,6.393,1,
20.900000000000002,2.3000000000000003,0.7000000000000001,36.027,1.34,186,plastic,0.6,6.9878,1,
20.900000000000002,2.3000000000000003,0.9,36.455,1.635,154,plastic,0.6,7.4841,1,
20.900000000000002,2.3000000000000003,1.1,36.551,1.79,117,paint,0.6,7.5954,1,
20.900000000000002,2.3000000000000003,1.3,37.311,2.095,64,paint,0.6,8.4765,0,solar_possible
20.900000000000002,2.3000000000000003,1.5,36.586,1.72,40,paint,0.6,7.6359,1,
20.900000000000002,2.3000000000000003,1.7000000000000002,36.561,1.177,33,glass,0.1,7.607,1,
20.900000000000002,2.3000000000000003,1.9000000000000001,36.045,1.15,3,paint,0.6,7.0087,1,
21.1,-0.7000000000000001,-0.1,35.272,0.826,14,glass,0.1,6.1125,1,
21.1,-0.7000000000000001,0.1,35.572,1.067,11,glass,0.1,6.4603,1,
21.1,-0.7000000000000001,0.30000000000000004,35.841,0.987,13,glass,0.1,6.7722,1,
21.1,-0.7000000000000001,0.5,35.871,1.253,31,painted_metal,0.65,6.807,1,
21.1,-0.7000000000000001,0.7000000000000001,36.663,1.283,23,glass,0.1,7.7252,1,
21.1,-0.7000000000000001,0.9,36.546,1.267,42,glass,0.1,7.5896,1,
21.1,-0.7000000000000001,1.1,36.691,1.344,54,glass,0.1,7.7577,1,
21.1,-0.7000000000000001,1.3,36.04,1.188,37,glass,0.1,7.0029,1,
21.1,-0.7000000000000001,1.5,36.211,1.116,43,glass,0.1,7.2012,1,
21.1,-0.7000000000000001,1.7000000000000002,36.422,1.17,14,glass,0.1,7.4458,1,
21.1,-0.5,-0.30000000000000004,34.831,0.993,320,concrete,0.65,5.6012,1,
21.1,-0.5,-0.1,34.721,1.03,344,painted_metal,0.65,5.4736,1,
21.1,-0.5,0.1,35.295,1.229,202,painted_metal,0.65,6.1391,1,
21.1,-0.5,0.30000000000000004,35.587,1.188,161,painted_metal,0.65,6.4777,1,
21.1,-0.5,0.5,36.219,1.218,132,painted_metal,0.65,7.2104,1,
21.1,-0.5,0.7000000000000001,36.46,1.223,147,painted_metal,0.65,7.4899,1,
21.1,-0.5,0.9,36.961,1.34,113,painted_metal,0.65,8.0707,0,solar_suspected
21.1,-0.5,1.1,37.261,1.642,35,glass,0.1,8.4186,0,solar_suspected
21.1,-0.5,1.3,36.395,1.326,23,glass,0.1,7.4145,1,
21.1,-0.5,1.5,36.048,1.047,9,glass,0.1,7.0122,1,
21.1,-0.5,1.7000000000000002,36.91,1.677,21,glass,0.1,8.0116,0,solar_suspected
21.1,-0.5,1.9000000000000001,36.63,1.702,19,glass,0.1,7.687,1,
21.1,-0.30000000000000004,-0.30000000000000004,35.2,1.057,119,concrete,0.65,6.029,1,
21.1,-0.30000000000000004,1.7000000000000002,36.819,2.031,7,glass,0.1,7.9061,1,
21.1,-0.30000000000000004,1.9000000000000001,36.118,1.245,14,glass,0.1,7.0933,1,
21.1,-0.1,-0.30000000000000004,35.356,1.071,135,concrete,0.65,6.2099,1,
21.1,-0.1,1.7000000000000002,36.89,1.826,8,glass,0.1,7.9884,1,
21.1,-0.1,1.9000000000000001,36.107,1.68,10,glass,0.1,7.0806,1,
21.1,0.1,-0.30000000000000004,35.742,1.186,116,concrete,0.65,6.6574,1,
21.1,0.1,1.7000000000000002,37.23,1.781,10,glass,0.1,8.3826,0,solar_suspected
21.1,0.1,1.9000000000000001,36.569,2.11,11,glass,0.1,7.6162,1,
21.1,0.30000000000000004,-0.30000000000000004,35.928,0.909,121,concrete,0.65,6.873,1,
21.1,0.30000000000000004,1.7000000000000002,37.102,1.746,7,glass,0.1,8.2342,0,solar_suspected
21.1,0.30000000000000004,1.9000000000000001,35.999,1.645,8,glass,0.1,6.9554,1,
21.1,0.5,-0.30000000000000004,36.376,0.629,108,concrete,0.65,7.3925,1,
21.1,0.5,1.7000000000000002,37.065,1.94,5,glass,0.1,8.1913,0,solar_suspected
21.1,0.5,1.9000000000000001,35.863,1.342,11,glass,0.1,6.7977,1,
21.1,0.7000000000000001,-0.30000000000000004,36.477,0.836,85,concrete,0.65,7.5096,1,
21.1,0.7000000000000001,1.7000000000000002,36.952,2.331,9,glass,0.1,8.0603,0,solar_suspected
21.1,0.7000000000000001,1.9000000000000001,36.171,2.387,9,glass,0.1,7.1548,1,
21.1,0.9,-0.30000000000000004,36.486,0.928,97,concrete,0.65,7.52,1,
21.1,0.9,1.7000000000000002,35.668,1.188,7,glass,0.1,6.5716,1,
21.1,0.9,1.9000000000000001,36.533,2.101,14,glass,0.1,7.5745,1,
21.1,1.1,-0.30000000000000004,36.248,1.083,98,concrete,0.65,7.2441,1,
21.1,1.1,1.7000000000000002,36.664,2.072,7,glass,0.1,7.7264,1,
21.1,1.1,1.9000000000000001,36.439,2.039,9,glass,0.1,7.4655,1,
21.1,1.3,-0.30000000000000004,36.113,1.363,136,concrete,0.65,7.0875,1,
21.1,1.3,1.7000000000000002,37.909,1.846,8,glass,0.1,9.1699,0,solar_suspected
21.1,1.3,1.9000000000000001,37.088,2.276,10,glass,0.1,8.218,0,solar_suspected
21.1,1.5,-0.30000000000000004,35.583,1.464,144,concrete,0.65,6.473,1,
21.1,1.5,1.7000000000000002,37.556,1.462,7,glass,0.1,8.7606,0,solar_suspected
21.1,1.5,1.9000000000000001,37.394,1.915,10,glass,0.1,8.5728,0,solar_suspected
21.1,1.7000000000000002,-0.30000000000000004,35.423,1.469,152,concrete,0.65,6.2875,1,
21.1,1.7000000000000002,1.7000000000000002,37.101,1.865,4,glass,0.1,8.233,0,solar_suspected
21.1,1.7000000000000002,1.9000000000000001,37.577,1.929,10,glass,0.1,8.7849,0,solar_suspected
21.1,1.9000000000000001,-0.30000000000000004,34.858,1.416,189,concrete,0.65,5.6325,1,
21.1,1.9000000000000001,1.7000000000000002,36.436,2.091,5,glass,0.1,7.462,1,
21.1,1.9000000000000001,1.9000000000000001,37.369,1.938,13,glass,0.1,8.5438,0,solar_suspected
21.1,2.1,-0.30000000000000004,34.693,1.296,140,concrete,0.65,5.4412,1,
21.1,2.1,1.7000000000000002,36.114,1.924,5,glass,0.1,7.0887,1,
21.1,2.1,1.9000000000000001,36.525,1.832,13,glass,0.1,7.5652,1,
21.1,2.3000000000000003,-0.30000000000000004,34.468,1.225,192,concrete,0.65,5.1803,1,
21.1,2.3000000000000003,-0.1,34.324,1.062,366,concrete,0.65,5.0133,1,
21.1,2.3000000000000003,0.1,34.59,1.196,207,plastic,0.6,5.3217,1,
21.1,2.3000000000000003,0.30000000000000004,34.867,1.174,166,plastic,0.6,5.6429,1,
21.1,2.3000000000000003,0.5,35.454,1.684,185,plastic,0.6,6.3235,1,
21.1,2.3000000000000003,0.7000000000000001,36.096,1.314,164,plastic,0.6,7.0678,1,
21.1,2.3000000000000003,0.9,36.321,1.374,183,plastic,0.6,7.3287,1,
21.1,2.3000000000000003,1.1,36.777,1.833,90,glass,0.1,7.8574,1,
21.1,2.3000000000000003,1.3,36.878,1.962,61,paint,0.6,7.9745,1,
21.1,2.3000000000000003,1.5,36.691,1.877,47,paint,0.6,7.7577,1,
21.1,2.3000000000000003,1.7000000000000002,36.361,1.535,46,paint,0.6,7.3751,1,
21.1,2.3000000000000003,1.9000000000000001,36.259,1.373,6,glass,0.1,7.2568,1,
21.3,-0.7000000000000001,-0.1,33.674,0.0,1,painted_metal,0.65,4.2597,1,
21.3,-0.7000000000000001,0.1,34.746,1.539,4,glass,0.1,5.5026,1,
21.3,-0.7000000000000001,0.30000000000000004,35.48,1.298,8,painted_metal,0.65,6.3536,1,
21.3,-0.7000000000000001,0.5,35.48,1.523,17,glass,0.1,6.3536,1,
21.3,-0.7000000000000001,0.7000000000000001,36.106,1.427,14,glass,0.1,7.0794,1,
21.3,-0.7000000000000001,0.9,36.57,1.272,15,glass,0.1,7.6174,1,
21.3,-0.7000000000000001,1.1,36.404,1.548,21,glass,0.1,7.4249,1,
21.3,-0.7000000000000001,1.3,36.267,0.971,11,glass,0.1,7.2661,1,
21.3,-0.7000000000000001,1.5,35.563,1.242,19,glass,0.1,6.4499,1,
21.3,-0.7000000000000001,1.7000000000000002,36.099,1.372,5,glass,0.1,7.0713,1,
21.3,-0.5,-0.30000000000000004,34.975,1.117,310,concrete,0.65,5.7681,1,
21.3,-0.5,-0.1,34.848,1.002,313,concrete,0.65,5.6209,1,
21.3,-0.5,0.1,35.309,1.196,177,painted_metal,0.65,6.1554,1,
21.3,-0.5,0.30000000000000004,35.718,1.134,158,painted_metal,0.65,6.6296,1,
21.3,-0.5,0.5,36.104,1.198,131,painted_metal,0.65,7.0771,1,
21.3,-0.5,0.7000000000000001,36.48,1.225,170,painted_metal,0.65,7.513,1,
21.3,-0.5,0.9,36.777,1.187,129,painted_metal,0.65,7.8574,1,
21.3,-0.5,1.1,37.594,1.28,63,glass,0.1,8.8046,0,solar_suspected
21.3,-0.5,1.3,36.577,1.364,32,glass,0.1,7.6255,1,
21.3,-0.5,1.5,36.416,1.62,17,glass,0.1,7.4388,1,
21.3,-0.5,1.7000000000000002,36.25,1.805,35,glass,0.1,7.2464,1,
21.3,-0.5,1.9000000000000001,36.61,2.096,19,glass,0.1,7.6638,1,
21.3,-0.30000000000000004,-0.30000000000000004,35.249,1.19,145,concrete,0.65,6.0858,1,
21.3,-0.30000000000000004,1.7000000000000002,36.366,2.2,7,glass,0.1,7.3809,1,
21.3,-0.30000000000000004,1.9000000000000001,37.044,2.193,24,glass,0.1,8.167,0,solar_suspected
21.3,-0.1,-0.30000000000000004,35.29,0.975,109,concrete,0.65,6.1333,1,
21.3,-0.1,1.7000000000000002,36.302,2.098,8,glass,0.1,7.3067,1,
21.3,-0.1,1.9000000000000001,36.722,2.392,25,glass,0.1,7.7936,1,
21.3,0.1,-0.30000000000000004,35.601,0.917,95,concrete,0.65,6.4939,1,
21.3,0.1,1.7000000000000002,37.679,2.013,15,glass,0.1,8.9032,0,solar_suspected
21.3,0.1,1.9000000000000001,36.123,2.653,14,glass,0.1,7.0991,1,
21.3,0.30000000000000004,-0.30000000000000004,36.178,0.952,100,concrete,0.65,7.1629,1,
21.3,0.30000000000000004,1.7000000000000002,37.346,1.822,18,glass,0.1,8.5171,0,solar_suspected
21.3,0.30000000000000004,1.9000000000000001,36.449,2.324,22,glass,0.1,7.4771,1,
21.3,0.5,-0.30000000000000004,36.42,0.8,101,concrete,0.65,7.4435,1,
21.3,0.5,1.7000000000000002,37.593,1.745,20,glass,0.1,8.8035,0,solar_suspected
21.3,0.5,1.9000000000000001,36.451,2.421,18,glass,0.1,7.4794,1,
21.3,0.7000000000000001,-0.30000000000000004,36.704,0.663,118,concrete,0.65,7.7728,1,
21.3,0.7000000000000001,1.7000000000000002,38.056,2.243,15,glass,0.1,9.3403,0,solar_suspected
21.3,0.7000000000000001,1.9000000000000001,36.168,2.311,18,glass,0.1,7.1513,1,
21.3,0.9,-0.30000000000000004,36.646,0.735,113,concrete,0.65,7.7055,1,
21.3,0.9,1.7000000000000002,37.704,2.164,15,glass,0.1,8.9322,0,solar_suspected
21.3,0.9,1.9000000000000001,36.87,2.629,17,glass,0.1,7.9652,1,
21.3,1.1,-0.30000000000000004,36.654,0.791,137,concrete,0.65,7.7148,1,
21.3,1.1,1.7000000000000002,37.619,2.313,9,glass,0.1,8.8336,0,solar_suspected
21.3,1.1,1.9000000000000001,36.72,2.418,16,glass,0.1,7.7913,1,
21.3,1.3,-0.30000000000000004,36.28,1.149,127,concrete,0.65,7.2812,1,
21.3,1.3,1.7000000000000002,37.687,2.446,11,glass,0.1,8.9125,0,solar_suspected
21.3,1.3,1.9000000000000001,36.694,2.211,15,glass,0.1,7.7612,1,
21.3,1.5,-0.30000000000000004,35.656,1.382,114,concrete,0.65,6.5577,1,
21.3,1.5,1.7000000000000002,36.897,1.999,11,glass,0.1,7.9965,1,
21.3,1.5,1.9000000000000001,36.694,1.722,17,glass,0.1,7.7612,1,
21.3,1.7000000000000002,-0.30000000000000004,35.194,1.426,135,concrete,0.65,6.022,1,
21.3,1.7000000000000002,1.7000000000000002,36.568,1.485,11,glass,0.1,7.6151,1,
21.3,1.7000000000000002,1.9000000000000001,37.437,1.844,26,glass,0.1,8.6226,0,solar_suspected
21.3,1.9000000000000001,-0.30000000000000004,34.896,1.335,96,concrete,0.65,5.6765,1,
21.3,1.9000000000000001,1.7000000000000002,37.18,1.821,12,glass,0.1,8.3246,0,solar_suspected
21.3,1.9000000000000001,1.9000000000000001,37.364,1.932,33,glass,0.1,8.538,0,solar_suspected
21.3,2.1,-0.30000000000000004,34.398,1.208,94,concrete,0.65,5.0991,1,
21.3,2.1,1.7000000000000002,36.439,1.691,9,glass,0.1,7.4655,1,
21.3,2.1,1.9000000000000001,36.549,1.756,37,glass,0.1,7.593,1,
21.3,2.3000000000000003,-0.30000000000000004,34.517,1.219,204,concrete,0.65,5.2371,1,
21.3,2.3000000000000003,-0.1,34.384,1.06,350,concrete,0.65,5.0829,1,
21.3,2.3000000000000003,0.1,34.707,1.146,173,plastic,0.6,5.4574,1,
21.3,2.3000000000000003,0.30000000000000004,34.966,1.422,159,glass,0.1,5.7577,1,
21.3,2.3000000000000003,0.5,35.538,1.205,140,plastic,0.6,6.4209,1,
21.3,2.3000000000000003,0.7000000000000001,35.916,1.284,172,glass,0.1,6.8591,1,
21.3,2.3000000000000003,0.9,36.331,1.408,178,glass,0.1,7.3403,1,
21.3,2.3000000000000003,1.1,36.679,1.867,99,glass,0.1,7.7438,1,
21.3,2.3000000000000003,1.3,36.64,1.98,66,glass,0.1,7.6986,1,
21.3,2.3000000000000003,1.5,36.863,1.799,65,glass,0.1,7.9571,1,
21.3,2.3000000000000003,1.7000000000000002,36.28,1.318,46,glass,0.1,7.2812,1,
21.3,2.3000000000000003,1.9000000000000001,36.208,1.53,9,paint,0.6,7.1977,1,
21.5,-0.7000000000000001,0.1,33.448,0.0,1,painted_metal,0.65,3.9977,1,
21.5,-0.7000000000000001,0.30000000000000004,37.097,0.0,1,cardboard,0.75,8.2284,0,implausible
21.5,-0.7000000000000001,0.5,35.239,1.377,8,painted_metal,0.65,6.0742,1,
21.5,-0.7000000000000001,0.7000000000000001,35.955,1.453,12,glass,0.1,6.9043,1,
21.5,-0.7000000000000001,0.9,35.526,1.822,4,glass,0.1,6.407,1,
21.5,-0.7000000000000001,1.1,35.888,1.042,6,glass,0.1,6.8267,1,
21.5,-0.7000000000000001,1.3,36.026,1.233,8,glass,0.1,6.9867,1,
21.5,-0.7000000000000001,1.5,35.293,0.42,5,glass,0.1,6.1368,1,
21.5,-0.7000000000000001,1.7000000000000002,34.983,0.46,6,glass,0.1,5.7774,1,
21.5,-0.5,-0.30000000000000004,34.989,1.091,270,concrete,0.65,5.7843,1,
21.5,-0.5,-0.1,34.863,1.097,280,glass,0.1,5.6383,1,
21.5,-0.5,0.1,35.512,1.239,159,glass,0.1,6.3907,1,
21.5,-0.5,0.30000000000000004,35.897,1.156,128,glass,0.1,6.8371,1,
21.5,-0.5,0.5,36.16,1.303,116,glass,0.1,7.142,1,
21.5,-0.5,0.7000000000000001,36.38,1.307,137,glass,0.1,7.3971,1,
21.5,-0.5,0.9,36.971,1.237,157,glass,0.1,8.0823,0,solar_suspected
21.5,-0.5,1.1,37.249,1.622,74,glass,0.1,8.4046,0,solar_suspected
21.5,-0.5,1.3,36.693,1.282,52,glass,0.1,7.76,1,
21.5,-0.5,1.5,36.219,1.272,40,glass,0.1,7.2104,1,
21.5,-0.5,1.7000000000000002,36.59,1.732,70,glass,0.1,7.6406,1,
21.5,-0.5,1.9000000000000001,37.113,2.152,17,glass,0.1,8.247,0,solar_suspected
21.5,-0.30000000000000004,-0.30000000000000004,35.261,1.049,109,concrete,0.65,6.0997,1,
21.5,-0.30000000000000004,1.7000000000000002,37.31,1.502,15,glass,0.1,8.4754,0,solar_suspected
21.5,-0.30000000000000004,1.9000000000000001,37.229,2.076,20,glass,0.1,8.3814,0,solar_suspected
21.5,-0.1,-0.30000000000000004,35.844,1.163,106,concrete,0.65,6.7757,1,
21.5,-0.1,1.7000000000000002,38.09,1.142,13,glass,0.1,9.3797,0,solar_suspected
21.5,-0.1,1.9000000000000001,36.745,2.293,19,glass,0.1,7.8203,1,
21.5,0.1,-0.30000000000000004,36.422,0.832,114,concrete,0.65,7.4458,1,
21.5,0.1,1.7000000000000002,38.052,1.614,18,glass,0.1,9.3357,0,solar_suspected
21.5,0.1,1.9000000000000001,37.571,2.689,16,glass,0.1,8.778,0,solar_suspected
21.5,0.30000000000000004,-0.30000000000000004,36.389,0.777,132,concrete,0.65,7.4075,1,
21.5,0.30000000000000004,1.7000000000000002,38.151,1.3,13,glass,0.1,9.4504,0,solar_suspected
21.5,0.30000000000000004,1.9000000000000001,37.271,2.294,16,glass,0.1,8.4301,0,solar_suspected
21.5,0.5,-0.30000000000000004,36.715,0.677,135,concrete,0.65,7.7855,1,
21.5,0.5,1.7000000000000002,38.31,1.265,15,glass,0.1,9.6348,0,solar_suspected
21.5,0.5,1.9000000000000001,36.588,2.11,17,glass,0.1,7.6383,1,
21.5,0.7000000000000001,-0.30000000000000004,36.75,0.763,135,concrete,0.65,7.8261,1,
21.5,0.7000000000000001,1.7000000000000002,38.468,1.892,14,glass,0.1,9.818,0,solar_suspected
21.5,0.7000000000000001,1.9000000000000001,37.291,2.377,18,glass,0.1,8.4533,0,solar_suspected
21.5,0.9,-0.30000000000000004,36.479,1.114,157,concrete,0.65,7.5119,1,
21.5,0.9,1.7000000000000002,38.223,1.841,14,glass,0.1,9.5339,0,solar_suspected
21.5,0.9,1.9000000000000001,37.062,2.557,18,glass,0.1,8.1878,0,solar_suspected
21.5,1.1,-0.30000000000000004,36.053,1.424,128,concrete,0.65,7.018,1,
21.5,1.1,1.7000000000000002,37.988,1.857,15,glass,0.1,9.2614,0,solar_suspected
21.5,1.1,1.9000000000000001,36.961,2.423,19,glass,0.1,8.0707,0,solar_suspected
21.5,1.3,-0.30000000000000004,35.932,1.269,124,concrete,0.65,6.8777,1,
21.5,1.3,1.7000000000000002,38.176,2.043,14,glass,0.1,9.4794,0,solar_suspected
21.5,1.3,1.9000000000000001,36.998,2.058,26,glass,0.1,8.1136,0,solar_suspected
21.5,1.5,-0.30000000000000004,35.773,1.434,131,concrete,0.65,6.6933,1,
21.5,1.5,1.7000000000000002,38.325,1.283,14,glass,0.1,9.6522,0,solar_suspected
21.5,1.5,1.9000000000000001,37.323,2.266,30,glass,0.1,8.4904,0,solar_suspected
21.5,1.7000000000000002,-0.30000000000000004,35.413,1.543,121,concrete,0.65,6.2759,1,
21.5,1.7000000000000002,1.7000000000000002,37.775,1.525,15,glass,0.1,9.0145,0,solar_suspected
21.5,1.7000000000000002,1.9000000000000001,36.535,1.911,20,glass,0.1,7.5768,1,
21.5,1.9000000000000001,-0.30000000000000004,34.716,1.41,103,concrete,0.65,5.4678,1,
21.5,1.9000000000000001,1.7000000000000002,37.23,1.46,16,glass,0.1,8.3826,0,solar_suspected
21.5,1.9000000000000001,1.9000000000000001,36.693,2.084,29,glass,0.1,7.76,1,
21.5,2.1,-0.30000000000000004,34.827,1.477,91,concrete,0.65,5.5965,1,
21.5,2.1,1.7000000000000002,37.104,1.688,9,glass,0.1,8.2365,0,solar_suspected
21.5,2.1,1.9000000000000001,36.842,2.115,28,glass,0.1,7.9328,1,
21.5,2.3000000000000003,-0.30000000000000004,34.452,1.244,169,concrete,0.65,5.1617,1,
21.5,2.3000000000000003,-0.1,34.426,1.111,314,concrete,0.65,5.1316,1,
21.5,2.3000000000000003,0.1,34.606,1.232,196,glass,0.1,5.3403,1,
21.5,2.3000000000000003,0.30000000000000004,34.892,1.274,165,glass,0.1,5.6719,1,
21.5,2.3000000000000003,0.5,35.851,2.255,143,glass,0.1,6.7838,1,
21.5,2.3000000000000003,0.7000000000000001,35.981,1.307,136,glass,0.1,6.9345,1,
21.5,2.3000000000000003,0.9,36.465,1.455,186,glass,0.1,7.4957,1,
21.5,2.3000000000000003,1.1,36.781,1.674,94,glass,0.1,7.862,1,
21.5,2.3000000000000003,1.3,37.432,2.086,67,glass,0.1,8.6168,0,solar_suspected
21.5,2.3000000000000003,1.5,36.868,1.933,53,paint,0.6,7.9629,1,
21.5,2.3000000000000003,1.7000000000000002,36.729,1.461,40,glass,0.1,7.8017,1,
21.5,2.3000000000000003,1.9000000000000001,35.942,1.449,12,glass,0.1,6.8893,1,
21.700000000000003,-0.7000000000000001,0.1,36.652,0.0,1,cardboard,0.75,7.7125,1,
21.700000000000003,-0.7000000000000001,0.30000000000000004,33.861,0.002,2,painted_metal,0.65,4.4765,1,
21.700000000000003,-0.7000000000000001,0.5,35.452,1.499,3,painted_metal,0.65,6.3212,1,
21.700000000000003,-0.7000000000000001,0.7000000000000001,34.364,0.0,1,glass,0.1,5.0597,1,
21.700000000000003,-0.7000000000000001,0.9,35.732,1.623,5,glass,0.1,6.6458,1,
21.700000000000003,-0.7000000000000001,1.1,35.709,0.475,6,glass,0.1,6.6191,1,
21.700000000000003,-0.7000000000000001,1.3,35.122,0.0,1,glass,0.1,5.9386,1,
21.700000000000003,-0.7000000000000001,1.5,36.323,0.887,2,glass,0.1,7.331,1,
21.700000000000003,-0.5,-0.30000000000000004,35.073,1.182,228,concrete,0.65,5.8817,1,
21.700000000000003,-0.5,-0.1,34.88,1.061,263,glass,0.1,5.658,1,
21.700000000000003,-0.5,0.1,35.514,1.38,185,glass,0.1,6.393,1,
21.700000000000003,-0.5,0.30000000000000004,35.883,1.299,166,glass,0.1,6.8209,1,
21.700000000000003,-0.5,0.5,36.125,1.442,127,glass,0.1,7.1014,1,
21.700000000000003,-0.5,0.7000000000000001,36.611,1.388,153,glass,0.1,7.6649,1,
21.700000000000003,-0.5,0.9,37.032,1.461,147,glass,0.1,8.153,0,solar_suspected
21.700000000000003,-0.5,1.1,37.478,1.724,75,glass,0.1,8.6701,0,solar_suspected
21.700000000000003,-0.5,1.3,36.8,1.478,64,glass,0.1,7.8841,1,
21.700000000000003,-0.5,1.5,36.2,1.456,46,glass,0.1,7.1884,1,
21.700000000000003,-0.5,1.7000000000000002,36.309,1.725,40,glass,0.1,7.3148,1,
21.700000000000003,-0.5,1.9000000000000001,36.746,2.117,12,glass,0.1,7.8214,1,
21.700000000000003,-0.30000000000000004,-0.30000000000000004,35.724,1.136,76,concrete,0.65,6.6365,1,
21.700000000000003,-0.30000000000000004,1.7000000000000002,37.263,1.488,21,glass,0.1,8.4209,0,solar_suspected
21.700000000000003,-0.30000000000000004,1.9000000000000001,36.794,2.064,13,glass,0.1,7.8771,1,
21.700000000000003,-0.1,-0.30000000000000004,36.016,0.951,107,concrete,0.65,6.9751,1,
21.700000000000003,-0.1,1.7000000000000002,37.254,1.405,21,glass,0.1,8.4104,0,solar_suspected
21.700000000000003,-0.1,1.9000000000000001,37.127,2.069,18,glass,0.1,8.2632,0,solar_suspected
21.700000000000003,0.1,-0.30000000000000004,36.238,0.654,96,concrete,0.65,7.2325,1,
21.700000000000003,0.1,1.7000000000000002,37.691,1.563,19,glass,0.1,8.9171,0,solar_suspected
21.700000000000003,0.1,1.9000000000000001,38.128,2.445,19,glass,0.1,9.4238,0,solar_suspected
21.700000000000003,0.30000000000000004,-0.30000000000000004,36.643,0.831,139,concrete,0.65,7.702,1,
21.700000000000003,0.30000000000000004,1.7000000000000002,37.565,1.354,21,glass,0.1,8.771,0,solar_suspected
21.700000000000003,0.30000000000000004,1.9000000000000001,38.55,1.945,19,glass,0.1,9.913,0,solar_suspected
21.700000000000003,0.5,-0.30000000000000004,36.691,0.767,135,concrete,0.65,7.7577,1,
21.700000000000003,0.5,1.7000000000000002,37.436,1.531,20,glass,0.1,8.6214,0,solar_suspected
21.700000000000003,0.5,1.9000000000000001,38.205,1.987,20,glass,0.1,9.513,0,solar_suspected
21.700000000000003,0.7000000000000001,-0.30000000000000004,36.569,0.922,119,concrete,0.65,7.6162,1,
21.700000000000003,0.7000000000000001,1.7000000000000002,37.293,1.993,21,glass,0.1,8.4557,0,solar_suspected
21.700000000000003,0.7000000000000001,1.9000000000000001,38.743,2.178,17,glass,0.1,10.1368,0,solar_suspected
21.700000000000003,0.9,-0.30000000000000004,36.262,1.35,123,concrete,0.65,7.2603,1,
21.700000000000003,0.9,1.7000000000000002,37.178,1.767,23,glass,0.1,8.3223,0,solar_suspected
21.700000000000003,0.9,1.9000000000000001,39.032,2.12,18,glass,0.1,10.4719,0,solar_suspected
21.700000000000003,1.1,-0.30000000000000004,36.124,1.364,96,concrete,0.65,7.1003,1,
21.700000000000003,1.1,1.7000000000000002,37.448,1.549,24,glass,0.1,8.6354,0,solar_suspected
21.700000000000003,1.1,1.9000000000000001,39.009,1.867,17,glass,0.1,10.4452,0,solar_suspected
21.700000000000003,1.3,-0.30000000000000004,36.041,1.453,109,concrete,0.65,7.0041,1,
21.700000000000003,1.3,1.7000000000000002,37.784,1.358,22,glass,0.1,9.0249,0,solar_suspected
21.700000000000003,1.3,1.9000000000000001,38.373,2.282,18,glass,0.1,9.7078,0,solar_suspected
21.700000000000003,1.5,-0.30000000000000004,35.509,1.53,85,concrete,0.65,6.3872,1,
21.700000000000003,1.5,1.7000000000000002,37.617,0.849,12,glass,0.1,8.8313,0,solar_suspected
21.700000000000003,1.5,1.9000000000000001,38.078,2.105,23,glass,0.1,9.3658,0,solar_suspected
21.700000000000003,1.7000000000000002,-0.30000000000000004,35.498,1.668,120,concrete,0.65,6.3745,1,
21.700000000000003,1.7000000000000002,1.7000000000000002,37.327,0.971,18,glass,0.1,8.4951,0,solar_suspected
21.700000000000003,1.7000000000000002,1.9000000000000001,37.695,1.598,18,glass,0.1,8.9217,0,solar_suspected
21.700000000000003,1.9000000000000001,-0.30000000000000004,35.514,1.606,93,concrete,0.65,6.393,1,
21.700000000000003,1.9000000000000001,1.7000000000000002,36.955,1.455,14,glass,0.1,8.0638,0,solar_suspected
21.700000000000003,1.9000000000000001,1.9000000000000001,37.488,1.773,16,glass,0.1,8.6817,0,solar_suspected
21.700000000000003,2.1,-0.30000000000000004,35.29,1.401,68,concrete,0.65,6.1333,1,
21.700000000000003,2.1,-0.1,34.2,1.204,23,glass,0.1,4.8696,1,
21.700000000000003,2.1,0.1,34.178,0.047,3,glass,0.1,4.8441,1,
21.700000000000003,2.1,0.30000000000000004,34.79,0.323,3,glass,0.1,5.5536,1,
21.700000000000003,2.1,0.7000000000000001,36.466,1.305,18,glass,0.1,7.4968,1,
21.700000000000003,2.1,0.9,38.513,4.132,2,glass,0.1,9.8701,0,solar_suspected
21.700000000000003,2.1,1.7000000000000002,36.546,1.29,20,glass,0.1,7.5896,1,
21.700000000000003,2.1,1.9000000000000001,36.862,1.884,14,glass,0.1,7.9559,1,
21.700000000000003,2.3000000000000003,-0.30000000000000004,34.666,1.233,175,concrete,0.65,5.4099,1,
21.700000000000003,2.3000000000000003,-0.1,34.422,1.139,303,glass,0.1,5.127,1,
21.700000000000003,2.3000000000000003,0.1,34.691,1.206,191,glass,0.1,5.4388,1,
21.700000000000003,2.3000000000000003,0.30000000000000004,35.047,1.409,161,glass,0.1,5.8516,1,
21.700000000000003,2.3000000000000003,0.5,35.36,1.369,147,glass,0.1,6.2145,1,
21.700000000000003,2.3000000000000003,0.7000000000000001,36.115,1.476,156,glass,0.1,7.0899,1,
21.700000000000003,2.3000000000000003,0.9,36.64,1.464,168,glass,0.1,7.6986,1,
21.700000000000003,2.3000000000000003,1.1,36.745,1.723,105,glass,0.1,7.8203,1,
21.700000000000003,2.3000000000000003,1.3,36.843,1.929,59,glass,0.1,7.9339,1,
21.700000000000003,2.3000000000000003,1.5,36.467,1.767,56,glass,0.1,7.498,1,
21.700000000000003,2.3000000000000003,1.7000000000000002,37.115,2.075,33,glass,0.1,8.2493,0,solar_suspected
21.700000000000003,2.3000000000000003,1.9000000000000001,37.159,1.581,9,glass,0.1,8.3003,0,solar_suspected
21.900000000000002,-0.5,-0.30000000000000004,35.172,1.159,244,concrete,0.65,5.9965,1,
21.900000000000002,-0.5,-0.1,35.205,1.161,893,glass,0.1,6.0348,1,
21.900000000000002,-0.5,0.1,35.647,1.487,737,glass,0.1,6.5472,1,
21.900000000000002,-0.5,0.30000000000000004,35.985,1.511,616,glass,0.1,6.9391,1,
21.900000000000002,-0.5,0.5,36.442,1.605,562,glass,0.1,7.469,1,
21.900000000000002,-0.5,0.7000000000000001,36.588,1.669,554,glass,0.1,7.6383,1,
21.900000000000002,-0.5,0.9,36.657,1.419,180,glass,0.1,7.7183,1,
21.900000000000002,-0.5,1.1,37.843,1.708,84,glass,0.1,9.0933,0,solar_suspected
21.900000000000002,-0.5,1.3,37.152,1.435,53,glass,0.1,8.2922,0,solar_suspected
21.900000000000002,-0.5,1.5,36.288,1.644,34,glass,0.1,7.2904,1,
21.900000000000002,-0.5,1.7000000000000002,36.084,1.499,29,glass,0.1,7.0539,1,
21.900000000000002,-0.5,1.9000000000000001,37.707,1.927,19,glass,0.1,8.9357,0,solar_suspected
21.900000000000002,-0.30000000000000004,-0.30000000000000004,35.482,1.026,69,concrete,0.65,6.3559,1,
21.900000000000002,-0.30000000000000004,-0.1,35.284,1.23,160,glass,0.1,6.1264,1,
21.900000000000002,-0.30000000000000004,0.1,35.718,1.42,145,glass,0.1,6.6296,1,
21.900000000000002,-0.30000000000000004,0.30000000000000004,36.12,1.516,127,glass,0.1,7.0957,1,
21.900000000000002,-0.30000000000000004,0.5,36.577,1.51,84,glass,0.1,7.6255,1,
21.900000000000002,-0.30000000000000004,0.7000000000000001,36.844,1.594,89,glass,0.1,7.9351,1,
21.900000000000002,-0.30000000000000004,0.9,36.257,0.151,2,glass,0.1,7.2545,1,
21.900000000000002,-0.30000000000000004,1.7000000000000002,36.794,1.363,19,glass,0.1,7.8771,1,
21.900000000000002,-0.30000000000000004,1.9000000000000001,37.49,2.035,22,glass,0.1,8.6841,0,solar_suspected
21.900000000000002,-0.1,-0.30000000000000004,36.081,1.08,75,concrete,0.65,7.0504,1,
21.900000000000002,-0.1,0.1,34.925,0.0,1,glass,0.1,5.7101,1,
21.900000000000002,-0.1,0.30000000000000004,34.53,0.0,1,glass,0.1,5.2522,1,
21.900000000000002,-0.1,1.7000000000000002,37.025,1.299,21,glass,0.1,8.1449,0,solar_suspected
21.900000000000002,-0.1,1.9000000000000001,37.324,2.156,19,glass,0.1,8.4916,0,solar_suspected
21.900000000000002,0.1,-0.30000000000000004,36.488,0.896,95,concrete,0.65,7.5223,1,
21.900000000000002,0.1,0.1,34.854,0.268,2,glass,0.1,5.6278,1,
21.900000000000002,0.1,0.30000000000000004,34.53,0.0,1,glass,0.1,5.2522,1,
21.900000000000002,0.1,1.7000000000000002,37.015,1.533,17,glass,0.1,8.1333,0,solar_suspected
21.900000000000002,0.1,1.9000000000000001,37.956,2.148,18,glass,0.1,9.2243,0,solar_suspected
21.900000000000002,0.30000000000000004,-0.30000000000000004,36.755,0.745,110,concrete,0.65,7.8319,1,
21.900000000000002,0.30000000000000004,0.1,35.207,0.141,2,glass,0.1,6.0371,1,
21.900000000000002,0.30000000000000004,1.7000000000000002,37.51,1.253,12,glass,0.1,8.7072,0,solar_suspected
21.900000000000002,0.30000000000000004,1.9000000000000001,36.76,2.1,12,glass,0.1,7.8377,1,
21.900000000000002,0.5,-0.30000000000000004,36.555,0.785,91,concrete,0.65,7.6,1,
21.900000000000002,0.5,1.7000000000000002,37.171,1.567,13,glass,0.1,8.3142,0,solar_suspected
21.900000000000002,0.5,1.9000000000000001,36.693,1.967,11,glass,0.1,7.76,1,
21.900000000000002,0.7000000000000001,-0.30000000000000004,36.469,0.944,103,concrete,0.65,7.5003,1,
21.900000000000002,0.7000000000000001,1.7000000000000002,37.629,1.466,20,glass,0.1,8.8452,0,solar_suspected
21.900000000000002,0.7000000000000001,1.9000000000000001,37.147,2.34,9,glass,0.1,8.2864,0,solar_suspected
21.900000000000002,0.9,-0.30000000000000004,36.278,1.398,97,concrete,0.65,7.2788,1,
21.900000000000002,0.9,1.7000000000000002,38.064,1.371,20,glass,0.1,9.3496,0,solar_suspected
21.900000000000002,0.9,1.9000000000000001,36.982,2.544,8,glass,0.1,8.0951,0,solar_suspected
21.900000000000002,1.1,-0.30000000000000004,36.339,1.586,83,concrete,0.65,7.3496,1,
21.900000000000002,1.1,1.7000000000000002,37.704,1.197,16,glass,0.1,8.9322,0,solar_suspected
21.900000000000002,1.1,1.9000000000000001,37.564,2.487,8,glass,0.1,8.7699,0,solar_suspected
21.900000000000002,1.3,-0.30000000000000004,35.906,1.786,73,concrete,0.65,6.8475,1,
21.900000000000002,1.3,1.7000000000000002,38.077,1.365,22,glass,0.1,9.3646,0,solar_suspected
21.900000000000002,1.3,1.9000000000000001,37.159,2.219,8,glass,0.1,8.3003,0,solar_suspected
21.900000000000002,1.5,-0.30000000000000004,35.819,1.743,68,concrete,0.65,6.7467,1,
21.900000000000002,1.5,1.7000000000000002,37.697,1.349,23,glass,0.1,8.9241,0,solar_suspected
21.900000000000002,1.5,1.9000000000000001,37.515,1.901,8,glass,0.1,8.713,0,solar_suspected
21.900000000000002,1.7000000000000002,-0.30000000000000004,35.842,1.667,94,concrete,0.65,6.7733,1,
21.900000000000002,1.7000000000000002,1.7000000000000002,37.201,1.294,15,glass,0.1,8.349,0,solar_suspected
21.900000000000002,1.7000000000000002,1.9000000000000001,37.593,1.969,11,glass,0.1,8.8035,0,solar_suspected
21.900000000000002,1.9000000000000001,-0.30000000000000004,36.176,1.518,88,concrete,0.65,7.1606,1,
21.900000000000002,1.9000000000000001,1.7000000000000002,37.468,1.383,15,glass,0.1,8.6586,0,solar_suspected
21.900000000000002,1.9000000000000001,1.9000000000000001,36.631,1.625,7,glass,0.1,7.6881,1,
21.900000000000002,2.1,-0.30000000000000004,35.192,1.457,74,concrete,0.65,6.0197,1,
21.900000000000002,2.1,-0.1,34.831,1.414,529,glass,0.1,5.6012,1,
21.900000000000002,2.1,0.1,35.293,1.686,577,glass,0.1,6.1368,1,
21.900000000000002,2.1,0.30000000000000004,35.415,1.822,498,glass,0.1,6.2783,1,
21.900000000000002,2.1,0.5,36.008,2.242,465,glass,0.1,6.9658,1,
21.900000000000002,2.1,0.7000000000000001,36.296,2.144,405,glass,0.1,7.2997,1,
21.900000000000002,2.1,0.9,39.178,0.0,1,glass,0.1,10.6412,0,solar_suspected
21.900000000000002,2.1,1.7000000000000002,36.27,1.622,7,glass,0.1,7.2696,1,
21.900000000000002,2.1,1.9000000000000001,37.582,2.046,17,glass,0.1,8.7907,0,solar_suspected
21.900000000000002,2.3000000000000003,-0.30000000000000004,34.88,1.313,148,concrete,0.65,5.658,1,
21.900000000000002,2.3000000000000003,-0.1,34.577,1.278,495,glass,0.1,5.3067,1,
21.900000000000002,2.3000000000000003,0.1,34.901,1.505,443,glass,0.1,5.6823,1,
21.900000000000002,2.3000000000000003,0.30000000000000004,35.211,1.723,367,glass,0.1,6.0417,1,
21.900000000000002,2.3000000000000003,0.5,35.828,2.269,318,glass,0.1,6.7571,1,
21.900000000000002,2.3000000000000003,0.7000000000000001,36.031,1.984,327,glass,0.1,6.9925,1,
21.900000000000002,2.3000000000000003,0.9,36.762,1.614,153,glass,0.1,7.84,1,
21.900000000000002,2.3000000000000003,1.1,36.897,1.837,92,glass,0.1,7.9965,1,
21.900000000000002,2.3000000000000003,1.3,37.217,2.168,64,glass,0.1,8.3675,0,solar_suspected
21.900000000000002,2.3000000000000003,1.5,37.187,2.019,40,glass,0.1,8.3328,0,solar_suspected
21.900000000000002,2.3000000000000003,1.7000000000000002,36.636,1.517,40,glass,0.1,7.6939,1,
21.900000000000002,2.3000000000000003,1.9000000000000001,36.241,1.688,10,paint,0.6,7.2359,1,
22.1,-0.7000000000000001,1.7000000000000002,34.343,0.0,1,glass,0.1,5.0354,1,
22.1,-0.5,-0.30000000000000004,35.178,1.203,204,concrete,0.65,6.0035,1,
22.1,-0.5,-0.1,35.079,1.151,206,glass,0.1,5.8887,1,
22.1,-0.5,0.1,35.565,1.458,193,glass,0.1,6.4522,1,
22.1,-0.5,0.30000000000000004,35.819,1.535,187,glass,0.1,6.7467,1,
22.1,-0.5,0.5,35.777,1.726,208,glass,0.1,6.698,1,
22.1,-0.5,0.7000000000000001,36.421,1.734,170,glass,0.1,7.4446,1,
22.1,-0.5,0.9,36.825,1.732,825,glass,0.1,7.913,1,
22.1,-0.5,1.1,37.3,1.884,638,glass,0.1,8.4638,0,solar_suspected
22.1,-0.5,1.3,36.979,1.715,446,glass,0.1,8.0916,0,solar_suspected
22.1,-0.5,1.5,36.57,1.602,98,glass,0.1,7.6174,1,
22.1,-0.5,1.7000000000000002,36.922,1.786,39,glass,0.1,8.0255,0,solar_suspected
22.1,-0.5,1.9000000000000001,36.365,2.096,18,glass,0.1,7.3797,1,
22.1,-0.30000000000000004,-0.30000000000000004,35.466,1.384,57,concrete,0.65,6.3374,1,
22.1,-0.30000000000000004,-0.1,35.344,1.207,138,glass,0.1,6.1959,1,
22.1,-0.30000000000000004,0.1,35.974,1.502,124,glass,0.1,6.9264,1,
22.1,-0.30000000000000004,0.30000000000000004,36.23,1.36,113,glass,0.1,7.2232,1,
22.1,-0.30000000000000004,0.5,36.741,1.608,105,glass,0.1,7.8157,1,
22.1,-0.30000000000000004,0.7000000000000001,36.774,1.657,73,glass,0.1,7.8539,1,
22.1,-0.30000000000000004,0.9,37.472,1.442,83,glass,0.1,8.6632,0,solar_suspected
22.1,-0.30000000000000004,1.1,37.939,1.64,53,glass,0.1,9.2046,0,solar_suspected
22.1,-0.30000000000000004,1.3,37.222,1.68,37,glass,0.1,8.3733,0,solar_suspected
22.1,-0.30000000000000004,1.5,37.15,1.766,10,glass,0.1,8.2899,0,solar_suspected
22.1,-0.30000000000000004,1.7000000000000002,36.982,1.622,26,glass,0.1,8.0951,0,solar_suspected
22.1,-0.30000000000000004,1.9000000000000001,36.762,2.136,13,glass,0.1,7.84,1,
22.1,-0.1,-0.30000000000000004,35.593,1.017,46,concrete,0.65,6.4846,1,
22.1,-0.1,1.7000000000000002,37.327,1.7,15,glass,0.1,8.4951,0,solar_suspected
22.1,-0.1,1.9000000000000001,36.818,2.375,16,glass,0.1,7.9049,1,
22.1,0.1,-0.30000000000000004,36.577,1.087,41,concrete,0.65,7.6255,1,
22.1,0.1,1.7000000000000002,37.282,1.772,15,glass,0.1,8.4429,0,solar_suspected
22.1,0.1,1.9000000000000001,37.563,2.568,20,glass,0.1,8.7687,0,solar_suspected
22.1,0.30000000000000004,-0.30000000000000004,36.348,0.91,66,concrete,0.65,7.36,1,
22.1,0.30000000000000004,1.7000000000000002,36.676,1.606,15,glass,0.1,7.7403,1,
22.1,0.30000000000000004,1.9000000000000001,37.893,1.941,22,glass,0.1,9.1513,0,solar_suspected
22.1,0.5,-0.30000000000000004,36.698,0.716,80,concrete,0.65,7.7658,1,
22.1,0.5,1.7000000000000002,36.866,1.674,16,glass,0.1,7.9606,1,
22.1,0.5,1.9000000000000001,38.103,1.798,23,glass,0.1,9.3948,0,solar_suspected
22.1,0.7000000000000001,-0.30000000000000004,36.581,0.854,74,concrete,0.65,7.6301,1,
22.1,0.7000000000000001,1.7000000000000002,37.784,2.177,15,glass,0.1,9.0249,0,solar_suspected
22.1,0.7000000000000001,1.9000000000000001,38.084,2.269,21,glass,0.1,9.3728,0,solar_suspected
22.1,0.9,-0.30000000000000004,36.351,1.304,73,concrete,0.65,7.3635,1,
22.1,0.9,1.7000000000000002,38.023,2.126,26,glass,0.1,9.302,0,solar_suspected
22.1,0.9,1.9000000000000001,37.525,2.63,17,glass,0.1,8.7246,0,solar_suspected
22.1,1.1,-0.30000000000000004,36.07,1.38,70,concrete,0.65,7.0377,1,
22.1,1.1,1.7000000000000002,38.015,1.855,18,glass,0.1,9.2928,0,solar_suspected
22.1,1.1,1.9000000000000001,37.236,2.428,20,glass,0.1,8.3896,0,solar_suspected
22.1,1.3,-0.30000000000000004,35.762,1.358,59,concrete,0.65,6.6806,1,
22.1,1.3,1.7000000000000002,38.129,1.841,18,glass,0.1,9.4249,0,solar_suspected
22.1,1.3,1.9000000000000001,37.658,2.177,21,glass,0.1,8.8788,0,solar_suspected
22.1,1.5,-0.30000000000000004,35.975,1.602,55,concrete,0.65,6.9275,1,
22.1,1.5,1.7000000000000002,38.811,1.391,16,glass,0.1,10.2157,0,solar_suspected
22.1,1.5,1.9000000000000001,37.887,2.193,24,glass,0.1,9.1443,0,solar_suspected
22.1,1.7000000000000002,-0.30000000000000004,36.571,1.3,66,concrete,0.65,7.6186,1,
22.1,1.7000000000000002,1.7000000000000002,38.578,1.025,18,glass,0.1,9.9455,0,solar_suspected
22.1,1.7000000000000002,1.9000000000000001,37.465,1.752,22,glass,0.1,8.6551,0,solar_suspected
22.1,1.9000000000000001,-0.30000000000000004,35.597,1.531,77,concrete,0.65,6.4893,1,
22.1,1.9000000000000001,1.7000000000000002,38.084,1.206,16,glass,0.1,9.3728,0,solar_suspected
22.1,1.9000000000000001,1.9000000000000001,37.415,1.69,24,glass,0.1,8.5971,0,solar_suspected
22.1,2.1,-0.30000000000000004,35.211,1.794,73,concrete,0.65,6.0417,1,
22.1,2.1,-0.1,34.959,1.516,146,glass,0.1,5.7496,1,
22.1,2.1,0.1,35.43,1.757,153,glass,0.1,6.2957,1,
22.1,2.1,0.30000000000000004,35.911,1.873,110,glass,0.1,6.8533,1,
22.1,2.1,0.5,36.227,2.123,100,glass,0.1,7.2197,1,
22.1,2.1,0.7000000000000001,36.621,2.064,99,glass,0.1,7.6765,1,
22.1,2.1,0.9,38.072,1.909,2,glass,0.1,9.3588,0,solar_suspected
22.1,2.1,1.7000000000000002,37.793,2.083,9,glass,0.1,9.0354,0,solar_suspected
22.1,2.1,1.9000000000000001,37.691,1.643,26,glass,0.1,8.9171,0,solar_suspected
22.1,2.3000000000000003,-0.30000000000000004,34.813,1.408,155,concrete,0.65,5.5803,1,
22.1,2.3000000000000003,-0.1,34.63,1.251,128,glass,0.1,5.3681,1,
22.1,2.3000000000000003,0.1,35.079,1.77,64,glass,0.1,5.8887,1,
22.1,2.3000000000000003,0.30000000000000004,34.981,1.751,83,glass,0.1,5.7751,1,
22.1,2.3000000000000003,0.5,35.155,1.81,58,glass,0.1,5.9768,1,
22.1,2.3000000000000003,0.7000000000000001,36.027,2.091,27,glass,0.1,6.9878,1,
22.1,2.3000000000000003,0.9,36.98,1.856,129,glass,0.1,8.0928,0,solar_suspected
22.1,2.3000000000000003,1.1,37.013,1.8,102,glass,0.1,8.131,0,solar_suspected
22.1,2.3000000000000003,1.3,37.106,2.216,66,glass,0.1,8.2388,0,solar_suspected
22.1,2.3000000000000003,1.5,37.573,2.226,52,glass,0.1,8.7803,0,solar_suspected
22.1,2.3000000000000003,1.7000000000000002,36.72,1.729,45,glass,0.1,7.7913,1,
22.1,2.3000000000000003,1.9000000000000001,37.484,1.737,11,glass,0.1,8.6771,0,solar_suspected
22.3,-0.7000000000000001,1.5,38.209,0.0,1,glass,0.1,9.5177,0,solar_suspected
22.3,-0.7000000000000001,1.7000000000000002,36.93,1.766,5,glass,0.1,8.0348,0,solar_suspected
22.3,-0.7000000000000001,1.9000000000000001,35.384,0.0,1,glass,0.1,6.2423,1,
22.3,-0.5,-0.30000000000000004,34.979,1.203,188,concrete,0.65,5.7728,1,
22.3,-0.5,-0.1,35.076,1.244,70,glass,0.1,5.8852,1,
22.3,-0.5,0.1,35.243,1.497,30,glass,0.1,6.0788,1,
22.3,-0.5,0.30000000000000004,35.987,1.637,24,glass,0.1,6.9414,1,
22.3,-0.5,0.5,34.871,1.388,26,glass,0.1,5.6475,1,
22.3,-0.5,0.7000000000000001,36.39,1.684,13,glass,0.1,7.4087,1,
22.3,-0.5,0.9,37.267,1.552,92,glass,0.1,8.4255,0,solar_suspected
22.3,-0.5,1.1,37.991,1.587,63,glass,0.1,9.2649,0,solar_suspected
22.3,-0.5,1.3,37.45,1.801,46,glass,0.1,8.6377,0,solar_suspected
22.3,-0.5,1.5,36.23,1.519,44,glass,0.1,7.2232,1,
22.3,-0.5,1.7000000000000002,36.364,1.803,126,glass,0.1,7.3786,1,
22.3,-0.5,1.9000000000000001,37.402,1.728,9,glass,0.1,8.582,0,solar_suspected
22.3,-0.30000000000000004,-0.30000000000000004,35.016,0.925,44,concrete,0.65,5.8157,1,
22.3,-0.30000000000000004,-0.1,35.342,1.156,109,glass,0.1,6.1936,1,
22.3,-0.30000000000000004,0.1,36.069,1.476,109,glass,0.1,7.0365,1,
22.3,-0.30000000000000004,0.30000000000000004,36.306,1.55,94,glass,0.1,7.3113,1,
22.3,-0.30000000000000004,0.5,36.438,1.529,91,glass,0.1,7.4643,1,
22.3,-0.30000000000000004,0.7000000000000001,37.143,1.504,75,glass,0.1,8.2817,0,solar_suspected
22.3,-0.30000000000000004,0.9,36.718,1.536,76,glass,0.1,7.789,1,
22.3,-0.30000000000000004,1.1,37.161,1.712,42,glass,0.1,8.3026,0,solar_suspected
22.3,-0.30000000000000004,1.3,37.288,1.545,46,glass,0.1,8.4499,0,solar_suspected
22.3,-0.30000000000000004,1.5,38.208,0.0,1,glass,0.1,9.5165,0,solar_suspected
22.3,-0.30000000000000004,1.7000000000000002,37.057,1.515,19,glass,0.1,8.182,0,solar_suspected
22.3,-0.30000000000000004,1.9000000000000001,37.438,2.137,13,glass,0.1,8.6238,0,solar_suspected
22.3,-0.1,-0.30000000000000004,35.652,0.984,47,concrete,0.65,6.553,1,
22.3,-0.1,-0.1,35.124,0.0,2,glass,0.1,5.9409,1,
22.3,-0.1,0.5,34.743,0.099,2,glass,0.1,5.4991,1,
22.3,-0.1,1.7000000000000002,37.122,1.71,26,glass,0.1,8.2574,0,solar_suspected
22.3,-0.1,1.9000000000000001,37.268,2.385,12,glass,0.1,8.4267,0,solar_suspected
22.3,0.1,-0.30000000000000004,35.754,1.053,49,concrete,0.65,6.6713,1,
22.3,0.1,-0.1,35.377,0.253,2,glass,0.1,6.2342,1,
22.3,0.1,0.5,34.346,0.071,2,glass,0.1,5.0388,1,
22.3,0.1,1.7000000000000002,37.716,1.888,26,glass,0.1,8.9461,0,solar_suspected
22.3,0.1,1.9000000000000001,36.812,2.317,21,glass,0.1,7.898,1,
22.3,0.30000000000000004,-0.30000000000000004,36.24,0.946,51,concrete,0.65,7.2348,1,
22.3,0.30000000000000004,-0.1,35.546,0.084,2,glass,0.1,6.4301,1,
22.3,0.30000000000000004,0.5,34.616,0.0,1,glass,0.1,5.3519,1,
22.3,0.30000000000000004,1.7000000000000002,37.679,1.811,23,glass,0.1,8.9032,0,solar_suspected
22.3,0.30000000000000004,1.9000000000000001,36.753,2.428,23,glass,0.1,7.8296,1,
22.3,0.5,-0.30000000000000004,36.758,0.68,46,concrete,0.65,7.8354,1,
22.3,0.5,-0.1,35.686,0.0,1,glass,0.1,6.5925,1,
22.3,0.5,0.5,34.701,0.0,1,glass,0.1,5.4504,1,
22.3,0.5,1.7000000000000002,37.788,1.894,25,glass,0.1,9.0296,0,solar_suspected
22.3,0.5,1.9000000000000001,36.686,2.209,23,glass,0.1,7.7519,1,
22.3,0.7000000000000001,-0.30000000000000004,36.799,0.703,57,concrete,0.65,7.8829,1,
22.3,0.7000000000000001,-0.1,35.596,0.0,1,rubber,0.9,6.4881,1,
22.3,0.7000000000000001,1.7000000000000002,37.784,2.297,22,glass,0.1,9.0249,0,solar_suspected
22.3,0.7000000000000001,1.9000000000000001,36.713,2.268,21,glass,0.1,7.7832,1,
22.3,0.9,-0.30000000000000004,36.726,0.831,56,concrete,0.65,7.7983,1,
22.3,0.9,1.7000000000000002,37.868,2.23,17,glass,0.1,9.1223,0,solar_suspected
22.3,0.9,1.9000000000000001,36.771,2.292,16,glass,0.1,7.8504,1,
22.3,1.1,-0.30000000000000004,36.807,0.865,56,concrete,0.65,7.8922,1,
22.3,1.1,1.7000000000000002,38.831,1.601,15,glass,0.1,10.2388,0,solar_suspected
22.3,1.1,1.9000000000000001,36.808,2.313,28,glass,0.1,7.8933,1,
22.3,1.3,-0.30000000000000004,36.887,1.112,54,concrete,0.65,7.9849,1,
22.3,1.3,1.7000000000000002,38.671,1.403,15,glass,0.1,10.0533,0,solar_suspected
22.3,1.3,1.9000000000000001,37.191,2.137,24,glass,0.1,8.3374,0,solar_suspected
22.3,1.5,-0.30000000000000004,36.884,0.903,54,concrete,0.65,7.9814,1,
22.3,1.5,1.7000000000000002,38.886,1.36,12,glass,0.1,10.3026,0,solar_suspected
22.3,1.5,1.9000000000000001,36.913,1.954,21,glass,0.1,8.0151,0,solar_suspected
22.3,1.7000000000000002,-0.30000000000000004,35.931,1.358,50,concrete,0.65,6.8765,1,
22.3,1.7000000000000002,1.7000000000000002,38.457,1.881,18,glass,0.1,9.8052,0,solar_suspected
22.3,1.7000000000000002,1.9000000000000001,37.19,2.117,24,glass,0.1,8.3362,0,solar_suspected
22.3,1.9000000000000001,-0.30000000000000004,35.211,1.613,78,concrete,0.65,6.0417,1,
22.3,1.9000000000000001,1.7000000000000002,38.332,1.887,13,glass,0.1,9.6603,0,solar_suspected
22.3,1.9000000000000001,1.9000000000000001,36.837,1.78,21,glass,0.1,7.927,1,
22.3,2.1,-0.30000000000000004,34.959,1.497,71,concrete,0.65,5.7496,1,
22.3,2.1,-0.1,35.267,1.489,150,glass,0.1,6.1067,1,
22.3,2.1,0.1,35.617,1.758,131,glass,0.1,6.5125,1,
22.3,2.1,0.30000000000000004,35.713,2.08,135,glass,0.1,6.6238,1,
22.3,2.1,0.5,36.47,1.985,101,glass,0.1,7.5014,1,
22.3,2.1,0.7000000000000001,36.882,2.162,85,glass,0.1,7.9791,1,
22.3,2.1,0.9,36.0,0.0,1,glass,0.1,6.9565,1,
22.3,2.1,1.7000000000000002,38.778,1.615,15,glass,0.1,10.1774,0,solar_suspected
22.3,2.1,1.9000000000000001,37.141,2.064,25,glass,0.1,8.2794,0,solar_suspected
22.3,2.3000000000000003,-0.30000000000000004,34.862,1.358,155,concrete,0.65,5.6371,1,
22.3,2.3000000000000003,-0.1,34.431,1.228,60,glass,0.1,5.1374,1,
22.3,2.3000000000000003,0.1,33.549,0.186,2,glass,0.1,4.1148,1,
22.3,2.3000000000000003,0.30000000000000004,34.457,1.095,3,glass,0.1,5.1675,1,
22.3,2.3000000000000003,0.5,33.873,1.397,6,glass,0.1,4.4904,1,
22.3,2.3000000000000003,0.7000000000000001,34.336,0.601,5,glass,0.1,5.0272,1,
22.3,2.3000000000000003,0.9,36.891,1.837,115,glass,0.1,7.9896,1,
22.3,2.3000000000000003,1.1,36.938,1.904,118,glass,0.1,8.0441,0,solar_suspected
22.3,2.3000000000000003,1.3,36.821,1.978,64,glass,0.1,7.9084,1,
22.3,2.3000000000000003,1.5,37.529,2.234,50,glass,0.1,8.7293,0,solar_suspected
22.3,2.3000000000000003,1.7000000000000002,37.141,1.943,37,glass,0.1,8.2794,0,solar_suspected
22.3,2.3000000000000003,1.9000000000000001,36.914,1.75,14,glass,0.1,8.0162,0,solar_suspected
22.5,-0.7000000000000001,1.7000000000000002,36.533,2.166,6,glass,0.1,7.5745,1,
22.5,-0.5,-0.30000000000000004,35.161,1.184,192,concrete,0.65,5.9838,1,
22.5,-0.5,-0.1,35.235,1.211,50,glass,0.1,6.0696,1,
22.5,-0.5,0.1,34.141,0.599,16,glass,0.1,4.8012,1,
22.5,-0.5,0.30000000000000004,34.034,0.536,17,glass,0.1,4.6771,1,
22.5,-0.5,0.5,34.524,0.557,8,glass,0.1,5.2452,1,
22.5,-0.5,0.7000000000000001,34.648,1.203,10,glass,0.1,5.389,1,
22.5,-0.5,0.9,37.611,1.576,21,glass,0.1,8.8243,0,solar_suspected
22.5,-0.5,1.1,38.134,1.662,17,glass,0.1,9.4307,0,solar_suspected
22.5,-0.5,1.3,38.421,2.091,4,glass,0.1,9.7635,0,solar_suspected
22.5,-0.5,1.5,36.767,1.725,41,glass,0.1,7.8458,1,
22.5,-0.5,1.7000000000000002,36.203,1.669,27,glass,0.1,7.1919,1,
22.5,-0.5,1.9000000000000001,36.119,1.984,10,glass,0.1,7.0945,1,
22.5,-0.30000000000000004,-0.30000000000000004,35.507,1.213,49,concrete,0.65,6.3849,1,
22.5,-0.30000000000000004,-0.1,35.288,1.132,92,glass,0.1,6.131,1,
22.5,-0.30000000000000004,0.1,35.931,1.414,94,glass,0.1,6.8765,1,
22.5,-0.30000000000000004,0.30000000000000004,36.483,1.624,74,glass,0.1,7.5165,1,
22.5,-0.30000000000000004,0.5,36.669,1.659,75,glass,0.1,7.7322,1,
22.5,-0.30000000000000004,0.7000000000000001,37.216,1.651,61,glass,0.1,8.3664,0,solar_suspected
22.5,-0.30000000000000004,0.9,37.59,1.503,36,glass,0.1,8.8,0,solar_suspected
22.5,-0.30000000000000004,1.1,37.877,1.751,39,glass,0.1,9.1328,0,solar_suspected
22.5,-0.30000000000000004,1.3,38.151,1.437,15,glass,0.1,9.4504,0,solar_suspected
22.5,-0.30000000000000004,1.7000000000000002,37.167,1.898,12,glass,0.1,8.3096,0,solar_suspected
22.5,-0.30000000000000004,1.9000000000000001,36.549,2.075,14,glass,0.1,7.593,1,
22.5,-0.1,-0.30000000000000004,36.004,1.205,67,concrete,0.65,6.9612,1,
22.5,-0.1,1.7000000000000002,37.794,1.187,15,glass,0.1,9.0365,0,solar_suspected
22.5,-0.1,1.9000000000000001,36.521,2.172,12,glass,0.1,7.5606,1,
22.5,0.1,-0.30000000000000004,36.195,0.946,52,concrete,0.65,7.1826,1,
22.5,0.1,1.7000000000000002,37.84,1.495,10,glass,0.1,9.0899,0,solar_suspected
22.5,0.1,1.9000000000000001,37.39,2.501,18,glass,0.1,8.5681,0,solar_suspected
22.5,0.30000000000000004,-0.30000000000000004,36.45,0.688,28,concrete,0.65,7.4783,1,
22.5,0.30000000000000004,1.7000000000000002,37.378,1.398,14,glass,0.1,8.5542,0,solar_suspected
22.5,0.30000000000000004,1.9000000000000001,38.39,1.981,11,glass,0.1,9.7275,0,solar_suspected
22.5,0.5,-0.30000000000000004,36.521,0.836,32,concrete,0.65,7.5606,1,
22.5,0.5,1.7000000000000002,37.03,1.532,16,glass,0.1,8.1507,0,solar_suspected
22.5,0.5,1.9000000000000001,38.234,2.05,13,glass,0.1,9.5467,0,solar_suspected
22.5,0.7000000000000001,-0.30000000000000004,36.57,0.754,26,concrete,0.65,7.6174,1,
22.5,0.7000000000000001,1.7000000000000002,36.908,1.687,17,glass,0.1,8.0093,0,solar_suspected
22.5,0.7000000000000001,1.9000000000000001,38.747,1.83,12,glass,0.1,10.1414,0,solar_suspected
22.5,0.9,-0.30000000000000004,36.633,1.272,27,concrete,0.65,7.6904,1,
22.5,0.9,1.7000000000000002,36.968,1.769,22,glass,0.1,8.0788,0,solar_suspected
22.5,0.9,1.9000000000000001,38.976,1.938,8,glass,0.1,10.407,0,solar_suspected
22.5,1.1,-0.30000000000000004,37.015,1.133,25,concrete,0.65,8.1333,0,implausible
22.5,1.1,1.7000000000000002,37.326,1.278,11,glass,0.1,8.4939,0,solar_suspected
22.5,1.1,1.9000000000000001,38.384,1.876,15,glass,0.1,9.7206,0,solar_suspected
22.5,1.3,-0.30000000000000004,36.762,1.281,33,concrete,0.65,7.84,1,
22.5,1.3,1.7000000000000002,37.402,1.034,15,glass,0.1,8.582,0,solar_suspected
22.5,1.3,1.9000000000000001,38.256,1.872,15,glass,0.1,9.5722,0,solar_suspected
22.5,1.5,-0.30000000000000004,36.654,1.335,33,concrete,0.65,7.7148,1,
22.5,1.5,1.7000000000000002,37.738,1.788,14,glass,0.1,8.9716,0,solar_suspected
22.5,1.5,1.9000000000000001,38.551,1.851,13,glass,0.1,9.9142,0,solar_suspected
22.5,1.7000000000000002,-0.30000000000000004,36.013,1.516,52,concrete,0.65,6.9716,1,
22.5,1.7000000000000002,1.7000000000000002,37.369,0.808,13,glass,0.1,8.5438,0,solar_suspected
22.5,1.7000000000000002,1.9000000000000001,38.371,1.61,12,glass,0.1,9.7055,0,solar_suspected
22.5,1.9000000000000001,-0.30000000000000004,34.483,1.187,33,concrete,0.65,5.1977,1,
22.5,1.9000000000000001,1.7000000000000002,36.973,0.803,8,glass,0.1,8.0846,0,solar_suspected
22.5,1.9000000000000001,1.9000000000000001,37.728,1.704,19,glass,0.1,8.96,0,solar_suspected
22.5,2.1,-0.30000000000000004,34.398,0.878,34,concrete,0.65,5.0991,1,
22.5,2.1,-0.1,35.389,1.561,59,glass,0.1,6.2481,1,
22.5,2.1,0.1,35.52,1.865,84,glass,0.1,6.4,1,
22.5,2.1,0.30000000000000004,35.791,1.772,65,glass,0.1,6.7142,1,
22.5,2.1,0.5,35.554,1.997,59,glass,0.1,6.4394,1,
22.5,2.1,0.7000000000000001,36.751,2.196,50,glass,0.1,7.8272,1,
22.5,2.1,0.9,39.527,0.0,1,glass,0.1,11.0458,0,solar_suspected
22.5,2.1,1.7000000000000002,35.907,1.083,12,glass,0.1,6.8487,1,
22.5,2.1,1.9000000000000001,37.687,1.576,19,glass,0.1,8.9125,0,solar_suspected
22.5,2.3000000000000003,-0.30000000000000004,34.953,1.388,129,concrete,0.65,5.7426,1,
22.5,2.3000000000000003,-0.1,34.682,1.269,54,glass,0.1,5.4284,1,
22.5,2.3000000000000003,0.9,37.294,2.068,91,glass,0.1,8.4568,0,solar_suspected
22.5,2.3000000000000003,1.1,37.071,1.883,111,glass,0.1,8.1983,0,solar_suspected
22.5,2.3000000000000003,1.3,37.074,2.044,76,glass,0.1,8.2017,0,solar_suspected
22.5,2.3000000000000003,1.5,37.225,1.992,39,glass,0.1,8.3768,0,solar_suspected
22.5,2.3000000000000003,1.7000000000000002,37.042,2.005,34,glass,0.1,8.1646,0,solar_suspected
22.5,2.3000000000000003,1.9000000000000001,37.118,1.754,8,glass,0.1,8.2528,0,solar_suspected
22.700000000000003,-0.7000000000000001,1.7000000000000002,35.386,0.0,1,glass,0.1,6.2446,1,
22.700000000000003,-0.5,-0.30000000000000004,35.193,1.235,139,glass,0.1,6.0209,1,
22.700000000000003,-0.5,-0.1,35.354,1.236,17,glass,0.1,6.2075,1,
22.700000000000003,-0.5,0.7000000000000001,37.483,1.531,3,glass,0.1,8.6759,0,solar_suspected
22.700000000000003,-0.5,0.9,37.052,0.92,8,glass,0.1,8.1762,0,solar_suspected
22.700000000000003,-0.5,1.5,36.183,1.474,32,glass,0.1,7.1687,1,
22.700000000000003,-0.5,1.7000000000000002,36.315,1.49,43,glass,0.1,7.3217,1,
22.700000000000003,-0.5,1.9000000000000001,36.958,2.275,13,glass,0.1,8.0672,0,solar_suspected
22.700000000000003,-0.30000000000000004,-0.30000000000000004,35.609,1.342,22,concrete,0.65,6.5032,1,
22.700000000000003,-0.30000000000000004,-0.1,37.557,0.187,3,glass,0.1,8.7617,0,solar_suspected
22.700000000000003,-0.30000000000000004,0.1,36.301,1.262,4,glass,0.1,7.3055,1,
22.700000000000003,-0.30000000000000004,0.5,38.116,1.319,3,glass,0.1,9.4099,0,solar_suspected
22.700000000000003,-0.30000000000000004,0.7000000000000001,34.412,0.725,3,glass,0.1,5.1154,1,
22.700000000000003,-0.30000000000000004,1.7000000000000002,36.507,1.739,28,glass,0.1,7.5443,1,
22.700000000000003,-0.30000000000000004,1.9000000000000001,37.997,1.964,11,glass,0.1,9.2719,0,solar_suspected
22.700000000000003,-0.1,-0.30000000000000004,35.942,1.112,57,concrete,0.65,6.8893,1,
22.700000000000003,-0.1,1.7000000000000002,36.601,1.501,31,glass,0.1,7.6533,1,
22.700000000000003,-0.1,1.9000000000000001,37.198,2.035,10,glass,0.1,8.3455,0,solar_suspected
22.700000000000003,0.1,-0.30000000000000004,36.678,1.113,39,concrete,0.65,7.7426,1,
22.700000000000003,0.1,1.7000000000000002,37.077,1.881,22,glass,0.1,8.2052,0,solar_suspected
22.700000000000003,0.1,1.9000000000000001,37.291,2.086,12,glass,0.1,8.4533,0,solar_suspected
22.700000000000003,0.30000000000000004,-0.30000000000000004,36.96,0.988,26,concrete,0.65,8.0696,0,implausible
22.700000000000003,0.30000000000000004,1.7000000000000002,36.907,1.741,20,glass,0.1,8.0081,0,solar_suspected
22.700000000000003,0.30000000000000004,1.9000000000000001,37.098,2.231,13,glass,0.1,8.2296,0,solar_suspected
22.700000000000003,0.5,-0.30000000000000004,36.977,0.948,28,concrete,0.65,8.0893,0,implausible
22.700000000000003,0.5,1.7000000000000002,37.302,1.718,22,glass,0.1,8.4661,0,solar_suspected
22.700000000000003,0.5,1.9000000000000001,36.725,1.898,15,glass,0.1,7.7971,1,
22.700000000000003,0.7000000000000001,-0.30000000000000004,37.182,0.993,20,concrete,0.65,8.327,0,implausible
22.700000000000003,0.7000000000000001,1.7000000000000002,37.381,1.886,15,glass,0.1,8.5577,0,solar_suspected
22.700000000000003,0.7000000000000001,1.9000000000000001,37.011,2.328,14,glass,0.1,8.1287,0,solar_suspected
22.700000000000003,0.9,-0.30000000000000004,37.018,1.128,22,concrete,0.65,8.1368,0,implausible
22.700000000000003,0.9,1.7000000000000002,38.678,2.294,17,glass,0.1,10.0614,0,solar_suspected
22.700000000000003,0.9,1.9000000000000001,37.057,2.392,15,glass,0.1,8.182,0,solar_suspected
22.700000000000003,1.1,-0.30000000000000004,36.544,1.375,32,concrete,0.65,7.5872,1,
22.700000000000003,1.1,1.7000000000000002,37.687,1.81,17,glass,0.1,8.9125,0,solar_suspected
22.700000000000003,1.1,1.9000000000000001,36.885,2.209,14,glass,0.1,7.9826,1,
22.700000000000003,1.3,-0.30000000000000004,36.7,1.074,29,concrete,0.65,7.7681,1,
22.700000000000003,1.3,1.7000000000000002,38.023,2.376,16,glass,0.1,9.302,0,solar_suspected
22.700000000000003,1.3,1.9000000000000001,37.557,2.232,17,glass,0.1,8.7617,0,solar_suspected
22.700000000000003,1.5,-0.30000000000000004,36.741,1.016,39,concrete,0.65,7.8157,1,
22.700000000000003,1.5,1.7000000000000002,37.375,1.346,14,glass,0.1,8.5507,0,solar_suspected
22.700000000000003,1.5,1.9000000000000001,38.055,2.074,18,glass,0.1,9.3391,0,solar_suspected
22.700000000000003,1.7000000000000002,-0.30000000000000004,35.799,1.332,40,concrete,0.65,6.7235,1,
22.700000000000003,1.7000000000000002,1.7000000000000002,36.556,1.139,20,glass,0.1,7.6012,1,
22.700000000000003,1.7000000000000002,1.9000000000000001,37.793,1.777,20,glass,0.1,9.0354,0,solar_suspected
22.700000000000003,1.9000000000000001,-0.30000000000000004,35.517,1.659,34,concrete,0.65,6.3965,1,
22.700000000000003,1.9000000000000001,1.7000000000000002,36.043,1.104,15,glass,0.1,7.0064,1,
22.700000000000003,1.9000000000000001,1.9000000000000001,37.413,1.589,20,glass,0.1,8.5948,0,solar_suspected
22.700000000000003,2.1,-0.30000000000000004,34.956,1.345,38,concrete,0.65,5.7461,1,
22.700000000000003,2.1,-0.1,35.555,2.057,3,glass,0.1,6.4406,1,
22.700000000000003,2.1,0.1,35.338,0.262,2,glass,0.1,6.189,1,
22.700000000000003,2.1,0.30000000000000004,35.794,2.344,2,glass,0.1,6.7177,1,
22.700000000000003,2.1,0.5,35.354,0.0,1,glass,0.1,6.2075,1,
22.700000000000003,2.1,0.7000000000000001,38.425,0.0,1,glass,0.1,9.7681,0,solar_suspected
22.700000000000003,2.1,0.9,39.017,0.0,1,glass,0.1,10.4545,0,solar_suspected
22.700000000000003,2.1,1.7000000000000002,36.526,1.206,14,glass,0.1,7.5664,1,
22.700000000000003,2.1,1.9000000000000001,37.738,1.844,16,glass,0.1,8.9716,0,solar_suspected
22.700000000000003,2.3000000000000003,-0.30000000000000004,35.143,1.359,119,concrete,0.65,5.9629,1,
22.700000000000003,2.3000000000000003,-0.1,34.814,1.313,42,glass,0.1,5.5814,1,
22.700000000000003,2.3000000000000003,0.9,36.888,2.001,86,glass,0.1,7.9861,1,
22.700000000000003,2.3000000000000003,1.1,37.212,1.986,108,glass,0.1,8.3617,0,solar_suspected
22.700000000000003,2.3000000000000003,1.3,36.959,1.872,74,glass,0.1,8.0684,0,solar_suspected
22.700000000000003,2.3000000000000003,1.5,37.296,2.191,58,glass,0.1,8.4591,0,solar_suspected
22.700000000000003,2.3000000000000003,1.7000000000000002,37.341,2.148,43,glass,0.1,8.5113,0,solar_suspected
22.700000000000003,2.3000000000000003,1.9000000000000001,37.691,2.316,11,glass,0.1,8.9171,0,solar_suspected
22.900000000000002,-0.5,-0.30000000000000004,35.357,1.186,58,glass,0.1,6.211,1,
22.900000000000002,-0.5,-0.1,35.018,0.809,10,glass,0.1,5.818,1,
22.900000000000002,-0.5,0.7000000000000001,38.366,0.0,1,glass,0.1,9.6997,0,solar_suspected
22.900000000000002,-0.5,0.9,37.285,1.405,5,glass,0.1,8.4464,0,solar_suspected
22.900000000000002,-0.5,1.1,36.756,0.12,2,glass,0.1,7.833,1,
22.900000000000002,-0.5,1.3,37.632,0.0,1,glass,0.1,8.8487,0,solar_suspected
22.900000000000002,-0.5,1.5,37.422,1.434,2,glass,0.1,8.6052,0,solar_suspected
22.900000000000002,-0.5,1.7000000000000002,36.896,1.929,35,glass,0.1,7.9954,1,
22.900000000000002,-0.5,1.9000000000000001,37.142,1.854,12,glass,0.1,8.2806,0,solar_suspected
22.900000000000002,-0.30000000000000004,-0.30000000000000004,35.936,1.239,18,concrete,0.65,6.8823,1,
22.900000000000002,-0.30000000000000004,1.7000000000000002,36.949,1.847,34,glass,0.1,8.0568,0,solar_suspected
22.900000000000002,-0.30000000000000004,1.9000000000000001,37.192,1.975,18,glass,0.1,8.3386,0,solar_suspected
22.900000000000002,-0.1,-0.30000000000000004,35.992,1.268,32,concrete,0.65,6.9472,1,
22.900000000000002,-0.1,1.7000000000000002,36.528,1.765,38,glass,0.1,7.5687,1,
22.900000000000002,-0.1,1.9000000000000001,37.828,2.182,27,glass,0.1,9.0759,0,solar_suspected
22.900000000000002,0.1,-0.30000000000000004,36.237,1.144,43,concrete,0.65,7.2313,1,
22.900000000000002,0.1,1.7000000000000002,36.937,2.074,45,glass,0.1,8.0429,0,solar_suspected
22.900000000000002,0.1,1.9000000000000001,38.113,2.325,20,glass,0.1,9.4064,0,solar_suspected
22.900000000000002,0.30000000000000004,-0.30000000000000004,36.486,1.074,46,concrete,0.65,7.52,1,
22.900000000000002,0.30000000000000004,1.7000000000000002,37.17,1.855,44,glass,0.1,8.313,0,solar_suspected
22.900000000000002,0.30000000000000004,1.9000000000000001,38.134,2.11,18,glass,0.1,9.4307,0,solar_suspected
22.900000000000002,0.5,-0.30000000000000004,36.87,0.735,38,concrete,0.65,7.9652,1,
22.900000000000002,0.5,1.7000000000000002,37.347,1.751,35,glass,0.1,8.5183,0,solar_suspected
22.900000000000002,0.5,1.9000000000000001,38.31,2.112,18,glass,0.1,9.6348,0,solar_suspected
22.900000000000002,0.7000000000000001,-0.30000000000000004,36.838,0.613,39,concrete,0.65,7.9281,1,
22.900000000000002,0.7000000000000001,1.7000000000000002,37.274,1.641,37,glass,0.1,8.4336,0,solar_suspected
22.900000000000002,0.7000000000000001,1.9000000000000001,38.393,2.184,17,glass,0.1,9.731,0,solar_suspected
22.900000000000002,0.9,-0.30000000000000004,37.097,0.557,28,concrete,0.65,8.2284,0,implausible
22.900000000000002,0.9,1.7000000000000002,37.588,2.24,33,glass,0.1,8.7977,0,solar_suspected
22.900000000000002,0.9,1.9000000000000001,38.651,2.227,14,glass,0.1,10.0301,0,solar_suspected
22.900000000000002,1.1,-0.30000000000000004,36.8,0.678,41,concrete,0.65,7.8841,1,
22.900000000000002,1.1,1.7000000000000002,37.635,1.942,27,glass,0.1,8.8522,0,solar_suspected
22.900000000000002,1.1,1.9000000000000001,38.52,2.093,19,glass,0.1,9.8783,0,solar_suspected
22.900000000000002,1.3,-0.30000000000000004,36.728,0.812,42,concrete,0.65,7.8006,1,
22.900000000000002,1.3,1.7000000000000002,37.506,1.612,23,glass,0.1,8.7026,0,solar_suspected
22.900000000000002,1.3,1.9000000000000001,39.092,1.824,15,glass,0.1,10.5414,0,solar_suspected
22.900000000000002,1.5,-0.30000000000000004,35.932,1.448,45,concrete,0.65,6.8777,1,
22.900000000000002,1.5,1.7000000000000002,37.614,1.627,23,glass,0.1,8.8278,0,solar_suspected
22.900000000000002,1.5,1.9000000000000001,39.195,1.814,16,glass,0.1,10.6609,0,solar_suspected
22.900000000000002,1.7000000000000002,-0.30000000000000004,35.516,1.391,60,concrete,0.65,6.3954,1,
22.900000000000002,1.7000000000000002,1.7000000000000002,37.461,1.249,22,glass,0.1,8.6504,0,solar_suspected
22.900000000000002,1.7000000000000002,1.9000000000000001,39.041,1.762,14,glass,0.1,10.4823,0,solar_suspected
22.900000000000002,1.9000000000000001,-0.30000000000000004,35.722,1.596,48,concrete,0.65,6.6342,1,
22.900000000000002,1.9000000000000001,1.7000000000000002,37.663,0.924,19,glass,0.1,8.8846,0,solar_suspected
22.900000000000002,1.9000000000000001,1.9000000000000001,38.386,2.126,19,glass,0.1,9.7229,0,solar_suspected
22.900000000000002,2.1,-0.30000000000000004,35.376,1.607,33,concrete,0.65,6.233,1,
22.900000000000002,2.1,1.7000000000000002,37.781,1.074,18,glass,0.1,9.0214,0,solar_suspected
22.900000000000002,2.1,1.9000000000000001,37.679,2.3,27,glass,0.1,8.9032,0,solar_suspected
22.900000000000002,2.3000000000000003,-0.30000000000000004,35.143,1.502,118,concrete,0.65,5.9629,1,
22.900000000000002,2.3000000000000003,-0.1,34.604,1.213,36,glass,0.1,5.338,1,
22.900000000000002,2.3000000000000003,0.9,37.01,2.157,72,glass,0.1,8.1275,0,solar_suspected
22.900000000000002,2.3000000000000003,1.1,37.041,1.942,103,glass,0.1,8.1635,0,solar_suspected
22.900000000000002,2.3000000000000003,1.3,37.516,2.163,54,glass,0.1,8.7142,0,solar_suspected
22.900000000000002,2.3000000000000003,1.5,37.195,2.103,40,glass,0.1,8.342,0,solar_suspected
22.900000000000002,2.3000000000000003,1.7000000000000002,37.53,1.922,62,glass,0.1,8.7304,0,solar_suspected
22.900000000000002,2.3000000000000003,1.9000000000000001,37.198,2.389,20,glass,0.1,8.3455,0,solar_suspected
23.1,-0.7000000000000001,-0.30000000000000004,35.144,1.169,5,concrete,0.65,5.9641,1,
23.1,-0.5,-0.30000000000000004,35.232,1.048,63,glass,0.1,6.0661,1,
23.1,-0.5,-0.1,34.296,0.176,4,glass,0.1,4.9809,1,
23.1,-0.5,0.1,33.897,0.0,1,glass,0.1,4.5183,1,
23.1,-0.5,0.30000000000000004,36.531,0.0,1,glass,0.1,7.5722,1,
23.1,-0.5,0.9,36.791,0.886,6,glass,0.1,7.8736,1,
23.1,-0.5,1.1,36.144,0.0,1,glass,0.1,7.1235,1,
23.1,-0.5,1.7000000000000002,36.505,1.786,40,glass,0.1,7.542,1,
23.1,-0.5,1.9000000000000001,36.928,0.073,3,painted_metal,0.65,8.0325,0,solar_suspected
23.1,-0.30000000000000004,-0.30000000000000004,36.004,1.372,21,concrete,0.65,6.9612,1,
23.1,-0.30000000000000004,1.7000000000000002,35.989,1.597,25,glass,0.1,6.9438,1,
23.1,-0.30000000000000004,1.9000000000000001,36.644,1.375,7,glass,0.1,7.7032,1,
23.1,-0.1,-0.30000000000000004,36.737,1.129,36,concrete,0.65,7.811,1,
23.1,-0.1,1.7000000000000002,36.7,1.655,25,glass,0.1,7.7681,1,
23.1,-0.1,1.9000000000000001,36.437,1.865,6,glass,0.1,7.4632,1,
23.1,0.1,-0.30000000000000004,36.45,1.252,33,concrete,0.65,7.4783,1,
23.1,0.1,1.7000000000000002,36.611,1.672,20,glass,0.1,7.6649,1,
23.1,0.1,1.9000000000000001,38.132,2.505,5,glass,0.1,9.4284,0,solar_suspected
23.1,0.30000000000000004,-0.30000000000000004,36.874,0.874,30,concrete,0.65,7.9699,1,
23.1,0.30000000000000004,1.7000000000000002,36.72,1.735,26,glass,0.1,7.7913,1,
23.1,0.30000000000000004,1.9000000000000001,38.101,2.355,9,glass,0.1,9.3925,0,solar_suspected
23.1,0.5,-0.30000000000000004,36.572,0.828,36,concrete,0.65,7.6197,1,
23.1,0.5,1.7000000000000002,36.789,1.44,31,glass,0.1,7.8713,1,
23.1,0.5,1.9000000000000001,39.481,1.737,7,glass,0.1,10.9925,0,solar_suspected
23.1,0.7000000000000001,-0.30000000000000004,36.584,0.995,41,concrete,0.65,7.6336,1,
23.1,0.7000000000000001,1.7000000000000002,37.397,1.669,29,glass,0.1,8.5762,0,solar_suspected
23.1,0.7000000000000001,1.9000000000000001,38.864,2.116,11,glass,0.1,10.2771,0,solar_suspected
23.1,0.9,-0.30000000000000004,36.299,1.49,43,concrete,0.65,7.3032,1,
23.1,0.9,1.7000000000000002,37.873,1.868,27,glass,0.1,9.1281,0,solar_suspected
23.1,0.9,1.9000000000000001,38.475,2.318,10,glass,0.1,9.8261,0,solar_suspected
23.1,1.1,-0.30000000000000004,36.027,1.729,40,concrete,0.65,6.9878,1,
23.1,1.1,1.7000000000000002,37.795,1.503,34,glass,0.1,9.0377,0,solar_suspected
23.1,1.1,1.9000000000000001,38.227,2.351,16,glass,0.1,9.5386,0,solar_suspected
23.1,1.3,-0.30000000000000004,36.101,1.448,43,concrete,0.65,7.0736,1,
23.1,1.3,1.7000000000000002,37.972,1.42,34,glass,0.1,9.2429,0,solar_suspected
23.1,1.3,1.9000000000000001,37.412,2.138,24,glass,0.1,8.5936,0,solar_suspected
23.1,1.5,-0.30000000000000004,35.857,1.45,80,concrete,0.65,6.7907,1,
23.1,1.5,1.7000000000000002,38.072,1.129,24,glass,0.1,9.3588,0,solar_suspected
23.1,1.5,1.9000000000000001,38.109,2.031,27,glass,0.1,9.4017,0,solar_suspected
23.1,1.7000000000000002,-0.30000000000000004,35.503,1.465,69,concrete,0.65,6.3803,1,
23.1,1.7000000000000002,1.7000000000000002,38.165,0.937,15,glass,0.1,9.4667,0,solar_suspected
23.1,1.7000000000000002,1.9000000000000001,37.881,1.746,31,glass,0.1,9.1374,0,solar_suspected
23.1,1.9000000000000001,-0.30000000000000004,35.794,1.62,41,concrete,0.65,6.7177,1,
23.1,1.9000000000000001,1.7000000000000002,37.859,0.535,17,glass,0.1,9.1119,0,solar_suspected
23.1,1.9000000000000001,1.9000000000000001,37.769,1.696,30,glass,0.1,9.0075,0,solar_suspected
23.1,2.1,-0.30000000000000004,35.036,1.547,28,concrete,0.65,5.8388,1,
23.1,2.1,0.5,34.475,0.0,1,glass,0.1,5.1884,1,
23.1,2.1,1.7000000000000002,37.765,0.725,13,glass,0.1,9.0029,0,solar_suspected
23.1,2.1,1.9000000000000001,37.533,1.783,20,glass,0.1,8.7339,0,solar_suspected
23.1,2.3000000000000003,-0.30000000000000004,35.163,1.449,102,concrete,0.65,5.9861,1,
23.1,2.3000000000000003,-0.1,34.869,1.403,26,glass,0.1,5.6452,1,
23.1,2.3000000000000003,0.1,37.704,0.0,1,glass,0.1,8.9322,0,solar_suspected
23.1,2.3000000000000003,0.5,38.437,0.0,1,glass,0.1,9.782,0,solar_suspected
23.1,2.3000000000000003,0.9,37.223,2.238,68,glass,0.1,8.3745,0,solar_suspected
23.1,2.3000000000000003,1.1,37.055,1.874,98,glass,0.1,8.1797,0,solar_suspected
23.1,2.3000000000000003,1.3,37.336,2.119,71,glass,0.1,8.5055,0,solar_suspected
23.1,2.3000000000000003,1.5,37.042,2.074,47,glass,0.1,8.1646,0,solar_suspected
23.1,2.3000000000000003,1.7000000000000002,36.913,1.859,56,glass,0.1,8.0151,0,solar_suspected
23.1,2.3000000000000003,1.9000000000000001,38.03,2.422,10,glass,0.1,9.3101,0,solar_suspected
23.3,-0.7000000000000001,-0.30000000000000004,35.612,1.264,36,concrete,0.65,6.5067,1,
23.3,-0.5,-0.30000000000000004,35.314,1.137,83,glass,0.1,6.1612,1,
23.3,-0.5,-0.1,34.598,0.14,2,glass,0.1,5.331,1,
23.3,-0.5,0.5,35.677,0.0,1,glass,0.1,6.582,1,
23.3,-0.5,0.7000000000000001,35.511,0.0,1,glass,0.1,6.3896,1,
23.3,-0.5,0.9,36.462,1.018,16,glass,0.1,7.4922,1,
23.3,-0.5,1.1,36.3,0.3,6,glass,0.1,7.3043,1,
23.3,-0.5,1.7000000000000002,36.765,1.818,40,glass,0.1,7.8435,1,
23.3,-0.5,1.9000000000000001,36.893,1.922,4,glass,0.1,7.9919,1,
23.3,-0.30000000000000004,-0.30000000000000004,36.177,1.106,12,concrete,0.65,7.1617,1,
23.3,-0.30000000000000004,1.7000000000000002,37.133,1.79,39,glass,0.1,8.2701,0,solar_suspected
23.3,-0.30000000000000004,1.9000000000000001,37.384,2.27,7,glass,0.1,8.5612,0,solar_suspected
23.3,-0.1,-0.30000000000000004,36.344,1.103,59,concrete,0.65,7.3554,1,
23.3,-0.1,1.7000000000000002,37.447,1.915,30,glass,0.1,8.6342,0,solar_suspected
23.3,-0.1,1.9000000000000001,38.251,2.179,4,glass,0.1,9.5664,0,solar_suspected
23.3,0.1,-0.30000000000000004,36.512,1.065,68,concrete,0.65,7.5501,1,
23.3,0.1,1.7000000000000002,37.976,2.127,22,glass,0.1,9.2475,0,solar_suspected
23.3,0.1,1.9000000000000001,38.483,1.803,10,glass,0.1,9.8354,0,solar_suspected
23.3,0.30000000000000004,-0.30000000000000004,36.695,0.82,70,concrete,0.65,7.7623,1,
23.3,0.30000000000000004,1.7000000000000002,37.608,1.724,23,glass,0.1,8.8209,0,solar_suspected
23.3,0.30000000000000004,1.9000000000000001,38.406,1.322,9,glass,0.1,9.7461,0,solar_suspected
23.3,0.5,-0.30000000000000004,36.719,0.826,63,concrete,0.65,7.7901,1,
23.3,0.5,1.7000000000000002,37.919,1.463,19,glass,0.1,9.1814,0,solar_suspected
23.3,0.5,1.9000000000000001,39.084,1.159,8,glass,0.1,10.5322,0,solar_suspected
23.3,0.7000000000000001,-0.30000000000000004,36.34,1.001,33,concrete,0.65,7.3507,1,
23.3,0.7000000000000001,1.7000000000000002,37.502,1.338,9,glass,0.1,8.698,0,solar_suspected
23.3,0.7000000000000001,1.9000000000000001,38.174,1.77,14,glass,0.1,9.4771,0,solar_suspected
23.3,0.9,-0.30000000000000004,36.059,1.709,40,concrete,0.65,7.0249,1,
23.3,0.9,1.7000000000000002,37.864,1.49,10,glass,0.1,9.1177,0,solar_suspected
23.3,0.9,1.9000000000000001,37.994,1.943,16,glass,0.1,9.2684,0,solar_suspected
23.3,1.1,-0.30000000000000004,35.855,1.575,46,concrete,0.65,6.7884,1,
23.3,1.1,1.7000000000000002,37.663,1.341,12,glass,0.1,8.8846,0,solar_suspected
23.3,1.1,1.9000000000000001,38.216,1.558,15,glass,0.1,9.5258,0,solar_suspected
23.3,1.3,-0.30000000000000004,35.776,1.696,73,concrete,0.65,6.6968,1,
23.3,1.3,1.7000000000000002,38.162,1.492,7,glass,0.1,9.4632,0,solar_suspected
23.3,1.3,1.9000000000000001,38.368,1.746,13,glass,0.1,9.702,0,solar_suspected
23.3,1.5,-0.30000000000000004,36.07,1.708,68,concrete,0.65,7.0377,1,
23.3,1.5,1.7000000000000002,37.292,1.018,7,glass,0.1,8.4545,0,solar_suspected
23.3,1.5,1.9000000000000001,39.156,1.744,13,glass,0.1,10.6157,0,solar_suspected
23.3,1.7000000000000002,-0.30000000000000004,36.33,1.451,54,concrete,0.65,7.3391,1,
23.3,1.7000000000000002,1.7000000000000002,36.929,0.524,10,glass,0.1,8.0336,0,solar_suspected
23.3,1.7000000000000002,1.9000000000000001,38.834,1.59,20,glass,0.1,10.2423,0,solar_suspected
23.3,1.9000000000000001,-0.30000000000000004,35.79,1.661,31,concrete,0.65,6.713,1,
23.3,1.9000000000000001,1.7000000000000002,36.41,0.497,10,glass,0.1,7.4319,1,
23.3,1.9000000000000001,1.9000000000000001,38.532,1.679,23,glass,0.1,9.8922,0,solar_suspected
23.3,2.1,-0.30000000000000004,35.583,1.656,51,concrete,0.65,6.473,1,
23.3,2.1,1.7000000000000002,36.702,1.4,10,glass,0.1,7.7704,1,
23.3,2.1,1.9000000000000001,38.313,2.097,26,glass,0.1,9.6383,0,solar_suspected
23.3,2.3000000000000003,-0.30000000000000004,35.29,1.387,113,concrete,0.65,6.1333,1,
23.3,2.3000000000000003,-0.1,34.487,1.111,18,glass,0.1,5.2023,1,
23.3,2.3000000000000003,0.9,36.959,2.091,46,glass,0.1,8.0684,0,solar_suspected
23.3,2.3000000000000003,1.1,37.401,2.026,94,glass,0.1,8.5809,0,solar_suspected
23.3,2.3000000000000003,1.3,37.201,1.922,82,glass,0.1,8.349,0,solar_suspected
23.3,2.3000000000000003,1.5,37.34,2.251,48,glass,0.1,8.5101,0,solar_suspected
23.3,2.3000000000000003,1.7000000000000002,37.452,2.147,32,glass,0.1,8.64,0,solar_suspected
23.3,2.3000000000000003,1.9000000000000001,38.651,2.462,16,glass,0.1,10.0301,0,solar_suspected
23.5,-0.7000000000000001,-0.30000000000000004,35.167,1.131,9,concrete,0.65,5.9907,1,
23.5,-0.5,-0.30000000000000004,35.526,1.248,344,concrete,0.65,6.407,1,
23.5,-0.5,-0.1,34.631,0.196,6,glass,0.1,5.3693,1,
23.5,-0.5,0.1,34.737,0.0,1,glass,0.1,5.4922,1,
23.5,-0.5,0.30000000000000004,34.987,0.104,3,glass,0.1,5.782,1,
23.5,-0.5,0.5,35.126,0.139,2,glass,0.1,5.9432,1,
23.5,-0.5,0.7000000000000001,35.689,0.152,5,glass,0.1,6.5959,1,
23.5,-0.5,0.9,36.699,0.753,16,glass,0.1,7.767,1,
23.5,-0.5,1.1,37.256,1.229,54,glass,0.1,8.4128,0,solar_suspected
23.5,-0.5,1.3,37.973,1.531,13,glass,0.1,9.2441,0,solar_suspected
23.5,-0.5,1.5,39.245,1.164,2,glass,0.1,10.7188,0,solar_suspected
23.5,-0.5,1.7000000000000002,36.722,1.781,75,glass,0.1,7.7936,1,
23.5,-0.5,1.9000000000000001,36.461,1.216,3,glass,0.1,7.491,1,
23.5,-0.30000000000000004,-0.30000000000000004,35.957,1.242,82,concrete,0.65,6.9067,1,
23.5,-0.30000000000000004,1.7000000000000002,36.965,1.893,21,glass,0.1,8.0754,0,solar_suspected
23.5,-0.30000000000000004,1.9000000000000001,37.656,1.903,11,glass,0.1,8.8765,0,solar_suspected
23.5,-0.1,-0.30000000000000004,36.328,0.99,89,concrete,0.65,7.3368,1,
23.5,-0.1,1.7000000000000002,37.465,1.804,32,glass,0.1,8.6551,0,solar_suspected
23.5,-0.1,1.9000000000000001,37.587,1.722,13,glass,0.1,8.7965,0,solar_suspected
23.5,0.1,-0.30000000000000004,36.562,0.903,75,concrete,0.65,7.6081,1,
23.5,0.1,1.7000000000000002,38.326,1.902,32,glass,0.1,9.6533,0,solar_suspected
23.5,0.1,1.9000000000000001,38.456,1.712,17,glass,0.1,9.8041,0,solar_suspected
23.5,0.30000000000000004,-0.30000000000000004,36.776,0.822,75,concrete,0.65,7.8562,1,
23.5,0.30000000000000004,1.7000000000000002,38.167,1.695,34,glass,0.1,9.469,0,solar_suspected
23.5,0.30000000000000004,1.9000000000000001,38.442,1.652,17,glass,0.1,9.7878,0,solar_suspected
23.5,0.5,-0.30000000000000004,36.917,0.857,67,concrete,0.65,8.0197,0,implausible
23.5,0.5,1.7000000000000002,38.232,1.613,26,glass,0.1,9.5443,0,solar_suspected
23.5,0.5,1.9000000000000001,38.982,1.666,22,glass,0.1,10.4139,0,solar_suspected
23.5,0.7000000000000001,-0.30000000000000004,36.643,1.007,69,concrete,0.65,7.702,1,
23.5,0.7000000000000001,1.7000000000000002,38.566,1.691,27,glass,0.1,9.9316,0,solar_suspected
23.5,0.7000000000000001,1.9000000000000001,38.946,1.66,16,glass,0.1,10.3722,0,solar_suspected
23.5,0.9,-0.30000000000000004,36.191,1.404,67,concrete,0.65,7.178,1,
23.5,0.9,1.7000000000000002,38.998,2.005,24,glass,0.1,10.4325,0,solar_suspected
23.5,0.9,1.9000000000000001,38.874,1.626,14,glass,0.1,10.2887,0,solar_suspected
23.5,1.1,-0.30000000000000004,35.901,1.6,69,concrete,0.65,6.8417,1,
23.5,1.1,1.7000000000000002,38.887,1.739,30,glass,0.1,10.3038,0,solar_suspected
23.5,1.1,1.9000000000000001,38.923,1.585,20,glass,0.1,10.3455,0,solar_suspected
23.5,1.3,-0.30000000000000004,36.469,1.362,70,concrete,0.65,7.5003,1,
23.5,1.3,1.7000000000000002,38.573,1.562,32,glass,0.1,9.9397,0,solar_suspected
23.5,1.3,1.9000000000000001,39.019,1.584,19,glass,0.1,10.4568,0,solar_suspected
23.5,1.5,-0.30000000000000004,36.645,1.384,66,concrete,0.65,7.7043,1,
23.5,1.5,1.7000000000000002,39.097,1.33,31,glass,0.1,10.5472,0,solar_suspected
23.5,1.5,1.9000000000000001,38.971,1.505,24,glass,0.1,10.4012,0,solar_suspected
23.5,1.7000000000000002,-0.30000000000000004,36.299,1.446,68,concrete,0.65,7.3032,1,
23.5,1.7000000000000002,1.7000000000000002,38.809,1.074,29,glass,0.1,10.2133,0,solar_suspected
23.5,1.7000000000000002,1.9000000000000001,38.909,1.656,20,glass,0.1,10.3293,0,solar_suspected
23.5,1.9000000000000001,-0.30000000000000004,35.879,1.41,41,concrete,0.65,6.8162,1,
23.5,1.9000000000000001,1.7000000000000002,38.347,1.041,21,glass,0.1,9.6777,0,solar_suspected
23.5,1.9000000000000001,1.9000000000000001,38.497,1.842,25,glass,0.1,9.8516,0,solar_suspected
23.5,2.1,-0.30000000000000004,36.011,1.478,49,concrete,0.65,6.9693,1,
23.5,2.1,1.7000000000000002,38.048,1.238,14,glass,0.1,9.331,0,solar_suspected
23.5,2.1,1.9000000000000001,38.175,1.949,30,glass,0.1,9.4783,0,solar_suspected
23.5,2.3000000000000003,-0.30000000000000004,35.463,1.456,91,glass,0.1,6.3339,1,
23.5,2.3000000000000003,-0.1,34.479,1.133,17,glass,0.1,5.193,1,
23.5,2.3000000000000003,0.1,35.249,1.139,3,glass,0.1,6.0858,1,
23.5,2.3000000000000003,0.30000000000000004,35.38,0.973,5,glass,0.1,6.2377,1,
23.5,2.3000000000000003,0.5,35.337,0.275,5,glass,0.1,6.1878,1,
23.5,2.3000000000000003,0.7000000000000001,37.309,1.565,9,glass,0.1,8.4742,0,solar_suspected
23.5,2.3000000000000003,0.9,37.23,2.114,55,glass,0.1,8.3826,0,solar_suspected
23.5,2.3000000000000003,1.1,37.414,1.95,99,glass,0.1,8.5959,0,solar_suspected
23.5,2.3000000000000003,1.3,37.572,1.955,66,glass,0.1,8.7791,0,solar_suspected
23.5,2.3000000000000003,1.5,37.6,2.002,51,glass,0.1,8.8116,0,solar_suspected
23.5,2.3000000000000003,1.7000000000000002,37.68,1.877,41,glass,0.1,8.9043,0,solar_suspected
23.5,2.3000000000000003,1.9000000000000001,37.772,2.012,16,glass,0.1,9.011,0,solar_suspected
23.700000000000003,-0.5,-0.30000000000000004,35.621,1.208,154,glass,0.1,6.5171,1,
23.700000000000003,-0.5,-0.1,35.032,0.836,38,glass,0.1,5.8342,1,
23.700000000000003,-0.5,0.1,34.892,0.368,23,glass,0.1,5.6719,1,
23.700000000000003,-0.5,0.30000000000000004,35.523,0.559,26,glass,0.1,6.4035,1,
23.700000000000003,-0.5,0.5,36.221,1.06,21,glass,0.1,7.2128,1,
23.700000000000003,-0.5,0.7000000000000001,36.518,0.872,15,glass,0.1,7.5571,1,
23.700000000000003,-0.5,0.9,37.121,1.18,34,glass,0.1,8.2562,0,solar_suspected
23.700000000000003,-0.5,1.1,37.551,1.532,36,glass,0.1,8.7548,0,solar_suspected
23.700000000000003,-0.5,1.3,38.056,1.069,24,glass,0.1,9.3403,0,solar_suspected
23.700000000000003,-0.5,1.5,38.587,1.092,4,glass,0.1,9.9559,0,solar_suspected
23.700000000000003,-0.5,1.7000000000000002,36.572,1.755,68,glass,0.1,7.6197,1,
23.700000000000003,-0.5,1.9000000000000001,39.522,0.401,2,glass,0.1,11.04,0,solar_suspected
23.700000000000003,-0.30000000000000004,-0.30000000000000004,36.006,1.059,142,concrete,0.65,6.9635,1,
23.700000000000003,-0.30000000000000004,1.7000000000000002,37.286,1.99,30,glass,0.1,8.4475,0,solar_suspected
23.700000000000003,-0.30000000000000004,1.9000000000000001,36.728,0.0,1,glass,0.1,7.8006,1,
23.700000000000003,-0.1,-0.30000000000000004,36.216,1.019,78,concrete,0.65,7.207,1,
23.700000000000003,-0.1,1.7000000000000002,37.042,2.092,19,glass,0.1,8.1646,0,solar_suspected
23.700000000000003,-0.1,1.9000000000000001,36.261,0.466,2,glass,0.1,7.2591,1,
23.700000000000003,0.1,-0.30000000000000004,36.283,0.954,84,concrete,0.65,7.2846,1,
23.700000000000003,0.1,1.7000000000000002,37.091,1.96,23,glass,0.1,8.2214,0,solar_suspected
23.700000000000003,0.1,1.9000000000000001,40.25,0.0,1,glass,0.1,11.8841,0,solar_suspected
23.700000000000003,0.30000000000000004,-0.30000000000000004,36.692,0.621,87,concrete,0.65,7.7588,1,
23.700000000000003,0.30000000000000004,1.7000000000000002,37.81,1.585,29,glass,0.1,9.0551,0,solar_suspected
23.700000000000003,0.30000000000000004,1.9000000000000001,40.115,0.0,1,fabric,0.6,11.7275,0,implausible
23.700000000000003,0.5,-0.30000000000000004,36.803,0.635,107,concrete,0.65,7.8875,1,
23.700000000000003,0.5,1.7000000000000002,37.764,1.402,18,glass,0.1,9.0017,0,solar_suspected
23.700000000000003,0.5,1.9000000000000001,38.171,1.575,7,glass,0.1,9.4736,0,solar_suspected
23.700000000000003,0.7000000000000001,-0.30000000000000004,36.829,0.852,82,concrete,0.65,7.9177,1,
23.700000000000003,0.7000000000000001,1.7000000000000002,38.607,1.144,15,glass,0.1,9.9791,0,solar_suspected
23.700000000000003,0.7000000000000001,1.9000000000000001,37.797,1.52,12,glass,0.1,9.04,0,solar_suspected
23.700000000000003,0.9,-0.30000000000000004,36.853,1.044,103,concrete,0.65,7.9455,1,
23.700000000000003,0.9,1.7000000000000002,38.664,1.356,14,glass,0.1,10.0452,0,solar_suspected
23.700000000000003,0.9,1.9000000000000001,37.894,1.53,13,glass,0.1,9.1525,0,solar_suspected
23.700000000000003,1.1,-0.30000000000000004,36.779,1.105,94,concrete,0.65,7.8597,1,
23.700000000000003,1.1,1.7000000000000002,38.013,1.05,20,glass,0.1,9.2904,0,solar_suspected
23.700000000000003,1.1,1.9000000000000001,38.538,1.56,8,glass,0.1,9.8991,0,solar_suspected
23.700000000000003,1.3,-0.30000000000000004,36.869,0.965,111,glass,0.1,7.9641,1,
23.700000000000003,1.3,1.7000000000000002,38.207,1.081,20,glass,0.1,9.5154,0,solar_suspected
23.700000000000003,1.3,1.9000000000000001,39.025,1.446,13,glass,0.1,10.4638,0,solar_suspected
23.700000000000003,1.5,-0.30000000000000004,36.484,1.233,109,concrete,0.65,7.5177,1,
23.700000000000003,1.5,1.7000000000000002,38.026,1.323,19,glass,0.1,9.3055,0,solar_suspected
23.700000000000003,1.5,1.9000000000000001,38.28,1.481,14,glass,0.1,9.6,0,solar_suspected
23.700000000000003,1.7000000000000002,-0.30000000000000004,36.313,1.379,106,concrete,0.65,7.3194,1,
23.700000000000003,1.7000000000000002,0.9,36.674,0.0,1,glass,0.1,7.738,1,
23.700000000000003,1.7000000000000002,1.7000000000000002,37.882,1.252,20,glass,0.1,9.1386,0,solar_suspected
23.700000000000003,1.7000000000000002,1.9000000000000001,38.125,1.217,15,glass,0.1,9.4203,0,solar_suspected
23.700000000000003,1.9000000000000001,-0.30000000000000004,36.303,1.363,64,concrete,0.65,7.3078,1,
23.700000000000003,1.9000000000000001,1.7000000000000002,38.074,1.574,16,glass,0.1,9.3612,0,solar_suspected
23.700000000000003,1.9000000000000001,1.9000000000000001,37.765,1.066,16,glass,0.1,9.0029,0,solar_suspected
23.700000000000003,2.1,-0.30000000000000004,36.585,1.253,45,concrete,0.65,7.6348,1,
23.700000000000003,2.1,1.7000000000000002,37.813,1.47,22,glass,0.1,9.0586,0,solar_suspected
23.700000000000003,2.1,1.9000000000000001,38.088,1.184,12,glass,0.1,9.3774,0,solar_suspected
23.700000000000003,2.3000000000000003,-0.30000000000000004,35.201,1.465,68,glass,0.1,6.0301,1,
23.700000000000003,2.3000000000000003,-0.1,35.442,1.373,45,glass,0.1,6.3096,1,
23.700000000000003,2.3000000000000003,0.1,35.733,1.513,31,glass,0.1,6.647,1,
23.700000000000003,2.3000000000000003,0.30000000000000004,36.185,1.582,25,glass,0.1,7.171,1,
23.700000000000003,2.3000000000000003,0.5,37.176,1.613,29,glass,0.1,8.32,0,solar_suspected
23.700000000000003,2.3000000000000003,0.7000000000000001,37.479,1.626,23,glass,0.1,8.6713,0,solar_suspected
23.700000000000003,2.3000000000000003,0.9,37.414,1.998,44,glass,0.1,8.5959,0,solar_suspected
23.700000000000003,2.3000000000000003,1.1,37.314,1.952,76,glass,0.1,8.48,0,solar_suspected
23.700000000000003,2.3000000000000003,1.3,37.365,1.971,71,glass,0.1,8.5391,0,solar_suspected
23.700000000000003,2.3000000000000003,1.5,37.678,2.144,53,glass,0.1,8.902,0,solar_suspected
23.700000000000003,2.3000000000000003,1.7000000000000002,38.096,2.108,47,glass,0.1,9.3867,0,solar_suspected
23.700000000000003,2.3000000000000003,1.9000000000000001,37.668,1.47,11,glass,0.1,8.8904,0,solar_suspected
23.900000000000002,-0.5,-0.30000000000000004,35.479,1.188,200,glass,0.1,6.3525,1,
23.900000000000002,-0.5,-0.1,35.249,1.044,68,glass,0.1,6.0858,1,
23.900000000000002,-0.5,0.1,36.11,1.347,45,glass,0.1,7.0841,1,
23.900000000000002,-0.5,0.30000000000000004,36.265,1.287,40,glass,0.1,7.2638,1,
23.900000000000002,-0.5,0.5,36.615,1.293,34,glass,0.1,7.6696,1,
23.900000000000002,-0.5,0.7000000000000001,36.941,1.243,37,glass,0.1,8.0475,0,solar_suspected
23.900000000000002,-0.5,0.9,37.323,1.317,45,glass,0.1,8.4904,0,solar_suspected
23.900000000000002,-0.5,1.1,37.224,1.305,59,glass,0.1,8.3757,0,solar_suspected
23.900000000000002,-0.5,1.3,38.305,1.264,35,glass,0.1,9.629,0,solar_suspected
23.900000000000002,-0.5,1.5,39.02,0.993,18,glass,0.1,10.458,0,solar_suspected
23.900000000000002,-0.5,1.7000000000000002,36.675,1.607,140,glass,0.1,7.7391,1,
23.900000000000002,-0.30000000000000004,-0.30000000000000004,35.679,1.178,212,glass,0.1,6.5843,1,
23.900000000000002,-0.30000000000000004,-0.1,35.227,0.668,5,glass,0.1,6.0603,1,
23.900000000000002,-0.30000000000000004,0.5,36.821,0.0,1,glass,0.1,7.9084,1,
23.900000000000002,-0.30000000000000004,0.7000000000000001,37.283,1.45,6,glass,0.1,8.4441,0,solar_suspected
23.900000000000002,-0.30000000000000004,0.9,37.73,2.512,3,glass,0.1,8.9623,0,solar_suspected
23.900000000000002,-0.30000000000000004,1.1,34.111,0.0,1,glass,0.1,4.7664,1,
23.900000000000002,-0.30000000000000004,1.3,38.871,0.273,3,glass,0.1,10.2852,0,solar_suspected
23.900000000000002,-0.30000000000000004,1.7000000000000002,36.461,1.659,45,glass,0.1,7.491,1,
23.900000000000002,-0.30000000000000004,1.9000000000000001,37.739,2.063,5,glass,0.1,8.9728,0,solar_suspected
23.900000000000002,-0.1,-0.30000000000000004,35.975,1.173,223,glass,0.1,6.9275,1,
23.900000000000002,-0.1,-0.1,36.031,0.077,8,glass,0.1,6.9925,1,
23.900000000000002,-0.1,0.5,37.606,0.508,2,glass,0.1,8.8186,0,solar_suspected
23.900000000000002,-0.1,0.7000000000000001,37.92,1.212,20,glass,0.1,9.1826,0,solar_suspected
23.900000000000002,-0.1,0.9,38.128,1.635,13,glass,0.1,9.4238,0,solar_suspected
23.900000000000002,-0.1,1.1,37.832,1.662,14,glass,0.1,9.0806,0,solar_suspected
23.900000000000002,-0.1,1.3,38.527,1.267,15,glass,0.1,9.8864,0,solar_suspected
23.900000000000002,-0.1,1.5,37.013,1.765,11,glass,0.1,8.131,0,solar_suspected
23.900000000000002,-0.1,1.7000000000000002,36.804,1.668,55,glass,0.1,7.8887,1,
23.900000000000002,-0.1,1.9000000000000001,38.985,1.278,5,glass,0.1,10.4174,0,solar_suspected
23.900000000000002,0.1,-0.30000000000000004,36.332,1.02,234,glass,0.1,7.3414,1,
23.900000000000002,0.1,-0.1,36.101,0.295,13,glass,0.1,7.0736,1,
23.900000000000002,0.1,0.1,37.137,0.0,1,glass,0.1,8.2748,0,solar_suspected
23.900000000000002,0.1,0.30000000000000004,37.64,0.176,2,glass,0.1,8.858,0,solar_suspected
23.900000000000002,0.1,0.5,38.336,0.371,2,glass,0.1,9.6649,0,solar_suspected
23.900000000000002,0.1,0.7000000000000001,38.621,0.734,20,glass,0.1,9.9954,0,solar_suspected
23.900000000000002,0.1,0.9,38.196,1.079,16,glass,0.1,9.5026,0,solar_suspected
23.900000000000002,0.1,1.1,38.085,1.515,27,glass,0.1,9.3739,0,solar_suspected
23.900000000000002,0.1,1.3,38.608,1.362,23,glass,0.1,9.9803,0,solar_suspected
23.900000000000002,0.1,1.5,38.424,1.438,11,glass,0.1,9.767,0,solar_suspected
23.900000000000002,0.1,1.7000000000000002,37.297,1.622,52,glass,0.1,8.4603,0,solar_suspected
23.900000000000002,0.1,1.9000000000000001,39.748,0.124,5,glass,0.1,11.302,0,solar_suspected
23.900000000000002,0.30000000000000004,-0.30000000000000004,36.617,0.826,245,glass,0.1,7.6719,1,
23.900000000000002,0.30000000000000004,-0.1,36.35,0.471,31,glass,0.1,7.3623,1,
23.900000000000002,0.30000000000000004,0.1,37.403,0.9,9,glass,0.1,8.5832,0,solar_suspected
23.900000000000002,0.30000000000000004,0.30000000000000004,37.585,1.134,10,glass,0.1,8.7942,0,solar_suspected
23.900000000000002,0.30000000000000004,0.5,38.368,0.907,25,glass,0.1,9.702,0,solar_suspected
23.900000000000002,0.30000000000000004,0.7000000000000001,38.479,1.432,87,glass,0.1,9.8307,0,solar_suspected
23.900000000000002,0.30000000000000004,0.9,39.42,0.229,12,glass,0.1,10.9217,0,solar_suspected
23.900000000000002,0.30000000000000004,1.1,39.101,0.705,25,plastic,0.6,10.5519,0,implausible
23.900000000000002,0.30000000000000004,1.3,38.881,1.284,17,glass,0.1,10.2968,0,solar_suspected
23.900000000000002,0.30000000000000004,1.5,38.198,1.188,4,glass,0.1,9.5049,0,solar_suspected
23.900000000000002,0.30000000000000004,1.7000000000000002,37.662,1.707,63,glass,0.1,8.8835,0,solar_suspected
23.900000000000002,0.30000000000000004,1.9000000000000001,38.442,1.819,4,glass,0.1,9.7878,0,solar_suspected
23.900000000000002,0.5,-0.30000000000000004,36.728,0.727,329,glass,0.1,7.8006,1,
23.900000000000002,0.5,-0.1,36.64,0.568,42,glass,0.1,7.6986,1,
23.900000000000002,0.5,0.1,37.376,0.292,5,glass,0.1,8.5519,0,solar_suspected
23.900000000000002,0.5,0.5,37.463,1.462,51,glass,0.1,8.6528,0,solar_suspected
23.900000000000002,0.5,0.7000000000000001,38.069,1.663,166,glass,0.1,9.3554,0,solar_suspected
23.900000000000002,0.5,0.9,39.226,0.459,8,glass,0.1,10.6968,0,solar_suspected
23.900000000000002,0.5,1.1,38.968,0.159,6,glass,0.1,10.3977,0,solar_suspected
23.900000000000002,0.5,1.3,37.969,1.212,4,glass,0.1,9.2394,0,solar_suspected
23.900000000000002,0.5,1.5,38.961,1.488,5,glass,0.1,10.3896,0,solar_suspected
23.900000000000002,0.5,1.7000000000000002,37.606,1.413,59,glass,0.1,8.8186,0,solar_suspected
23.900000000000002,0.5,1.9000000000000001,39.068,1.236,11,glass,0.1,10.5136,0,solar_suspected
23.900000000000002,0.7000000000000001,-0.30000000000000004,36.652,0.878,488,glass,0.1,7.7125,1,
23.900000000000002,0.7000000000000001,-0.1,36.613,0.458,51,glass,0.1,7.6672,1,
23.900000000000002,0.7000000000000001,0.1,37.401,0.365,14,glass,0.1,8.5809,0,solar_suspected
23.900000000000002,0.7000000000000001,0.30000000000000004,37.979,0.0,2,glass,0.1,9.251,0,solar_suspected
23.900000000000002,0.7000000000000001,0.5,37.991,1.382,55,glass,0.1,9.2649,0,solar_suspected
23.900000000000002,0.7000000000000001,0.7000000000000001,37.941,1.711,170,glass,0.1,9.207,0,solar_suspected
23.900000000000002,0.7000000000000001,0.9,39.148,0.185,12,glass,0.1,10.6064,0,solar_suspected
23.900000000000002,0.7000000000000001,1.1,38.941,0.792,4,glass,0.1,10.3664,0,solar_suspected
23.900000000000002,0.7000000000000001,1.3,38.174,0.727,7,glass,0.1,9.4771,0,solar_suspected
23.900000000000002,0.7000000000000001,1.5,38.724,1.245,11,glass,0.1,10.1148,0,solar_suspected
23.900000000000002,0.7000000000000001,1.7000000000000002,37.76,1.516,56,glass,0.1,8.9971,0,solar_suspected
23.900000000000002,0.7000000000000001,1.9000000000000001,38.607,1.454,12,glass,0.1,9.9791,0,solar_suspected
23.900000000000002,0.9,-0.30000000000000004,36.579,1.18,562,glass,0.1,7.6278,1,
23.900000000000002,0.9,-0.1,36.917,1.156,278,glass,0.1,8.0197,0,solar_suspected
23.900000000000002,0.9,0.1,37.228,1.64,175,glass,0.1,8.3803,0,solar_suspected
23.900000000000002,0.9,0.30000000000000004,37.545,1.438,95,glass,0.1,8.7478,0,solar_suspected
23.900000000000002,0.9,0.5,38.223,1.233,78,glass,0.1,9.5339,0,solar_suspected
23.900000000000002,0.9,0.7000000000000001,38.604,1.468,108,glass,0.1,9.9757,0,solar_suspected
23.900000000000002,0.9,0.9,38.909,1.101,40,glass,0.1,10.3293,0,solar_suspected
23.900000000000002,0.9,1.1,39.174,1.264,59,glass,0.1,10.6365,0,solar_suspected
23.900000000000002,0.9,1.3,39.242,1.172,31,glass,0.1,10.7154,0,solar_suspected
23.900000000000002,0.9,1.5,39.082,1.263,27,glass,0.1,10.5299,0,solar_suspected
23.900000000000002,0.9,1.7000000000000002,38.128,1.797,105,glass,0.1,9.4238,0,solar_suspected
23.900000000000002,0.9,1.9000000000000001,38.732,1.31,8,glass,0.1,10.1241,0,solar_suspected
23.900000000000002,1.1,-0.30000000000000004,36.412,1.334,560,glass,0.1,7.4342,1,
23.900000000000002,1.1,-0.1,36.798,0.727,86,glass,0.1,7.8817,1,
23.900000000000002,1.1,0.1,37.574,0.181,15,glass,0.1,8.7814,0,solar_suspected
23.900000000000002,1.1,0.30000000000000004,37.658,0.333,6,glass,0.1,8.8788,0,solar_suspected
23.900000000000002,1.1,0.5,37.906,1.549,72,glass,0.1,9.1664,0,solar_suspected
23.900000000000002,1.1,0.7000000000000001,37.948,1.861,165,glass,0.1,9.2151,0,solar_suspected
23.900000000000002,1.1,0.9,38.989,0.678,20,glass,0.1,10.422,0,solar_suspected
23.900000000000002,1.1,1.1,39.017,0.77,15,glass,0.1,10.4545,0,solar_suspected
23.900000000000002,1.1,1.3,38.659,1.709,23,glass,0.1,10.0394,0,solar_suspected
23.900000000000002,1.1,1.5,38.579,1.564,43,glass,0.1,9.9467,0,solar_suspected
23.900000000000002,1.1,1.7000000000000002,38.101,1.666,63,glass,0.1,9.3925,0,solar_suspected
23.900000000000002,1.1,1.9000000000000001,39.035,1.606,9,glass,0.1,10.4754,0,solar_suspected
23.900000000000002,1.3,-0.30000000000000004,36.363,1.35,533,glass,0.1,7.3774,1,
23.900000000000002,1.3,-0.1,36.731,0.71,83,glass,0.1,7.8041,1,
23.900000000000002,1.3,0.1,37.301,0.208,15,glass,0.1,8.4649,0,solar_suspected
23.900000000000002,1.3,0.30000000000000004,37.809,0.076,7,glass,0.1,9.0539,0,solar_suspected
23.900000000000002,1.3,0.5,38.049,1.414,80,glass,0.1,9.3322,0,solar_suspected
23.900000000000002,1.3,0.7000000000000001,37.719,2.033,191,glass,0.1,8.9496,0,solar_suspected
23.900000000000002,1.3,0.9,39.022,0.26,26,glass,0.1,10.4603,0,solar_suspected
23.900000000000002,1.3,1.1,38.962,0.295,13,concrete,0.65,10.3907,0,implausible
23.900000000000002,1.3,1.3,39.459,1.186,17,glass,0.1,10.967,0,solar_suspected
23.900000000000002,1.3,1.5,38.051,1.839,28,glass,0.1,9.3345,0,solar_suspected
23.900000000000002,1.3,1.7000000000000002,38.193,1.592,92,glass,0.1,9.4991,0,solar_suspected
23.900000000000002,1.3,1.9000000000000001,40.274,0.0,1,glass,0.1,11.9119,0,solar_suspected
23.900000000000002,1.5,-0.30000000000000004,36.265,1.345,498,glass,0.1,7.2638,1,
23.900000000000002,1.5,-0.1,36.735,1.234,208,glass,0.1,7.8087,1,
23.900000000000002,1.5,0.1,37.07,1.646,112,glass,0.1,8.1971,0,solar_suspected
23.900000000000002,1.5,0.30000000000000004,37.295,1.501,78,glass,0.1,8.458,0,solar_suspected
23.900000000000002,1.5,0.5,37.89,1.459,115,glass,0.1,9.1478,0,solar_suspected
23.900000000000002,1.5,0.7000000000000001,37.584,1.959,211,glass,0.1,8.793,0,solar_suspected
23.900000000000002,1.5,0.9,38.725,1.496,88,glass,0.1,10.1159,0,solar_suspected
23.900000000000002,1.5,1.1,38.759,1.279,82,glass,0.1,10.1554,0,solar_suspected
23.900000000000002,1.5,1.3,38.335,1.69,69,glass,0.1,9.6638,0,solar_suspected
23.900000000000002,1.5,1.5,38.077,2.131,40,glass,0.1,9.3646,0,solar_suspected
23.900000000000002,1.5,1.7000000000000002,38.534,1.61,147,glass,0.1,9.8945,0,solar_suspected
23.900000000000002,1.5,1.9000000000000001,38.614,1.199,3,glass,0.1,9.9872,0,solar_suspected
23.900000000000002,1.7000000000000002,-0.30000000000000004,36.204,1.285,478,glass,0.1,7.193,1,
23.900000000000002,1.7000000000000002,-0.1,36.448,1.396,310,glass,0.1,7.4759,1,
23.900000000000002,1.7000000000000002,0.1,36.478,1.722,199,glass,0.1,7.5107,1,
23.900000000000002,1.7000000000000002,0.30000000000000004,36.781,1.772,178,glass,0.1,7.862,1,
23.900000000000002,1.7000000000000002,0.5,37.428,1.652,166,glass,0.1,8.6122,0,solar_suspected
23.900000000000002,1.7000000000000002,0.7000000000000001,37.779,1.851,175,glass,0.1,9.0191,0,solar_suspected
23.900000000000002,1.7000000000000002,0.9,38.05,1.752,162,glass,0.1,9.3333,0,solar_suspected
23.900000000000002,1.7000000000000002,1.1,38.434,1.656,143,glass,0.1,9.7786,0,solar_suspected
23.900000000000002,1.7000000000000002,1.3,38.549,1.741,107,glass,0.1,9.9119,0,solar_suspected
23.900000000000002,1.7000000000000002,1.5,38.073,1.848,103,glass,0.1,9.36,0,solar_suspected
23.900000000000002,1.7000000000000002,1.7000000000000002,38.311,1.624,123,glass,0.1,9.6359,0,solar_suspected
23.900000000000002,1.7000000000000002,1.9000000000000001,39.397,0.929,7,glass,0.1,10.8951,0,solar_suspected
23.900000000000002,1.9000000000000001,-0.30000000000000004,35.842,1.431,524,glass,0.1,6.7733,1,
23.900000000000002,1.9000000000000001,-0.1,36.038,1.488,215,glass,0.1,7.0006,1,
23.900000000000002,1.9000000000000001,0.1,35.464,1.78,81,glass,0.1,6.3351,1,
23.900000000000002,1.9000000000000001,0.30000000000000004,35.988,1.853,109,glass,0.1,6.9426,1,
23.900000000000002,1.9000000000000001,0.5,37.001,1.888,176,glass,0.1,8.1171,0,solar_suspected
23.900000000000002,1.9000000000000001,0.7000000000000001,37.41,1.905,240,glass,0.1,8.5913,0,solar_suspected
23.900000000000002,1.9000000000000001,0.9,37.13,1.752,110,glass,0.1,8.2667,0,solar_suspected
23.900000000000002,1.9000000000000001,1.1,37.165,1.145,27,glass,0.1,8.3072,0,solar_suspected
23.900000000000002,1.9000000000000001,1.3,37.72,1.524,38,glass,0.1,8.9507,0,solar_suspected
23.900000000000002,1.9000000000000001,1.5,37.824,1.639,109,glass,0.1,9.0713,0,solar_suspected
23.900000000000002,1.9000000000000001,1.7000000000000002,38.095,1.4,153,glass,0.1,9.3855,0,solar_suspected
23.900000000000002,1.9000000000000001,1.9000000000000001,39.105,1.364,13,glass,0.1,10.5565,0,solar_suspected
23.900000000000002,2.1,-0.30000000000000004,35.549,1.533,548,glass,0.1,6.4336,1,
23.900000000000002,2.1,-0.1,35.605,1.581,236,glass,0.1,6.4986,1,
23.900000000000002,2.1,0.1,35.383,1.757,85,glass,0.1,6.2412,1,
23.900000000000002,2.1,0.30000000000000004,35.352,1.794,97,glass,0.1,6.2052,1,
23.900000000000002,2.1,0.5,36.244,2.01,182,glass,0.1,7.2394,1,
23.900000000000002,2.1,0.7000000000000001,37.084,2.086,278,glass,0.1,8.2133,0,solar_suspected
23.900000000000002,2.1,0.9,37.344,1.931,140,glass,0.1,8.5148,0,solar_suspected
23.900000000000002,2.1,1.1,37.323,1.799,112,glass,0.1,8.4904,0,solar_suspected
23.900000000000002,2.1,1.3,37.787,2.19,138,glass,0.1,9.0284,0,solar_suspected
23.900000000000002,2.1,1.5,37.753,1.748,109,glass,0.1,8.989,0,solar_suspected
23.900000000000002,2.1,1.7000000000000002,37.968,1.518,153,glass,0.1,9.2383,0,solar_suspected
23.900000000000002,2.1,1.9000000000000001,38.946,1.53,22,glass,0.1,10.3722,0,solar_suspected
23.900000000000002,2.3000000000000003,-0.30000000000000004,35.311,1.53,469,glass,0.1,6.1577,1,
23.900000000000002,2.3000000000000003,-0.1,35.397,1.611,427,glass,0.1,6.2574,1,
23.900000000000002,2.3000000000000003,0.1,35.797,1.834,309,glass,0.1,6.7212,1,
23.900000000000002,2.3000000000000003,0.30000000000000004,36.086,1.947,269,glass,0.1,7.0562,1,
23.900000000000002,2.3000000000000003,0.5,36.438,1.987,249,glass,0.1,7.4643,1,
23.900000000000002,2.3000000000000003,0.7000000000000001,37.023,2.099,225,glass,0.1,8.1426,0,solar_suspected
23.900000000000002,2.3000000000000003,0.9,37.188,2.196,287,glass,0.1,8.3339,0,solar_suspected
23.900000000000002,2.3000000000000003,1.1,37.262,2.104,375,glass,0.1,8.4197,0,solar_suspected
23.900000000000002,2.3000000000000003,1.3,37.412,2.128,329,glass,0.1,8.5936,0,solar_suspected
23.900000000000002,2.3000000000000003,1.5,37.706,2.112,225,glass,0.1,8.9345,0,solar_suspected
23.900000000000002,2.3000000000000003,1.7000000000000002,37.68,2.032,224,glass,0.1,8.9043,0,solar_suspected
23.900000000000002,2.3000000000000003,1.9000000000000001,38.393,2.451,9,glass,0.1,9.731,0,solar_suspected
24.1,-0.5,-0.30000000000000004,35.437,1.196,249,glass,0.1,6.3038,1,
24.1,-0.5,-0.1,35.648,1.297,329,glass,0.1,6.5484,1,
24.1,-0.5,0.1,36.381,1.54,294,glass,0.1,7.3983,1,
24.1,-0.5,0.30000000000000004,36.596,1.564,262,glass,0.1,7.6475,1,
24.1,-0.5,0.5,36.967,1.629,236,glass,0.1,8.0777,0,solar_suspected
24.1,-0.5,0.7000000000000001,37.386,1.656,209,glass,0.1,8.5635,0,solar_suspected
24.1,-0.5,0.9,37.46,1.643,226,glass,0.1,8.6493,0,solar_suspected
24.1,-0.5,1.1,37.614,1.655,284,glass,0.1,8.8278,0,solar_suspected
24.1,-0.5,1.3,38.066,1.712,254,glass,0.1,9.3519,0,solar_suspected
24.1,-0.5,1.5,38.12,1.798,163,glass,0.1,9.4145,0,solar_suspected
24.1,-0.5,1.7000000000000002,36.978,1.735,83,glass,0.1,8.0904,0,solar_suspected
24.1,-0.30000000000000004,-0.30000000000000004,35.67,1.175,458,glass,0.1,6.5739,1,
24.1,-0.30000000000000004,-0.1,35.808,1.197,838,glass,0.1,6.7339,1,
24.1,-0.30000000000000004,0.1,36.314,1.52,698,glass,0.1,7.3206,1,
24.1,-0.30000000000000004,0.30000000000000004,36.476,1.621,610,glass,0.1,7.5084,1,
24.1,-0.30000000000000004,0.5,36.839,1.702,580,glass,0.1,7.9293,1,
24.1,-0.30000000000000004,0.7000000000000001,37.055,1.84,483,glass,0.1,8.1797,0,solar_suspected
24.1,-0.30000000000000004,0.9,37.454,1.758,454,glass,0.1,8.6423,0,solar_suspected
24.1,-0.30000000000000004,1.1,37.694,1.754,553,glass,0.1,8.9206,0,solar_suspected
24.1,-0.30000000000000004,1.3,37.919,1.771,515,glass,0.1,9.1814,0,solar_suspected
24.1,-0.30000000000000004,1.5,37.634,1.884,366,glass,0.1,8.851,0,solar_suspected
24.1,-0.30000000000000004,1.7000000000000002,36.994,1.699,285,glass,0.1,8.109,0,solar_suspected
24.1,-0.30000000000000004,1.9000000000000001,37.374,1.054,5,glass,0.1,8.5496,0,solar_suspected
24.1,-0.1,-0.30000000000000004,35.965,1.137,469,glass,0.1,6.9159,1,
24.1,-0.1,-0.1,36.001,1.191,846,glass,0.1,6.9577,1,
24.1,-0.1,0.1,36.486,1.555,728,glass,0.1,7.52,1,
24.1,-0.1,0.30000000000000004,36.712,1.643,649,glass,0.1,7.782,1,
24.1,-0.1,0.5,37.068,1.707,567,glass,0.1,8.1948,0,solar_suspected
24.1,-0.1,0.7000000000000001,37.292,1.864,513,glass,0.1,8.4545,0,solar_suspected
24.1,-0.1,0.9,37.776,1.784,475,glass,0.1,9.0157,0,solar_suspected
24.1,-0.1,1.1,38.062,1.7,620,glass,0.1,9.3472,0,solar_suspected
24.1,-0.1,1.3,38.168,1.841,541,glass,0.1,9.4701,0,solar_suspected
24.1,-0.1,1.5,38.101,1.898,417,glass,0.1,9.3925,0,solar_suspected
24.1,-0.1,1.7000000000000002,37.332,1.78,271,glass,0.1,8.5009,0,solar_suspected
24.1,0.1,-0.30000000000000004,36.185,1.049,461,glass,0.1,7.171,1,
24.1,0.1,-0.1,36.261,1.103,850,glass,0.1,7.2591,1,
24.1,0.1,0.1,36.729,1.481,717,glass,0.1,7.8017,1,
24.1,0.1,0.30000000000000004,36.903,1.618,636,glass,0.1,8.0035,0,solar_suspected
24.1,0.1,0.5,37.383,1.613,576,glass,0.1,8.56,0,solar_suspected
24.1,0.1,0.7000000000000001,37.685,1.673,513,glass,0.1,8.9101,0,solar_suspected
24.1,0.1,0.9,38.126,1.682,538,glass,0.1,9.4214,0,solar_suspected
24.1,0.1,1.1,38.331,1.553,600,glass,0.1,9.6591,0,solar_suspected
24.1,0.1,1.3,38.519,1.667,527,glass,0.1,9.8771,0,solar_suspected
24.1,0.1,1.5,38.355,1.678,413,glass,0.1,9.687,0,solar_suspected
24.1,0.1,1.7000000000000002,37.845,1.833,296,glass,0.1,9.0957,0,solar_suspected
24.1,0.30000000000000004,-0.30000000000000004,36.39,0.959,433,glass,0.1,7.4087,1,
24.1,0.30000000000000004,-0.1,36.487,1.012,841,glass,0.1,7.5212,1,
24.1,0.30000000000000004,0.1,37.02,1.418,723,glass,0.1,8.1391,0,solar_suspected
24.1,0.30000000000000004,0.30000000000000004,37.206,1.552,626,glass,0.1,8.3548,0,solar_suspected
24.1,0.30000000000000004,0.5,37.607,1.558,582,glass,0.1,8.8197,0,solar_suspected
24.1,0.30000000000000004,0.7000000000000001,37.879,1.641,444,glass,0.1,9.1351,0,solar_suspected
24.1,0.30000000000000004,0.9,38.44,1.628,531,glass,0.1,9.7855,0,solar_suspected
24.1,0.30000000000000004,1.1,38.628,1.491,619,glass,0.1,10.0035,0,solar_suspected
24.1,0.30000000000000004,1.3,38.668,1.704,561,glass,0.1,10.0499,0,solar_suspected
24.1,0.30000000000000004,1.5,38.512,1.648,434,glass,0.1,9.869,0,solar_suspected
24.1,0.30000000000000004,1.7000000000000002,38.042,1.671,308,glass,0.1,9.3241,0,solar_suspected
24.1,0.5,-0.30000000000000004,36.385,0.999,332,glass,0.1,7.4029,1,
24.1,0.5,-0.1,36.563,1.028,826,glass,0.1,7.6093,1,
24.1,0.5,0.1,37.097,1.454,740,glass,0.1,8.2284,0,solar_suspected
24.1,0.5,0.30000000000000004,37.273,1.517,627,glass,0.1,8.4325,0,solar_suspected
24.1,0.5,0.5,37.741,1.52,539,glass,0.1,8.9751,0,solar_suspected
24.1,0.5,0.7000000000000001,38.037,1.555,378,glass,0.1,9.3183,0,solar_suspected
24.1,0.5,0.9,38.417,1.645,546,glass,0.1,9.7588,0,solar_suspected
24.1,0.5,1.1,38.695,1.46,628,glass,0.1,10.0812,0,solar_suspected
24.1,0.5,1.3,38.768,1.662,547,glass,0.1,10.1658,0,solar_suspected
24.1,0.5,1.5,38.641,1.578,419,glass,0.1,10.0186,0,solar_suspected
24.1,0.5,1.7000000000000002,38.114,1.697,320,glass,0.1,9.4075,0,solar_suspected
24.1,0.7000000000000001,-0.30000000000000004,36.42,1.027,241,glass,0.1,7.4435,1,
24.1,0.7000000000000001,-0.1,36.585,1.125,824,glass,0.1,7.6348,1,
24.1,0.7000000000000001,0.1,37.043,1.484,702,glass,0.1,8.1658,0,solar_suspected
24.1,0.7000000000000001,0.30000000000000004,37.234,1.523,646,glass,0.1,8.3872,0,solar_suspected
24.1,0.7000000000000001,0.5,37.665,1.533,533,glass,0.1,8.887,0,solar_suspected
24.1,0.7000000000000001,0.7000000000000001,38.236,1.484,366,glass,0.1,9.549,0,solar_suspected
24.1,0.7000000000000001,0.9,38.484,1.578,528,glass,0.1,9.8365,0,solar_suspected
24.1,0.7000000000000001,1.1,38.723,1.456,640,glass,0.1,10.1136,0,solar_suspected
24.1,0.7000000000000001,1.3,38.771,1.704,556,glass,0.1,10.1693,0,solar_suspected
24.1,0.7000000000000001,1.5,38.606,1.594,410,glass,0.1,9.978,0,solar_suspected
24.1,0.7000000000000001,1.7000000000000002,38.056,1.735,300,glass,0.1,9.3403,0,solar_suspected
24.1,0.9,-0.30000000000000004,36.344,1.094,146,glass,0.1,7.3554,1,
24.1,0.9,-0.1,36.472,1.239,601,glass,0.1,7.5038,1,
24.1,0.9,0.1,37.012,1.651,547,glass,0.1,8.1299,0,solar_suspected
24.1,0.9,0.30000000000000004,37.155,1.724,545,glass,0.1,8.2957,0,solar_suspected
24.1,0.9,0.5,37.656,1.659,511,glass,0.1,8.8765,0,solar_suspected
24.1,0.9,0.7000000000000001,37.853,1.76,439,glass,0.1,9.1049,0,solar_suspected
24.1,0.9,0.9,38.561,1.618,503,glass,0.1,9.9258,0,solar_suspected
24.1,0.9,1.1,38.769,1.487,611,glass,0.1,10.167,0,solar_suspected
24.1,0.9,1.3,38.75,1.71,524,glass,0.1,10.1449,0,solar_suspected
24.1,0.9,1.5,38.627,1.562,399,glass,0.1,10.0023,0,solar_suspected
24.1,0.9,1.7000000000000002,38.515,1.952,253,glass,0.1,9.8725,0,solar_suspected
24.1,1.1,-0.30000000000000004,36.238,1.048,141,glass,0.1,7.2325,1,
24.1,1.1,-0.1,36.568,1.85,800,glass,0.1,7.6151,1,
24.1,1.1,0.1,36.973,1.872,692,glass,0.1,8.0846,0,solar_suspected
24.1,1.1,0.30000000000000004,37.053,1.791,653,glass,0.1,8.1774,0,solar_suspected
24.1,1.1,0.5,37.637,1.76,514,glass,0.1,8.8545,0,solar_suspected
24.1,1.1,0.7000000000000001,37.906,1.791,364,glass,0.1,9.1664,0,solar_suspected
24.1,1.1,0.9,38.34,1.751,528,glass,0.1,9.6696,0,solar_suspected
24.1,1.1,1.1,38.693,1.652,629,glass,0.1,10.0788,0,solar_suspected
24.1,1.1,1.3,38.67,1.751,544,glass,0.1,10.0522,0,solar_suspected
24.1,1.1,1.5,38.504,1.711,387,glass,0.1,9.8597,0,solar_suspected
24.1,1.1,1.7000000000000002,38.275,1.882,304,glass,0.1,9.5942,0,solar_suspected
24.1,1.3,-0.30000000000000004,36.049,0.945,130,glass,0.1,7.0133,1,
24.1,1.3,-0.1,36.435,1.677,775,glass,0.1,7.4609,1,
24.1,1.3,0.1,36.895,2.09,704,glass,0.1,7.9942,1,
24.1,1.3,0.30000000000000004,36.985,1.858,641,glass,0.1,8.0986,0,solar_suspected
24.1,1.3,0.5,37.476,1.73,521,glass,0.1,8.6678,0,solar_suspected
24.1,1.3,0.7000000000000001,37.832,1.788,329,glass,0.1,9.0806,0,solar_suspected
24.1,1.3,0.9,38.315,1.845,529,glass,0.1,9.6406,0,solar_suspected
24.1,1.3,1.1,38.628,1.667,635,glass,0.1,10.0035,0,solar_suspected
24.1,1.3,1.3,38.595,1.837,560,glass,0.1,9.9652,0,solar_suspected
24.1,1.3,1.5,38.47,1.809,393,glass,0.1,9.8203,0,solar_suspected
24.1,1.3,1.7000000000000002,38.216,1.837,235,glass,0.1,9.5258,0,solar_suspected
24.1,1.3,1.9000000000000001,40.52,0.0,1,glass,0.1,12.1971,0,solar_suspected
24.1,1.5,-0.30000000000000004,35.891,1.309,130,glass,0.1,6.8301,1,
24.1,1.5,-0.1,36.317,1.547,657,glass,0.1,7.3241,1,
24.1,1.5,0.1,36.769,1.904,611,glass,0.1,7.8481,1,
24.1,1.5,0.30000000000000004,36.821,1.911,580,glass,0.1,7.9084,1,
24.1,1.5,0.5,37.47,1.811,486,glass,0.1,8.6609,0,solar_suspected
24.1,1.5,0.7000000000000001,37.806,1.738,309,glass,0.1,9.0504,0,solar_suspected
24.1,1.5,0.9,38.151,1.801,476,glass,0.1,9.4504,0,solar_suspected
24.1,1.5,1.1,38.535,1.7,561,glass,0.1,9.8957,0,solar_suspected
24.1,1.5,1.3,38.529,2.028,515,glass,0.1,9.8887,0,solar_suspected
24.1,1.5,1.5,38.399,1.78,392,glass,0.1,9.738,0,solar_suspected
24.1,1.5,1.7000000000000002,38.212,1.836,250,glass,0.1,9.5212,0,solar_suspected
24.1,1.5,1.9000000000000001,41.236,0.0,1,glass,0.1,13.0272,0,solar_suspected
24.1,1.7000000000000002,-0.30000000000000004,35.473,1.34,117,glass,0.1,6.3455,1,
24.1,1.7000000000000002,-0.1,36.295,1.42,539,glass,0.1,7.2986,1,
24.1,1.7000000000000002,0.1,36.505,1.775,503,glass,0.1,7.542,1,
24.1,1.7000000000000002,0.30000000000000004,36.591,1.807,453,glass,0.1,7.6417,1,
24.1,1.7000000000000002,0.5,37.358,1.843,424,glass,0.1,8.531,0,solar_suspected
24.1,1.7000000000000002,0.7000000000000001,37.501,1.778,335,glass,0.1,8.6968,0,solar_suspected
24.1,1.7000000000000002,0.9,38.21,1.814,369,glass,0.1,9.5188,0,solar_suspected
24.1,1.7000000000000002,1.1,38.378,1.705,486,glass,0.1,9.7136,0,solar_suspected
24.1,1.7000000000000002,1.3,38.358,1.874,446,glass,0.1,9.6904,0,solar_suspected
24.1,1.7000000000000002,1.5,38.411,1.792,278,glass,0.1,9.7519,0,solar_suspected
24.1,1.7000000000000002,1.7000000000000002,38.248,1.641,213,glass,0.1,9.5629,0,solar_suspected
24.1,1.7000000000000002,1.9000000000000001,40.573,0.053,2,glass,0.1,12.2586,0,solar_suspected
24.1,1.9000000000000001,-0.30000000000000004,35.642,1.315,64,glass,0.1,6.5414,1,
24.1,1.9000000000000001,-0.1,36.037,1.473,646,glass,0.1,6.9994,1,
24.1,1.9000000000000001,0.1,36.233,1.73,623,glass,0.1,7.2267,1,
24.1,1.9000000000000001,0.30000000000000004,36.411,1.998,547,glass,0.1,7.433,1,
24.1,1.9000000000000001,0.5,36.927,1.84,398,glass,0.1,8.0313,0,solar_suspected
24.1,1.9000000000000001,0.7000000000000001,37.157,1.846,267,glass,0.1,8.298,0,solar_suspected
24.1,1.9000000000000001,0.9,37.938,1.921,441,glass,0.1,9.2035,0,solar_suspected
24.1,1.9000000000000001,1.1,38.227,1.783,587,glass,0.1,9.5386,0,solar_suspected
24.1,1.9000000000000001,1.3,38.226,1.812,543,glass,0.1,9.5374,0,solar_suspected
24.1,1.9000000000000001,1.5,38.204,1.894,295,glass,0.1,9.5119,0,solar_suspected
24.1,1.9000000000000001,1.7000000000000002,37.773,1.567,168,glass,0.1,9.0122,0,solar_suspected
24.1,1.9000000000000001,1.9000000000000001,40.334,0.0,1,plastic,0.6,11.9814,0,implausible
24.1,2.1,-0.30000000000000004,35.101,1.33,40,glass,0.1,5.9142,1,
24.1,2.1,-0.1,35.675,1.571,601,glass,0.1,6.5797,1,
24.1,2.1,0.1,35.886,1.915,620,glass,0.1,6.8243,1,
24.1,2.1,0.30000000000000004,36.183,2.191,524,glass,0.1,7.1687,1,
24.1,2.1,0.5,36.588,2.088,369,glass,0.1,7.6383,1,
24.1,2.1,0.7000000000000001,36.528,1.99,230,glass,0.1,7.5687,1,
24.1,2.1,0.9,37.354,2.072,364,glass,0.1,8.5264,0,solar_suspected
24.1,2.1,1.1,37.845,1.971,458,glass,0.1,9.0957,0,solar_suspected
24.1,2.1,1.3,37.821,1.903,381,glass,0.1,9.0678,0,solar_suspected
24.1,2.1,1.5,38.128,1.862,273,glass,0.1,9.4238,0,solar_suspected
24.1,2.1,1.7000000000000002,37.649,1.518,157,glass,0.1,8.8684,0,solar_suspected
24.1,2.3000000000000003,-0.30000000000000004,34.309,1.211,17,glass,0.1,4.9959,1,
24.1,2.3000000000000003,-0.1,35.332,1.549,151,glass,0.1,6.182,1,
24.1,2.3000000000000003,0.1,35.57,1.951,115,glass,0.1,6.458,1,
24.1,2.3000000000000003,0.30000000000000004,35.664,1.99,105,glass,0.1,6.567,1,
24.1,2.3000000000000003,0.5,36.373,2.672,72,glass,0.1,7.389,1,
24.1,2.3000000000000003,0.7000000000000001,35.895,2.026,75,glass,0.1,6.8348,1,
24.1,2.3000000000000003,0.9,36.55,2.274,119,glass,0.1,7.5942,1,
24.1,2.3000000000000003,1.1,37.155,2.257,126,glass,0.1,8.2957,0,solar_suspected
24.1,2.3000000000000003,1.3,37.499,2.21,134,glass,0.1,8.6945,0,solar_suspected
24.1,2.3000000000000003,1.5,37.52,1.856,105,glass,0.1,8.7188,0,solar_suspected
24.1,2.3000000000000003,1.7000000000000002,37.437,1.839,89,glass,0.1,8.6226,0,solar_suspected
24.3,-0.5,0.7000000000000001,37.322,1.965,3,glass,0.1,8.4893,0,solar_suspected
24.3,-0.5,0.9,37.103,0.727,3,glass,0.1,8.2354,0,solar_suspected
24.3,-0.5,1.1,38.343,1.926,3,glass,0.1,9.673,0,solar_suspected
24.3,-0.5,1.3,38.477,1.337,3,glass,0.1,9.8284,0,solar_suspected
24.3,-0.5,1.5,35.138,0.0,1,glass,0.1,5.9571,1,
24.3,-0.5,1.7000000000000002,39.257,0.0,1,glass,0.1,10.7328,0,solar_suspected
24.3,-0.30000000000000004,0.7000000000000001,38.26,0.0,1,glass,0.1,9.5768,0,solar_suspected
24.3,-0.30000000000000004,0.9,33.929,0.0,1,glass,0.1,4.5554,1,
24.3,-0.30000000000000004,1.1,38.347,1.073,2,glass,0.1,9.6777,0,solar_suspected
24.3,-0.30000000000000004,1.3,36.473,0.0,1,glass,0.1,7.5049,1,
24.3,-0.30000000000000004,1.5,38.074,2.005,12,glass,0.1,9.3612,0,solar_suspected
24.3,-0.30000000000000004,1.7000000000000002,37.905,1.977,24,glass,0.1,9.1652,0,solar_suspected
24.3,-0.1,0.7000000000000001,39.014,0.0,1,glass,0.1,10.451,0,solar_suspected
24.3,-0.1,0.9,37.438,1.633,2,glass,0.1,8.6238,0,solar_suspected
24.3,-0.1,1.1,36.02,0.212,2,glass,0.1,6.9797,1,
24.3,-0.1,1.5,39.664,0.0,1,glass,0.1,11.2046,0,solar_suspected
24.3,-0.1,1.7000000000000002,38.364,1.994,19,glass,0.1,9.6974,0,solar_suspected
24.3,0.1,1.1,36.661,0.209,2,glass,0.1,7.7229,1,
24.3,0.1,1.3,40.302,0.0,1,fabric,0.6,11.9443,0,implausible
24.3,0.1,1.5,39.82,0.445,2,glass,0.1,11.3855,0,solar_suspected
24.3,0.1,1.7000000000000002,38.94,1.557,19,glass,0.1,10.3652,0,solar_suspected
24.3,0.30000000000000004,1.3,37.148,0.0,1,glass,0.1,8.2875,0,solar_suspected
24.3,0.30000000000000004,1.7000000000000002,39.876,1.25,10,glass,0.1,11.4504,0,solar_suspected
24.3,0.5,1.1,39.087,0.0,1,glass,0.1,10.5357,0,solar_suspected
24.3,0.5,1.3,39.83,0.522,2,glass,0.1,11.3971,0,solar_suspected
24.3,0.5,1.5,36.725,0.0,1,glass,0.1,7.7971,1,
24.3,0.5,1.7000000000000002,39.897,1.073,9,glass,0.1,11.4748,0,solar_suspected
24.3,0.7000000000000001,1.1,40.002,0.969,2,glass,0.1,11.5965,0,solar_suspected
24.3,0.7000000000000001,1.3,39.737,0.483,2,glass,0.1,11.2893,0,solar_suspected
24.3,0.7000000000000001,1.7000000000000002,39.708,1.131,10,glass,0.1,11.2557,0,solar_suspected
24.3,0.9,1.7000000000000002,40.761,0.284,4,glass,0.1,12.4765,0,solar_suspected
24.3,1.1,0.7000000000000001,39.423,0.0,1,glass,0.1,10.9252,0,solar_suspected
24.3,1.1,0.9,39.357,0.339,4,glass,0.1,10.8487,0,solar_suspected
24.3,1.1,1.1,39.581,0.0,1,fabric,0.6,11.1084,0,implausible
24.3,1.1,1.3,40.819,0.0,1,plastic,0.6,12.5438,0,implausible
24.3,1.1,1.7000000000000002,39.386,1.767,7,glass,0.1,10.8823,0,solar_suspected
24.3,1.3,0.9,39.464,0.023,3,glass,0.1,10.9728,0,solar_suspected
24.3,1.3,1.1,39.494,0.104,2,concrete,0.65,11.0075,0,implausible
24.3,1.3,1.3,39.992,0.155,3,glass,0.1,11.5849,0,solar_suspected
24.3,1.3,1.7000000000000002,39.088,1.369,5,glass,0.1,10.5368,0,solar_suspected
24.3,1.5,1.7000000000000002,40.773,0.13,3,glass,0.1,12.4904,0,solar_suspected
24.3,1.7000000000000002,1.1,37.413,0.0,1,glass,0.1,8.5948,0,solar_suspected
24.3,1.7000000000000002,1.5,39.813,0.0,1,glass,0.1,11.3774,0,solar_suspected
24.3,1.7000000000000002,1.7000000000000002,40.056,0.0,1,glass,0.1,11.6591,0,solar_suspected
24.3,1.9000000000000001,1.7000000000000002,38.361,1.607,5,glass,0.1,9.6939,0,solar_suspected
24.3,2.1,0.30000000000000004,38.428,0.0,1,glass,0.1,9.7716,0,solar_suspected
24.3,2.1,0.5,37.41,2.042,6,glass,0.1,8.5913,0,solar_suspected
24.3,2.1,0.9,40.165,0.0,2,glass,0.1,11.7855,0,solar_suspected
24.3,2.1,1.7000000000000002,39.962,1.523,9,glass,0.1,11.5501,0,solar_suspected
24.3,2.3000000000000003,-0.1,36.602,0.0,1,glass,0.1,7.6545,1,
24.3,2.3000000000000003,0.1,36.446,1.786,2,glass,0.1,7.4736,1,
24.3,2.3000000000000003,0.30000000000000004,35.494,1.95,3,glass,0.1,6.3699,1,
24.3,2.3000000000000003,0.5,37.152,0.0,1,glass,0.1,8.2922,0,solar_suspected
24.3,2.3000000000000003,0.7000000000000001,36.993,1.773,3,glass,0.1,8.1078,0,solar_suspected
24.3,2.3000000000000003,0.9,36.415,1.593,8,glass,0.1,7.4377,1,
24.3,2.3000000000000003,1.1,38.719,1.477,7,glass,0.1,10.109,0,solar_suspected
24.3,2.3000000000000003,1.3,40.07,0.037,2,glass,0.1,11.6754,0,solar_suspected
24.3,2.3000000000000003,1.5,35.474,0.04,2,glass,0.1,6.3467,1,
24.3,2.3000000000000003,1.7000000000000002,37.909,2.368,4,glass,0.1,9.1699,0,solar_suspected
24.5,-0.5,0.7000000000000001,38.038,1.135,2,glass,0.1,9.3194,0,solar_suspected
24.5,-0.5,0.9,37.825,0.575,4,glass,0.1,9.0725,0,solar_suspected
24.5,-0.5,1.1,37.57,0.281,2,glass,0.1,8.7768,0,solar_suspected
24.5,-0.5,1.3,38.501,0.0,1,glass,0.1,9.8562,0,solar_suspected
24.5,-0.5,1.5,38.946,1.074,6,glass,0.1,10.3722,0,solar_suspected
24.5,-0.5,1.7000000000000002,38.764,0.803,2,glass,0.1,10.1612,0,solar_suspected
24.5,-0.30000000000000004,1.5,40.039,0.0,1,painted_metal,0.65,11.6394,0,solar_suspected
24.5,-0.30000000000000004,1.7000000000000002,38.309,1.656,15,glass,0.1,9.6336,0,solar_suspected
24.5,-0.1,1.7000000000000002,39.427,0.717,10,glass,0.1,10.9299,0,solar_suspected
24.5,0.1,1.7000000000000002,39.57,0.756,6,glass,0.1,11.0957,0,solar_suspected
24.5,0.30000000000000004,1.7000000000000002,39.763,0.992,5,glass,0.1,11.3194,0,solar_suspected
24.5,0.5,0.7000000000000001,39.306,0.0,1,glass,0.1,10.7896,0,solar_suspected
24.5,0.5,1.3,39.66,0.661,3,glass,0.1,11.2,0,solar_suspected
24.5,0.5,1.7000000000000002,41.686,0.0,1,fabric,0.6,13.549,0,implausible
24.5,0.9,1.7000000000000002,40.625,0.0,1,glass,0.1,12.3188,0,solar_suspected
24.5,1.1,1.1,39.464,0.0,1,concrete,0.65,10.9728,0,implausible
24.5,1.1,1.7000000000000002,37.775,0.0,1,glass,0.1,9.0145,0,solar_suspected
24.5,1.3,1.1,39.624,0.0,1,concrete,0.65,11.1583,0,implausible
24.5,1.3,1.3,39.671,0.0,1,painted_metal,0.65,11.2128,0,solar_suspected
24.5,1.3,1.7000000000000002,40.792,0.6,4,glass,0.1,12.5125,0,solar_suspected
24.5,1.5,1.7000000000000002,40.886,0.0,1,glass,0.1,12.6214,0,solar_suspected
24.5,1.7000000000000002,1.7000000000000002,38.747,2.05,6,glass,0.1,10.1414,0,solar_suspected
24.5,1.9000000000000001,1.7000000000000002,39.778,1.137,5,glass,0.1,11.3368,0,solar_suspected
24.5,2.1,1.7000000000000002,38.242,2.234,10,glass,0.1,9.5559,0,solar_suspected
24.5,2.3000000000000003,-0.1,35.962,0.512,3,glass,0.1,6.9125,1,
24.5,2.3000000000000003,0.30000000000000004,37.183,2.133,2,glass,0.1,8.3281,0,solar_suspected
24.5,2.3000000000000003,0.5,38.962,0.0,1,glass,0.1,10.3907,0,solar_suspected
24.5,2.3000000000000003,0.7000000000000001,37.968,1.926,3,glass,0.1,9.2383,0,solar_suspected
24.5,2.3000000000000003,0.9,37.343,1.447,4,glass,0.1,8.5136,0,solar_suspected
24.5,2.3000000000000003,1.1,37.398,1.987,6,glass,0.1,8.5774,0,solar_suspected
24.5,2.3000000000000003,1.3,37.121,0.529,2,glass,0.1,8.2562,0,solar_suspected
24.5,2.3000000000000003,1.5,38.729,2.4,3,glass,0.1,10.1206,0,solar_suspected
24.5,2.3000000000000003,1.7000000000000002,39.047,1.947,4,glass,0.1,10.4893,0,solar_suspected
24.700000000000003,-0.5,0.7000000000000001,37.343,0.966,2,glass,0.1,8.5136,0,solar_suspected
24.700000000000003,-0.5,0.9,35.635,0.056,2,glass,0.1,6.5333,1,
24.700000000000003,-0.5,1.1,37.701,2.072,4,glass,0.1,8.9287,0,solar_suspected
24.700000000000003,-0.5,1.5,38.108,0.0,1,glass,0.1,9.4006,0,solar_suspected
24.700000000000003,-0.5,1.7000000000000002,38.267,0.83,10,glass,0.1,9.5849,0,solar_suspected
24.700000000000003,-0.30000000000000004,1.7000000000000002,39.168,0.707,10,glass,0.1,10.6296,0,solar_suspected
24.700000000000003,-0.1,1.7000000000000002,39.678,0.651,6,glass,0.1,11.2209,0,solar_suspected
24.700000000000003,0.1,1.7000000000000002,39.279,0.896,10,fabric,0.6,10.7583,0,implausible
24.700000000000003,0.30000000000000004,1.7000000000000002,39.255,0.081,2,glass,0.1,10.7304,0,solar_suspected
24.700000000000003,1.3,1.7000000000000002,37.405,2.032,7,glass,0.1,8.5855,0,solar_suspected
24.700000000000003,1.7000000000000002,1.7000000000000002,38.543,1.957,4,glass,0.1,9.9049,0,solar_suspected
24.700000000000003,1.9000000000000001,1.7000000000000002,38.905,2.332,14,glass,0.1,10.3246,0,solar_suspected
24.700000000000003,2.1,0.5,37.083,1.216,5,glass,0.1,8.2122,0,solar_suspected
24.700000000000003,2.1,1.7000000000000002,37.778,2.2,16,glass,0.1,9.018,0,solar_suspected
24.700000000000003,2.3000000000000003,-0.1,34.879,1.045,5,glass,0.1,5.6568,1,
24.700000000000003,2.3000000000000003,0.1,34.685,0.764,4,glass,0.1,5.4319,1,
24.700000000000003,2.3000000000000003,0.5,37.188,1.568,6,glass,0.1,8.3339,0,solar_suspected
24.700000000000003,2.3000000000000003,0.7000000000000001,38.222,2.28,3,glass,0.1,9.5328,0,solar_suspected
24.700000000000003,2.3000000000000003,0.9,38.133,1.891,3,glass,0.1,9.4296,0,solar_suspected
24.700000000000003,2.3000000000000003,1.1,38.49,1.698,12,glass,0.1,9.8435,0,solar_suspected
24.700000000000003,2.3000000000000003,1.3,37.555,1.516,6,glass,0.1,8.7594,0,solar_suspected
24.700000000000003,2.3000000000000003,1.5,37.053,2.493,3,glass,0.1,8.1774,0,solar_suspected
24.700000000000003,2.3000000000000003,1.7000000000000002,38.631,2.314,3,glass,0.1,10.007,0,solar_suspected
24.900000000000002,-0.5,0.7000000000000001,38.617,0.071,3,glass,0.1,9.9907,0,solar_suspected
24.900000000000002,-0.5,0.9,37.664,1.482,31,glass,0.1,8.8858,0,solar_suspected
24.900000000000002,-0.5,1.1,37.446,1.524,44,glass,0.1,8.633,0,solar_suspected
24.900000000000002,-0.5,1.3,37.57,1.442,45,glass,0.1,8.7768,0,solar_suspected
24.900000000000002,-0.5,1.5,38.536,1.208,32,glass,0.1,9.8968,0,solar_suspected
24.900000000000002,-0.5,1.7000000000000002,38.003,1.734,12,glass,0.1,9.2788,0,solar_suspected
24.900000000000002,-0.30000000000000004,1.5,39.132,0.0,1,glass,0.1,10.5878,0,solar_suspected
24.900000000000002,-0.30000000000000004,1.7000000000000002,39.193,0.773,2,glass,0.1,10.6586,0,solar_suspected
24.900000000000002,-0.30000000000000004,1.9000000000000001,37.996,0.0,1,glass,0.1,9.2707,0,solar_suspected
24.900000000000002,-0.1,1.7000000000000002,38.789,0.659,5,glass,0.1,10.1901,0,solar_suspected
24.900000000000002,0.1,1.7000000000000002,38.393,0.0,1,glass,0.1,9.731,0,solar_suspected
24.900000000000002,1.3,1.7000000000000002,41.506,0.0,1,glass,0.1,13.3403,0,solar_suspected
24.900000000000002,1.5,1.7000000000000002,40.543,0.0,1,glass,0.1,12.2238,0,solar_suspected
24.900000000000002,1.9000000000000001,1.7000000000000002,38.028,1.892,6,glass,0.1,9.3078,0,solar_suspected
24.900000000000002,1.9000000000000001,1.9000000000000001,35.383,0.0,1,glass,0.1,6.2412,1,
24.900000000000002,2.1,1.7000000000000002,37.985,2.093,5,glass,0.1,9.258,0,solar_suspected
24.900000000000002,2.1,1.9000000000000001,35.438,0.0,1,glass,0.1,6.3049,1,
24.900000000000002,2.3000000000000003,-0.1,36.787,1.228,10,glass,0.1,7.869,1,
24.900000000000002,2.3000000000000003,0.1,35.78,2.043,10,glass,0.1,6.7014,1,
24.900000000000002,2.3000000000000003,0.30000000000000004,36.222,1.698,15,glass,0.1,7.2139,1,
24.900000000000002,2.3000000000000003,0.5,37.63,1.743,13,glass,0.1,8.8464,0,solar_suspected
24.900000000000002,2.3000000000000003,0.7000000000000001,37.268,2.076,2,glass,0.1,8.4267,0,solar_suspected
24.900000000000002,2.3000000000000003,0.9,38.328,1.837,13,glass,0.1,9.6557,0,solar_suspected
24.900000000000002,2.3000000000000003,1.1,38.249,1.654,10,glass,0.1,9.5641,0,solar_suspected
24.900000000000002,2.3000000000000003,1.3,38.624,1.877,24,glass,0.1,9.9988,0,solar_suspected
24.900000000000002,2.3000000000000003,1.5,37.97,1.441,5,glass,0.1,9.2406,0,solar_suspected
24.900000000000002,2.3000000000000003,1.7000000000000002,40.234,0.047,2,glass,0.1,11.8655,0,solar_suspected
24.900000000000002,2.5,-0.1,34.244,0.0,1,glass,0.1,4.9206,1,
24.900000000000002,2.5,0.30000000000000004,34.803,0.0,1,glass,0.1,5.5687,1,
24.900000000000002,2.5,0.5,35.303,0.0,1,glass,0.1,6.1484,1,
24.900000000000002,2.5,1.1,34.672,0.0,1,glass,0.1,5.4168,1,
24.900000000000002,2.5,1.3,37.709,1.873,2,glass,0.1,8.938,0,solar_suspected
25.1,-0.5,0.7000000000000001,38.346,0.0,1,glass,0.1,9.6765,0,solar_suspected
25.1,-0.5,0.9,37.681,1.501,12,glass,0.1,8.9055,0,solar_suspected
25.1,-0.5,1.1,38.356,1.699,16,glass,0.1,9.6881,0,solar_suspected
25.1,-0.5,1.3,37.689,1.062,20,glass,0.1,8.9148,0,solar_suspected
25.1,-0.5,1.5,38.077,1.571,8,glass,0.1,9.3646,0,solar_suspected
25.1,-0.5,1.7000000000000002,38.723,0.453,3,glass,0.1,10.1136,0,solar_suspected
25.1,-0.30000000000000004,1.7000000000000002,39.019,1.168,4,glass,0.1,10.4568,0,solar_suspected
25.1,-0.1,1.7000000000000002,39.674,0.762,5,glass,0.1,11.2162,0,solar_suspected
25.1,0.1,1.7000000000000002,40.379,0.0,1,fabric,0.6,12.0336,0,implausible
25.1,1.5,1.7000000000000002,40.325,0.0,1,glass,0.1,11.971,0,solar_suspected
25.1,1.7000000000000002,1.9000000000000001,40.416,0.0,1,concrete,0.65,12.0765,0,implausible
25.1,1.9000000000000001,1.7000000000000002,39.2,1.776,9,glass,0.1,10.6667,0,solar_suspected
25.1,1.9000000000000001,1.9000000000000001,41.451,0.0,2,glass,0.1,13.2765,0,solar_suspected
25.1,2.1,0.5,38.965,0.0,1,glass,0.1,10.3942,0,solar_suspected
25.1,2.1,1.7000000000000002,39.914,1.148,7,glass,0.1,11.4945,0,solar_suspected
25.1,2.1,1.9000000000000001,38.9,2.311,6,glass,0.1,10.3188,0,solar_suspected
25.1,2.3000000000000003,-0.1,36.426,1.114,10,glass,0.1,7.4504,1,
25.1,2.3000000000000003,0.1,37.007,1.329,9,glass,0.1,8.1241,0,solar_suspected
25.1,2.3000000000000003,0.30000000000000004,36.73,1.911,20,glass,0.1,7.8029,1,
25.1,2.3000000000000003,0.5,36.633,1.822,14,glass,0.1,7.6904,1,
25.1,2.3000000000000003,0.7000000000000001,39.241,0.0,1,glass,0.1,10.7142,0,solar_suspected
25.1,2.3000000000000003,0.9,37.619,1.758,11,glass,0.1,8.8336,0,solar_suspected
25.1,2.3000000000000003,1.1,38.241,1.878,24,glass,0.1,9.5548,0,solar_suspected
25.1,2.3000000000000003,1.3,37.809,1.708,45,glass,0.1,9.0539,0,solar_suspected
25.1,2.3000000000000003,1.5,38.293,1.756,54,glass,0.1,9.6151,0,solar_suspected
25.1,2.3000000000000003,1.7000000000000002,37.789,2.167,17,glass,0.1,9.0307,0,solar_suspected
25.1,2.3000000000000003,1.9000000000000001,39.141,2.137,8,glass,0.1,10.5983,0,solar_suspected
25.1,2.5,-0.1,34.264,0.616,8,glass,0.1,4.9438,1,
25.1,2.5,0.1,36.001,1.932,13,glass,0.1,6.9577,1,
25.1,2.5,0.30000000000000004,35.056,1.339,5,glass,0.1,5.862,1,
25.1,2.5,0.5,36.632,1.84,9,glass,0.1,7.6893,1,
25.1,2.5,0.9,36.407,1.579,5,glass,0.1,7.4284,1,
25.1,2.5,1.1,38.441,1.701,7,glass,0.1,9.7867,0,solar_suspected
25.1,2.5,1.3,37.368,1.961,7,glass,0.1,8.5426,0,solar_suspected
25.1,2.5,1.5,37.103,1.535,6,glass,0.1,8.2354,0,solar_suspected
25.3,-0.5,0.9,37.09,1.39,10,glass,0.1,8.2203,0,solar_suspected
25.3,-0.5,1.1,38.21,1.422,10,glass,0.1,9.5188,0,solar_suspected
25.3,-0.5,1.3,37.502,1.353,21,glass,0.1,8.698,0,solar_suspected
25.3,-0.5,1.5,38.742,1.796,9,glass,0.1,10.1357,0,solar_suspected
25.3,-0.5,1.7000000000000002,39.201,1.128,5,glass,0.1,10.6678,0,solar_suspected
25.3,-0.30000000000000004,1.7000000000000002,37.658,1.742,9,glass,0.1,8.8788,0,solar_suspected
25.3,-0.30000000000000004,1.9000000000000001,37.755,0.0,1,glass,0.1,8.9913,0,solar_suspected
25.3,-0.1,1.7000000000000002,37.874,1.967,10,glass,0.1,9.1293,0,solar_suspected
25.3,-0.1,1.9000000000000001,37.591,0.0,1,glass,0.1,8.8012,0,solar_suspected
25.3,1.7000000000000002,1.7000000000000002,40.939,0.0,1,glass,0.1,12.6829,0,solar_suspected
25.3,1.9000000000000001,1.7000000000000002,40.049,0.0,1,glass,0.1,11.651,0,solar_suspected
25.3,1.9000000000000001,1.9000000000000001,37.459,2.317,10,plastic,0.6,8.6481,0,implausible
25.3,2.1,1.7000000000000002,39.463,0.0,1,glass,0.1,10.9716,0,solar_suspected
25.3,2.1,1.9000000000000001,38.156,2.513,6,glass,0.1,9.4562,0,solar_suspected
25.3,2.3000000000000003,0.5,34.917,0.0,1,glass,0.1,5.7009,1,
25.3,2.3000000000000003,0.9,35.999,0.0,1,glass,0.1,6.9554,1,
25.3,2.3000000000000003,1.3,36.946,1.668,10,glass,0.1,8.0533,0,solar_suspected
25.3,2.3000000000000003,1.5,37.826,2.252,11,glass,0.1,9.0736,0,solar_suspected
25.3,2.3000000000000003,1.7000000000000002,38.865,1.779,17,glass,0.1,10.2783,0,solar_suspected
25.3,2.3000000000000003,1.9000000000000001,38.817,2.548,5,glass,0.1,10.2226,0,solar_suspected
25.3,2.5,1.7000000000000002,35.426,0.0,1,glass,0.1,6.291,1,
25.5,-0.5,1.7000000000000002,39.31,1.098,14,glass,0.1,10.7942,0,solar_suspected
25.5,-0.30000000000000004,1.7000000000000002,38.892,1.875,6,glass,0.1,10.3096,0,solar_suspected
25.5,-0.1,1.7000000000000002,38.747,1.808,5,glass,0.1,10.1414,0,solar_suspected
25.5,1.9000000000000001,1.7000000000000002,37.947,1.65,6,glass,0.1,9.2139,0,solar_suspected
25.5,1.9000000000000001,1.9000000000000001,39.36,2.185,4,glass,0.1,10.8522,0,solar_suspected
25.5,2.1,1.7000000000000002,39.491,0.0,1,glass,0.1,11.0041,0,solar_suspected
25.5,2.1,1.9000000000000001,36.558,1.95,5,glass,0.1,7.6035,1,
25.5,2.3000000000000003,0.5,35.114,0.0,1,glass,0.1,5.9293,1,
25.5,2.3000000000000003,1.5,36.222,0.704,2,glass,0.1,7.2139,1,
25.5,2.3000000000000003,1.9000000000000001,40.58,0.351,2,glass,0.1,12.2667,0,solar_suspected
25.700000000000003,-0.5,0.9,37.351,1.295,2,glass,0.1,8.5229,0,solar_suspected
25.700000000000003,-0.5,1.7000000000000002,38.767,0.0,1,glass,0.1,10.1646,0,solar_suspected
25.700000000000003,-0.30000000000000004,0.9,37.811,1.338,3,glass,0.1,9.0562,0,solar_suspected
25.700000000000003,-0.30000000000000004,1.1,37.777,1.424,12,glass,0.1,9.0168,0,solar_suspected
25.700000000000003,-0.30000000000000004,1.3,38.497,1.606,3,glass,0.1,9.8516,0,solar_suspected
25.700000000000003,2.1,1.7000000000000002,37.236,0.0,1,glass,0.1,8.3896,0,solar_suspected
26.1,-0.30000000000000004,0.9,37.217,1.379,2,glass,0.1,8.3675,0,solar_suspected
26.1,-0.30000000000000004,1.1,37.59,1.257,12,glass,0.1,8.8,0,solar_suspected
26.1,-0.30000000000000004,1.3,38.924,0.651,3,glass,0.1,10.3467,0,solar_suspected
26.1,0.5,1.9000000000000001,39.844,0.97,9,glass,0.1,11.4133,0,solar_suspected
26.1,0.7000000000000001,1.5,39.075,0.0,1,glass,0.1,10.5217,0,solar_suspected
26.1,0.7000000000000001,1.7000000000000002,37.959,0.808,3,glass,0.1,9.2278,0,solar_suspected
26.1,0.7000000000000001,1.9000000000000001,39.451,1.134,33,glass,0.1,10.9577,0,solar_suspected
26.1,0.9,1.7000000000000002,34.802,0.0,1,glass,0.1,5.5675,1,
26.1,0.9,1.9000000000000001,40.172,0.894,5,glass,0.1,11.7936,0,solar_suspected
26.1,1.1,1.9000000000000001,39.477,1.924,22,glass,0.1,10.9878,0,solar_suspected
26.1,1.3,1.5,37.741,0.0,1,glass,0.1,8.9751,0,solar_suspected
26.1,1.3,1.7000000000000002,35.762,0.0,1,glass,0.1,6.6806,1,
26.1,1.3,1.9000000000000001,39.092,1.946,45,glass,0.1,10.5414,0,solar_suspected
26.1,1.5,1.9000000000000001,40.77,0.272,4,glass,0.1,12.487,0,solar_suspected
26.1,2.5,1.5,35.9,0.0,1,glass,0.1,6.8406,1,
26.5,0.30000000000000004,1.9000000000000001,40.895,0.0,1,glass,0.1,12.6319,0,solar_suspected
26.900000000000002,-0.30000000000000004,1.7000000000000002,35.076,0.0,1,glass,0.1,5.8852,1,
27.3,2.1,2.1,40.647,0.029,2,glass,0.1,12.3443,0,solar_suspected
27.5,-0.30000000000000004,1.7000000000000002,36.588,2.023,2,glass,0.1,7.6383,1,
27.5,1.9000000000000001,1.9000000000000001,36.731,0.0,1,glass,0.1,7.8041,1,
27.5,2.1,1.9000000000000001,39.116,1.569,7,concrete,0.65,10.5693,0,implausible
27.5,2.3000000000000003,1.9000000000000001,38.341,1.17,3,glass,0.1,9.6707,0,solar_suspected
27.5,2.5,1.9000000000000001,35.214,0.0,1,glass,0.1,6.0452,1,
27.700000000000003,-0.30000000000000004,1.1,40.692,0.0,1,glass,0.1,12.3965,0,solar_suspected
27.700000000000003,-0.30000000000000004,1.3,39.183,0.488,2,glass,0.1,10.647,0,solar_suspected
27.700000000000003,-0.30000000000000004,1.5,40.931,0.0,1,glass,0.1,12.6736,0,solar_suspected
27.700000000000003,-0.30000000000000004,1.7000000000000002,38.551,0.0,1,painted_metal,0.65,9.9142,0,solar_suspected
27.700000000000003,1.9000000000000001,1.7000000000000002,39.561,0.0,1,glass,0.1,11.0852,0,solar_suspected
27.700000000000003,1.9000000000000001,1.9000000000000001,38.362,0.999,3,glass,0.1,9.6951,0,solar_suspected
27.700000000000003,2.1,1.7000000000000002,37.01,0.742,12,glass,0.1,8.1275,0,solar_suspected
27.700000000000003,2.1,1.9000000000000001,37.649,1.252,17,glass,0.1,8.8684,0,solar_suspected
27.700000000000003,2.3000000000000003,1.7000000000000002,37.1,0.547,14,glass,0.1,8.2319,0,solar_suspected
27.700000000000003,2.3000000000000003,1.9000000000000001,36.866,0.635,10,glass,0.1,7.9606,1,
27.700000000000003,2.5,1.7000000000000002,37.42,1.469,11,glass,0.1,8.6029,0,solar_suspected
27.700000000000003,2.5,1.9000000000000001,36.956,0.515,6,glass,0.1,8.0649,0,solar_suspected
27.900000000000002,-0.30000000000000004,1.3,37.78,1.651,2,glass,0.1,9.0203,0,solar_suspected
27.900000000000002,1.9000000000000001,1.7000000000000002,36.692,1.446,4,glass,0.1,7.7588,1,
27.900000000000002,2.1,1.7000000000000002,37.727,1.214,17,glass,0.1,8.9588,0,solar_suspected
27.900000000000002,2.3000000000000003,1.7000000000000002,37.598,1.145,10,glass,0.1,8.8093,0,solar_suspected
27.900000000000002,2.5,1.7000000000000002,36.752,0.875,19,glass,0.1,7.8284,1,
28.1,-0.30000000000000004,1.1,40.229,0.0,1,glass,0.1,11.8597,0,solar_suspected
28.1,-0.30000000000000004,1.3,38.539,0.05,2,glass,0.1,9.9003,0,solar_suspected
28.1,-0.30000000000000004,1.5,40.138,0.0,1,glass,0.1,11.7542,0,solar_suspected
28.1,-0.30000000000000004,1.7000000000000002,39.73,0.0,1,glass,0.1,11.2812,0,solar_suspected
28.1,-0.1,1.7000000000000002,39.731,0.0,1,glass,0.1,11.2823,0,solar_suspected
28.1,1.9000000000000001,1.7000000000000002,37.521,1.834,2,glass,0.1,8.72,0,solar_suspected
28.1,2.1,1.5,38.976,0.721,4,glass,0.1,10.407,0,solar_suspected
28.1,2.1,1.7000000000000002,37.599,1.082,6,glass,0.1,8.8104,0,solar_suspected
28.1,2.3000000000000003,1.7000000000000002,37.116,0.0,1,glass,0.1,8.2504,0,solar_suspected
28.1,2.5,1.5,35.493,1.358,4,glass,0.1,6.3687,1,
28.1,2.5,1.7000000000000002,36.316,1.271,3,glass,0.1,7.3229,1,
28.3,2.1,1.5,37.954,1.782,3,glass,0.1,9.222,0,solar_suspected
28.3,2.1,1.7000000000000002,37.343,0.0,1,glass,0.1,8.5136,0,solar_suspected
28.3,2.3000000000000003,1.5,39.133,0.0,1,concrete,0.65,10.589,0,implausible
28.3,2.5,1.5,36.171,0.069,2,glass,0.1,7.1548,1,
28.3,2.7,1.5,36.943,0.0,1,glass,0.1,8.0499,0,solar_suspected
28.5,2.1,1.5,37.667,0.0,1,glass,0.1,8.8893,0,solar_suspected
28.5,2.3000000000000003,1.3,38.948,0.082,2,glass,0.1,10.3745,0,solar_suspected
28.5,2.3000000000000003,1.5,39.518,0.245,2,glass,0.1,11.0354,0,solar_suspected
28.5,2.5,1.3,36.672,0.391,2,glass,0.1,7.7357,1,
28.5,2.7,1.1,36.133,0.0,1,glass,0.1,7.1107,1,
28.700000000000003,2.3000000000000003,1.3,39.164,0.0,1,glass,0.1,10.6249,0,solar_suspected
28.700000000000003,2.5,1.3,36.309,0.0,1,glass,0.1,7.3148,1,
28.700000000000003,2.7,1.1,36.562,0.427,2,glass,0.1,7.6081,1,
28.900000000000002,2.3000000000000003,1.3,39.032,0.0,1,glass,0.1,10.4719,0,solar_suspected
28.900000000000002,2.7,1.1,39.791,0.0,1,glass,0.1,11.3519,0,solar_suspected
29.1,2.3000000000000003,1.3,36.221,0.0,1,glass,0.1,7.2128,1,
29.3,2.3000000000000003,1.3,37.988,1.535,2,glass,0.1,9.2614,0,solar_suspected
29.5,2.7,1.1,39.528,0.0,1,glass,0.1,11.047,0,solar_suspected
29.5,2.7,1.3,38.713,0.0,1,glass,0.1,10.102,0,solar_suspected
29.700000000000003,-0.7000000000000001,1.5,37.306,1.248,2,glass,0.1,8.4707,0,solar_suspected
29.700000000000003,-0.5,1.7000000000000002,36.512,0.041,2,glass,0.1,7.5501,1,
29.700000000000003,2.5,1.5,39.12,0.0,1,glass,0.1,10.5739,0,solar_suspected
29.700000000000003,2.7,1.1,40.016,0.241,2,glass,0.1,11.6128,0,solar_suspected
29.700000000000003,2.7,1.3,39.123,0.079,2,glass,0.1,10.5774,0,solar_suspected
29.900000000000002,-0.7000000000000001,1.7000000000000002,36.909,0.0,1,painted_metal,0.65,8.0104,0,solar_suspected
29.900000000000002,-0.5,1.3,38.539,0.014,2,glass,0.1,9.9003,0,solar_suspected
29.900000000000002,-0.30000000000000004,1.5,39.723,0.0,1,glass,0.1,11.273,0,solar_suspected
29.900000000000002,-0.30000000000000004,1.7000000000000002,36.364,0.0,1,glass,0.1,7.3786,1,
29.900000000000002,-0.30000000000000004,1.9000000000000001,36.874,0.0,1,glass,0.1,7.9699,1,
29.900000000000002,-0.1,1.1,36.82,0.731,2,glass,0.1,7.9072,1,
29.900000000000002,-0.1,1.3,36.256,0.0,1,glass,0.1,7.2533,1,
29.900000000000002,-0.1,1.5,35.788,0.943,2,glass,0.1,6.7107,1,
29.900000000000002,-0.1,1.7000000000000002,35.29,0.0,1,glass,0.1,6.1333,1,
29.900000000000002,-0.1,1.9000000000000001,37.778,0.0,1,glass,0.1,9.018,0,solar_suspected
29.900000000000002,0.1,1.3,36.144,0.0,1,glass,0.1,7.1235,1,
29.900000000000002,0.1,1.5,36.739,0.742,8,glass,0.1,7.8133,1,
29.900000000000002,0.1,1.9000000000000001,36.05,0.0,1,glass,0.1,7.0145,1,
29.900000000000002,0.30000000000000004,1.7000000000000002,37.404,0.0,1,glass,0.1,8.5843,0,solar_suspected
29.900000000000002,2.1,1.3,36.847,0.0,1,glass,0.1,7.9386,1,
29.900000000000002,2.3000000000000003,1.3,36.091,0.0,1,glass,0.1,7.062,1,
29.900000000000002,2.5,1.1,38.536,1.315,3,glass,0.1,9.8968,0,solar_suspected
29.900000000000002,2.5,1.3,35.671,0.0,1,glass,0.1,6.5751,1,
29.900000000000002,2.7,1.1,39.354,0.121,2,glass,0.1,10.8452,0,solar_suspected
29.900000000000002,2.7,1.3,39.394,0.164,2,glass,0.1,10.8916,0,solar_suspected
34.300000000000004,2.7,0.30000000000000004,35.38,0.0,1,glass,0.1,6.2377,1,
34.300000000000004,2.9000000000000004,0.1,34.505,0.0,1,glass,0.1,5.2232,1,
34.300000000000004,2.9000000000000004,0.30000000000000004,34.985,0.0,1,glass,0.1,5.7797,1,
34.300000000000004,2.9000000000000004,1.1,36.397,0.0,1,painted_metal,0.65,7.4168,1,
34.5,2.7,-0.30000000000000004,35.489,0.0,1,glass,0.1,6.3641,1,
34.5,2.7,1.1,37.08,0.0,1,glass,0.1,8.2087,0,solar_suspected
34.5,3.1,-0.30000000000000004,35.515,0.0,1,glass,0.1,6.3942,1,
34.5,3.1,-0.1,35.073,0.0,1,glass,0.1,5.8817,1,
34.5,3.1,0.30000000000000004,34.95,0.142,2,glass,0.1,5.7391,1,
34.5,3.1,0.5,34.58,0.0,1,glass,0.1,5.3101,1,
34.5,3.1,1.1,35.188,0.267,4,glass,0.1,6.0151,1,
34.5,3.3000000000000003,-0.30000000000000004,34.744,0.168,7,glass,0.1,5.5003,1,
34.5,3.3000000000000003,-0.1,34.904,0.0,1,glass,0.1,5.6858,1,
34.5,3.3000000000000003,0.30000000000000004,35.379,0.24,9,glass,0.1,6.2365,1,
34.5,3.3000000000000003,0.5,35.598,0.0,1,glass,0.1,6.4904,1,
34.5,3.5,0.30000000000000004,35.267,0.241,2,glass,0.1,6.1067,1,
34.7,2.5,1.1,36.927,0.0,1,glass,0.1,8.0313,0,solar_suspected
