ply
format ascii 1.0
element vertex 5460
property float x
property float y
property float z
property uchar red
property uchar green
property uchar blue
end_header
1.900 3.300 -0.100 115 0 139
2.100 3.300 -0.100 104 0 150
2.100 3.500 -0.100 91 0 163
3.700 0.900 -0.300 42 0 212
3.700 1.100 -0.300 71 0 183
3.700 1.100 -0.100 64 0 190
3.700 1.300 -0.300 68 0 186
3.700 1.300 -0.100 56 0 198
3.900 -0.900 -0.300 35 0 219
3.900 -0.900 -0.100 33 0 221
3.900 -0.700 -0.300 47 0 207
3.900 -0.700 -0.100 35 0 219
3.900 -0.700 0.300 62 0 192
3.900 -0.700 0.500 75 0 179
3.900 -0.700 0.700 107 0 147
3.900 -0.500 -0.300 62 0 192
3.900 -0.300 -0.300 40 0 214
3.900 -0.100 -0.300 92 0 162
3.900 0.100 -0.300 74 0 180
3.900 0.300 -0.300 24 0 230
3.900 0.500 -0.300 49 0 205
3.900 0.700 -0.300 47 0 207
3.900 0.900 -0.300 38 0 216
3.900 1.100 -0.300 50 0 204
3.900 1.100 -0.100 63 0 191
3.900 1.300 -0.300 57 0 197
3.900 1.300 -0.100 62 0 192
4.100 -0.700 -0.300 29 0 225
4.100 -0.700 -0.100 27 0 227
4.100 -0.700 0.100 8 0 246
4.100 -0.700 0.300 50 0 204
4.100 -0.700 0.500 79 0 175
4.100 -0.700 0.700 104 0 150
4.100 -0.500 -0.300 46 0 208
4.100 -0.300 -0.300 36 0 218
4.100 -0.100 -0.300 77 0 177
4.100 0.100 -0.300 79 0 175
4.100 0.300 -0.300 32 0 222
4.100 0.500 -0.300 37 0 217
4.100 0.700 -0.300 40 0 214
4.100 0.900 -0.300 42 0 212
4.100 0.900 -0.100 45 0 209
4.100 1.100 -0.300 35 0 219
4.100 1.100 -0.100 44 0 210
4.100 1.300 -0.300 49 0 205
4.100 1.300 -0.100 45 0 209
4.100 1.500 -0.300 77 0 177
4.100 1.500 -0.100 57 0 197
4.100 1.500 0.700 131 0 123
4.300 -0.700 -0.300 30 0 224
4.300 -0.700 -0.100 30 0 224
4.300 -0.700 0.100 10 0 244
4.300 -0.700 0.300 28 0 226
4.300 -0.700 0.500 54 0 200
4.300 -0.700 0.700 86 0 168
4.300 -0.500 -0.300 43 0 211
4.300 -0.300 -0.300 27 0 227
4.300 -0.100 -0.300 70 0 184
4.300 0.100 -0.300 85 0 169
4.300 0.300 -0.300 47 0 207
4.300 0.500 -0.300 28 0 226
4.300 0.700 -0.300 32 0 222
4.300 0.900 -0.300 32 0 222
4.300 1.100 -0.300 33 0 221
4.300 1.100 -0.100 61 0 193
4.300 1.300 -0.300 50 0 204
4.300 1.300 -0.100 81 0 173
4.300 1.500 -0.300 67 0 187
4.300 1.500 -0.100 73 0 181
4.300 1.500 0.100 62 0 192
4.300 1.500 0.300 75 0 179
4.300 1.500 0.500 95 0 159
4.300 1.500 0.700 128 0 126
4.300 1.500 0.900 148 0 106
4.500 -0.700 -0.300 26 0 228
4.500 -0.700 -0.100 33 0 221
4.500 -0.700 0.100 21 0 233
4.500 -0.700 0.300 46 0 208
4.500 -0.700 0.500 66 0 188
4.500 -0.700 0.700 82 0 172
4.500 -0.500 -0.300 36 0 218
4.500 -0.300 -0.300 21 0 233
4.500 -0.100 -0.300 64 0 190
4.500 0.100 -0.300 78 0 176
4.500 0.300 -0.300 45 0 209
4.500 0.500 -0.300 23 0 231
4.500 0.700 -0.300 33 0 221
4.500 0.900 -0.300 39 0 215
4.500 1.100 -0.300 44 0 210
4.500 1.100 -0.100 44 0 210
4.500 1.300 -0.300 49 0 205
4.500 1.300 -0.100 98 0 156
4.500 1.500 -0.300 68 0 186
4.500 1.500 -0.100 73 0 181
4.500 1.500 0.100 70 0 184
4.500 1.500 0.300 80 0 174
4.500 1.500 0.500 101 0 153
4.500 1.500 0.700 131 0 123
4.500 1.500 0.900 140 0 114
4.700 -0.700 -0.300 35 0 219
4.700 -0.700 -0.100 39 0 215
4.700 -0.700 0.100 31 0 223
4.700 -0.700 0.300 54 0 200
4.700 -0.700 0.500 77 0 177
4.700 -0.700 0.700 85 0 169
4.700 -0.700 0.900 108 0 146
4.700 -0.500 -0.300 40 0 214
4.700 -0.300 -0.300 18 0 236
4.700 -0.100 -0.300 67 0 187
4.700 0.100 -0.300 84 0 170
4.700 0.300 -0.300 56 0 198
4.700 0.500 -0.300 24 0 230
4.700 0.700 -0.300 36 0 218
4.700 0.900 -0.300 42 0 212
4.700 1.100 -0.300 40 0 214
4.700 1.300 -0.300 46 0 208
4.700 1.500 -0.300 52 0 202
4.700 1.500 -0.100 76 0 178
4.700 1.500 0.100 68 0 186
4.700 1.500 0.300 78 0 176
4.700 1.500 0.500 102 0 152
4.700 1.500 0.700 129 0 125
4.700 1.500 0.900 142 0 112
4.900 -0.700 -0.300 44 0 210
4.900 -0.700 -0.100 42 0 212
4.900 -0.700 0.100 32 0 222
4.900 -0.700 0.300 56 0 198
4.900 -0.700 0.500 80 0 174
4.900 -0.700 0.700 82 0 172
4.900 -0.700 0.900 107 0 147
4.900 -0.500 -0.300 41 0 213
4.900 -0.300 -0.300 18 0 236
4.900 -0.100 -0.300 72 0 182
4.900 0.100 -0.300 89 0 165
4.900 0.300 -0.300 65 0 189
4.900 0.500 -0.300 27 0 227
4.900 0.700 -0.300 33 0 221
4.900 0.900 -0.300 39 0 215
4.900 1.100 -0.300 46 0 208
4.900 1.300 -0.300 46 0 208
4.900 1.300 -0.100 97 0 157
4.900 1.500 -0.300 44 0 210
4.900 1.500 -0.100 66 0 188
4.900 1.500 0.100 59 0 195
4.900 1.500 0.300 70 0 184
4.900 1.500 0.500 88 0 166
4.900 1.500 0.700 109 0 145
4.900 1.500 0.900 126 0 128
5.100 -0.700 -0.300 50 0 204
5.100 -0.700 -0.100 51 0 203
5.100 -0.700 0.100 36 0 218
5.100 -0.700 0.300 60 0 194
5.100 -0.700 0.500 86 0 168
5.100 -0.700 0.700 87 0 167
5.100 -0.700 0.900 91 0 163
5.100 -0.500 -0.300 44 0 210
5.100 -0.300 -0.300 24 0 230
5.100 -0.100 -0.300 79 0 175
5.100 0.100 -0.300 95 0 159
5.100 0.300 -0.300 68 0 186
5.100 0.500 -0.300 24 0 230
5.100 0.700 -0.300 33 0 221
5.100 0.900 -0.300 46 0 208
5.100 1.100 -0.300 49 0 205
5.100 1.300 -0.300 43 0 211
5.100 1.500 -0.300 40 0 214
5.100 1.500 -0.100 56 0 198
5.100 1.500 0.100 53 0 201
5.100 1.500 0.300 62 0 192
5.100 1.500 0.500 81 0 173
5.100 1.500 0.700 101 0 153
5.100 1.500 0.900 120 0 134
5.300 -0.700 -0.300 45 0 209
5.300 -0.700 -0.100 51 0 203
5.300 -0.700 0.100 36 0 218
5.300 -0.700 0.300 60 0 194
5.300 -0.700 0.500 85 0 169
5.300 -0.700 0.700 85 0 169
5.300 -0.700 0.900 91 0 163
5.300 -0.500 -0.300 43 0 211
5.300 -0.300 -0.300 33 0 221
5.300 -0.100 -0.300 79 0 175
5.300 0.100 -0.300 95 0 159
5.300 0.300 -0.300 73 0 181
5.300 0.500 -0.300 28 0 226
5.300 0.700 -0.300 35 0 219
5.300 0.900 -0.300 44 0 210
5.300 0.900 -0.100 56 0 198
5.300 1.100 -0.300 41 0 213
5.300 1.100 -0.100 26 0 228
5.300 1.300 -0.300 36 0 218
5.300 1.500 -0.300 47 0 207
5.300 1.500 -0.100 57 0 197
5.300 1.500 0.100 52 0 202
5.300 1.500 0.300 62 0 192
5.300 1.500 0.500 82 0 172
5.300 1.500 0.700 101 0 153
5.300 1.500 0.900 113 0 141
5.500 -0.700 -0.300 52 0 202
5.500 -0.700 -0.100 56 0 198
5.500 -0.700 0.100 38 0 216
5.500 -0.700 0.300 61 0 193
5.500 -0.700 0.500 87 0 167
5.500 -0.700 0.700 89 0 165
5.500 -0.700 0.900 89 0 165
5.500 -0.500 -0.300 44 0 210
5.500 -0.300 -0.300 24 0 230
5.500 -0.100 -0.300 79 0 175
5.500 0.100 -0.300 99 0 155
5.500 0.300 -0.300 74 0 180
5.500 0.500 -0.300 35 0 219
5.500 0.700 -0.300 30 0 224
5.500 0.900 -0.300 39 0 215
5.500 1.100 -0.300 38 0 216
5.500 1.300 -0.300 45 0 209
5.500 1.500 -0.300 49 0 205
5.500 1.500 -0.100 57 0 197
5.500 1.500 0.100 51 0 203
5.500 1.500 0.300 62 0 192
5.500 1.500 0.500 81 0 173
5.500 1.500 0.700 101 0 153
5.500 1.500 0.900 115 0 139
5.700 -0.700 -0.300 49 0 205
5.700 -0.700 -0.100 60 0 194
5.700 -0.700 0.100 40 0 214
5.700 -0.700 0.300 61 0 193
5.700 -0.700 0.500 90 0 164
5.700 -0.700 0.700 89 0 165
5.700 -0.700 0.900 89 0 165
5.700 -0.500 -0.300 42 0 212
5.700 -0.300 -0.300 25 0 229
5.700 -0.100 -0.300 77 0 177
5.700 0.100 -0.300 93 0 161
5.700 0.300 -0.300 86 0 168
5.700 0.500 -0.300 34 0 220
5.700 0.700 -0.300 26 0 228
5.700 0.900 -0.300 38 0 216
5.700 1.100 -0.300 39 0 215
5.700 1.300 -0.300 41 0 213
5.700 1.500 -0.300 46 0 208
5.700 1.500 -0.100 58 0 196
5.700 1.500 0.100 51 0 203
5.700 1.500 0.300 61 0 193
5.700 1.500 0.500 82 0 172
5.700 1.500 0.700 102 0 152
5.700 1.500 0.900 112 0 142
5.700 1.500 1.100 163 0 91
5.900 -0.700 -0.300 51 0 203
5.900 -0.700 -0.100 64 0 190
5.900 -0.700 0.100 44 0 210
5.900 -0.700 0.300 63 0 191
5.900 -0.700 0.500 91 0 163
5.900 -0.700 0.700 97 0 157
5.900 -0.700 0.900 98 0 156
5.900 -0.500 -0.300 41 0 213
5.900 -0.300 -0.300 22 0 232
5.900 -0.100 -0.300 74 0 180
5.900 0.100 -0.300 96 0 158
5.900 0.300 -0.300 85 0 169
5.900 0.500 -0.300 35 0 219
5.900 0.700 -0.300 23 0 231
5.900 0.900 -0.300 30 0 224
5.900 1.100 -0.300 38 0 216
5.900 1.300 -0.300 42 0 212
5.900 1.500 -0.300 42 0 212
5.900 1.500 -0.100 59 0 195
5.900 1.500 0.100 49 0 205
5.900 1.500 0.300 63 0 191
5.900 1.500 0.500 82 0 172
5.900 1.500 0.700 99 0 155
5.900 1.500 0.900 110 0 144
5.900 1.500 1.100 169 0 85
6.100 -0.700 -0.300 51 0 203
6.100 -0.700 -0.100 66 0 188
6.100 -0.700 0.100 43 0 211
6.100 -0.700 0.300 63 0 191
6.100 -0.700 0.500 91 0 163
6.100 -0.700 0.700 97 0 157
6.100 -0.700 0.900 92 0 162
6.100 -0.700 1.100 137 0 117
6.100 -0.500 -0.300 35 0 219
6.100 -0.300 -0.300 21 0 233
6.100 -0.100 -0.300 81 0 173
6.100 0.100 -0.300 94 0 160
6.100 0.300 -0.300 83 0 171
6.100 0.500 -0.300 31 0 223
6.100 0.700 -0.300 24 0 230
6.100 0.900 -0.300 31 0 223
6.100 1.100 -0.300 45 0 209
6.100 1.300 -0.300 47 0 207
6.100 1.500 -0.300 50 0 204
6.100 1.500 -0.100 61 0 193
6.100 1.500 0.100 49 0 205
6.100 1.500 0.300 64 0 190
6.100 1.500 0.500 81 0 173
6.100 1.500 0.700 101 0 153
6.100 1.500 0.900 108 0 146
6.100 1.500 1.100 143 0 111
6.300 -0.700 -0.300 58 0 196
6.300 -0.700 -0.100 67 0 187
6.300 -0.700 0.100 46 0 208
6.300 -0.700 0.300 66 0 188
6.300 -0.700 0.500 90 0 164
6.300 -0.700 0.700 98 0 156
6.300 -0.700 0.900 95 0 159
6.300 -0.700 1.100 119 0 135
6.300 -0.500 -0.300 37 0 217
6.300 -0.300 -0.300 28 0 226
6.300 -0.100 -0.300 81 0 173
6.300 0.100 -0.300 95 0 159
6.300 0.300 -0.300 85 0 169
6.300 0.500 -0.300 45 0 209
6.300 0.700 -0.300 28 0 226
6.300 0.900 -0.300 39 0 215
6.300 1.100 -0.300 47 0 207
6.300 1.300 -0.300 48 0 206
6.300 1.500 -0.300 57 0 197
6.300 1.500 -0.100 59 0 195
6.300 1.500 0.100 52 0 202
6.300 1.500 0.300 62 0 192
6.300 1.500 0.500 81 0 173
6.300 1.500 0.700 100 0 154
6.300 1.500 0.900 108 0 146
6.300 1.500 1.100 151 0 103
6.300 1.700 1.100 189 0 65
6.500 -0.900 1.100 130 0 124
6.500 -0.700 -0.300 59 0 195
6.500 -0.700 -0.100 67 0 187
6.500 -0.700 0.100 43 0 211
6.500 -0.700 0.300 63 0 191
6.500 -0.700 0.500 90 0 164
6.500 -0.700 0.700 101 0 153
6.500 -0.700 0.900 90 0 164
6.500 -0.700 1.100 97 0 157
6.500 -0.500 -0.300 41 0 213
6.500 -0.300 -0.300 32 0 222
6.500 -0.100 -0.300 86 0 168
6.500 0.100 -0.300 102 0 152
6.500 0.300 -0.300 91 0 163
6.500 0.500 -0.300 49 0 205
6.500 0.700 -0.300 31 0 223
6.500 0.900 -0.300 34 0 220
6.500 1.100 -0.300 47 0 207
6.500 1.300 -0.300 57 0 197
6.500 1.500 -0.300 51 0 203
6.500 1.500 -0.100 66 0 188
6.500 1.500 0.100 53 0 201
6.500 1.500 0.300 64 0 190
6.500 1.500 0.500 83 0 171
6.500 1.500 0.700 103 0 151
6.500 1.500 0.900 110 0 144
6.500 1.500 1.100 162 0 92
6.500 1.700 1.100 153 0 101
6.700 -0.900 1.100 121 0 133
6.700 -0.700 -0.300 62 0 192
6.700 -0.700 -0.100 71 0 183
6.700 -0.700 0.100 43 0 211
6.700 -0.700 0.300 64 0 190
6.700 -0.700 0.500 89 0 165
6.700 -0.700 0.700 103 0 151
6.700 -0.700 0.900 95 0 159
6.700 -0.700 1.100 111 0 143
6.700 -0.500 -0.300 48 0 206
6.700 -0.300 -0.300 41 0 213
6.700 -0.100 -0.300 99 0 155
6.700 0.100 -0.300 117 0 137
6.700 0.300 -0.300 102 0 152
6.700 0.500 -0.300 53 0 201
6.700 0.700 -0.300 29 0 225
6.700 0.900 -0.300 36 0 218
6.700 1.100 -0.300 46 0 208
6.700 1.300 -0.300 51 0 203
6.700 1.500 -0.300 51 0 203
6.700 1.500 -0.100 65 0 189
6.700 1.500 0.100 50 0 204
6.700 1.500 0.300 60 0 194
6.700 1.500 0.500 80 0 174
6.700 1.500 0.700 101 0 153
6.700 1.500 0.900 109 0 145
6.700 1.500 1.100 152 0 102
6.700 1.700 1.100 144 0 110
6.900 -0.700 -0.300 58 0 196
6.900 -0.700 -0.100 72 0 182
6.900 -0.700 0.100 43 0 211
6.900 -0.700 0.300 60 0 194
6.900 -0.700 0.500 86 0 168
6.900 -0.700 0.700 101 0 153
6.900 -0.700 0.900 90 0 164
6.900 -0.700 1.100 108 0 146
6.900 -0.500 -0.300 47 0 207
6.900 -0.300 -0.300 36 0 218
6.900 -0.100 -0.300 83 0 171
6.900 0.100 -0.300 102 0 152
6.900 0.300 -0.300 102 0 152
6.900 0.500 -0.300 60 0 194
6.900 0.700 -0.300 41 0 213
6.900 0.900 -0.300 40 0 214
6.900 1.100 -0.300 43 0 211
6.900 1.300 -0.300 47 0 207
6.900 1.500 -0.300 52 0 202
6.900 1.500 -0.100 67 0 187
6.900 1.500 0.100 54 0 200
6.900 1.500 0.300 63 0 191
6.900 1.500 0.500 86 0 168
6.900 1.500 0.700 103 0 151
6.900 1.500 0.900 105 0 149
6.900 1.500 1.100 126 0 128
7.100 -0.700 -0.300 56 0 198
7.100 -0.700 -0.100 73 0 181
7.100 -0.700 0.100 45 0 209
7.100 -0.700 0.300 60 0 194
7.100 -0.700 0.500 90 0 164
7.100 -0.700 0.700 102 0 152
7.100 -0.700 0.900 88 0 166
7.100 -0.700 1.100 85 0 169
7.100 -0.500 -0.300 50 0 204
7.100 -0.300 -0.300 45 0 209
7.100 -0.100 -0.300 99 0 155
7.100 0.100 -0.300 120 0 134
7.100 0.300 -0.300 110 0 144
7.100 0.500 -0.300 66 0 188
7.100 0.700 -0.300 33 0 221
7.100 0.900 -0.300 25 0 229
7.100 1.100 -0.300 42 0 212
7.100 1.300 -0.300 58 0 196
7.100 1.500 -0.300 62 0 192
7.100 1.500 -0.100 63 0 191
7.100 1.500 0.100 50 0 204
7.100 1.500 0.300 59 0 195
7.100 1.500 0.500 83 0 171
7.100 1.500 0.700 102 0 152
7.100 1.500 0.900 104 0 150
7.100 1.500 1.100 122 0 132
7.100 1.700 1.300 233 0 21
7.300 -0.700 -0.300 57 0 197
7.300 -0.700 -0.100 73 0 181
7.300 -0.700 0.100 46 0 208
7.300 -0.700 0.300 61 0 193
7.300 -0.700 0.500 85 0 169
7.300 -0.700 0.700 109 0 145
7.300 -0.700 0.900 94 0 160
7.300 -0.700 1.100 127 0 127
7.300 -0.500 -0.300 42 0 212
7.300 -0.300 -0.300 43 0 211
7.300 -0.100 -0.300 93 0 161
7.300 0.100 -0.300 114 0 140
7.300 0.300 -0.300 111 0 143
7.300 0.500 -0.300 70 0 184
7.300 0.700 -0.300 36 0 218
7.300 0.900 -0.300 37 0 217
7.300 1.100 -0.300 48 0 206
7.300 1.300 -0.300 52 0 202
7.300 1.500 -0.300 55 0 199
7.300 1.500 -0.100 69 0 185
7.300 1.500 0.100 56 0 198
7.300 1.500 0.300 64 0 190
7.300 1.500 0.500 87 0 167
7.300 1.500 0.700 105 0 149
7.300 1.500 0.900 102 0 152
7.300 1.500 1.100 126 0 128
7.300 1.700 1.100 202 0 52
7.300 1.700 1.300 221 0 33
7.500 -0.700 -0.300 55 0 199
7.500 -0.700 -0.100 70 0 184
7.500 -0.700 0.100 41 0 213
7.500 -0.700 0.300 57 0 197
7.500 -0.700 0.500 83 0 171
7.500 -0.700 0.700 100 0 154
7.500 -0.700 0.900 97 0 157
7.500 -0.700 1.100 111 0 143
7.500 -0.700 1.300 198 0 56
7.500 -0.500 -0.300 39 0 215
7.500 -0.300 -0.300 45 0 209
7.500 -0.100 -0.300 97 0 157
7.500 0.100 -0.300 117 0 137
7.500 0.300 -0.300 114 0 140
7.500 0.500 -0.300 75 0 179
7.500 0.700 -0.300 36 0 218
7.500 0.900 -0.300 32 0 222
7.500 1.100 -0.300 33 0 221
7.500 1.300 -0.300 48 0 206
7.500 1.500 -0.300 56 0 198
7.500 1.500 -0.100 65 0 189
7.500 1.500 0.100 52 0 202
7.500 1.500 0.300 60 0 194
7.500 1.500 0.500 82 0 172
7.500 1.500 0.700 100 0 154
7.500 1.500 0.900 103 0 151
7.500 1.500 1.100 138 0 116
7.500 1.500 1.300 234 0 20
7.500 1.700 1.100 149 0 105
7.500 1.700 1.300 197 0 57
7.700 -0.700 -0.300 62 0 192
7.700 -0.700 -0.100 70 0 184
7.700 -0.700 0.100 43 0 211
7.700 -0.700 0.300 54 0 200
7.700 -0.700 0.500 83 0 171
7.700 -0.700 0.700 102 0 152
7.700 -0.700 0.900 96 0 158
7.700 -0.700 1.100 90 0 164
7.700 -0.700 1.300 227 0 27
7.700 -0.500 -0.300 53 0 201
7.700 -0.300 -0.300 41 0 213
7.700 -0.100 -0.300 85 0 169
7.700 0.100 -0.300 112 0 142
7.700 0.300 -0.300 112 0 142
7.700 0.500 -0.300 74 0 180
7.700 0.700 -0.300 34 0 220
7.700 0.900 -0.300 30 0 224
7.700 1.100 -0.300 36 0 218
7.700 1.300 -0.300 53 0 201
7.700 1.500 -0.300 59 0 195
7.700 1.500 -0.100 72 0 182
7.700 1.500 0.100 57 0 197
7.700 1.500 0.300 64 0 190
7.700 1.500 0.500 86 0 168
7.700 1.500 0.700 105 0 149
7.700 1.500 0.900 99 0 155
7.700 1.500 1.100 136 0 118
7.700 1.500 1.300 158 0 96
7.700 1.700 1.100 137 0 117
7.700 1.700 1.300 234 0 20
7.900 -0.700 -0.300 58 0 196
7.900 -0.700 -0.100 67 0 187
7.900 -0.700 0.100 41 0 213
7.900 -0.700 0.300 52 0 202
7.900 -0.700 0.500 77 0 177
7.900 -0.700 0.700 102 0 152
7.900 -0.700 0.900 107 0 147
7.900 -0.700 1.100 105 0 149
7.900 -0.700 1.300 88 0 166
7.900 -0.500 -0.300 48 0 206
7.900 -0.300 -0.300 51 0 203
7.900 -0.100 -0.300 93 0 161
7.900 0.100 -0.300 110 0 144
7.900 0.300 -0.300 108 0 146
7.900 0.500 -0.300 78 0 176
7.900 0.700 -0.300 30 0 224
7.900 0.900 -0.300 32 0 222
7.900 1.100 -0.300 37 0 217
7.900 1.300 -0.300 57 0 197
7.900 1.500 -0.300 60 0 194
7.900 1.500 -0.100 68 0 186
7.900 1.500 0.100 53 0 201
7.900 1.500 0.300 62 0 192
7.900 1.500 0.500 81 0 173
7.900 1.500 0.700 104 0 150
7.900 1.500 0.900 102 0 152
7.900 1.500 1.100 146 0 108
7.900 1.500 1.300 255 0 0
7.900 1.700 0.900 122 0 132
7.900 1.700 1.100 130 0 124
7.900 1.700 1.300 237 0 17
8.100 -0.700 -0.300 58 0 196
8.100 -0.700 -0.100 70 0 184
8.100 -0.700 0.100 43 0 211
8.100 -0.700 0.300 54 0 200
8.100 -0.700 0.500 84 0 170
8.100 -0.700 0.700 101 0 153
8.100 -0.700 0.900 96 0 158
8.100 -0.700 1.100 99 0 155
8.100 -0.700 1.300 159 0 95
8.100 -0.500 -0.300 45 0 209
8.100 -0.300 -0.300 41 0 213
8.100 -0.100 -0.300 85 0 169
8.100 0.100 -0.300 118 0 136
8.100 0.300 -0.300 118 0 136
8.100 0.500 -0.300 90 0 164
8.100 0.700 -0.300 42 0 212
8.100 0.900 -0.300 43 0 211
8.100 1.100 -0.300 35 0 219
8.100 1.300 -0.300 50 0 204
8.100 1.500 -0.300 63 0 191
8.100 1.500 -0.100 68 0 186
8.100 1.500 0.100 58 0 196
8.100 1.500 0.300 62 0 192
8.100 1.500 0.500 86 0 168
8.100 1.500 0.700 107 0 147
8.100 1.500 0.900 101 0 153
8.100 1.500 1.100 134 0 120
8.100 1.500 1.300 212 0 42
8.100 1.700 -0.100 159 0 95
8.100 1.700 0.100 90 0 164
8.100 1.700 0.900 106 0 148
8.100 1.700 1.100 133 0 121
8.100 1.700 1.300 194 0 60
8.300 -0.700 -0.300 59 0 195
8.300 -0.700 -0.100 70 0 184
8.300 -0.700 0.100 43 0 211
8.300 -0.700 0.300 53 0 201
8.300 -0.700 0.500 82 0 172
8.300 -0.700 0.700 101 0 153
8.300 -0.700 0.900 97 0 157
8.300 -0.700 1.100 116 0 138
8.300 -0.700 1.300 183 0 71
8.300 -0.500 -0.300 39 0 215
8.300 -0.300 -0.300 46 0 208
8.300 -0.100 -0.300 93 0 161
8.300 0.100 -0.300 126 0 128
8.300 0.300 -0.300 138 0 116
8.300 0.500 -0.300 103 0 151
8.300 0.700 -0.300 55 0 199
8.300 0.900 -0.300 45 0 209
8.300 1.100 -0.300 35 0 219
8.300 1.300 -0.300 49 0 205
8.300 1.500 -0.300 59 0 195
8.300 1.500 -0.100 62 0 192
8.300 1.500 0.100 49 0 205
8.300 1.500 0.300 62 0 192
8.300 1.500 0.500 81 0 173
8.300 1.500 0.700 103 0 151
8.300 1.500 0.900 103 0 151
8.300 1.500 1.100 137 0 117
8.300 1.500 1.300 185 0 69
8.300 1.700 -0.100 123 0 131
8.300 1.700 0.100 91 0 163
8.300 1.700 0.300 109 0 145
8.300 1.700 0.900 93 0 161
8.300 1.700 1.100 121 0 133
8.300 1.700 1.300 185 0 69
8.500 -0.700 -0.300 63 0 191
8.500 -0.700 -0.100 68 0 186
8.500 -0.700 0.100 41 0 213
8.500 -0.700 0.300 54 0 200
8.500 -0.700 0.500 86 0 168
8.500 -0.700 0.700 99 0 155
8.500 -0.700 0.900 98 0 156
8.500 -0.700 1.100 127 0 127
8.500 -0.700 1.300 207 0 47
8.500 -0.500 -0.300 47 0 207
8.500 -0.300 -0.300 39 0 215
8.500 -0.100 -0.300 95 0 159
8.500 0.100 -0.300 124 0 130
8.500 0.300 -0.300 126 0 128
8.500 0.500 -0.300 103 0 151
8.500 0.700 -0.300 41 0 213
8.500 0.900 -0.300 43 0 211
8.500 1.100 -0.300 35 0 219
8.500 1.300 -0.300 50 0 204
8.500 1.500 -0.300 61 0 193
8.500 1.500 -0.100 54 0 200
8.500 1.500 0.100 34 0 220
8.500 1.500 0.300 55 0 199
8.500 1.500 0.500 81 0 173
8.500 1.500 0.700 107 0 147
8.500 1.500 0.900 103 0 151
8.500 1.500 1.100 130 0 124
8.500 1.700 -0.300 101 0 153
8.500 1.700 -0.100 84 0 170
8.500 1.700 0.100 78 0 176
8.500 1.700 0.300 106 0 148
8.500 1.700 0.500 143 0 111
8.500 1.700 0.900 126 0 128
8.500 1.700 1.100 138 0 116
8.500 1.700 1.300 197 0 57
8.500 1.700 1.500 255 0 0
8.700 -0.700 -0.300 54 0 200
8.700 -0.700 -0.100 67 0 187
8.700 -0.700 0.100 42 0 212
8.700 -0.700 0.300 52 0 202
8.700 -0.700 0.500 81 0 173
8.700 -0.700 0.700 99 0 155
8.700 -0.700 0.900 93 0 161
8.700 -0.700 1.100 131 0 123
8.700 -0.700 1.300 248 0 6
8.700 -0.500 -0.300 50 0 204
8.700 -0.300 -0.300 45 0 209
8.700 -0.100 -0.300 91 0 163
8.700 0.100 -0.300 111 0 143
8.700 0.300 -0.300 118 0 136
8.700 0.500 -0.300 98 0 156
8.700 0.700 -0.300 45 0 209
8.700 0.900 -0.300 27 0 227
8.700 1.100 -0.300 29 0 225
8.700 1.300 -0.300 34 0 220
8.700 1.500 -0.300 50 0 204
8.700 1.500 -0.100 32 0 222
8.700 1.500 0.100 30 0 224
8.700 1.500 0.300 40 0 214
8.700 1.500 0.500 68 0 186
8.700 1.500 0.700 95 0 159
8.700 1.500 0.900 100 0 154
8.700 1.700 -0.300 82 0 172
8.700 1.700 -0.100 77 0 177
8.700 1.700 0.100 57 0 197
8.700 1.700 0.300 85 0 169
8.700 1.700 0.500 123 0 131
8.700 1.700 0.700 157 0 97
8.700 1.700 0.900 128 0 126
8.700 1.700 1.100 122 0 132
8.700 1.700 1.300 186 0 68
8.700 1.700 1.500 255 0 0
8.900 -0.700 -0.300 48 0 206
8.900 -0.700 -0.100 50 0 204
8.900 -0.700 0.100 31 0 223
8.900 -0.700 0.300 45 0 209
8.900 -0.700 0.500 70 0 184
8.900 -0.700 0.700 89 0 165
8.900 -0.700 0.900 96 0 158
8.900 -0.700 1.100 86 0 168
8.900 -0.700 1.300 138 0 116
8.900 -0.700 1.500 228 0 26
8.900 -0.500 -0.300 35 0 219
8.900 -0.300 -0.300 33 0 221
8.900 -0.100 -0.300 91 0 163
8.900 0.100 -0.300 123 0 131
8.900 0.300 -0.300 128 0 126
8.900 0.500 -0.300 103 0 151
8.900 0.700 -0.300 55 0 199
8.900 0.900 -0.300 41 0 213
8.900 1.100 -0.300 34 0 220
8.900 1.300 -0.300 28 0 226
8.900 1.500 -0.300 47 0 207
8.900 1.500 -0.100 27 0 227
8.900 1.500 0.100 25 0 229
8.900 1.500 0.300 28 0 226
8.900 1.500 0.500 53 0 201
8.900 1.500 0.700 72 0 182
8.900 1.500 0.900 92 0 162
8.900 1.500 1.100 85 0 169
8.900 1.700 -0.300 69 0 185
8.900 1.700 -0.100 69 0 185
8.900 1.700 0.100 52 0 202
8.900 1.700 0.300 65 0 189
8.900 1.700 0.500 100 0 154
8.900 1.700 0.700 141 0 113
8.900 1.700 0.900 126 0 128
8.900 1.700 1.100 132 0 122
8.900 1.700 1.300 216 0 38
8.900 1.700 1.500 238 0 16
9.100 -0.700 -0.300 46 0 208
9.100 -0.700 -0.100 38 0 216
9.100 -0.700 0.100 22 0 232
9.100 -0.700 0.300 42 0 212
9.100 -0.700 0.500 68 0 186
9.100 -0.700 0.700 80 0 174
9.100 -0.700 0.900 80 0 174
9.100 -0.700 1.100 117 0 137
9.100 -0.700 1.300 174 0 80
9.100 -0.700 1.500 235 0 19
9.100 -0.500 -0.300 49 0 205
9.100 -0.300 -0.300 46 0 208
9.100 -0.100 -0.300 101 0 153
9.100 0.100 -0.300 131 0 123
9.100 0.300 -0.300 143 0 111
9.100 0.500 -0.300 120 0 134
9.100 0.700 -0.300 61 0 193
9.100 0.900 -0.300 35 0 219
9.100 1.100 -0.300 28 0 226
9.100 1.300 -0.300 26 0 228
9.100 1.500 -0.300 47 0 207
9.100 1.500 0.100 14 0 240
9.100 1.500 0.300 28 0 226
9.100 1.500 0.500 54 0 200
9.100 1.500 0.700 62 0 192
9.100 1.500 0.900 83 0 171
9.100 1.500 1.100 113 0 141
9.100 1.500 1.300 188 0 66
9.100 1.500 1.500 241 0 13
9.100 1.700 -0.300 65 0 189
9.100 1.700 -0.100 65 0 189
9.100 1.700 0.100 49 0 205
9.100 1.700 0.300 61 0 193
9.100 1.700 0.500 84 0 170
9.100 1.700 0.700 113 0 141
9.100 1.700 0.900 115 0 139
9.100 1.700 1.100 120 0 134
9.100 1.700 1.300 188 0 66
9.100 1.700 1.500 221 0 33
9.300 -0.700 -0.300 43 0 211
9.300 -0.700 -0.100 33 0 221
9.300 -0.700 0.100 19 0 235
9.300 -0.700 0.300 44 0 210
9.300 -0.700 0.500 68 0 186
9.300 -0.700 0.700 71 0 183
9.300 -0.700 0.900 83 0 171
9.300 -0.700 1.300 197 0 57
9.300 -0.500 -0.300 54 0 200
9.300 -0.500 -0.100 69 0 185
9.300 -0.300 -0.300 47 0 207
9.300 -0.100 -0.300 95 0 159
9.300 0.100 -0.300 118 0 136
9.300 0.300 -0.300 126 0 128
9.300 0.500 -0.300 109 0 145
9.300 0.700 -0.300 53 0 201
9.300 0.900 -0.300 24 0 230
9.300 1.100 -0.300 27 0 227
9.300 1.300 -0.300 28 0 226
9.300 1.500 -0.300 53 0 201
9.300 1.500 -0.100 28 0 226
9.300 1.500 0.500 37 0 217
9.300 1.500 0.700 78 0 176
9.300 1.500 0.900 79 0 175
9.300 1.700 -0.300 61 0 193
9.300 1.700 -0.100 60 0 194
9.300 1.700 0.100 46 0 208
9.300 1.700 0.300 57 0 197
9.300 1.700 0.500 76 0 178
9.300 1.700 0.700 93 0 161
9.300 1.700 0.900 103 0 151
9.300 1.700 1.100 127 0 127
9.300 1.700 1.300 183 0 71
9.300 1.700 1.500 199 0 55
9.500 -0.700 -0.300 41 0 213
9.500 -0.700 -0.100 30 0 224
9.500 -0.700 0.100 21 0 233
9.500 -0.700 0.300 48 0 206
9.500 -0.700 0.500 73 0 181
9.500 -0.700 0.700 76 0 178
9.500 -0.700 0.900 82 0 172
9.500 -0.700 1.100 76 0 178
9.500 -0.700 1.300 166 0 88
9.500 -0.500 -0.300 39 0 215
9.500 -0.500 -0.100 24 0 230
9.500 -0.500 0.100 39 0 215
9.500 -0.500 0.300 79 0 175
9.500 -0.500 0.500 104 0 150
9.500 -0.300 -0.300 41 0 213
9.500 -0.100 -0.300 101 0 153
9.500 0.100 -0.300 113 0 141
9.500 0.300 -0.300 112 0 142
9.500 0.500 -0.300 97 0 157
9.500 0.700 -0.300 61 0 193
9.500 0.900 -0.300 20 0 234
9.500 1.100 -0.300 21 0 233
9.500 1.300 -0.300 25 0 229
9.500 1.500 -0.300 38 0 216
9.500 1.500 0.700 64 0 190
9.500 1.500 0.900 78 0 176
9.500 1.700 -0.300 54 0 200
9.500 1.700 -0.100 57 0 197
9.500 1.700 0.100 45 0 209
9.500 1.700 0.300 58 0 196
9.500 1.700 0.500 71 0 183
9.500 1.700 0.700 88 0 166
9.500 1.700 0.900 91 0 163
9.500 1.700 1.100 117 0 137
9.500 1.700 1.300 248 0 6
9.500 1.700 1.500 255 0 0
9.700 -0.700 -0.300 35 0 219
9.700 -0.700 -0.100 34 0 220
9.700 -0.700 0.100 20 0 234
9.700 -0.700 0.300 43 0 211
9.700 -0.700 0.500 69 0 185
9.700 -0.700 0.700 75 0 179
9.700 -0.700 0.900 81 0 173
9.700 -0.700 1.100 71 0 183
9.700 -0.700 1.300 106 0 148
9.700 -0.700 1.500 224 0 30
9.700 -0.500 -0.300 39 0 215
9.700 -0.500 -0.100 19 0 235
9.700 -0.500 0.100 30 0 224
9.700 -0.500 0.300 80 0 174
9.700 -0.500 0.500 110 0 144
9.700 -0.500 0.700 72 0 182
9.700 -0.300 -0.300 35 0 219
9.700 -0.100 -0.300 85 0 169
9.700 0.100 -0.300 109 0 145
9.700 0.300 -0.300 115 0 139
9.700 0.500 -0.300 110 0 144
9.700 0.700 -0.300 69 0 185
9.700 0.900 -0.300 31 0 223
9.700 1.100 -0.300 32 0 222
9.700 1.300 -0.300 23 0 231
9.700 1.500 -0.300 31 0 223
9.700 1.500 0.900 82 0 172
9.700 1.700 -0.300 45 0 209
9.700 1.700 -0.100 37 0 217
9.700 1.700 0.100 26 0 228
9.700 1.700 0.300 42 0 212
9.700 1.700 0.500 57 0 197
9.700 1.700 0.700 72 0 182
9.700 1.700 0.900 88 0 166
9.700 1.700 1.100 116 0 138
9.700 1.700 1.300 229 0 25
9.700 1.700 1.500 235 0 19
9.900 -0.700 -0.300 2 0 252
9.900 -0.700 -0.100 37 0 217
9.900 -0.700 0.100 21 0 233
9.900 -0.700 0.300 31 0 223
9.900 -0.700 0.500 60 0 194
9.900 -0.700 0.700 72 0 182
9.900 -0.700 0.900 79 0 175
9.900 -0.700 1.100 84 0 170
9.900 -0.700 1.300 146 0 108
9.900 -0.700 1.500 183 0 71
9.900 -0.500 -0.300 36 0 218
9.900 -0.500 -0.100 23 0 231
9.900 -0.500 0.100 28 0 226
9.900 -0.500 0.300 78 0 176
9.900 -0.500 0.500 106 0 148
9.900 -0.500 0.700 78 0 176
9.900 -0.500 0.900 85 0 169
9.900 -0.300 -0.300 33 0 221
9.900 -0.100 -0.300 94 0 160
9.900 0.100 -0.300 123 0 131
9.900 0.300 -0.300 133 0 121
9.900 0.500 -0.300 136 0 118
9.900 0.700 -0.300 71 0 183
9.900 0.900 -0.300 27 0 227
9.900 1.100 -0.300 32 0 222
9.900 1.300 -0.300 30 0 224
9.900 1.500 -0.300 29 0 225
9.900 1.700 -0.300 31 0 223
9.900 1.700 -0.100 18 0 236
9.900 1.700 0.100 11 0 243
9.900 1.700 0.300 23 0 231
9.900 1.700 0.500 50 0 204
9.900 1.700 0.700 70 0 184
9.900 1.700 0.900 85 0 169
9.900 1.700 1.100 109 0 145
9.900 1.700 1.300 187 0 67
9.900 1.700 1.500 227 0 27
9.900 1.700 1.700 255 0 0
10.100 -0.700 -0.300 0 0 255
10.100 -0.700 -0.100 39 0 215
10.100 -0.700 0.100 16 0 238
10.100 -0.700 0.300 16 0 238
10.100 -0.700 0.500 46 0 208
10.100 -0.700 0.700 63 0 191
10.100 -0.700 0.900 81 0 173
10.100 -0.700 1.100 124 0 130
10.100 -0.700 1.500 227 0 27
10.100 -0.500 -0.300 44 0 210
10.100 -0.500 -0.100 24 0 230
10.100 -0.500 0.100 27 0 227
10.100 -0.500 0.300 70 0 184
10.100 -0.500 0.500 98 0 156
10.100 -0.500 0.700 90 0 164
10.100 -0.500 0.900 85 0 169
10.100 -0.300 -0.300 48 0 206
10.100 -0.100 -0.300 94 0 160
10.100 0.100 -0.300 108 0 146
10.100 0.300 -0.300 114 0 140
10.100 0.500 -0.300 100 0 154
10.100 0.700 -0.300 79 0 175
10.100 0.900 -0.300 33 0 221
10.100 1.100 -0.300 34 0 220
10.100 1.300 -0.300 27 0 227
10.100 1.500 -0.300 26 0 228
10.100 1.700 -0.300 29 0 225
10.100 1.700 -0.100 12 0 242
10.100 1.700 0.100 8 0 246
10.100 1.700 0.300 20 0 234
10.100 1.700 0.500 47 0 207
10.100 1.700 0.700 67 0 187
10.100 1.700 0.900 86 0 168
10.100 1.700 1.100 97 0 157
10.100 1.700 1.300 132 0 122
10.100 1.700 1.500 255 0 0
10.300 -0.700 -0.100 28 0 226
10.300 -0.700 0.100 9 0 245
10.300 -0.700 0.300 10 0 244
10.300 -0.700 0.500 35 0 219
10.300 -0.700 0.700 63 0 191
10.300 -0.700 0.900 61 0 193
10.300 -0.700 1.100 84 0 170
10.300 -0.700 1.300 75 0 179
10.300 -0.700 1.500 46 0 208
10.300 -0.500 -0.300 42 0 212
10.300 -0.500 -0.100 26 0 228
10.300 -0.500 0.100 19 0 235
10.300 -0.500 0.300 37 0 217
10.300 -0.500 0.500 87 0 167
10.300 -0.500 0.700 86 0 168
10.300 -0.500 0.900 85 0 169
10.300 -0.300 -0.300 42 0 212
10.300 -0.100 -0.300 84 0 170
10.300 0.100 -0.300 111 0 143
10.300 0.300 -0.300 133 0 121
10.300 0.500 -0.300 125 0 129
10.300 0.700 -0.300 90 0 164
10.300 0.900 -0.300 32 0 222
10.300 1.100 -0.300 28 0 226
10.300 1.300 -0.300 19 0 235
10.300 1.500 -0.300 26 0 228
10.300 1.500 -0.100 10 0 244
10.300 1.500 0.100 4 0 250
10.300 1.500 0.300 15 0 239
10.300 1.500 0.500 47 0 207
10.300 1.500 0.700 81 0 173
10.300 1.700 -0.300 27 0 227
10.300 1.700 -0.100 10 0 244
10.300 1.700 0.100 7 0 247
10.300 1.700 0.300 18 0 236
10.300 1.700 0.500 48 0 206
10.300 1.700 0.700 74 0 180
10.300 1.700 0.900 92 0 162
10.300 1.700 1.300 179 0 75
10.300 1.700 1.500 189 0 65
10.300 2.300 1.700 200 0 54
10.500 -0.700 -0.300 45 0 209
10.500 -0.700 -0.100 7 0 247
10.500 -0.700 0.100 19 0 235
10.500 -0.700 0.300 41 0 213
10.500 -0.700 0.500 68 0 186
10.500 -0.700 0.700 86 0 168
10.500 -0.700 0.900 90 0 164
10.500 -0.700 1.100 96 0 158
10.500 -0.700 1.500 233 0 21
10.500 -0.500 -0.300 44 0 210
10.500 -0.500 -0.100 22 0 232
10.500 -0.500 0.100 18 0 236
10.500 -0.500 0.300 34 0 220
10.500 -0.500 0.500 63 0 191
10.500 -0.500 0.700 83 0 171
10.500 -0.500 0.900 90 0 164
10.500 -0.300 -0.300 51 0 203
10.500 -0.100 -0.300 104 0 150
10.500 0.100 -0.300 121 0 133
10.500 0.300 -0.300 131 0 123
10.500 0.500 -0.300 133 0 121
10.500 0.700 -0.300 97 0 157
10.500 0.900 -0.300 19 0 235
10.500 1.100 -0.300 24 0 230
10.500 1.300 -0.300 22 0 232
10.500 1.500 -0.300 20 0 234
10.500 1.500 -0.100 7 0 247
10.500 1.500 0.100 1 0 253
10.500 1.500 0.300 15 0 239
10.500 1.500 0.500 46 0 208
10.500 1.500 0.700 70 0 184
10.500 1.700 -0.300 24 0 230
10.500 1.700 -0.100 10 0 244
10.500 1.700 0.100 5 0 249
10.500 1.700 0.300 15 0 239
10.500 1.700 0.500 43 0 211
10.500 1.700 0.700 81 0 173
10.500 1.700 0.900 94 0 160
10.500 1.700 1.100 111 0 143
10.500 1.700 1.300 177 0 77
10.500 1.700 1.500 222 0 32
10.500 1.700 1.700 202 0 52
10.700 -0.700 -0.300 49 0 205
10.700 -0.700 -0.100 23 0 231
10.700 -0.700 0.100 14 0 240
10.700 -0.700 0.300 72 0 182
10.700 -0.700 0.500 95 0 159
10.700 -0.700 0.700 88 0 166
10.700 -0.700 0.900 86 0 168
10.700 -0.700 1.100 90 0 164
10.700 -0.700 1.300 129 0 125
10.700 -0.700 1.500 155 0 99
10.700 -0.700 1.700 160 0 94
10.700 -0.500 -0.300 40 0 214
10.700 -0.500 -0.100 18 0 236
10.700 -0.500 0.100 16 0 238
10.700 -0.500 0.300 44 0 210
10.700 -0.500 0.500 77 0 177
10.700 -0.500 0.700 86 0 168
10.700 -0.500 0.900 80 0 174
10.700 -0.500 1.100 90 0 164
10.700 -0.500 1.300 73 0 181
10.700 -0.500 1.500 203 0 51
10.700 -0.500 1.700 228 0 26
10.700 -0.300 -0.300 42 0 212
10.700 -0.100 -0.300 87 0 167
10.700 0.100 -0.300 114 0 140
10.700 0.300 -0.300 121 0 133
10.700 0.500 -0.300 114 0 140
10.700 0.700 -0.300 72 0 182
10.700 0.900 -0.300 36 0 218
10.700 1.100 -0.300 29 0 225
10.700 1.300 -0.300 21 0 233
10.700 1.500 -0.300 20 0 234
10.700 1.500 -0.100 4 0 250
10.700 1.500 0.100 0 0 255
10.700 1.500 0.300 14 0 240
10.700 1.500 0.500 48 0 206
10.700 1.500 0.700 69 0 185
10.700 1.700 -0.300 23 0 231
10.700 1.700 -0.100 12 0 242
10.700 1.700 0.700 81 0 173
10.700 1.700 0.900 94 0 160
10.700 1.700 1.100 105 0 149
10.700 1.700 1.300 148 0 106
10.700 1.700 1.500 187 0 67
10.700 1.700 1.700 214 0 40
10.700 2.300 1.700 65 0 189
10.900 -0.700 -0.300 45 0 209
10.900 -0.700 -0.100 31 0 223
10.900 -0.700 0.700 92 0 162
10.900 -0.700 0.900 75 0 179
10.900 -0.700 1.100 73 0 181
10.900 -0.700 1.300 119 0 135
10.900 -0.700 1.500 135 0 119
10.900 -0.700 1.700 199 0 55
10.900 -0.500 -0.300 45 0 209
10.900 -0.500 -0.100 19 0 235
10.900 -0.500 0.100 14 0 240
10.900 -0.500 0.300 40 0 214
10.900 -0.500 0.500 71 0 183
10.900 -0.500 0.700 93 0 161
10.900 -0.500 0.900 83 0 171
10.900 -0.500 1.100 103 0 151
10.900 -0.500 1.700 231 0 23
10.900 -0.300 -0.300 43 0 211
10.900 -0.100 -0.300 95 0 159
10.900 0.100 -0.300 118 0 136
10.900 0.300 -0.300 133 0 121
10.900 0.500 -0.300 134 0 120
10.900 0.700 -0.300 108 0 146
10.900 0.900 -0.300 39 0 215
10.900 1.100 -0.300 26 0 228
10.900 1.300 -0.300 19 0 235
10.900 1.500 -0.300 19 0 235
10.900 1.500 -0.100 2 0 252
10.900 1.500 0.100 0 0 255
10.900 1.500 0.300 11 0 243
10.900 1.500 0.500 49 0 205
10.900 1.500 0.700 60 0 194
10.900 1.700 -0.300 20 0 234
10.900 1.700 -0.100 13 0 241
10.900 1.700 0.700 83 0 171
10.900 1.700 0.900 95 0 159
10.900 1.700 1.100 92 0 162
10.900 1.700 1.300 140 0 114
10.900 1.700 1.500 183 0 71
10.900 1.700 1.700 204 0 50
10.900 2.300 1.700 166 0 88
11.100 -1.100 1.700 164 0 90
11.100 -0.700 -0.300 44 0 210
11.100 -0.700 -0.100 38 0 216
11.100 -0.700 0.700 72 0 182
11.100 -0.700 0.900 67 0 187
11.100 -0.700 1.100 88 0 166
11.100 -0.700 1.300 138 0 116
11.100 -0.700 1.700 123 0 131
11.100 -0.500 -0.300 44 0 210
11.100 -0.500 -0.100 12 0 242
11.100 -0.500 0.100 8 0 246
11.100 -0.500 0.300 24 0 230
11.100 -0.500 0.500 66 0 188
11.100 -0.500 0.700 89 0 165
11.100 -0.500 0.900 84 0 170
11.100 -0.500 1.700 0 0 255
11.100 -0.300 -0.300 58 0 196
11.100 -0.100 -0.300 86 0 168
11.100 0.100 -0.300 105 0 149
11.100 0.300 -0.300 108 0 146
11.100 0.500 -0.300 110 0 144
11.100 0.700 -0.300 82 0 172
11.100 0.900 -0.300 43 0 211
11.100 1.100 -0.300 11 0 243
11.100 1.300 -0.300 15 0 239
11.100 1.500 -0.300 18 0 236
11.100 1.500 -0.100 2 0 252
11.100 1.500 0.100 0 0 255
11.100 1.500 0.300 8 0 246
11.100 1.500 0.500 42 0 212
11.100 1.500 0.700 62 0 192
11.100 1.700 -0.300 20 0 234
11.100 1.700 -0.100 9 0 245
11.100 1.700 0.700 76 0 178
11.100 1.700 0.900 84 0 170
11.100 1.700 1.100 108 0 146
11.100 1.700 1.300 153 0 101
11.100 1.700 1.500 137 0 117
11.100 1.700 1.700 188 0 66
11.100 1.900 1.100 112 0 142
11.100 1.900 1.300 153 0 101
11.100 1.900 1.500 210 0 44
11.100 1.900 1.700 255 0 0
11.100 2.300 1.700 156 0 98
11.100 2.500 1.500 124 0 130
11.100 2.500 1.700 172 0 82
11.100 2.500 1.900 253 0 1
11.100 2.700 1.700 190 0 64
11.300 -1.100 1.500 108 0 146
11.300 -1.100 1.700 118 0 136
11.300 -0.700 -0.300 32 0 222
11.300 -0.700 -0.100 32 0 222
11.300 -0.700 0.700 69 0 185
11.300 -0.700 0.900 68 0 186
11.300 -0.700 1.100 78 0 176
11.300 -0.700 1.300 111 0 143
11.300 -0.700 1.500 231 0 23
11.300 -0.700 1.700 142 0 112
11.300 -0.500 -0.300 38 0 216
11.300 -0.500 -0.100 28 0 226
11.300 -0.500 0.100 44 0 210
11.300 -0.500 0.300 96 0 158
11.300 -0.500 0.500 121 0 133
11.300 -0.500 0.700 83 0 171
11.300 -0.500 0.900 90 0 164
11.300 -0.500 1.700 122 0 132
11.300 -0.300 -0.300 42 0 212
11.300 -0.100 -0.300 81 0 173
11.300 0.100 -0.300 109 0 145
11.300 0.300 -0.300 119 0 135
11.300 0.500 -0.300 125 0 129
11.300 0.700 -0.300 109 0 145
11.300 0.900 -0.300 45 0 209
11.300 1.100 -0.300 23 0 231
11.300 1.300 -0.300 14 0 240
11.300 1.500 -0.300 11 0 243
11.300 1.500 -0.100 11 0 243
11.300 1.500 0.300 18 0 236
11.300 1.500 0.500 29 0 225
11.300 1.500 0.700 61 0 193
11.300 1.700 -0.300 18 0 236
11.300 1.700 -0.100 10 0 244
11.300 1.700 0.100 0 0 255
11.300 1.700 0.300 12 0 242
11.300 1.700 0.500 70 0 184
11.300 1.700 0.700 71 0 183
11.300 1.700 0.900 84 0 170
11.300 1.700 1.100 104 0 150
11.300 1.700 1.300 129 0 125
11.300 1.700 1.500 153 0 101
11.300 1.700 1.700 201 0 53
11.300 1.700 1.900 238 0 16
11.300 1.900 1.100 98 0 156
11.300 1.900 1.300 148 0 106
11.300 1.900 1.500 190 0 64
11.300 1.900 1.700 255 0 0
11.500 -1.100 1.700 127 0 127
11.500 -0.900 1.300 100 0 154
11.500 -0.900 1.500 133 0 121
11.500 -0.900 1.700 162 0 92
11.500 -0.700 0.900 92 0 162
11.500 -0.700 1.100 91 0 163
11.500 -0.700 1.300 115 0 139
11.500 -0.700 1.500 138 0 116
11.500 -0.700 1.700 151 0 103
11.500 -0.500 -0.300 41 0 213
11.500 -0.500 -0.100 27 0 227
11.500 -0.500 0.100 12 0 242
11.500 -0.500 0.300 88 0 166
11.500 -0.500 0.500 85 0 169
11.500 -0.500 0.700 91 0 163
11.500 -0.500 0.900 86 0 168
11.500 -0.500 1.100 94 0 160
11.500 -0.500 1.300 107 0 147
11.500 -0.500 1.500 128 0 126
11.500 -0.500 1.700 108 0 146
11.500 -0.300 -0.300 44 0 210
11.500 -0.100 -0.300 85 0 169
11.500 0.100 -0.300 96 0 158
11.500 0.300 -0.300 123 0 131
11.500 0.500 -0.300 132 0 122
11.500 0.700 -0.300 114 0 140
11.500 0.900 -0.300 64 0 190
11.500 1.100 -0.300 22 0 232
11.500 1.300 -0.300 22 0 232
11.500 1.500 -0.300 17 0 237
11.500 1.700 -0.300 14 0 240
11.500 1.700 -0.100 0 0 255
11.500 1.700 0.100 0 0 255
11.500 1.700 0.300 11 0 243
11.500 1.700 0.500 52 0 202
11.500 1.700 0.700 73 0 181
11.500 1.700 0.900 80 0 174
11.500 1.700 1.100 99 0 155
11.500 1.700 1.300 137 0 117
11.500 1.700 1.500 167 0 87
11.500 1.700 1.700 181 0 73
11.500 1.700 1.900 156 0 98
11.500 1.900 1.100 105 0 149
11.500 1.900 1.300 120 0 134
11.500 1.900 1.500 173 0 81
11.500 1.900 1.700 206 0 48
11.500 2.100 1.300 117 0 137
11.500 2.100 1.500 161 0 93
11.500 2.100 1.700 255 0 0
11.500 2.300 1.300 116 0 138
11.500 2.300 1.500 146 0 108
11.500 2.300 1.700 174 0 80
11.700 -1.300 1.700 90 0 164
11.700 -1.100 1.700 136 0 118
11.700 -1.100 1.900 155 0 99
11.700 -0.900 1.300 91 0 163
11.700 -0.900 1.500 159 0 95
11.700 -0.500 -0.300 31 0 223
11.700 -0.500 -0.100 24 0 230
11.700 -0.500 0.100 24 0 230
11.700 -0.500 0.300 73 0 181
11.700 -0.500 0.500 99 0 155
11.700 -0.500 0.700 97 0 157
11.700 -0.500 0.900 93 0 161
11.700 -0.500 1.100 93 0 161
11.700 -0.500 1.300 100 0 154
11.700 -0.500 1.500 81 0 173
11.700 -0.500 1.700 60 0 194
11.700 -0.500 1.900 101 0 153
11.700 -0.300 -0.300 52 0 202
11.700 -0.100 -0.300 86 0 168
11.700 0.100 -0.300 118 0 136
11.700 0.300 -0.300 135 0 119
11.700 0.500 -0.300 137 0 117
11.700 0.700 -0.300 117 0 137
11.700 0.900 -0.300 67 0 187
11.700 1.100 -0.300 36 0 218
11.700 1.100 1.900 22 0 232
11.700 1.300 -0.300 22 0 232
11.700 1.300 1.900 27 0 227
11.700 1.500 -0.300 13 0 241
11.700 1.500 1.900 26 0 228
11.700 1.700 -0.300 15 0 239
11.700 1.700 -0.100 0 0 255
11.700 1.700 0.100 0 0 255
11.700 1.700 0.300 11 0 243
11.700 1.700 0.500 49 0 205
11.700 1.700 0.700 73 0 181
11.700 1.700 0.900 81 0 173
11.700 1.700 1.100 94 0 160
11.700 1.700 1.300 121 0 133
11.700 1.700 1.500 153 0 101
11.700 1.700 1.700 169 0 85
11.700 1.700 1.900 136 0 118
11.700 1.900 1.500 158 0 96
11.700 1.900 1.700 255 0 0
11.700 1.900 1.900 255 0 0
11.700 2.100 1.300 98 0 156
11.700 2.100 1.500 127 0 127
11.700 2.100 1.700 237 0 17
11.700 2.300 1.500 111 0 143
11.900 -0.500 -0.300 38 0 216
11.900 -0.500 -0.100 27 0 227
11.900 -0.500 0.100 28 0 226
11.900 -0.500 0.300 68 0 186
11.900 -0.500 0.500 91 0 163
11.900 -0.500 0.700 92 0 162
11.900 -0.500 0.900 92 0 162
11.900 -0.500 1.100 73 0 181
11.900 -0.500 1.300 78 0 176
11.900 -0.500 1.500 57 0 197
11.900 -0.500 1.700 60 0 194
11.900 -0.500 1.900 0 0 255
11.900 -0.300 -0.300 46 0 208
11.900 -0.300 1.900 5 0 249
11.900 -0.100 -0.300 93 0 161
11.900 -0.100 1.900 22 0 232
11.900 0.100 -0.300 114 0 140
11.900 0.100 1.900 36 0 218
11.900 0.300 -0.300 111 0 143
11.900 0.300 1.900 40 0 214
11.900 0.500 -0.300 124 0 130
11.900 0.500 1.900 44 0 210
11.900 0.700 -0.300 119 0 135
11.900 0.700 1.900 30 0 224
11.900 0.900 -0.300 72 0 182
11.900 0.900 1.900 13 0 241
11.900 1.100 -0.300 40 0 214
11.900 1.100 1.900 0 0 255
11.900 1.300 -0.300 31 0 223
11.900 1.300 1.900 4 0 250
11.900 1.500 -0.300 12 0 242
11.900 1.500 1.900 13 0 241
11.900 1.700 -0.300 4 0 250
11.900 1.700 -0.100 0 0 255
11.900 1.700 0.100 0 0 255
11.900 1.700 0.300 11 0 243
11.900 1.700 0.500 52 0 202
11.900 1.700 0.700 69 0 185
11.900 1.700 0.900 80 0 174
11.900 1.700 1.100 98 0 156
11.900 1.700 1.300 117 0 137
11.900 1.700 1.500 118 0 136
11.900 1.700 1.700 130 0 124
11.900 1.700 1.900 117 0 137
11.900 1.900 1.700 108 0 146
11.900 1.900 1.900 255 0 0
12.100 -0.500 -0.300 35 0 219
12.100 -0.500 -0.100 13 0 241
12.100 -0.500 0.100 19 0 235
12.100 -0.500 0.500 89 0 165
12.100 -0.500 0.700 105 0 149
12.100 -0.500 0.900 69 0 185
12.100 -0.500 1.700 2 0 252
12.100 -0.500 1.900 0 0 255
12.100 -0.300 -0.300 47 0 207
12.100 -0.300 1.900 7 0 247
12.100 -0.100 -0.300 82 0 172
12.100 -0.100 1.900 26 0 228
12.100 0.100 -0.300 114 0 140
12.100 0.100 1.900 34 0 220
12.100 0.300 -0.300 118 0 136
12.100 0.300 1.900 44 0 210
12.100 0.500 -0.300 131 0 123
12.100 0.500 1.900 48 0 206
12.100 0.700 -0.300 113 0 141
12.100 0.700 1.900 32 0 222
12.100 0.900 -0.300 65 0 189
12.100 0.900 1.900 23 0 231
12.100 1.100 -0.300 29 0 225
12.100 1.100 1.900 6 0 248
12.100 1.300 -0.300 24 0 230
12.100 1.300 1.900 36 0 218
12.100 1.500 -0.300 0 0 255
12.100 1.500 1.900 12 0 242
12.100 1.700 -0.300 4 0 250
12.100 1.700 -0.100 0 0 255
12.100 1.700 0.100 0 0 255
12.100 1.700 0.300 5 0 249
12.100 1.700 0.700 84 0 170
12.100 1.700 1.900 108 0 146
12.100 1.900 1.700 255 0 0
12.100 1.900 1.900 255 0 0
12.100 2.100 1.900 201 0 53
12.300 -0.700 -0.300 0 0 255
12.300 -0.500 -0.300 19 0 235
12.300 -0.500 1.900 0 0 255
12.300 -0.300 -0.300 36 0 218
12.300 -0.300 1.900 7 0 247
12.300 -0.100 -0.300 68 0 186
12.300 -0.100 1.900 18 0 236
12.300 0.100 -0.300 94 0 160
12.300 0.100 1.900 17 0 237
12.300 0.300 -0.300 92 0 162
12.300 0.300 1.900 26 0 228
12.300 0.500 -0.300 120 0 134
12.300 0.500 1.900 29 0 225
12.300 0.700 -0.300 105 0 149
12.300 0.700 1.900 22 0 232
12.300 0.900 -0.300 90 0 164
12.300 0.900 1.900 18 0 236
12.300 1.100 -0.300 38 0 216
12.300 1.100 1.900 17 0 237
12.300 1.300 -0.300 21 0 233
12.300 1.300 1.900 11 0 243
12.300 1.500 -0.300 6 0 248
12.300 1.500 1.900 19 0 235
12.300 1.700 -0.300 2 0 252
12.300 1.700 1.900 98 0 156
12.300 1.900 -0.300 8 0 246
12.300 1.900 -0.100 0 0 255
12.300 1.900 0.100 0 0 255
12.300 1.900 0.500 47 0 207
12.300 1.900 0.700 96 0 158
12.300 1.900 1.900 214 0 40
12.300 2.100 1.900 224 0 30
12.500 -0.700 -0.300 10 0 244
12.500 -0.700 -0.100 12 0 242
12.500 -0.500 -0.300 34 0 220
12.500 -0.500 1.900 0 0 255
12.500 -0.300 -0.300 46 0 208
12.500 -0.300 1.900 0 0 255
12.500 -0.100 -0.300 84 0 170
12.500 -0.100 1.900 6 0 248
12.500 0.100 -0.300 99 0 155
12.500 0.100 1.900 8 0 246
12.500 0.300 -0.300 94 0 160
12.500 0.300 1.900 12 0 242
12.500 0.500 -0.300 107 0 147
12.500 0.500 1.900 19 0 235
12.500 0.700 -0.300 110 0 144
12.500 0.700 1.900 24 0 230
12.500 0.900 -0.300 84 0 170
12.500 0.900 1.900 16 0 238
12.500 1.100 -0.300 42 0 212
12.500 1.100 1.900 19 0 235
12.500 1.300 -0.300 28 0 226
12.500 1.300 1.900 11 0 243
12.500 1.500 -0.300 14 0 240
12.500 1.500 1.900 21 0 233
12.500 1.700 -0.300 2 0 252
12.500 1.700 1.900 91 0 163
12.500 1.900 -0.300 0 0 255
12.500 1.900 -0.100 4 0 250
12.500 1.900 1.900 109 0 145
12.500 2.100 1.900 243 0 11
12.700 -0.700 -0.300 24 0 230
12.700 -0.500 -0.300 38 0 216
12.700 -0.500 1.900 0 0 255
12.700 -0.300 -0.300 45 0 209
12.700 -0.300 1.900 5 0 249
12.700 -0.100 -0.300 72 0 182
12.700 -0.100 1.900 14 0 240
12.700 0.100 -0.300 98 0 156
12.700 0.100 1.900 18 0 236
12.700 0.300 -0.300 105 0 149
12.700 0.300 1.900 27 0 227
12.700 0.500 -0.300 126 0 128
12.700 0.500 1.900 31 0 223
12.700 0.700 -0.300 124 0 130
12.700 0.700 1.900 32 0 222
12.700 0.900 -0.300 87 0 167
12.700 0.900 1.900 17 0 237
12.700 1.100 -0.300 44 0 210
12.700 1.100 1.900 10 0 244
12.700 1.300 -0.300 32 0 222
12.700 1.300 1.900 23 0 231
12.700 1.500 -0.300 19 0 235
12.700 1.500 1.900 2 0 252
12.700 1.700 -0.300 7 0 247
12.700 1.700 1.900 68 0 186
12.700 1.900 -0.300 0 0 254
12.700 1.900 0.100 0 0 255
12.700 2.100 -0.300 23 0 231
12.700 2.100 -0.100 9 0 245
12.700 2.100 0.100 8 0 246
12.700 2.100 0.300 26 0 228
12.700 2.100 0.500 64 0 190
12.700 2.100 0.700 71 0 183
12.700 2.100 1.900 146 0 108
12.900 -0.700 -0.300 26 0 228
12.900 -0.700 -0.100 77 0 177
12.900 -0.700 1.900 201 0 53
12.900 -0.500 -0.300 36 0 218
12.900 -0.500 1.900 10 0 244
12.900 -0.300 -0.300 42 0 212
12.900 -0.300 1.900 20 0 234
12.900 -0.100 -0.300 74 0 180
12.900 -0.100 1.900 22 0 232
12.900 0.100 -0.300 106 0 148
12.900 0.100 1.900 22 0 232
12.900 0.300 -0.300 104 0 150
12.900 0.300 1.900 33 0 221
12.900 0.500 -0.300 125 0 129
12.900 0.500 1.900 40 0 214
12.900 0.700 -0.300 121 0 133
12.900 0.700 1.900 25 0 229
12.900 0.900 -0.300 99 0 155
12.900 0.900 1.900 18 0 236
12.900 1.100 -0.300 50 0 204
12.900 1.100 1.900 18 0 236
12.900 1.300 -0.300 42 0 212
12.900 1.300 1.900 11 0 243
12.900 1.500 -0.300 13 0 241
12.900 1.500 1.900 15 0 239
12.900 1.700 -0.300 5 0 249
12.900 1.700 1.900 78 0 176
12.900 1.900 -0.300 0 0 255
12.900 1.900 -0.100 0 0 255
12.900 1.900 0.500 20 0 234
12.900 1.900 1.900 175 0 79
12.900 2.100 -0.300 8 0 246
12.900 2.100 -0.100 0 0 255
12.900 2.100 0.100 0 0 255
12.900 2.100 0.300 12 0 242
12.900 2.100 0.500 46 0 208
12.900 2.100 0.700 66 0 188
12.900 2.100 0.900 48 0 206
12.900 2.100 1.900 192 0 62
13.100 -0.900 -0.300 0 0 255
13.100 -0.900 -0.100 38 0 216
13.100 -0.900 0.100 38 0 216
13.100 -0.900 0.300 78 0 176
13.100 -0.900 0.500 102 0 152
13.100 -0.900 0.700 135 0 119
13.100 -0.900 0.900 132 0 122
13.100 -0.700 -0.300 20 0 234
13.100 -0.700 -0.100 21 0 233
13.100 -0.700 0.100 26 0 228
13.100 -0.700 0.300 60 0 194
13.100 -0.700 0.700 127 0 127
13.100 -0.700 1.900 0 0 255
13.100 -0.500 -0.300 42 0 212
13.100 -0.500 1.900 0 0 255
13.100 -0.300 -0.300 51 0 203
13.100 -0.300 1.900 3 0 251
13.100 -0.100 -0.300 92 0 162
13.100 -0.100 1.900 16 0 238
13.100 0.100 -0.300 111 0 143
13.100 0.100 1.900 25 0 229
13.100 0.300 -0.300 109 0 145
13.100 0.300 1.900 34 0 220
13.100 0.500 -0.300 131 0 123
13.100 0.500 1.900 38 0 216
13.100 0.700 -0.300 138 0 116
13.100 0.700 1.900 35 0 219
13.100 0.900 -0.300 95 0 159
13.100 0.900 1.900 28 0 226
13.100 1.100 -0.300 47 0 207
13.100 1.100 1.900 13 0 241
13.100 1.300 -0.300 30 0 224
13.100 1.300 1.900 8 0 246
13.100 1.500 -0.300 25 0 229
13.100 1.500 1.900 8 0 246
13.100 1.700 -0.300 9 0 245
13.100 1.700 1.900 28 0 226
13.100 1.900 -0.300 0 0 255
13.100 1.900 1.900 73 0 181
13.100 2.100 -0.300 0 0 255
13.100 2.100 -0.100 0 0 255
13.100 2.100 0.100 0 0 255
13.100 2.100 0.300 6 0 248
13.100 2.100 0.500 42 0 212
13.100 2.100 0.700 66 0 188
13.100 2.100 0.900 56 0 198
13.100 2.100 1.100 63 0 191
13.300 -0.900 -0.300 0 0 255
13.300 -0.900 -0.100 25 0 229
13.300 -0.900 0.100 26 0 228
13.300 -0.900 0.300 55 0 199
13.300 -0.900 0.500 96 0 158
13.300 -0.900 0.700 118 0 136
13.300 -0.900 0.900 116 0 138
13.300 -0.700 -0.300 24 0 230
13.300 -0.700 -0.100 21 0 233
13.300 -0.700 0.100 21 0 233
13.300 -0.700 0.300 54 0 200
13.300 -0.700 0.500 95 0 159
13.300 -0.700 0.700 106 0 148
13.300 -0.700 0.900 105 0 149
13.300 -0.700 1.900 8 0 246
13.300 -0.500 -0.300 40 0 214
13.300 -0.500 1.900 0 0 255
13.300 -0.300 -0.300 46 0 208
13.300 -0.300 1.900 10 0 244
13.300 -0.100 -0.300 79 0 175
13.300 -0.100 1.900 20 0 234
13.300 0.100 -0.300 95 0 159
13.300 0.100 1.900 31 0 223
13.300 0.300 -0.300 114 0 140
13.300 0.300 1.900 29 0 225
13.300 0.500 -0.300 136 0 118
13.300 0.500 1.900 38 0 216
13.300 0.700 -0.300 125 0 129
13.300 0.700 1.900 27 0 227
13.300 0.900 -0.300 112 0 142
13.300 0.900 1.900 22 0 232
13.300 1.100 -0.300 59 0 195
13.300 1.100 1.900 18 0 236
13.300 1.300 -0.300 39 0 215
13.300 1.300 1.900 0 0 255
13.300 1.500 -0.300 12 0 242
13.300 1.500 1.900 0 0 255
13.300 1.700 -0.300 3 0 251
13.300 1.700 1.900 50 0 204
13.300 1.900 -0.300 0 0 255
13.300 1.900 1.900 99 0 155
13.300 2.100 -0.300 0 0 255
13.300 2.100 -0.100 0 0 255
13.300 2.100 0.100 0 0 255
13.300 2.100 0.300 0 0 255
13.300 2.100 0.500 36 0 218
13.300 2.100 0.700 66 0 188
13.300 2.100 0.900 63 0 191
13.300 2.100 1.100 62 0 192
13.500 -0.900 -0.100 12 0 242
13.500 -0.900 0.100 22 0 232
13.500 -0.900 0.300 57 0 197
13.500 -0.900 0.500 82 0 172
13.500 -0.900 0.700 107 0 147
13.500 -0.900 0.900 108 0 146
13.500 -0.700 -0.300 24 0 230
13.500 -0.700 -0.100 20 0 234
13.500 -0.700 0.100 27 0 227
13.500 -0.700 0.300 57 0 197
13.500 -0.700 0.500 88 0 166
13.500 -0.700 0.700 102 0 152
13.500 -0.700 0.900 102 0 152
13.500 -0.700 1.100 98 0 156
13.500 -0.700 1.900 53 0 201
13.500 -0.500 -0.300 39 0 215
13.500 -0.500 1.900 0 0 255
13.500 -0.300 -0.300 51 0 203
13.500 -0.300 1.900 3 0 251
13.500 -0.100 -0.300 94 0 160
13.500 -0.100 1.900 25 0 229
13.500 0.100 -0.300 95 0 159
13.500 0.100 1.900 37 0 217
13.500 0.300 -0.300 76 0 178
13.500 0.300 1.900 42 0 212
13.500 0.500 -0.300 93 0 161
13.500 0.500 1.900 45 0 209
13.500 0.700 -0.300 118 0 136
13.500 0.700 1.900 45 0 209
13.500 0.900 -0.300 101 0 153
13.500 0.900 1.900 28 0 226
13.500 1.100 -0.300 51 0 203
13.500 1.100 1.900 25 0 229
13.500 1.300 -0.300 47 0 207
13.500 1.300 1.900 7 0 247
13.500 1.500 -0.300 23 0 231
13.500 1.500 1.900 7 0 247
13.500 1.700 -0.300 0 0 255
13.500 1.700 1.900 32 0 222
13.500 1.900 -0.300 0 0 255
13.500 1.900 1.900 82 0 172
13.500 2.100 -0.300 0 0 255
13.500 2.100 -0.100 0 0 255
13.500 2.100 0.100 0 0 255
13.500 2.100 0.300 1 0 253
13.500 2.100 0.500 38 0 216
13.500 2.100 0.700 70 0 184
13.500 2.100 0.900 64 0 190
13.500 2.100 1.100 81 0 173
13.500 2.100 1.300 120 0 134
13.500 2.100 1.500 190 0 64
13.700 -0.700 -0.300 27 0 227
13.700 -0.700 -0.100 27 0 227
13.700 -0.700 0.100 34 0 220
13.700 -0.700 0.300 58 0 196
13.700 -0.700 0.500 86 0 168
13.700 -0.700 0.700 99 0 155
13.700 -0.700 0.900 107 0 147
13.700 -0.700 1.100 100 0 154
13.700 -0.700 1.900 17 0 237
13.700 -0.500 -0.300 38 0 216
13.700 -0.500 1.900 2 0 252
13.700 -0.300 -0.300 41 0 213
13.700 -0.300 1.900 11 0 243
13.700 -0.100 -0.300 79 0 175
13.700 -0.100 1.900 20 0 234
13.700 0.100 -0.300 110 0 144
13.700 0.100 1.900 33 0 221
13.700 0.300 -0.300 125 0 129
13.700 0.300 1.900 38 0 216
13.700 0.500 -0.300 148 0 106
13.700 0.500 1.900 34 0 220
13.700 0.700 -0.300 143 0 111
13.700 0.700 1.900 34 0 220
13.700 0.900 -0.300 110 0 144
13.700 0.900 1.900 24 0 230
13.700 1.100 -0.300 65 0 189
13.700 1.100 1.900 24 0 230
13.700 1.300 -0.300 41 0 213
13.700 1.300 1.900 15 0 239
13.700 1.500 -0.300 7 0 247
13.700 1.500 1.900 18 0 236
13.700 1.700 -0.300 3 0 251
13.700 1.700 1.900 30 0 224
13.700 1.900 -0.300 0 0 255
13.700 1.900 1.900 103 0 151
13.700 2.100 -0.300 0 0 255
13.700 2.100 -0.100 0 0 255
13.700 2.100 0.100 0 0 255
13.700 2.100 0.300 0 0 254
13.700 2.100 0.500 40 0 214
13.700 2.100 0.700 64 0 190
13.700 2.100 0.900 59 0 195
13.700 2.100 1.100 70 0 184
13.700 2.100 1.300 107 0 147
13.700 2.100 1.500 164 0 90
13.900 -0.700 -0.300 30 0 224
13.900 -0.700 -0.100 34 0 220
13.900 -0.700 0.100 42 0 212
13.900 -0.700 0.300 70 0 184
13.900 -0.700 0.500 95 0 159
13.900 -0.700 0.700 122 0 132
13.900 -0.700 0.900 116 0 138
13.900 -0.700 1.100 127 0 127
13.900 -0.700 1.300 134 0 120
13.900 -0.700 1.900 43 0 211
13.900 -0.500 -0.300 37 0 217
13.900 -0.500 1.900 8 0 246
13.900 -0.300 -0.300 40 0 214
13.900 -0.300 1.900 12 0 242
13.900 -0.100 -0.300 72 0 182
13.900 -0.100 1.900 21 0 233
13.900 0.100 -0.300 95 0 159
13.900 0.100 1.900 24 0 230
13.900 0.300 -0.300 98 0 156
13.900 0.300 1.900 41 0 213
13.900 0.500 -0.300 119 0 135
13.900 0.500 1.900 38 0 216
13.900 0.700 -0.300 131 0 123
13.900 0.700 1.900 40 0 214
13.900 0.900 -0.300 112 0 142
13.900 0.900 1.900 28 0 226
13.900 1.100 -0.300 62 0 192
13.900 1.100 1.900 25 0 229
13.900 1.300 -0.300 24 0 230
13.900 1.300 1.900 17 0 237
13.900 1.500 -0.300 5 0 249
13.900 1.500 1.900 4 0 250
13.900 1.700 -0.300 6 0 248
13.900 1.700 1.900 35 0 219
13.900 1.900 -0.300 0 0 255
13.900 1.900 1.900 90 0 164
13.900 2.100 -0.300 0 0 255
13.900 2.100 -0.100 0 0 255
13.900 2.100 0.100 0 0 255
13.900 2.100 0.300 4 0 250
13.900 2.100 0.500 34 0 220
13.900 2.100 0.700 62 0 192
13.900 2.100 0.900 57 0 197
13.900 2.100 1.100 60 0 194
13.900 2.100 1.300 98 0 156
13.900 2.100 1.500 133 0 121
13.900 2.100 1.700 173 0 81
14.100 -0.700 -0.300 32 0 222
14.100 -0.700 -0.100 35 0 219
14.100 -0.700 0.100 41 0 213
14.100 -0.700 0.300 69 0 185
14.100 -0.700 0.500 106 0 148
14.100 -0.700 0.700 119 0 135
14.100 -0.700 0.900 121 0 133
14.100 -0.700 1.100 126 0 128
14.100 -0.700 1.300 115 0 139
14.100 -0.700 1.900 69 0 185
14.100 -0.500 -0.300 38 0 216
14.100 -0.500 1.900 0 0 255
14.100 -0.300 -0.300 48 0 206
14.100 -0.300 1.900 15 0 239
14.100 -0.100 -0.300 77 0 177
14.100 -0.100 1.900 24 0 230
14.100 0.100 -0.300 84 0 170
14.100 0.100 1.900 35 0 219
14.100 0.300 -0.300 99 0 155
14.100 0.300 1.900 37 0 217
14.100 0.500 -0.300 119 0 135
14.100 0.500 1.900 35 0 219
14.100 0.700 -0.300 126 0 128
14.100 0.700 1.900 40 0 214
14.100 0.900 -0.300 101 0 153
14.100 0.900 1.900 38 0 216
14.100 1.100 -0.300 52 0 202
14.100 1.100 1.900 29 0 225
14.100 1.300 -0.300 36 0 218
14.100 1.300 1.900 16 0 238
14.100 1.500 -0.300 34 0 220
14.100 1.500 1.900 4 0 250
14.100 1.700 -0.300 14 0 240
14.100 1.700 1.900 21 0 233
14.100 1.900 -0.300 0 0 255
14.100 1.900 1.900 80 0 174
14.100 2.100 -0.300 0 0 255
14.100 2.100 -0.100 0 0 255
14.100 2.100 0.100 0 0 255
14.100 2.100 0.300 5 0 249
14.100 2.100 0.500 33 0 221
14.100 2.100 0.700 59 0 195
14.100 2.100 0.900 49 0 205
14.100 2.100 1.100 62 0 192
14.100 2.100 1.300 95 0 159
14.100 2.100 1.500 113 0 141
14.100 2.100 1.700 135 0 119
14.100 2.100 1.900 159 0 95
14.300 -0.700 -0.300 33 0 221
14.300 -0.700 -0.100 35 0 219
14.300 -0.700 0.100 42 0 212
14.300 -0.700 0.300 70 0 184
14.300 -0.700 0.500 100 0 154
14.300 -0.700 0.700 119 0 135
14.300 -0.700 0.900 122 0 132
14.300 -0.700 1.100 112 0 142
14.300 -0.700 1.300 116 0 138
14.300 -0.700 1.500 98 0 156
14.300 -0.700 1.900 31 0 223
14.300 -0.500 -0.300 35 0 219
14.300 -0.500 1.900 0 0 255
14.300 -0.300 -0.300 45 0 209
14.300 -0.300 1.900 21 0 233
14.300 -0.100 -0.300 64 0 190
14.300 -0.100 1.900 34 0 220
14.300 0.100 -0.300 77 0 177
14.300 0.100 1.900 39 0 215
14.300 0.300 -0.300 97 0 157
14.300 0.300 1.900 46 0 208
14.300 0.500 -0.300 127 0 127
14.300 0.500 1.900 47 0 207
14.300 0.700 -0.300 139 0 115
14.300 0.700 1.900 45 0 209
14.300 0.900 -0.300 128 0 126
14.300 0.900 1.900 41 0 213
14.300 1.100 -0.300 87 0 167
14.300 1.100 1.900 40 0 214
14.300 1.300 -0.300 33 0 221
14.300 1.300 1.900 28 0 226
14.300 1.500 -0.300 31 0 223
14.300 1.500 1.900 14 0 240
14.300 1.700 -0.300 5 0 249
14.300 1.700 1.900 20 0 234
14.300 1.900 -0.300 0 0 255
14.300 1.900 1.900 79 0 175
14.300 2.100 -0.300 0 0 255
14.300 2.100 -0.100 0 0 255
14.300 2.100 0.100 0 0 255
14.300 2.100 0.300 6 0 248
14.300 2.100 0.500 41 0 213
14.300 2.100 0.700 59 0 195
14.300 2.100 0.900 55 0 199
14.300 2.100 1.100 48 0 206
14.300 2.100 1.300 74 0 180
14.300 2.100 1.500 129 0 125
14.300 2.100 1.700 157 0 97
14.300 2.100 1.900 159 0 95
14.300 2.900 1.900 150 0 104
14.300 3.100 1.900 107 0 147
14.500 -0.700 -0.300 36 0 218
14.500 -0.700 -0.100 34 0 220
14.500 -0.700 0.100 43 0 211
14.500 -0.700 0.300 66 0 188
14.500 -0.700 0.500 97 0 157
14.500 -0.700 0.700 118 0 136
14.500 -0.700 0.900 115 0 139
14.500 -0.700 1.100 117 0 137
14.500 -0.700 1.300 128 0 126
14.500 -0.700 1.500 97 0 157
14.500 -0.700 1.900 88 0 166
14.500 -0.500 -0.300 39 0 215
14.500 -0.500 1.900 0 0 255
14.500 -0.300 -0.300 42 0 212
14.500 -0.300 1.900 15 0 239
14.500 -0.100 -0.300 58 0 196
14.500 -0.100 1.900 20 0 234
14.500 0.100 -0.300 100 0 154
14.500 0.100 1.900 40 0 214
14.500 0.300 -0.300 115 0 139
14.500 0.300 1.900 40 0 214
14.500 0.500 -0.300 128 0 126
14.500 0.500 1.900 42 0 212
14.500 0.700 -0.300 141 0 113
14.500 0.700 1.900 45 0 209
14.500 0.900 -0.300 130 0 124
14.500 0.900 1.900 28 0 226
14.500 1.100 -0.300 88 0 166
14.500 1.100 1.900 30 0 224
14.500 1.300 -0.300 37 0 217
14.500 1.300 1.900 18 0 236
14.500 1.500 -0.300 33 0 221
14.500 1.500 1.900 0 0 254
14.500 1.700 -0.300 26 0 228
14.500 1.700 1.900 23 0 231
14.500 1.900 -0.300 10 0 244
14.500 1.900 1.900 73 0 181
14.500 2.100 -0.300 1 0 253
14.500 2.100 -0.100 0 0 255
14.500 2.100 0.100 0 0 255
14.500 2.100 0.300 3 0 251
14.500 2.100 0.500 41 0 213
14.500 2.100 0.700 62 0 192
14.500 2.100 0.900 54 0 200
14.500 2.100 1.100 57 0 197
14.500 2.100 1.300 86 0 168
14.500 2.100 1.500 124 0 130
14.500 2.100 1.700 135 0 119
14.500 2.100 1.900 126 0 128
14.700 -0.700 -0.300 37 0 217
14.700 -0.700 -0.100 39 0 215
14.700 -0.700 0.100 44 0 210
14.700 -0.700 0.300 74 0 180
14.700 -0.700 0.500 101 0 153
14.700 -0.700 0.700 127 0 127
14.700 -0.700 0.900 125 0 129
14.700 -0.700 1.100 122 0 132
14.700 -0.700 1.300 99 0 155
14.700 -0.700 1.500 117 0 137
14.700 -0.700 1.700 94 0 160
14.700 -0.700 1.900 61 0 193
14.700 -0.500 -0.300 44 0 210
14.700 -0.500 1.900 8 0 246
14.700 -0.300 -0.300 53 0 201
14.700 -0.300 1.900 15 0 239
14.700 -0.100 -0.300 52 0 202
14.700 -0.100 1.900 27 0 227
14.700 0.100 -0.300 73 0 181
14.700 0.100 1.900 37 0 217
14.700 0.300 -0.300 100 0 154
14.700 0.300 1.900 46 0 208
14.700 0.500 -0.300 133 0 121
14.700 0.500 1.900 46 0 208
14.700 0.700 -0.300 143 0 111
14.700 0.700 1.900 47 0 207
14.700 0.900 -0.300 127 0 127
14.700 0.900 1.900 41 0 213
14.700 1.100 -0.300 91 0 163
14.700 1.100 1.900 37 0 217
14.700 1.300 -0.300 35 0 219
14.700 1.300 1.900 29 0 225
14.700 1.500 -0.300 35 0 219
14.700 1.500 1.900 8 0 246
14.700 1.700 -0.300 8 0 246
14.700 1.700 1.900 9 0 245
14.700 1.900 -0.300 0 0 255
14.700 1.900 1.900 61 0 193
14.700 2.100 -0.300 0 0 255
14.700 2.100 -0.100 0 0 255
14.700 2.100 0.100 0 0 255
14.700 2.100 0.300 2 0 252
14.700 2.100 0.500 36 0 218
14.700 2.100 0.700 60 0 194
14.700 2.100 0.900 62 0 192
14.700 2.100 1.100 47 0 207
14.700 2.100 1.300 83 0 171
14.700 2.100 1.500 111 0 143
14.700 2.100 1.700 131 0 123
14.700 2.100 1.900 102 0 152
14.900 -0.700 -0.300 41 0 213
14.900 -0.700 -0.100 37 0 217
14.900 -0.700 0.100 48 0 206
14.900 -0.700 0.300 72 0 182
14.900 -0.700 0.500 99 0 155
14.900 -0.700 0.700 125 0 129
14.900 -0.700 0.900 123 0 131
14.900 -0.700 1.100 113 0 141
14.900 -0.700 1.300 120 0 134
14.900 -0.700 1.500 115 0 139
14.900 -0.700 1.900 93 0 161
14.900 -0.500 -0.300 42 0 212
14.900 -0.500 1.900 22 0 232
14.900 -0.300 -0.300 51 0 203
14.900 -0.300 1.900 8 0 246
14.900 -0.100 -0.300 79 0 175
14.900 -0.100 1.900 26 0 228
14.900 0.100 -0.300 92 0 162
14.900 0.100 1.900 37 0 217
14.900 0.300 -0.300 94 0 160
14.900 0.300 1.900 38 0 216
14.900 0.500 -0.300 131 0 123
14.900 0.500 1.900 46 0 208
14.900 0.700 -0.300 134 0 120
14.900 0.700 1.900 44 0 210
14.900 0.900 -0.300 128 0 126
14.900 0.900 1.900 38 0 216
14.900 1.100 -0.300 85 0 169
14.900 1.100 1.900 37 0 217
14.900 1.300 -0.300 15 0 239
14.900 1.300 1.900 26 0 228
14.900 1.500 -0.300 9 0 245
14.900 1.500 1.900 8 0 246
14.900 1.700 -0.300 22 0 232
14.900 1.700 1.900 24 0 230
14.900 1.900 -0.300 0 0 255
14.900 1.900 1.900 69 0 185
14.900 2.100 -0.300 0 0 255
14.900 2.100 -0.100 0 0 255
14.900 2.100 0.100 0 0 255
14.900 2.100 0.300 0 0 255
14.900 2.100 0.500 39 0 215
14.900 2.100 0.700 59 0 195
14.900 2.100 0.900 64 0 190
14.900 2.100 1.100 55 0 199
14.900 2.100 1.300 78 0 176
14.900 2.100 1.500 120 0 134
14.900 2.100 1.700 115 0 139
14.900 2.100 1.900 117 0 137
14.900 2.900 1.900 94 0 160
15.100 -0.700 -0.300 40 0 214
15.100 -0.700 -0.100 39 0 215
15.100 -0.700 0.100 46 0 208
15.100 -0.700 0.300 81 0 173
15.100 -0.700 0.500 103 0 151
15.100 -0.700 0.700 125 0 129
15.100 -0.700 0.900 128 0 126
15.100 -0.700 1.100 117 0 137
15.100 -0.700 1.300 118 0 136
15.100 -0.700 1.500 121 0 133
15.100 -0.700 1.700 72 0 182
15.100 -0.700 1.900 75 0 179
15.100 -0.500 -0.300 41 0 213
15.100 -0.500 1.900 25 0 229
15.100 -0.300 -0.300 48 0 206
15.100 -0.300 1.900 37 0 217
15.100 -0.100 -0.300 51 0 203
15.100 -0.100 1.900 42 0 212
15.100 0.100 -0.300 62 0 192
15.100 0.100 1.900 51 0 203
15.100 0.300 -0.300 103 0 151
15.100 0.300 1.900 59 0 195
15.100 0.500 -0.300 133 0 121
15.100 0.500 1.900 63 0 191
15.100 0.700 -0.300 132 0 122
15.100 0.700 1.900 61 0 193
15.100 0.900 -0.300 129 0 125
15.100 0.900 1.900 57 0 197
15.100 1.100 -0.300 101 0 153
15.100 1.100 1.900 47 0 207
15.100 1.300 -0.300 56 0 198
15.100 1.300 1.900 34 0 220
15.100 1.500 -0.300 36 0 218
15.100 1.500 1.900 12 0 242
15.100 1.700 -0.300 18 0 236
15.100 1.700 1.900 16 0 238
15.100 1.900 -0.300 0 0 255
15.100 1.900 1.900 47 0 207
15.100 2.100 -0.300 0 0 255
15.100 2.100 -0.100 0 0 255
15.100 2.100 0.100 0 0 255
15.100 2.100 0.300 0 0 255
15.100 2.100 0.500 27 0 227
15.100 2.100 0.700 47 0 207
15.100 2.100 0.900 65 0 189
15.100 2.100 1.100 64 0 190
15.100 2.100 1.300 73 0 181
15.100 2.100 1.500 108 0 146
15.100 2.100 1.700 100 0 154
15.100 2.100 1.900 91 0 163
15.300 -0.700 -0.300 40 0 214
15.300 -0.700 -0.100 39 0 215
15.300 -0.700 0.100 48 0 206
15.300 -0.700 0.300 73 0 181
15.300 -0.700 0.500 105 0 149
15.300 -0.700 0.700 123 0 131
15.300 -0.700 0.900 127 0 127
15.300 -0.700 1.100 117 0 137
15.300 -0.700 1.300 98 0 156
15.300 -0.700 1.500 107 0 147
15.300 -0.700 1.700 115 0 139
15.300 -0.700 1.900 85 0 169
15.300 -0.500 -0.300 34 0 220
15.300 -0.500 1.900 26 0 228
15.300 -0.300 -0.300 39 0 215
15.300 -0.300 1.900 14 0 240
15.300 -0.100 -0.300 51 0 203
15.300 -0.100 1.900 27 0 227
15.300 0.100 -0.300 90 0 164
15.300 0.100 1.900 44 0 210
15.300 0.300 -0.300 115 0 139
15.300 0.300 1.900 52 0 202
15.300 0.500 -0.300 135 0 119
15.300 0.500 1.900 46 0 208
15.300 0.700 -0.300 150 0 104
15.300 0.700 1.900 38 0 216
15.300 0.900 -0.300 140 0 114
15.300 0.900 1.900 45 0 209
15.300 1.100 -0.300 104 0 150
15.300 1.100 1.900 41 0 213
15.300 1.300 -0.300 58 0 196
15.300 1.300 1.900 46 0 208
15.300 1.500 -0.300 27 0 227
15.300 1.500 1.900 19 0 235
15.300 1.700 -0.300 25 0 229
15.300 1.700 1.900 17 0 237
15.300 1.900 -0.300 0 0 254
15.300 1.900 1.900 36 0 218
15.300 2.100 -0.300 0 0 255
15.300 2.100 -0.100 0 0 255
15.300 2.100 0.100 0 0 255
15.300 2.100 0.300 0 0 255
15.300 2.100 0.500 26 0 228
15.300 2.100 0.700 54 0 200
15.300 2.100 0.900 72 0 182
15.300 2.100 1.100 65 0 189
15.300 2.100 1.300 74 0 180
15.300 2.100 1.500 100 0 154
15.300 2.100 1.700 94 0 160
15.300 2.100 1.900 103 0 151
15.500 -0.900 1.700 68 0 186
15.500 -0.700 -0.300 39 0 215
15.500 -0.700 -0.100 38 0 216
15.500 -0.700 0.100 43 0 211
15.500 -0.700 0.300 73 0 181
15.500 -0.700 0.500 94 0 160
15.500 -0.700 0.700 125 0 129
15.500 -0.700 0.900 120 0 134
15.500 -0.700 1.100 114 0 140
15.500 -0.700 1.300 113 0 141
15.500 -0.700 1.500 120 0 134
15.500 -0.700 1.700 107 0 147
15.500 -0.700 1.900 26 0 228
15.500 -0.500 -0.300 39 0 215
15.500 -0.500 1.900 5 0 249
15.500 -0.300 -0.300 41 0 213
15.500 -0.300 1.900 28 0 226
15.500 -0.100 -0.300 70 0 184
15.500 -0.100 1.900 41 0 213
15.500 0.100 -0.300 101 0 153
15.500 0.100 1.900 59 0 195
15.500 0.300 -0.300 113 0 141
15.500 0.300 1.900 54 0 200
15.500 0.500 -0.300 120 0 134
15.500 0.500 1.900 66 0 188
15.500 0.700 -0.300 125 0 129
15.500 0.700 1.900 62 0 192
15.500 0.900 -0.300 129 0 125
15.500 0.900 1.900 54 0 200
15.500 1.100 -0.300 105 0 149
15.500 1.100 1.900 59 0 195
15.500 1.300 -0.300 59 0 195
15.500 1.300 1.900 52 0 202
15.500 1.500 -0.300 19 0 235
15.500 1.500 1.900 25 0 229
15.500 1.700 -0.300 22 0 232
15.500 1.700 1.900 18 0 236
15.500 1.900 -0.300 0 0 255
15.500 1.900 1.900 54 0 200
15.500 2.100 -0.300 0 0 255
15.500 2.100 -0.100 0 0 255
15.500 2.100 0.100 0 0 255
15.500 2.100 0.300 0 0 255
15.500 2.100 0.500 18 0 236
15.500 2.100 0.700 48 0 206
15.500 2.100 0.900 71 0 183
15.500 2.100 1.100 67 0 187
15.500 2.100 1.300 63 0 191
15.500 2.100 1.500 114 0 140
15.500 2.100 1.700 90 0 164
15.500 2.100 1.900 100 0 154
15.500 2.300 1.700 76 0 178
15.500 2.300 1.900 126 0 128
15.500 2.900 1.900 62 0 192
15.700 -0.700 -0.300 38 0 216
15.700 -0.700 -0.100 42 0 212
15.700 -0.700 0.100 49 0 205
15.700 -0.700 0.300 73 0 181
15.700 -0.700 0.500 106 0 148
15.700 -0.700 0.700 120 0 134
15.700 -0.700 0.900 130 0 124
15.700 -0.700 1.100 116 0 138
15.700 -0.700 1.300 110 0 144
15.700 -0.700 1.500 103 0 151
15.700 -0.700 1.700 98 0 156
15.700 -0.700 1.900 62 0 192
15.700 -0.500 -0.300 37 0 217
15.700 -0.500 1.900 23 0 231
15.700 -0.300 -0.300 44 0 210
15.700 -0.300 1.900 40 0 214
15.700 -0.100 -0.300 50 0 204
15.700 -0.100 1.900 51 0 203
15.700 0.100 -0.300 67 0 187
15.700 0.100 1.900 66 0 188
15.700 0.300 -0.300 86 0 168
15.700 0.300 1.900 74 0 180
15.700 0.500 -0.300 107 0 147
15.700 0.500 1.900 73 0 181
15.700 0.700 -0.300 122 0 132
15.700 0.700 1.900 79 0 175
15.700 0.900 -0.300 118 0 136
15.700 0.900 1.900 74 0 180
15.700 1.100 -0.300 91 0 163
15.700 1.100 1.900 69 0 185
15.700 1.300 -0.300 56 0 198
15.700 1.300 1.900 57 0 197
15.700 1.500 -0.300 23 0 231
15.700 1.500 1.900 32 0 222
15.700 1.700 -0.300 21 0 233
15.700 1.700 1.900 23 0 231
15.700 1.900 -0.300 13 0 241
15.700 1.900 1.900 24 0 230
15.700 2.100 -0.300 0 0 255
15.700 2.100 -0.100 0 0 255
15.700 2.100 0.100 0 0 255
15.700 2.100 0.300 0 0 255
15.700 2.100 0.500 23 0 231
15.700 2.100 0.700 60 0 194
15.700 2.100 0.900 78 0 176
15.700 2.100 1.100 69 0 185
15.700 2.100 1.300 85 0 169
15.700 2.100 1.500 97 0 157
15.700 2.100 1.700 108 0 146
15.700 2.100 1.900 56 0 198
15.700 2.300 1.900 119 0 135
15.900 -0.700 -0.300 39 0 215
15.900 -0.700 -0.100 40 0 214
15.900 -0.700 0.100 42 0 212
15.900 -0.700 0.300 73 0 181
15.900 -0.700 0.500 99 0 155
15.900 -0.700 0.700 114 0 140
15.900 -0.700 0.900 120 0 134
15.900 -0.700 1.100 119 0 135
15.900 -0.700 1.300 105 0 149
15.900 -0.700 1.500 117 0 137
15.900 -0.700 1.700 127 0 127
15.900 -0.700 1.900 77 0 177
15.900 -0.500 -0.300 34 0 220
15.900 -0.500 1.900 32 0 222
15.900 -0.300 -0.300 41 0 213
15.900 -0.300 1.900 37 0 217
15.900 -0.100 -0.300 69 0 185
15.900 -0.100 1.900 41 0 213
15.900 0.100 -0.300 78 0 176
15.900 0.100 1.900 54 0 200
15.900 0.300 -0.300 101 0 153
15.900 0.300 1.900 54 0 200
15.900 0.500 -0.300 118 0 136
15.900 0.500 1.900 58 0 196
15.900 0.700 -0.300 120 0 134
15.900 0.700 1.900 58 0 196
15.900 0.900 -0.300 134 0 120
15.900 0.900 1.900 48 0 206
15.900 1.100 -0.300 120 0 134
15.900 1.100 1.900 38 0 216
15.900 1.300 -0.300 91 0 163
15.900 1.300 1.900 30 0 224
15.900 1.500 -0.300 32 0 222
15.900 1.500 1.900 0 0 255
15.900 1.700 -0.300 35 0 219
15.900 1.700 1.900 0 0 254
15.900 1.900 -0.300 21 0 233
15.900 1.900 1.900 8 0 246
15.900 2.100 -0.300 0 0 254
15.900 2.100 -0.100 0 0 255
15.900 2.100 0.100 0 0 255
15.900 2.100 0.300 0 0 255
15.900 2.100 0.500 23 0 231
15.900 2.100 0.700 69 0 185
15.900 2.100 0.900 79 0 175
15.900 2.100 1.100 69 0 185
15.900 2.100 1.300 74 0 180
15.900 2.100 1.500 92 0 162
15.900 2.100 1.700 103 0 151
15.900 2.100 1.900 39 0 215
15.900 2.300 1.900 172 0 82
16.100 -0.700 -0.300 38 0 216
16.100 -0.700 -0.100 38 0 216
16.100 -0.700 0.100 47 0 207
16.100 -0.700 0.300 70 0 184
16.100 -0.700 0.500 98 0 156
16.100 -0.700 0.700 123 0 131
16.100 -0.700 0.900 128 0 126
16.100 -0.700 1.100 109 0 145
16.100 -0.700 1.300 110 0 144
16.100 -0.700 1.500 101 0 153
16.100 -0.700 1.700 97 0 157
16.100 -0.700 1.900 69 0 185
16.100 -0.500 -0.300 27 0 227
16.100 -0.500 1.900 34 0 220
16.100 -0.300 -0.300 34 0 220
16.100 -0.300 1.900 25 0 229
16.100 -0.100 -0.300 53 0 201
16.100 -0.100 1.900 34 0 220
16.100 0.100 -0.300 91 0 163
16.100 0.100 1.900 51 0 203
16.100 0.300 -0.300 123 0 131
16.100 0.300 1.900 55 0 199
16.100 0.500 -0.300 135 0 119
16.100 0.500 1.900 61 0 193
16.100 0.700 -0.300 139 0 115
16.100 0.700 1.900 59 0 195
16.100 0.900 -0.300 155 0 99
16.100 0.900 1.900 63 0 191
16.100 1.100 -0.300 143 0 111
16.100 1.100 1.900 51 0 203
16.100 1.300 -0.300 100 0 154
16.100 1.300 1.900 51 0 203
16.100 1.500 -0.300 43 0 211
16.100 1.500 1.900 30 0 224
16.100 1.700 -0.300 29 0 225
16.100 1.700 1.900 12 0 242
16.100 1.900 -0.300 0 0 255
16.100 1.900 1.900 23 0 231
16.100 2.100 -0.300 0 0 255
16.100 2.100 -0.100 0 0 255
16.100 2.100 0.100 0 0 255
16.100 2.100 0.300 0 0 255
16.100 2.100 0.500 27 0 227
16.100 2.100 0.700 63 0 191
16.100 2.100 0.900 85 0 169
16.100 2.100 1.100 69 0 185
16.100 2.100 1.300 78 0 176
16.100 2.100 1.500 88 0 166
16.100 2.100 1.700 88 0 166
16.100 2.100 1.900 61 0 193
16.100 2.300 1.900 232 0 22
16.300 -0.700 -0.300 38 0 216
16.300 -0.700 -0.100 41 0 213
16.300 -0.700 0.100 41 0 213
16.300 -0.700 0.300 66 0 188
16.300 -0.700 0.500 98 0 156
16.300 -0.700 0.700 124 0 130
16.300 -0.700 0.900 124 0 130
16.300 -0.700 1.100 116 0 138
16.300 -0.700 1.300 106 0 148
16.300 -0.700 1.500 104 0 150
16.300 -0.700 1.700 83 0 171
16.300 -0.700 1.900 62 0 192
16.300 -0.500 -0.300 27 0 227
16.300 -0.500 1.900 49 0 205
16.300 -0.300 -0.300 26 0 228
16.300 -0.300 1.900 49 0 205
16.300 -0.100 -0.300 47 0 207
16.300 -0.100 1.900 58 0 196
16.300 0.100 -0.300 84 0 170
16.300 0.100 1.900 68 0 186
16.300 0.300 -0.300 84 0 170
16.300 0.300 1.900 81 0 173
16.300 0.500 -0.300 115 0 139
16.300 0.500 1.900 75 0 179
16.300 0.700 -0.300 125 0 129
16.300 0.700 1.900 84 0 170
16.300 0.900 -0.300 113 0 141
16.300 0.900 1.900 69 0 185
16.300 1.100 -0.300 88 0 166
16.300 1.100 1.900 67 0 187
16.300 1.300 -0.300 58 0 196
16.300 1.300 1.900 77 0 177
16.300 1.500 -0.300 9 0 245
16.300 1.500 1.900 62 0 192
16.300 1.700 -0.300 6 0 248
16.300 1.700 1.900 36 0 218
16.300 1.900 -0.300 24 0 230
16.300 1.900 1.900 28 0 226
16.300 2.100 -0.300 1 0 253
16.300 2.100 -0.100 0 0 255
16.300 2.100 0.100 0 0 255
16.300 2.100 0.300 5 0 249
16.300 2.100 0.500 36 0 218
16.300 2.100 0.700 83 0 171
16.300 2.100 0.900 87 0 167
16.300 2.100 1.100 75 0 179
16.300 2.100 1.300 68 0 186
16.300 2.100 1.500 69 0 185
16.300 2.100 1.700 74 0 180
16.300 2.100 1.900 59 0 195
16.500 -0.700 -0.300 38 0 216
16.500 -0.700 -0.100 36 0 218
16.500 -0.700 0.100 45 0 209
16.500 -0.700 0.300 70 0 184
16.500 -0.700 0.500 89 0 165
16.500 -0.700 0.700 119 0 135
16.500 -0.700 0.900 121 0 133
16.500 -0.700 1.100 105 0 149
16.500 -0.700 1.300 114 0 140
16.500 -0.700 1.500 97 0 157
16.500 -0.700 1.700 89 0 165
16.500 -0.700 1.900 50 0 204
16.500 -0.500 -0.300 35 0 219
16.500 -0.500 1.900 29 0 225
16.500 -0.300 -0.300 31 0 223
16.500 -0.300 1.900 22 0 232
16.500 -0.100 -0.300 55 0 199
16.500 -0.100 1.900 44 0 210
16.500 0.100 -0.300 72 0 182
16.500 0.100 1.900 71 0 183
16.500 0.300 -0.300 107 0 147
16.500 0.300 1.900 70 0 184
16.500 0.500 -0.300 108 0 146
16.500 0.500 1.900 72 0 182
16.500 0.700 -0.300 114 0 140
16.500 0.700 1.900 89 0 165
16.500 0.900 -0.300 120 0 134
16.500 0.900 1.900 80 0 174
16.500 1.100 -0.300 109 0 145
16.500 1.100 1.900 94 0 160
16.500 1.300 -0.300 73 0 181
16.500 1.300 1.900 97 0 157
16.500 1.500 -0.300 52 0 202
16.500 1.500 1.900 49 0 205
16.500 1.700 -0.300 28 0 226
16.500 1.700 1.900 25 0 229
16.500 1.900 -0.300 23 0 231
16.500 1.900 1.900 34 0 220
16.500 2.100 -0.300 0 0 255
16.500 2.100 -0.100 0 0 255
16.500 2.100 0.100 0 0 255
16.500 2.100 0.300 0 0 255
16.500 2.100 0.500 28 0 226
16.500 2.100 0.700 73 0 181
16.500 2.100 0.900 99 0 155
16.500 2.100 1.100 78 0 176
16.500 2.100 1.300 74 0 180
16.500 2.100 1.500 80 0 174
16.500 2.100 1.700 75 0 179
16.500 2.100 1.900 44 0 210
16.700 -0.700 -0.300 38 0 216
16.700 -0.700 -0.100 39 0 215
16.700 -0.700 0.100 45 0 209
16.700 -0.700 0.300 66 0 188
16.700 -0.700 0.500 94 0 160
16.700 -0.700 0.700 114 0 140
16.700 -0.700 0.900 120 0 134
16.700 -0.700 1.100 117 0 137
16.700 -0.700 1.300 90 0 164
16.700 -0.700 1.500 95 0 159
16.700 -0.700 1.700 82 0 172
16.700 -0.700 1.900 98 0 156
16.700 -0.500 -0.300 28 0 226
16.700 -0.500 1.900 19 0 235
16.700 -0.300 -0.300 29 0 225
16.700 -0.300 1.900 23 0 231
16.700 -0.100 -0.300 47 0 207
16.700 -0.100 1.900 34 0 220
16.700 0.100 -0.300 65 0 189
16.700 0.100 1.900 43 0 211
16.700 0.300 -0.300 114 0 140
16.700 0.300 1.900 56 0 198
16.700 0.500 -0.300 142 0 112
16.700 0.500 1.900 52 0 202
16.700 0.700 -0.300 153 0 101
16.700 0.700 1.900 65 0 189
16.700 0.900 -0.300 156 0 98
16.700 0.900 1.900 61 0 193
16.700 1.100 -0.300 147 0 107
16.700 1.100 1.900 62 0 192
16.700 1.300 -0.300 124 0 130
16.700 1.300 1.900 69 0 185
16.700 1.500 -0.300 33 0 221
16.700 1.500 1.900 49 0 205
16.700 1.700 -0.300 7 0 247
16.700 1.700 1.900 24 0 230
16.700 1.900 -0.300 0 0 255
16.700 1.900 1.900 29 0 225
16.700 2.100 -0.300 0 0 255
16.700 2.100 -0.100 0 0 255
16.700 2.100 0.100 0 0 255
16.700 2.100 0.300 4 0 250
16.700 2.100 0.500 35 0 219
16.700 2.100 0.700 65 0 189
16.700 2.100 0.900 90 0 164
16.700 2.100 1.100 89 0 165
16.700 2.100 1.300 73 0 181
16.700 2.100 1.500 83 0 171
16.700 2.100 1.700 66 0 188
16.700 2.100 1.900 60 0 194
16.900 -0.700 -0.300 34 0 220
16.900 -0.700 -0.100 39 0 215
16.900 -0.700 0.100 45 0 209
16.900 -0.700 0.300 64 0 190
16.900 -0.700 0.500 84 0 170
16.900 -0.700 0.700 124 0 130
16.900 -0.700 0.900 122 0 132
16.900 -0.700 1.100 113 0 141
16.900 -0.700 1.300 99 0 155
16.900 -0.700 1.500 95 0 159
16.900 -0.700 1.700 94 0 160
16.900 -0.700 1.900 73 0 181
16.900 -0.500 -0.300 24 0 230
16.900 -0.500 1.900 48 0 206
16.900 -0.300 -0.300 41 0 213
16.900 -0.300 1.900 64 0 190
16.900 -0.100 -0.300 53 0 201
16.900 -0.100 1.900 76 0 178
16.900 0.100 -0.300 90 0 164
16.900 0.100 1.900 95 0 159
16.900 0.300 -0.300 118 0 136
16.900 0.300 1.900 114 0 140
16.900 0.500 -0.300 125 0 129
16.900 0.500 1.900 116 0 138
16.900 0.700 -0.300 135 0 119
16.900 0.700 1.900 130 0 124
16.900 0.900 -0.300 117 0 137
16.900 0.900 1.900 115 0 139
16.900 1.100 -0.300 80 0 174
16.900 1.100 1.900 127 0 127
16.900 1.300 -0.300 53 0 201
16.900 1.300 1.900 113 0 141
16.900 1.500 -0.300 52 0 202
16.900 1.500 1.900 88 0 166
16.900 1.700 -0.300 32 0 222
16.900 1.700 1.900 45 0 209
16.900 1.900 -0.300 1 0 253
16.900 1.900 1.900 33 0 221
16.900 2.100 -0.300 0 0 255
16.900 2.100 -0.100 0 0 255
16.900 2.100 0.100 0 0 255
16.900 2.100 0.300 9 0 245
16.900 2.100 0.500 46 0 208
16.900 2.100 0.700 72 0 182
16.900 2.100 0.900 94 0 160
16.900 2.100 1.100 94 0 160
16.900 2.100 1.300 82 0 172
16.900 2.100 1.500 67 0 187
16.900 2.100 1.700 46 0 208
16.900 2.100 1.900 72 0 182
17.100 -0.700 -0.300 34 0 220
17.100 -0.700 -0.100 37 0 217
17.100 -0.700 0.100 45 0 209
17.100 -0.700 0.300 64 0 190
17.100 -0.700 0.500 95 0 159
17.100 -0.700 0.700 111 0 143
17.100 -0.700 0.900 122 0 132
17.100 -0.700 1.100 108 0 146
17.100 -0.700 1.300 107 0 147
17.100 -0.700 1.500 97 0 157
17.100 -0.700 1.700 90 0 164
17.100 -0.700 1.900 59 0 195
17.100 -0.500 -0.300 14 0 240
17.100 -0.500 1.900 51 0 203
17.100 -0.300 -0.300 33 0 221
17.100 -0.300 1.900 101 0 153
17.100 -0.100 -0.300 50 0 204
17.100 -0.100 1.900 105 0 149
17.100 0.100 -0.300 64 0 190
17.100 0.100 1.900 133 0 121
17.100 0.300 -0.300 103 0 151
17.100 0.300 1.900 120 0 134
17.100 0.500 -0.300 136 0 118
17.100 0.500 1.900 133 0 121
17.100 0.700 -0.300 132 0 122
17.100 0.700 1.900 138 0 116
17.100 0.900 -0.300 116 0 138
17.100 0.900 1.900 134 0 120
17.100 1.100 -0.300 105 0 149
17.100 1.100 1.900 117 0 137
17.100 1.300 -0.300 69 0 185
17.100 1.300 1.900 116 0 138
17.100 1.500 -0.300 31 0 223
17.100 1.500 1.900 92 0 162
17.100 1.700 -0.300 12 0 242
17.100 1.700 1.900 48 0 206
17.100 1.900 -0.300 0 0 255
17.100 1.900 1.900 51 0 203
17.100 2.100 -0.300 2 0 252
17.100 2.100 -0.100 0 0 255
17.100 2.100 0.100 0 0 255
17.100 2.100 0.300 14 0 240
17.100 2.100 0.500 42 0 212
17.100 2.100 0.700 84 0 170
17.100 2.100 0.900 90 0 164
17.100 2.100 1.100 90 0 164
17.100 2.100 1.300 95 0 159
17.100 2.100 1.500 80 0 174
17.100 2.100 1.700 66 0 188
17.100 2.100 1.900 66 0 188
17.300 -0.700 -0.300 26 0 228
17.300 -0.700 -0.100 22 0 232
17.300 -0.700 0.100 34 0 220
17.300 -0.700 0.300 57 0 197
17.300 -0.700 0.500 84 0 170
17.300 -0.700 0.700 89 0 165
17.300 -0.700 0.900 115 0 139
17.300 -0.700 1.100 108 0 146
17.300 -0.700 1.300 108 0 146
17.300 -0.700 1.500 96 0 158
17.300 -0.700 1.700 70 0 184
17.300 -0.700 1.900 72 0 182
17.300 -0.500 -0.300 0 0 255
17.300 -0.500 1.900 48 0 206
17.300 -0.300 -0.300 26 0 228
17.300 -0.300 1.900 83 0 171
17.300 -0.100 -0.300 52 0 202
17.300 -0.100 1.900 109 0 145
17.300 0.100 -0.300 97 0 157
17.300 0.100 1.900 133 0 121
17.300 0.300 -0.300 116 0 138
17.300 0.300 1.900 133 0 121
17.300 0.500 -0.300 114 0 140
17.300 0.500 1.900 138 0 116
17.300 0.700 -0.300 133 0 121
17.300 0.700 1.900 150 0 104
17.300 0.900 -0.300 88 0 166
17.300 0.900 1.900 130 0 124
17.300 1.100 -0.300 93 0 161
17.300 1.100 1.900 134 0 120
17.300 1.300 -0.300 100 0 154
17.300 1.300 1.900 131 0 123
17.300 1.500 -0.300 70 0 184
17.300 1.500 1.900 94 0 160
17.300 1.700 -0.300 0 0 254
17.300 1.700 1.900 51 0 203
17.300 1.900 -0.300 10 0 244
17.300 1.900 1.900 41 0 213
17.300 2.100 -0.300 0 0 255
17.300 2.100 -0.100 0 0 255
17.300 2.100 0.100 0 0 255
17.300 2.100 0.300 0 0 255
17.300 2.100 0.500 45 0 209
17.300 2.100 0.700 86 0 168
17.300 2.100 0.900 91 0 163
17.300 2.100 1.100 92 0 162
17.300 2.100 1.300 81 0 173
17.300 2.100 1.500 58 0 196
17.300 2.100 1.700 88 0 166
17.300 2.100 1.900 32 0 222
17.500 -0.700 -0.300 15 0 239
17.500 -0.700 -0.100 10 0 244
17.500 -0.700 0.100 24 0 230
17.500 -0.700 0.300 53 0 201
17.500 -0.700 0.500 76 0 178
17.500 -0.700 0.700 96 0 158
17.500 -0.700 0.900 112 0 142
17.500 -0.700 1.100 102 0 152
17.500 -0.700 1.300 87 0 167
17.500 -0.700 1.500 92 0 162
17.500 -0.700 1.700 77 0 177
17.500 -0.700 1.900 69 0 185
17.500 -0.500 -0.300 23 0 231
17.500 -0.500 1.900 50 0 204
17.500 -0.300 -0.300 36 0 218
17.500 -0.300 1.900 74 0 180
17.500 -0.100 -0.300 56 0 198
17.500 -0.100 1.900 86 0 168
17.500 0.100 -0.300 91 0 163
17.500 0.100 1.900 113 0 141
17.500 0.300 -0.300 134 0 120
17.500 0.300 1.900 127 0 127
17.500 0.500 -0.300 150 0 104
17.500 0.500 1.900 117 0 137
17.500 0.700 -0.300 148 0 106
17.500 0.700 1.900 113 0 141
17.500 0.900 -0.300 152 0 102
17.500 0.900 1.900 99 0 155
17.500 1.100 -0.300 137 0 117
17.500 1.100 1.900 105 0 149
17.500 1.300 -0.300 101 0 153
17.500 1.300 1.900 67 0 187
17.500 1.500 -0.300 39 0 215
17.500 1.500 1.900 64 0 190
17.500 1.700 -0.300 17 0 237
17.500 1.700 1.900 40 0 214
17.500 1.900 -0.300 0 0 255
17.500 1.900 1.900 27 0 227
17.500 2.100 -0.300 0 0 255
17.500 2.100 -0.100 0 0 255
17.500 2.100 0.100 0 0 255
17.500 2.100 0.300 9 0 245
17.500 2.100 0.500 48 0 206
17.500 2.100 0.700 82 0 172
17.500 2.100 0.900 94 0 160
17.500 2.100 1.100 106 0 148
17.500 2.100 1.300 91 0 163
17.500 2.100 1.500 66 0 188
17.500 2.100 1.700 45 0 209
17.500 2.100 1.900 46 0 208
17.700 -0.700 -0.300 1 0 253
17.700 -0.700 -0.100 5 0 249
17.700 -0.700 0.100 13 0 241
17.700 -0.700 0.300 47 0 207
17.700 -0.700 0.500 77 0 177
17.700 -0.700 0.700 94 0 160
17.700 -0.700 0.900 108 0 146
17.700 -0.700 1.100 100 0 154
17.700 -0.700 1.300 99 0 155
17.700 -0.700 1.500 90 0 164
17.700 -0.700 1.700 97 0 157
17.700 -0.700 1.900 84 0 170
17.700 -0.500 -0.300 0 0 255
17.700 -0.500 1.900 32 0 222
17.700 -0.300 -0.300 12 0 242
17.700 -0.300 1.900 32 0 222
17.700 -0.100 -0.300 66 0 188
17.700 -0.100 1.900 49 0 205
17.700 0.100 -0.300 84 0 170
17.700 0.100 1.900 51 0 203
17.700 0.300 -0.300 118 0 136
17.700 0.300 1.900 61 0 193
17.700 0.500 -0.300 131 0 123
17.700 0.500 1.900 81 0 173
17.700 0.700 -0.300 141 0 113
17.700 0.700 1.900 97 0 157
17.700 0.900 -0.300 129 0 125
17.700 0.900 1.900 94 0 160
17.700 1.100 -0.300 115 0 139
17.700 1.100 1.900 90 0 164
17.700 1.300 -0.300 78 0 176
17.700 1.300 1.900 95 0 159
17.700 1.500 -0.300 57 0 197
17.700 1.500 1.900 80 0 174
17.700 1.700 -0.300 21 0 233
17.700 1.700 1.900 47 0 207
17.700 1.900 -0.300 8 0 246
17.700 1.900 1.900 50 0 204
17.700 2.100 -0.300 0 0 255
17.700 2.100 -0.100 0 0 255
17.700 2.100 0.100 0 0 255
17.700 2.100 0.300 12 0 242
17.700 2.100 0.500 54 0 200
17.700 2.100 0.700 81 0 173
17.700 2.100 0.900 98 0 156
17.700 2.100 1.100 106 0 148
17.700 2.100 1.300 93 0 161
17.700 2.100 1.500 76 0 178
17.700 2.100 1.700 49 0 205
17.700 2.100 1.900 43 0 211
17.900 -0.700 -0.300 3 0 251
17.900 -0.700 -0.100 4 0 250
17.900 -0.700 0.100 18 0 236
17.900 -0.700 0.300 55 0 199
17.900 -0.700 0.500 76 0 178
17.900 -0.700 0.700 98 0 156
17.900 -0.700 0.900 95 0 159
17.900 -0.700 1.100 85 0 169
17.900 -0.700 1.300 92 0 162
17.900 -0.700 1.500 81 0 173
17.900 -0.700 1.700 91 0 163
17.900 -0.700 1.900 83 0 171
17.900 -0.500 -0.300 14 0 240
17.900 -0.500 1.900 56 0 198
17.900 -0.300 -0.300 32 0 222
17.900 -0.300 1.900 69 0 185
17.900 -0.100 -0.300 54 0 200
17.900 -0.100 1.900 84 0 170
17.900 0.100 -0.300 97 0 157
17.900 0.100 1.900 119 0 135
17.900 0.300 -0.300 130 0 124
17.900 0.300 1.900 102 0 152
17.900 0.500 -0.300 144 0 110
17.900 0.500 1.900 105 0 149
17.900 0.700 -0.300 131 0 123
17.900 0.700 1.900 102 0 152
17.900 0.900 -0.300 111 0 143
17.900 0.900 1.900 113 0 141
17.900 1.100 -0.300 108 0 146
17.900 1.100 1.900 128 0 126
17.900 1.300 -0.300 82 0 172
17.900 1.300 1.900 108 0 146
17.900 1.500 -0.300 55 0 199
17.900 1.500 1.900 66 0 188
17.900 1.700 -0.300 21 0 233
17.900 1.700 1.900 38 0 216
17.900 1.900 -0.300 0 0 255
17.900 1.900 1.900 30 0 224
17.900 2.100 -0.300 0 0 255
17.900 2.100 -0.100 0 0 255
17.900 2.100 0.100 0 0 255
17.900 2.100 0.300 0 0 255
17.900 2.100 0.500 48 0 206
17.900 2.100 0.700 78 0 176
17.900 2.100 0.900 102 0 152
17.900 2.100 1.100 100 0 154
17.900 2.100 1.300 89 0 165
17.900 2.100 1.500 68 0 186
17.900 2.100 1.700 60 0 194
17.900 2.100 1.900 8 0 246
18.100 -0.700 -0.300 0 0 255
18.100 -0.700 -0.100 0 0 255
18.100 -0.700 0.100 23 0 231
18.100 -0.700 0.300 51 0 203
18.100 -0.700 0.500 81 0 173
18.100 -0.700 0.700 109 0 145
18.100 -0.700 0.900 91 0 163
18.100 -0.700 1.100 98 0 156
18.100 -0.700 1.300 102 0 152
18.100 -0.700 1.500 91 0 163
18.100 -0.700 1.700 82 0 172
18.100 -0.700 1.900 77 0 177
18.100 -0.500 -0.300 17 0 237
18.100 -0.500 1.900 49 0 205
18.100 -0.300 -0.300 41 0 213
18.100 -0.300 1.900 58 0 196
18.100 -0.100 -0.300 89 0 165
18.100 -0.100 1.700 138 0 116
18.100 -0.100 1.900 78 0 176
18.100 0.100 -0.300 108 0 146
18.100 0.100 1.700 179 0 75
18.100 0.100 1.900 96 0 158
18.100 0.300 -0.300 127 0 127
18.100 0.300 1.900 108 0 146
18.100 0.500 -0.300 147 0 107
18.100 0.500 1.700 255 0 0
18.100 0.500 1.900 110 0 144
18.100 0.700 -0.300 143 0 111
18.100 0.700 1.700 196 0 58
18.100 0.700 1.900 111 0 143
18.100 0.900 -0.300 112 0 142
18.100 0.900 1.700 255 0 0
18.100 0.900 1.900 116 0 138
18.100 1.100 -0.300 101 0 153
18.100 1.100 1.700 167 0 87
18.100 1.100 1.900 102 0 152
18.100 1.300 -0.300 77 0 177
18.100 1.300 1.900 84 0 170
18.100 1.500 -0.300 44 0 210
18.100 1.500 1.900 113 0 141
18.100 1.700 -0.300 13 0 241
18.100 1.700 1.900 95 0 159
18.100 1.900 -0.300 0 0 255
18.100 1.900 1.900 46 0 208
18.100 2.100 -0.300 0 0 255
18.100 2.100 -0.100 0 0 255
18.100 2.100 0.100 0 0 255
18.100 2.100 0.300 3 0 251
18.100 2.100 0.500 48 0 206
18.100 2.100 0.700 92 0 162
18.100 2.100 0.900 96 0 158
18.100 2.100 1.100 101 0 153
18.100 2.100 1.300 103 0 151
18.100 2.100 1.500 91 0 163
18.100 2.100 1.700 70 0 184
18.100 2.100 1.900 38 0 216
18.300 -0.700 -0.300 0 0 255
18.300 -0.700 -0.100 0 0 255
18.300 -0.700 0.100 19 0 235
18.300 -0.700 0.300 54 0 200
18.300 -0.700 0.500 83 0 171
18.300 -0.700 0.700 101 0 153
18.300 -0.700 0.900 98 0 156
18.300 -0.700 1.100 95 0 159
18.300 -0.700 1.300 89 0 165
18.300 -0.700 1.500 87 0 167
18.300 -0.700 1.700 68 0 186
18.300 -0.700 1.900 103 0 151
18.300 -0.500 -0.300 2 0 252
18.300 -0.500 1.900 57 0 197
18.300 -0.300 -0.300 23 0 231
18.300 -0.300 1.900 64 0 190
18.300 -0.100 -0.300 76 0 178
18.300 -0.100 1.900 96 0 158
18.300 0.100 -0.300 125 0 129
18.300 0.100 1.900 123 0 131
18.300 0.300 -0.300 141 0 113
18.300 0.300 1.900 119 0 135
18.300 0.500 -0.300 142 0 112
18.300 0.500 1.900 114 0 140
18.300 0.700 -0.300 124 0 130
18.300 0.700 1.700 166 0 88
18.300 0.700 1.900 77 0 177
18.300 0.900 -0.300 105 0 149
18.300 0.900 1.700 255 0 0
18.300 0.900 1.900 130 0 124
18.300 1.100 -0.300 92 0 162
18.300 1.100 1.700 14 0 240
18.300 1.100 1.900 159 0 95
18.300 1.300 -0.300 68 0 186
18.300 1.300 1.900 146 0 108
18.300 1.500 -0.300 46 0 208
18.300 1.500 1.900 119 0 135
18.300 1.700 -0.300 18 0 236
18.300 1.700 1.700 0 0 255
18.300 1.700 1.900 64 0 190
18.300 1.900 -0.300 0 0 255
18.300 1.900 1.700 4 0 250
18.300 1.900 1.900 41 0 213
18.300 2.100 -0.300 0 0 255
18.300 2.100 -0.100 0 0 255
18.300 2.100 0.100 0 0 255
18.300 2.100 0.300 0 0 255
18.300 2.100 0.500 40 0 214
18.300 2.100 0.700 87 0 167
18.300 2.100 0.900 99 0 155
18.300 2.100 1.100 111 0 143
18.300 2.100 1.300 99 0 155
18.300 2.100 1.500 87 0 167
18.300 2.100 1.700 57 0 197
18.300 2.100 1.900 36 0 218
18.500 -0.700 -0.300 0 0 255
18.500 -0.700 -0.100 0 0 255
18.500 -0.700 0.100 26 0 228
18.500 -0.700 0.300 54 0 200
18.500 -0.700 0.500 87 0 167
18.500 -0.700 0.700 107 0 147
18.500 -0.700 0.900 100 0 154
18.500 -0.700 1.100 84 0 170
18.500 -0.700 1.300 96 0 158
18.500 -0.700 1.500 75 0 179
18.500 -0.700 1.700 77 0 177
18.500 -0.700 1.900 88 0 166
18.500 -0.500 -0.300 17 0 237
18.500 -0.500 1.700 86 0 168
18.500 -0.500 1.900 49 0 205
18.500 -0.300 -0.300 36 0 218
18.500 -0.300 1.700 131 0 123
18.500 -0.300 1.900 83 0 171
18.500 -0.100 -0.300 80 0 174
18.500 -0.100 1.700 111 0 143
18.500 -0.100 1.900 108 0 146
18.500 0.100 -0.300 94 0 160
18.500 0.100 1.700 142 0 112
18.500 0.100 1.900 118 0 136
18.500 0.300 -0.300 106 0 148
18.500 0.300 1.700 116 0 138
18.500 0.300 1.900 128 0 126
18.500 0.500 -0.300 126 0 128
18.500 0.500 1.700 120 0 134
18.500 0.500 1.900 106 0 148
18.500 0.700 -0.300 122 0 132
18.500 0.700 1.700 133 0 121
18.500 0.700 1.900 134 0 120
18.500 0.900 -0.300 102 0 152
18.500 0.900 1.700 118 0 136
18.500 0.900 1.900 146 0 108
18.500 1.100 -0.300 88 0 166
18.500 1.100 1.700 67 0 187
18.500 1.100 1.900 117 0 137
18.500 1.300 -0.300 68 0 186
18.500 1.300 1.700 87 0 167
18.500 1.300 1.900 123 0 131
18.500 1.500 -0.300 28 0 226
18.500 1.500 1.700 111 0 143
18.500 1.500 1.900 97 0 157
18.500 1.700 -0.300 0 0 255
18.500 1.700 1.700 136 0 118
18.500 1.700 1.900 74 0 180
18.500 1.900 -0.300 15 0 239
18.500 1.900 1.700 47 0 207
18.500 1.900 1.900 66 0 188
18.500 2.100 -0.300 0 0 255
18.500 2.100 -0.100 0 0 255
18.500 2.100 0.100 0 0 255
18.500 2.100 0.300 0 0 254
18.500 2.100 0.500 49 0 205
18.500 2.100 0.700 84 0 170
18.500 2.100 0.900 97 0 157
18.500 2.100 1.100 117 0 137
18.500 2.100 1.300 99 0 155
18.500 2.100 1.500 87 0 167
18.500 2.100 1.700 63 0 191
18.500 2.100 1.900 94 0 160
18.500 2.300 -0.300 24 0 230
18.500 2.300 -0.100 11 0 243
18.500 2.300 0.100 0 0 255
18.500 2.300 0.300 38 0 216
18.700 -0.700 -0.300 0 0 255
18.700 -0.700 -0.100 0 0 255
18.700 -0.700 0.100 22 0 232
18.700 -0.700 0.300 49 0 205
18.700 -0.700 0.500 84 0 170
18.700 -0.700 0.700 102 0 152
18.700 -0.700 0.900 105 0 149
18.700 -0.700 1.100 88 0 166
18.700 -0.700 1.300 89 0 165
18.700 -0.700 1.500 94 0 160
18.700 -0.700 1.700 71 0 183
18.700 -0.700 1.900 82 0 172
18.700 -0.500 -0.300 0 0 255
18.700 -0.500 1.700 148 0 106
18.700 -0.500 1.900 88 0 166
18.700 -0.300 -0.300 42 0 212
18.700 -0.300 1.900 136 0 118
18.700 -0.100 -0.300 92 0 162
18.700 -0.100 1.700 196 0 58
18.700 -0.100 1.900 143 0 111
18.700 0.100 -0.300 114 0 140
18.700 0.100 1.700 205 0 49
18.700 0.100 1.900 138 0 116
18.700 0.300 -0.300 138 0 116
18.700 0.300 1.700 172 0 82
18.700 0.300 1.900 163 0 91
18.700 0.500 -0.300 144 0 110
18.700 0.500 1.700 127 0 127
18.700 0.500 1.900 160 0 94
18.700 0.700 -0.300 125 0 129
18.700 0.700 1.700 251 0 3
18.700 0.700 1.900 116 0 138
18.700 0.900 -0.300 106 0 148
18.700 0.900 1.700 248 0 6
18.700 0.900 1.900 169 0 85
18.700 1.100 -0.300 91 0 163
18.700 1.100 1.700 207 0 47
18.700 1.100 1.900 160 0 94
18.700 1.300 -0.300 46 0 208
18.700 1.300 1.700 209 0 45
18.700 1.300 1.900 203 0 51
18.700 1.500 -0.300 52 0 202
18.700 1.500 1.700 228 0 26
18.700 1.500 1.900 226 0 28
18.700 1.700 -0.300 28 0 226
18.700 1.700 1.900 196 0 58
18.700 1.900 -0.300 0 0 255
18.700 1.900 1.900 84 0 170
18.700 2.100 -0.300 2 0 252
18.700 2.100 -0.100 0 0 255
18.700 2.100 0.100 0 0 255
18.700 2.100 0.300 5 0 249
18.700 2.100 0.500 31 0 223
18.700 2.100 0.700 82 0 172
18.700 2.100 0.900 101 0 153
18.700 2.100 1.100 106 0 148
18.700 2.100 1.300 92 0 162
18.700 2.100 1.500 82 0 172
18.700 2.100 1.700 59 0 195
18.700 2.100 1.900 49 0 205
18.700 2.300 -0.300 8 0 246
18.700 2.300 -0.100 0 0 255
18.700 2.300 0.100 0 0 255
18.700 2.300 0.300 1 0 253
18.700 2.300 0.500 99 0 155
18.700 2.300 0.700 35 0 219
18.700 2.300 0.900 88 0 166
18.700 2.300 1.100 28 0 226
18.700 2.300 1.300 204 0 50
18.700 2.300 1.700 45 0 209
18.900 -0.700 -0.300 0 0 255
18.900 -0.700 -0.100 2 0 252
18.900 -0.700 0.100 23 0 231
18.900 -0.700 0.300 52 0 202
18.900 -0.700 0.500 75 0 179
18.900 -0.700 0.700 107 0 147
18.900 -0.700 0.900 99 0 155
18.900 -0.700 1.100 83 0 171
18.900 -0.700 1.300 86 0 168
18.900 -0.700 1.500 89 0 165
18.900 -0.700 1.700 84 0 170
18.900 -0.700 1.900 89 0 165
18.900 -0.500 -0.300 25 0 229
18.900 -0.500 1.700 103 0 151
18.900 -0.500 1.900 45 0 209
18.900 -0.300 -0.300 43 0 211
18.900 -0.300 1.700 167 0 87
18.900 -0.300 1.900 85 0 169
18.900 -0.100 -0.300 70 0 184
18.900 -0.100 1.700 192 0 62
18.900 -0.100 1.900 99 0 155
18.900 0.100 -0.300 95 0 159
18.900 0.100 1.700 200 0 54
18.900 0.100 1.900 124 0 130
18.900 0.300 -0.300 137 0 117
18.900 0.300 1.700 202 0 52
18.900 0.300 1.900 117 0 137
18.900 0.500 -0.300 138 0 116
18.900 0.500 1.700 237 0 17
18.900 0.500 1.900 159 0 95
18.900 0.700 -0.300 122 0 132
18.900 0.700 1.700 255 0 0
18.900 0.700 1.900 169 0 85
18.900 0.900 -0.300 111 0 143
18.900 0.900 1.700 246 0 8
18.900 0.900 1.900 174 0 80
18.900 1.100 -0.300 120 0 134
18.900 1.100 1.700 241 0 13
18.900 1.100 1.900 203 0 51
18.900 1.300 -0.300 99 0 155
18.900 1.300 1.700 158 0 96
18.900 1.300 1.900 148 0 106
18.900 1.500 -0.300 72 0 182
18.900 1.500 1.700 199 0 55
18.900 1.500 1.900 101 0 153
18.900 1.700 -0.300 43 0 211
18.900 1.700 1.700 254 0 0
18.900 1.700 1.900 56 0 198
18.900 1.900 -0.300 18 0 236
18.900 1.900 1.700 255 0 0
18.900 1.900 1.900 35 0 219
18.900 2.100 -0.300 0 0 255
18.900 2.100 -0.100 0 0 255
18.900 2.100 0.100 0 0 255
18.900 2.100 0.300 0 0 255
18.900 2.100 0.500 49 0 205
18.900 2.100 0.700 70 0 184
18.900 2.100 0.900 108 0 146
18.900 2.100 1.100 117 0 137
18.900 2.100 1.300 112 0 142
18.900 2.100 1.500 95 0 159
18.900 2.100 1.700 75 0 179
18.900 2.100 1.900 39 0 215
18.900 2.300 -0.300 0 0 255
18.900 2.300 -0.100 0 0 255
18.900 2.300 0.100 0 0 255
18.900 2.300 0.300 7 0 247
18.900 2.300 0.500 29 0 225
18.900 2.300 0.700 70 0 184
18.900 2.300 0.900 108 0 146
18.900 2.300 1.100 141 0 113
18.900 2.300 1.300 151 0 103
18.900 2.300 1.500 153 0 101
18.900 2.300 1.700 100 0 154
19.100 -0.700 -0.300 0 0 255
19.100 -0.700 -0.100 0 0 255
19.100 -0.700 0.100 18 0 236
19.100 -0.700 0.300 47 0 207
19.100 -0.700 0.500 78 0 176
19.100 -0.700 0.700 101 0 153
19.100 -0.700 0.900 107 0 147
19.100 -0.700 1.100 91 0 163
19.100 -0.700 1.300 91 0 163
19.100 -0.700 1.500 93 0 161
19.100 -0.700 1.700 86 0 168
19.100 -0.700 1.900 84 0 170
19.100 -0.500 -0.300 6 0 248
19.100 -0.500 1.700 92 0 162
19.100 -0.500 1.900 84 0 170
19.100 -0.300 -0.300 56 0 198
19.100 -0.300 1.700 162 0 92
19.100 -0.300 1.900 138 0 116
19.100 -0.100 -0.300 97 0 157
19.100 -0.100 1.700 184 0 70
19.100 -0.100 1.900 126 0 128
19.100 0.100 -0.300 120 0 134
19.100 0.100 1.700 211 0 43
19.100 0.100 1.900 125 0 129
19.100 0.300 -0.300 126 0 128
19.100 0.300 1.700 192 0 62
19.100 0.300 1.900 122 0 132
19.100 0.500 -0.300 141 0 113
19.100 0.500 1.700 209 0 45
19.100 0.500 1.900 112 0 142
19.100 0.700 -0.300 132 0 122
19.100 0.700 1.700 197 0 57
19.100 0.700 1.900 113 0 141
19.100 0.900 -0.300 116 0 138
19.100 0.900 1.700 196 0 58
19.100 0.900 1.900 98 0 156
19.100 1.100 -0.300 118 0 136
19.100 1.100 1.700 239 0 15
19.100 1.100 1.900 78 0 176
19.100 1.300 -0.300 108 0 146
19.100 1.300 1.700 255 0 0
19.100 1.300 1.900 115 0 139
19.100 1.500 -0.300 63 0 191
19.100 1.500 1.700 171 0 83
19.100 1.500 1.900 143 0 111
19.100 1.700 -0.300 16 0 238
19.100 1.700 1.700 182 0 72
19.100 1.700 1.900 177 0 77
19.100 1.900 -0.300 0 0 255
19.100 1.900 1.700 81 0 173
19.100 1.900 1.900 116 0 138
19.100 2.100 -0.300 0 0 255
19.100 2.100 -0.100 0 0 255
19.100 2.100 0.100 0 0 255
19.100 2.100 0.300 13 0 241
19.100 2.100 0.500 30 0 224
19.100 2.100 0.700 90 0 164
19.100 2.100 0.900 73 0 181
19.100 2.100 1.100 154 0 100
19.100 2.100 1.300 80 0 174
19.100 2.100 1.500 75 0 179
19.100 2.100 1.700 48 0 206
19.100 2.100 1.900 77 0 177
19.100 2.300 -0.300 0 0 255
19.100 2.300 -0.100 0 0 255
19.100 2.300 0.100 0 0 255
19.100 2.300 0.300 0 0 254
19.100 2.300 0.500 42 0 212
19.100 2.300 0.700 60 0 194
19.100 2.300 0.900 105 0 149
19.100 2.300 1.100 120 0 134
19.100 2.300 1.300 145 0 109
19.100 2.300 1.500 104 0 150
19.100 2.300 1.700 48 0 206
19.300 -0.700 -0.300 0 0 254
19.300 -0.700 -0.100 0 0 255
19.300 -0.700 0.100 25 0 229
19.300 -0.700 0.300 56 0 198
19.300 -0.700 0.500 85 0 169
19.300 -0.700 0.700 107 0 147
19.300 -0.700 0.900 107 0 147
19.300 -0.700 1.100 109 0 145
19.300 -0.700 1.300 85 0 169
19.300 -0.700 1.500 95 0 159
19.300 -0.700 1.700 93 0 161
19.300 -0.700 1.900 66 0 188
19.300 -0.500 -0.300 2 0 252
19.300 -0.500 1.700 83 0 171
19.300 -0.500 1.900 90 0 164
19.300 -0.300 -0.300 57 0 197
19.300 -0.300 1.700 118 0 136
19.300 -0.300 1.900 125 0 129
19.300 -0.100 -0.300 98 0 156
19.300 -0.100 1.700 197 0 57
19.300 -0.100 1.900 157 0 97
19.300 0.100 -0.300 124 0 130
19.300 0.100 1.700 203 0 51
19.300 0.100 1.900 171 0 83
19.300 0.300 -0.300 145 0 109
19.300 0.300 1.700 220 0 34
19.300 0.300 1.900 181 0 73
19.300 0.500 -0.300 145 0 109
19.300 0.500 1.700 217 0 37
19.300 0.500 1.900 177 0 77
19.300 0.700 -0.300 139 0 115
19.300 0.700 1.700 237 0 17
19.300 0.700 1.900 206 0 48
19.300 0.900 -0.300 118 0 136
19.300 0.900 1.700 243 0 11
19.300 0.900 1.900 229 0 25
19.300 1.100 -0.300 80 0 174
19.300 1.100 1.700 241 0 13
19.300 1.100 1.900 231 0 23
19.300 1.300 -0.300 69 0 185
19.300 1.300 1.700 227 0 27
19.300 1.300 1.900 199 0 55
19.300 1.500 -0.300 38 0 216
19.300 1.500 1.700 111 0 143
19.300 1.500 1.900 175 0 79
19.300 1.700 -0.300 0 0 255
19.300 1.700 1.700 71 0 183
19.300 1.700 1.900 126 0 128
19.300 1.900 -0.300 0 0 255
19.300 1.900 1.700 36 0 218
19.300 1.900 1.900 76 0 178
19.300 2.100 -0.300 8 0 246
19.300 2.100 -0.100 0 0 255
19.300 2.100 0.500 41 0 213
19.300 2.100 0.700 73 0 181
19.300 2.100 0.900 3 0 251
19.300 2.100 1.300 62 0 192
19.300 2.100 1.500 22 0 232
19.300 2.100 1.700 59 0 195
19.300 2.100 1.900 57 0 197
19.300 2.300 -0.300 0 0 255
19.300 2.300 -0.100 0 0 255
19.300 2.300 0.100 0 0 255
19.300 2.300 0.300 15 0 239
19.300 2.300 0.500 41 0 213
19.300 2.300 0.700 89 0 165
19.300 2.300 0.900 105 0 149
19.300 2.300 1.100 128 0 126
19.300 2.300 1.300 125 0 129
19.300 2.300 1.500 120 0 134
19.300 2.300 1.700 77 0 177
19.300 2.300 1.900 150 0 104
19.500 -0.700 -0.300 0 0 255
19.500 -0.700 -0.100 0 0 255
19.500 -0.700 0.100 21 0 233
19.500 -0.700 0.300 57 0 197
19.500 -0.700 0.500 77 0 177
19.500 -0.700 0.700 103 0 151
19.500 -0.700 0.900 105 0 149
19.500 -0.700 1.100 95 0 159
19.500 -0.700 1.300 80 0 174
19.500 -0.700 1.500 90 0 164
19.500 -0.700 1.700 83 0 171
19.500 -0.700 1.900 128 0 126
19.500 -0.500 -0.300 18 0 236
19.500 -0.500 1.700 72 0 182
19.500 -0.500 1.900 90 0 164
19.500 -0.300 -0.300 67 0 187
19.500 -0.300 1.700 104 0 150
19.500 -0.300 1.900 132 0 122
19.500 -0.100 -0.300 95 0 159
19.500 -0.100 1.700 176 0 78
19.500 -0.100 1.900 134 0 120
19.500 0.100 -0.300 114 0 140
19.500 0.100 1.700 161 0 93
19.500 0.100 1.900 189 0 65
19.500 0.300 -0.300 125 0 129
19.500 0.300 1.700 143 0 111
19.500 0.300 1.900 186 0 68
19.500 0.500 -0.300 133 0 121
19.500 0.500 1.700 162 0 92
19.500 0.500 1.900 219 0 35
19.500 0.700 -0.300 119 0 135
19.500 0.700 1.700 167 0 87
19.500 0.700 1.900 178 0 76
19.500 0.900 -0.300 92 0 162
19.500 0.900 1.700 152 0 102
19.500 0.900 1.900 154 0 100
19.500 1.100 -0.300 109 0 145
19.500 1.100 1.700 153 0 101
19.500 1.100 1.900 128 0 126
19.500 1.300 -0.300 89 0 165
19.500 1.300 1.700 126 0 128
19.500 1.300 1.900 148 0 106
19.500 1.500 -0.300 54 0 200
19.500 1.500 1.700 147 0 107
19.500 1.500 1.900 96 0 158
19.500 1.700 -0.300 34 0 220
19.500 1.700 1.700 93 0 161
19.500 1.700 1.900 107 0 147
19.500 1.900 -0.300 13 0 241
19.500 1.900 1.700 86 0 168
19.500 1.900 1.900 81 0 173
19.500 2.100 -0.300 0 0 255
19.500 2.100 1.300 21 0 233
19.500 2.100 1.700 85 0 169
19.500 2.100 1.900 79 0 175
19.500 2.300 -0.300 1 0 253
19.500 2.300 -0.100 0 0 255
19.500 2.300 0.100 4 0 250
19.500 2.300 0.300 17 0 237
19.500 2.300 0.500 57 0 197
19.500 2.300 0.700 101 0 153
19.500 2.300 0.900 116 0 138
19.500 2.300 1.100 112 0 142
19.500 2.300 1.300 130 0 124
19.500 2.300 1.500 111 0 143
19.500 2.300 1.700 81 0 173
19.500 2.300 1.900 134 0 120
19.700 -0.700 -0.300 9 0 245
19.700 -0.700 -0.100 0 0 255
19.700 -0.700 0.100 21 0 233
19.700 -0.700 0.300 48 0 206
19.700 -0.700 0.500 74 0 180
19.700 -0.700 0.700 104 0 150
19.700 -0.700 0.900 119 0 135
19.700 -0.700 1.100 97 0 157
19.700 -0.700 1.300 100 0 154
19.700 -0.700 1.500 86 0 168
19.700 -0.700 1.700 91 0 163
19.700 -0.700 1.900 109 0 145
19.700 -0.500 -0.300 13 0 241
19.700 -0.500 1.700 137 0 117
19.700 -0.500 1.900 132 0 122
19.700 -0.300 -0.300 48 0 206
19.700 -0.300 1.700 226 0 28
19.700 -0.300 1.900 188 0 66
19.700 -0.100 -0.300 77 0 177
19.700 -0.100 1.700 167 0 87
19.700 -0.100 1.900 213 0 41
19.700 0.100 -0.300 98 0 156
19.700 0.100 1.700 255 0 0
19.700 0.100 1.900 205 0 49
19.700 0.300 -0.300 114 0 140
19.700 0.300 1.700 226 0 28
19.700 0.300 1.900 177 0 77
19.700 0.500 -0.300 136 0 118
19.700 0.500 1.700 254 0 0
19.700 0.500 1.900 171 0 83
19.700 0.700 -0.300 107 0 147
19.700 0.700 1.700 218 0 36
19.700 0.700 1.900 200 0 54
19.700 0.900 -0.300 93 0 161
19.700 0.900 1.700 200 0 54
19.700 0.900 1.900 160 0 94
19.700 1.100 -0.300 90 0 164
19.700 1.100 1.700 206 0 48
19.700 1.100 1.900 158 0 96
19.700 1.300 -0.300 68 0 186
19.700 1.300 1.700 232 0 22
19.700 1.300 1.900 179 0 75
19.700 1.500 -0.300 52 0 202
19.700 1.500 1.700 183 0 71
19.700 1.500 1.900 156 0 98
19.700 1.700 -0.300 29 0 225
19.700 1.700 1.700 187 0 67
19.700 1.700 1.900 172 0 82
19.700 1.900 -0.300 0 0 255
19.700 1.900 1.700 180 0 74
19.700 1.900 1.900 134 0 120
19.700 2.100 -0.300 0 0 255
19.700 2.100 1.700 129 0 125
19.700 2.100 1.900 79 0 175
19.700 2.300 -0.300 0 0 255
19.700 2.300 -0.100 0 0 255
19.700 2.300 0.100 6 0 248
19.700 2.300 0.300 32 0 222
19.700 2.300 0.500 69 0 185
19.700 2.300 0.700 98 0 156
19.700 2.300 0.900 114 0 140
19.700 2.300 1.100 131 0 123
19.700 2.300 1.300 132 0 122
19.700 2.300 1.500 87 0 167
19.700 2.300 1.700 85 0 169
19.700 2.300 1.900 18 0 236
19.900 -0.700 -0.300 0 0 255
19.900 -0.700 -0.100 0 0 255
19.900 -0.700 0.100 13 0 241
19.900 -0.700 0.300 47 0 207
19.900 -0.700 0.500 71 0 183
19.900 -0.700 0.700 100 0 154
19.900 -0.700 0.900 114 0 140
19.900 -0.700 1.100 103 0 151
19.900 -0.700 1.300 97 0 157
19.900 -0.700 1.500 86 0 168
19.900 -0.700 1.700 96 0 158
19.900 -0.700 1.900 0 0 255
19.900 -0.500 -0.300 0 0 254
19.900 -0.500 -0.100 0 0 255
19.900 -0.500 0.100 0 0 255
19.900 -0.500 1.700 57 0 197
19.900 -0.500 1.900 105 0 149
19.900 -0.300 -0.300 47 0 207
19.900 -0.300 1.700 157 0 97
19.900 -0.300 1.900 111 0 143
19.900 -0.100 -0.300 53 0 201
19.900 -0.100 1.700 129 0 125
19.900 -0.100 1.900 98 0 156
19.900 0.100 -0.300 88 0 166
19.900 0.100 1.700 100 0 154
19.900 0.100 1.900 158 0 96
19.900 0.300 -0.300 120 0 134
19.900 0.300 1.700 110 0 144
19.900 0.300 1.900 172 0 82
19.900 0.500 -0.300 136 0 118
19.900 0.500 1.700 143 0 111
19.900 0.500 1.900 174 0 80
19.900 0.700 -0.300 129 0 125
19.900 0.700 1.700 184 0 70
19.900 0.700 1.900 181 0 73
19.900 0.900 -0.300 117 0 137
19.900 0.900 1.700 185 0 69
19.900 0.900 1.900 156 0 98
19.900 1.100 -0.300 110 0 144
19.900 1.100 1.700 148 0 106
19.900 1.100 1.900 216 0 38
19.900 1.300 -0.300 108 0 146
19.900 1.300 1.700 169 0 85
19.900 1.300 1.900 186 0 68
19.900 1.500 -0.300 60 0 194
19.900 1.500 1.700 175 0 79
19.900 1.500 1.900 145 0 109
19.900 1.700 -0.300 11 0 243
19.900 1.700 1.700 151 0 103
19.900 1.700 1.900 153 0 101
19.900 1.900 -0.300 0 0 255
19.900 1.900 1.700 96 0 158
19.900 1.900 1.900 125 0 129
19.900 2.100 -0.300 0 0 255
19.900 2.100 1.700 50 0 204
19.900 2.100 1.900 65 0 189
19.900 2.300 -0.300 0 0 255
19.900 2.300 -0.100 0 0 255
19.900 2.300 0.100 9 0 245
19.900 2.300 0.300 36 0 218
19.900 2.300 0.500 67 0 187
19.900 2.300 0.700 108 0 146
19.900 2.300 0.900 106 0 148
19.900 2.300 1.100 125 0 129
19.900 2.300 1.300 138 0 116
19.900 2.300 1.500 118 0 136
19.900 2.300 1.700 59 0 195
19.900 2.300 1.900 11 0 243
20.100 -0.700 -0.300 1 0 253
20.100 -0.700 -0.100 0 0 255
20.100 -0.700 0.100 27 0 227
20.100 -0.700 0.300 49 0 205
20.100 -0.700 0.500 76 0 178
20.100 -0.700 0.700 100 0 154
20.100 -0.700 0.900 135 0 119
20.100 -0.700 1.100 105 0 149
20.100 -0.700 1.300 82 0 172
20.100 -0.700 1.500 91 0 163
20.100 -0.700 1.700 68 0 186
20.100 -0.500 -0.300 1 0 253
20.100 -0.500 -0.100 0 0 255
20.100 -0.500 0.100 0 0 255
20.100 -0.500 1.700 102 0 152
20.100 -0.500 1.900 99 0 155
20.100 -0.300 -0.300 43 0 211
20.100 -0.300 1.700 113 0 141
20.100 -0.300 1.900 142 0 112
20.100 -0.100 -0.300 63 0 191
20.100 -0.100 1.700 177 0 77
20.100 -0.100 1.900 137 0 117
20.100 0.100 -0.300 95 0 159
20.100 0.100 1.700 154 0 100
20.100 0.100 1.900 168 0 86
20.100 0.300 -0.300 121 0 133
20.100 0.300 1.700 170 0 84
20.100 0.300 1.900 147 0 107
20.100 0.500 -0.300 142 0 112
20.100 0.500 1.700 176 0 78
20.100 0.500 1.900 126 0 128
20.100 0.700 -0.300 147 0 107
20.100 0.700 1.700 223 0 31
20.100 0.700 1.900 125 0 129
20.100 0.900 -0.300 132 0 122
20.100 0.900 1.700 195 0 59
20.100 0.900 1.900 144 0 110
20.100 1.100 -0.300 103 0 151
20.100 1.100 1.700 249 0 5
20.100 1.100 1.900 129 0 125
20.100 1.300 -0.300 81 0 173
20.100 1.300 1.700 213 0 41
20.100 1.300 1.900 147 0 107
20.100 1.500 -0.300 63 0 191
20.100 1.500 1.700 230 0 24
20.100 1.500 1.900 125 0 129
20.100 1.700 -0.300 35 0 219
20.100 1.700 1.700 238 0 16
20.100 1.700 1.900 127 0 127
20.100 1.900 -0.300 5 0 249
20.100 1.900 1.700 178 0 76
20.100 1.900 1.900 147 0 107
20.100 2.100 -0.300 0 0 255
20.100 2.100 1.700 71 0 183
20.100 2.100 1.900 105 0 149
20.100 2.300 -0.300 0 0 255
20.100 2.300 -0.100 0 0 255
20.100 2.300 0.100 4 0 250
20.100 2.300 0.300 32 0 222
20.100 2.300 0.500 70 0 184
20.100 2.300 0.700 101 0 153
20.100 2.300 0.900 112 0 142
20.100 2.300 1.100 137 0 117
20.100 2.300 1.300 135 0 119
20.100 2.300 1.500 123 0 131
20.100 2.300 1.700 95 0 159
20.100 2.300 1.900 93 0 161
20.300 -0.700 -0.300 13 0 241
20.300 -0.700 -0.100 7 0 247
20.300 -0.700 0.100 25 0 229
20.300 -0.700 0.300 52 0 202
20.300 -0.700 0.500 79 0 175
20.300 -0.700 0.700 105 0 149
20.300 -0.700 0.900 133 0 121
20.300 -0.700 1.100 114 0 140
20.300 -0.700 1.300 93 0 161
20.300 -0.700 1.500 89 0 165
20.300 -0.700 1.700 101 0 153
20.300 -0.700 1.900 183 0 71
20.300 -0.500 -0.300 0 0 255
20.300 -0.500 -0.100 0 0 255
20.300 -0.500 0.100 5 0 249
20.300 -0.500 0.300 30 0 224
20.300 -0.500 0.500 0 0 255
20.300 -0.500 0.700 92 0 162
20.300 -0.500 1.700 141 0 113
20.300 -0.500 1.900 133 0 121
20.300 -0.300 -0.300 47 0 207
20.300 -0.300 1.700 231 0 23
20.300 -0.300 1.900 140 0 114
20.300 -0.100 -0.300 63 0 191
20.300 -0.100 1.700 205 0 49
20.300 -0.100 1.900 145 0 109
20.300 0.100 -0.300 104 0 150
20.300 0.100 1.700 238 0 16
20.300 0.100 1.900 185 0 69
20.300 0.300 -0.300 120 0 134
20.300 0.300 1.700 229 0 25
20.300 0.300 1.900 147 0 107
20.300 0.500 -0.300 130 0 124
20.300 0.500 1.700 240 0 14
20.300 0.500 1.900 132 0 122
20.300 0.700 -0.300 121 0 133
20.300 0.700 1.700 250 0 4
20.300 0.700 1.900 149 0 105
20.300 0.900 -0.300 98 0 156
20.300 0.900 1.700 255 0 0
20.300 0.900 1.900 125 0 129
20.300 1.100 -0.300 101 0 153
20.300 1.100 1.700 248 0 6
20.300 1.100 1.900 140 0 114
20.300 1.300 -0.300 87 0 167
20.300 1.300 1.700 220 0 34
20.300 1.300 1.900 182 0 72
20.300 1.500 -0.300 74 0 180
20.300 1.500 1.700 206 0 48
20.300 1.500 1.900 162 0 92
20.300 1.700 -0.300 61 0 193
20.300 1.700 1.700 171 0 83
20.300 1.700 1.900 152 0 102
20.300 1.900 -0.300 29 0 225
20.300 1.900 1.700 43 0 211
20.300 1.900 1.900 151 0 103
20.300 2.100 -0.300 15 0 239
20.300 2.100 1.700 28 0 226
20.300 2.100 1.900 100 0 154
20.300 2.300 -0.300 2 0 252
20.300 2.300 -0.100 0 0 255
20.300 2.300 0.100 9 0 245
20.300 2.300 0.300 31 0 223
20.300 2.300 0.500 63 0 191
20.300 2.300 0.700 101 0 153
20.300 2.300 0.900 116 0 138
20.300 2.300 1.100 129 0 125
20.300 2.300 1.300 154 0 100
20.300 2.300 1.500 95 0 159
20.300 2.300 1.700 85 0 169
20.300 2.300 1.900 135 0 119
20.500 -0.700 -0.300 3 0 251
20.500 -0.700 -0.100 14 0 240
20.500 -0.700 0.100 37 0 217
20.500 -0.700 0.300 57 0 197
20.500 -0.700 0.500 94 0 160
20.500 -0.700 0.700 110 0 144
20.500 -0.700 0.900 150 0 104
20.500 -0.700 1.100 117 0 137
20.500 -0.700 1.300 98 0 156
20.500 -0.700 1.500 87 0 167
20.500 -0.700 1.700 91 0 163
20.500 -0.500 -0.300 0 0 255
20.500 -0.500 -0.100 0 0 255
20.500 -0.500 0.100 37 0 217
20.500 -0.500 0.300 58 0 196
20.500 -0.500 0.500 79 0 175
20.500 -0.500 0.700 60 0 194
20.500 -0.500 1.500 12 0 242
20.500 -0.500 1.700 66 0 188
20.500 -0.500 1.900 140 0 114
20.500 -0.300 -0.300 44 0 210
20.500 -0.300 1.700 184 0 70
20.500 -0.300 1.900 181 0 73
20.500 -0.100 -0.300 84 0 170
20.500 -0.100 1.700 164 0 90
20.500 -0.100 1.900 213 0 41
20.500 0.100 -0.300 106 0 148
20.500 0.100 1.700 208 0 46
20.500 0.100 1.900 207 0 47
20.500 0.300 -0.300 116 0 138
20.500 0.300 1.700 234 0 20
20.500 0.300 1.900 192 0 62
20.500 0.500 -0.300 132 0 122
20.500 0.500 1.700 200 0 54
20.500 0.500 1.900 191 0 63
20.500 0.700 -0.300 124 0 130
20.500 0.700 1.700 211 0 43
20.500 0.700 1.900 187 0 67
20.500 0.900 -0.300 111 0 143
20.500 0.900 1.700 165 0 89
20.500 0.900 1.900 198 0 56
20.500 1.100 -0.300 110 0 144
20.500 1.100 1.700 173 0 81
20.500 1.100 1.900 216 0 38
20.500 1.300 -0.300 99 0 155
20.500 1.300 1.700 159 0 95
20.500 1.300 1.900 223 0 31
20.500 1.500 -0.300 79 0 175
20.500 1.500 1.700 122 0 132
20.500 1.500 1.900 207 0 47
20.500 1.700 -0.300 52 0 202
20.500 1.700 1.700 110 0 144
20.500 1.700 1.900 180 0 74
20.500 1.900 -0.300 33 0 221
20.500 1.900 1.700 86 0 168
20.500 1.900 1.900 140 0 114
20.500 2.100 -0.300 4 0 250
20.500 2.100 1.700 93 0 161
20.500 2.100 1.900 87 0 167
20.500 2.300 -0.300 0 0 254
20.500 2.300 -0.100 0 0 255
20.500 2.300 0.100 0 0 255
20.500 2.300 0.300 27 0 227
20.500 2.300 0.500 53 0 201
20.500 2.300 0.700 103 0 151
20.500 2.300 0.900 116 0 138
20.500 2.300 1.100 141 0 113
20.500 2.300 1.300 160 0 94
20.500 2.300 1.500 160 0 94
20.500 2.300 1.700 76 0 178
20.500 2.300 1.900 71 0 183
20.700 -0.700 -0.300 49 0 205
20.700 -0.700 -0.100 18 0 236
20.700 -0.700 0.100 43 0 211
20.700 -0.700 0.300 63 0 191
20.700 -0.700 0.500 96 0 158
20.700 -0.700 0.700 122 0 132
20.700 -0.700 0.900 155 0 99
20.700 -0.700 1.100 132 0 122
20.700 -0.700 1.300 96 0 158
20.700 -0.700 1.500 95 0 159
20.700 -0.700 1.700 111 0 143
20.700 -0.500 -0.300 13 0 241
20.700 -0.500 -0.100 9 0 245
20.700 -0.500 0.100 48 0 206
20.700 -0.500 0.300 64 0 190
20.700 -0.500 0.500 101 0 153
20.700 -0.500 0.700 104 0 150
20.700 -0.500 0.900 182 0 72
20.700 -0.500 1.100 252 0 2
20.700 -0.500 1.300 25 0 229
20.700 -0.500 1.500 29 0 225
20.700 -0.500 1.700 67 0 187
20.700 -0.500 1.900 130 0 124
20.700 -0.300 -0.300 22 0 232
20.700 -0.300 1.700 89 0 165
20.700 -0.300 1.900 110 0 144
20.700 -0.100 -0.300 41 0 213
20.700 -0.100 1.700 111 0 143
20.700 -0.100 1.900 135 0 119
20.700 0.100 -0.300 97 0 157
20.700 0.100 1.700 108 0 146
20.700 0.100 1.900 187 0 67
20.700 0.300 -0.300 125 0 129
20.700 0.300 1.700 127 0 127
20.700 0.300 1.900 188 0 66
20.700 0.500 -0.300 139 0 115
20.700 0.500 1.700 134 0 120
20.700 0.500 1.900 214 0 40
20.700 0.700 -0.300 144 0 110
20.700 0.700 1.700 131 0 123
20.700 0.700 1.900 195 0 59
20.700 0.900 -0.300 121 0 133
20.700 0.900 1.700 149 0 105
20.700 0.900 1.900 196 0 58
20.700 1.100 -0.300 118 0 136
20.700 1.100 1.700 165 0 89
20.700 1.100 1.900 153 0 101
20.700 1.300 -0.300 101 0 153
20.700 1.300 1.700 171 0 83
20.700 1.300 1.900 124 0 130
20.700 1.500 -0.300 116 0 138
20.700 1.500 1.700 141 0 113
20.700 1.500 1.900 159 0 95
20.700 1.700 -0.300 106 0 148
20.700 1.700 1.700 141 0 113
20.700 1.700 1.900 132 0 122
20.700 1.900 -0.300 43 0 211
20.700 1.900 1.700 129 0 125
20.700 1.900 1.900 134 0 120
20.700 2.100 -0.300 0 0 255
20.700 2.100 1.700 77 0 177
20.700 2.100 1.900 85 0 169
20.700 2.300 -0.300 2 0 252
20.700 2.300 -0.100 0 0 255
20.700 2.300 0.100 7 0 247
20.700 2.300 0.300 20 0 234
20.700 2.300 0.500 51 0 203
20.700 2.300 0.700 96 0 158
20.700 2.300 0.900 113 0 141
20.700 2.300 1.100 120 0 134
20.700 2.300 1.300 131 0 123
20.700 2.300 1.500 145 0 109
20.700 2.300 1.700 83 0 171
20.700 2.300 1.900 111 0 143
20.900 -0.700 -0.300 55 0 199
20.900 -0.700 -0.100 35 0 219
20.900 -0.700 0.100 50 0 204
20.900 -0.700 0.300 64 0 190
20.900 -0.700 0.500 88 0 166
20.900 -0.700 0.700 114 0 140
20.900 -0.700 0.900 150 0 104
20.900 -0.700 1.100 157 0 97
20.900 -0.700 1.300 109 0 145
20.900 -0.700 1.500 72 0 182
20.900 -0.700 1.700 65 0 189
20.900 -0.500 -0.300 15 0 239
20.900 -0.500 -0.100 5 0 249
20.900 -0.500 0.100 47 0 207
20.900 -0.500 0.300 77 0 177
20.900 -0.500 0.500 96 0 158
20.900 -0.500 0.700 113 0 141
20.900 -0.500 0.900 149 0 105
20.900 -0.500 1.100 161 0 93
20.900 -0.500 1.300 64 0 190
20.900 -0.500 1.500 75 0 179
20.900 -0.500 1.700 125 0 129
20.900 -0.500 1.900 93 0 161
20.900 -0.300 -0.300 38 0 216
20.900 -0.300 1.700 135 0 119
20.900 -0.300 1.900 130 0 124
20.900 -0.100 -0.300 65 0 189
20.900 -0.100 1.700 112 0 142
20.900 -0.100 1.900 136 0 118
20.900 0.100 -0.300 76 0 178
20.900 0.100 1.700 135 0 119
20.900 0.100 1.900 171 0 83
20.900 0.300 -0.300 105 0 149
20.900 0.300 1.700 114 0 140
20.900 0.300 1.900 168 0 86
20.900 0.500 -0.300 122 0 132
20.900 0.500 1.700 136 0 118
20.900 0.500 1.900 169 0 85
20.900 0.700 -0.300 130 0 124
20.900 0.700 1.700 159 0 95
20.900 0.700 1.900 147 0 107
20.900 0.900 -0.300 133 0 121
20.900 0.900 1.700 171 0 83
20.900 0.900 1.900 163 0 91
20.900 1.100 -0.300 138 0 116
20.900 1.100 1.700 168 0 86
20.900 1.100 1.900 131 0 123
20.900 1.300 -0.300 123 0 131
20.900 1.300 1.700 186 0 68
20.900 1.300 1.900 133 0 121
20.900 1.500 -0.300 116 0 138
20.900 1.500 1.700 157 0 97
20.900 1.500 1.900 140 0 114
20.900 1.700 -0.300 71 0 183
20.900 1.700 1.700 169 0 85
20.900 1.700 1.900 124 0 130
20.900 1.900 -0.300 46 0 208
20.900 1.900 1.700 165 0 89
20.900 1.900 1.900 101 0 153
20.900 2.100 -0.300 5 0 249
20.900 2.100 1.700 137 0 117
20.900 2.100 1.900 37 0 217
20.900 2.300 -0.300 0 0 255
20.900 2.300 -0.100 0 0 255
20.900 2.300 0.100 0 0 254
20.900 2.300 0.300 27 0 227
20.900 2.300 0.500 62 0 192
20.900 2.300 0.700 95 0 159
20.900 2.300 0.900 122 0 132
20.900 2.300 1.100 129 0 125
20.900 2.300 1.300 178 0 76
20.900 2.300 1.500 131 0 123
20.900 2.300 1.700 129 0 125
20.900 2.300 1.900 96 0 158
21.100 -0.700 -0.100 46 0 208
21.100 -0.700 0.100 65 0 189
21.100 -0.700 0.300 83 0 171
21.100 -0.700 0.500 85 0 169
21.100 -0.700 0.700 136 0 118
21.100 -0.700 0.900 128 0 126
21.100 -0.700 1.100 138 0 116
21.100 -0.700 1.300 96 0 158
21.100 -0.700 1.500 107 0 147
21.100 -0.700 1.700 120 0 134
21.100 -0.500 -0.300 17 0 237
21.100 -0.500 -0.100 10 0 244
21.100 -0.500 0.100 47 0 207
21.100 -0.500 0.300 66 0 188
21.100 -0.500 0.500 107 0 147
21.100 -0.500 0.700 123 0 131
21.100 -0.500 0.900 155 0 99
21.100 -0.500 1.100 175 0 79
21.100 -0.500 1.300 119 0 135
21.100 -0.500 1.500 96 0 158
21.100 -0.500 1.700 152 0 102
21.100 -0.500 1.900 134 0 120
21.100 -0.300 -0.300 41 0 213
21.100 -0.300 1.700 146 0 108
21.100 -0.300 1.900 101 0 153
21.100 -0.100 -0.300 51 0 203
21.100 -0.100 1.700 151 0 103
21.100 -0.100 1.900 100 0 154
21.100 0.100 -0.300 76 0 178
21.100 0.100 1.700 173 0 81
21.100 0.100 1.900 130 0 124
21.100 0.300 -0.300 88 0 166
21.100 0.300 1.700 164 0 90
21.100 0.300 1.900 93 0 161
21.100 0.500 -0.300 117 0 137
21.100 0.500 1.700 162 0 92
21.100 0.500 1.900 84 0 170
21.100 0.700 -0.300 124 0 130
21.100 0.700 1.700 155 0 99
21.100 0.700 1.900 104 0 150
21.100 0.900 -0.300 124 0 130
21.100 0.900 1.700 72 0 182
21.100 0.900 1.900 127 0 127
21.100 1.100 -0.300 109 0 145
21.100 1.100 1.700 136 0 118
21.100 1.100 1.900 121 0 133
21.100 1.300 -0.300 100 0 154
21.100 1.300 1.700 216 0 38
21.100 1.300 1.900 163 0 91
21.100 1.500 -0.300 66 0 188
21.100 1.500 1.700 194 0 60
21.100 1.500 1.900 183 0 71
21.100 1.700 -0.300 56 0 198
21.100 1.700 1.700 164 0 90
21.100 1.700 1.900 195 0 59
21.100 1.900 -0.300 19 0 235
21.100 1.900 1.700 121 0 133
21.100 1.900 1.900 182 0 72
21.100 2.100 -0.300 8 0 246
21.100 2.100 1.700 100 0 154
21.100 2.100 1.900 127 0 127
21.100 2.300 -0.300 0 0 255
21.100 2.300 -0.100 0 0 255
21.100 2.300 0.100 2 0 252
21.100 2.300 0.300 20 0 234
21.100 2.300 0.500 58 0 196
21.100 2.300 0.700 99 0 155
21.100 2.300 0.900 114 0 140
21.100 2.300 1.100 143 0 111
21.100 2.300 1.300 150 0 104
21.100 2.300 1.500 138 0 116
21.100 2.300 1.700 116 0 138
21.100 2.300 1.900 110 0 144
21.300 -0.700 -0.100 0 0 255
21.300 -0.700 0.100 12 0 242
21.300 -0.700 0.300 59 0 195
21.300 -0.700 0.500 59 0 195
21.300 -0.700 0.700 100 0 154
21.300 -0.700 0.900 130 0 124
21.300 -0.700 1.100 119 0 135
21.300 -0.700 1.300 110 0 144
21.300 -0.700 1.500 65 0 189
21.300 -0.700 1.700 99 0 155
21.300 -0.500 -0.300 27 0 227
21.300 -0.500 -0.100 19 0 235
21.300 -0.500 0.100 48 0 206
21.300 -0.500 0.300 75 0 179
21.300 -0.500 0.500 100 0 154
21.300 -0.500 0.700 124 0 130
21.300 -0.500 0.900 143 0 111
21.300 -0.500 1.100 196 0 58
21.300 -0.500 1.300 130 0 124
21.300 -0.500 1.500 120 0 134
21.300 -0.500 1.700 109 0 145
21.300 -0.500 1.900 132 0 122
21.300 -0.300 -0.300 44 0 210
21.300 -0.300 1.700 117 0 137
21.300 -0.300 1.900 161 0 93
21.300 -0.100 -0.300 47 0 207
21.300 -0.100 1.700 113 0 141
21.300 -0.100 1.900 140 0 114
21.300 0.100 -0.300 67 0 187
21.300 0.100 1.700 202 0 52
21.300 0.100 1.900 101 0 153
21.300 0.300 -0.300 105 0 149
21.300 0.300 1.700 180 0 74
21.300 0.300 1.900 122 0 132
21.300 0.500 -0.300 120 0 134
21.300 0.500 1.700 196 0 58
21.300 0.500 1.900 122 0 132
21.300 0.700 -0.300 139 0 115
21.300 0.700 1.700 226 0 28
21.300 0.700 1.900 104 0 150
21.300 0.900 -0.300 135 0 119
21.300 0.900 1.700 203 0 51
21.300 0.900 1.900 149 0 105
21.300 1.100 -0.300 135 0 119
21.300 1.100 1.700 198 0 56
21.300 1.100 1.900 140 0 114
21.300 1.300 -0.300 111 0 143
21.300 1.300 1.700 202 0 52
21.300 1.300 1.900 138 0 116
21.300 1.500 -0.300 71 0 183
21.300 1.500 1.700 151 0 103
21.300 1.500 1.900 138 0 116
21.300 1.700 -0.300 41 0 213
21.300 1.700 1.700 130 0 124
21.300 1.700 1.900 186 0 68
21.300 1.900 -0.300 22 0 232
21.300 1.900 1.700 169 0 85
21.300 1.900 1.900 181 0 73
21.300 2.100 -0.300 0 0 255
21.300 2.100 1.700 121 0 133
21.300 2.100 1.900 129 0 125
21.300 2.300 -0.300 0 0 255
21.300 2.300 -0.100 0 0 255
21.300 2.300 0.100 9 0 245
21.300 2.300 0.300 26 0 228
21.300 2.300 0.500 63 0 191
21.300 2.300 0.700 88 0 166
21.300 2.300 0.900 114 0 140
21.300 2.300 1.100 137 0 117
21.300 2.300 1.300 134 0 120
21.300 2.300 1.500 149 0 105
21.300 2.300 1.700 111 0 143
21.300 2.300 1.900 106 0 148
21.500 -0.700 0.100 0 0 255
21.500 -0.700 0.300 164 0 90
21.500 -0.700 0.500 44 0 210
21.500 -0.700 0.700 90 0 164
21.500 -0.700 0.900 62 0 192
21.500 -0.700 1.100 86 0 168
21.500 -0.700 1.300 95 0 159
21.500 -0.700 1.500 47 0 207
21.500 -0.700 1.700 27 0 227
21.500 -0.500 -0.300 28 0 226
21.500 -0.500 -0.100 19 0 235
21.500 -0.500 0.100 61 0 193
21.500 -0.500 0.300 86 0 168
21.500 -0.500 0.500 103 0 151
21.500 -0.500 0.700 118 0 136
21.500 -0.500 0.900 156 0 98
21.500 -0.500 1.100 174 0 80
21.500 -0.500 1.300 138 0 116
21.500 -0.500 1.500 107 0 147
21.500 -0.500 1.700 131 0 123
21.500 -0.500 1.900 165 0 89
21.500 -0.300 -0.300 45 0 209
21.500 -0.300 1.700 178 0 76
21.500 -0.300 1.900 172 0 82
21.500 -0.100 -0.300 83 0 171
21.500 -0.100 1.700 228 0 26
21.500 -0.100 1.900 141 0 113
21.500 0.100 -0.300 120 0 134
21.500 0.100 1.700 226 0 28
21.500 0.100 1.900 195 0 59
21.500 0.300 -0.300 118 0 136
21.500 0.300 1.700 232 0 22
21.500 0.300 1.900 175 0 79
21.500 0.500 -0.300 139 0 115
21.500 0.500 1.700 242 0 12
21.500 0.500 1.900 131 0 123
21.500 0.700 -0.300 142 0 112
21.500 0.700 1.700 253 0 1
21.500 0.700 1.900 177 0 77
21.500 0.900 -0.300 124 0 130
21.500 0.900 1.700 237 0 17
21.500 0.900 1.900 162 0 92
21.500 1.100 -0.300 96 0 158
21.500 1.100 1.700 222 0 32
21.500 1.100 1.900 155 0 99
21.500 1.300 -0.300 89 0 165
21.500 1.300 1.700 234 0 20
21.500 1.300 1.900 158 0 96
21.500 1.500 -0.300 78 0 176
21.500 1.500 1.700 243 0 11
21.500 1.500 1.900 179 0 75
21.500 1.700 -0.300 55 0 199
21.500 1.700 1.700 208 0 46
21.500 1.700 1.900 128 0 126
21.500 1.900 -0.300 10 0 244
21.500 1.900 1.700 173 0 81
21.500 1.900 1.900 138 0 116
21.500 2.100 -0.300 17 0 237
21.500 2.100 1.700 164 0 90
21.500 2.100 1.900 147 0 107
21.500 2.300 -0.300 0 0 255
21.500 2.300 -0.100 0 0 255
21.500 2.300 0.100 3 0 251
21.500 2.300 0.300 21 0 233
21.500 2.300 0.500 83 0 171
21.500 2.300 0.700 92 0 162
21.500 2.300 0.900 123 0 131
21.500 2.300 1.100 144 0 110
21.500 2.300 1.300 186 0 68
21.500 2.300 1.500 149 0 105
21.500 2.300 1.700 140 0 114
21.500 2.300 1.900 89 0 165
21.700 -0.700 0.100 135 0 119
21.700 -0.700 0.300 0 0 255
21.700 -0.700 0.500 58 0 196
21.700 -0.700 0.700 0 0 255
21.700 -0.700 0.900 76 0 178
21.700 -0.700 1.100 74 0 180
21.700 -0.700 1.300 36 0 218
21.700 -0.700 1.500 114 0 140
21.700 -0.500 -0.300 33 0 221
21.700 -0.500 -0.100 21 0 233
21.700 -0.500 0.100 62 0 192
21.700 -0.500 0.300 85 0 169
21.700 -0.500 0.500 101 0 153
21.700 -0.500 0.700 133 0 121
21.700 -0.500 0.900 160 0 94
21.700 -0.500 1.100 189 0 65
21.700 -0.500 1.300 145 0 109
21.700 -0.500 1.500 106 0 148
21.700 -0.500 1.700 113 0 141
21.700 -0.500 1.900 141 0 113
21.700 -0.300 -0.300 75 0 179
21.700 -0.300 1.700 175 0 79
21.700 -0.300 1.900 144 0 110
21.700 -0.100 -0.300 94 0 160
21.700 -0.100 1.700 174 0 80
21.700 -0.100 1.900 166 0 88
21.700 0.100 -0.300 108 0 146
21.700 0.100 1.700 202 0 52
21.700 0.100 1.900 231 0 23
21.700 0.300 -0.300 135 0 119
21.700 0.300 1.700 194 0 60
21.700 0.300 1.900 255 0 0
21.700 0.500 -0.300 138 0 116
21.700 0.500 1.700 186 0 68
21.700 0.500 1.900 236 0 18
21.700 0.700 -0.300 130 0 124
21.700 0.700 1.700 177 0 77
21.700 0.700 1.900 255 0 0
21.700 0.900 -0.300 110 0 144
21.700 0.900 1.700 169 0 85
21.700 0.900 1.900 255 0 0
21.700 1.100 -0.300 101 0 153
21.700 1.100 1.700 187 0 67
21.700 1.100 1.900 255 0 0
21.700 1.300 -0.300 96 0 158
21.700 1.300 1.700 208 0 46
21.700 1.300 1.900 246 0 8
21.700 1.500 -0.300 61 0 193
21.700 1.500 1.700 198 0 56
21.700 1.500 1.900 227 0 27
21.700 1.700 -0.300 61 0 193
21.700 1.700 1.700 179 0 75
21.700 1.700 1.900 203 0 51
21.700 1.900 -0.300 62 0 192
21.700 1.900 1.700 155 0 99
21.700 1.900 1.900 189 0 65
21.700 2.100 -0.300 47 0 207
21.700 2.100 -0.100 0 0 255
21.700 2.100 0.100 0 0 255
21.700 2.100 0.300 15 0 239
21.700 2.100 0.700 123 0 131
21.700 2.100 0.900 255 0 0
21.700 2.100 1.700 128 0 126
21.700 2.100 1.900 149 0 105
21.700 2.300 -0.300 7 0 247
21.700 2.300 -0.100 0 0 255
21.700 2.300 0.100 8 0 246
21.700 2.300 0.300 31 0 223
21.700 2.300 0.500 52 0 202
21.700 2.300 0.700 100 0 154
21.700 2.300 0.900 134 0 120
21.700 2.300 1.100 141 0 113
21.700 2.300 1.300 148 0 106
21.700 2.300 1.500 123 0 131
21.700 2.300 1.700 165 0 89
21.700 2.300 1.900 168 0 86
21.900 -0.500 -0.300 39 0 215
21.900 -0.500 -0.100 42 0 212
21.900 -0.500 0.100 70 0 184
21.900 -0.500 0.300 92 0 162
21.900 -0.500 0.500 122 0 132
21.900 -0.500 0.700 131 0 123
21.900 -0.500 0.900 136 0 118
21.900 -0.500 1.100 212 0 42
21.900 -0.500 1.300 168 0 86
21.900 -0.500 1.500 112 0 142
21.900 -0.500 1.700 98 0 156
21.900 -0.500 1.900 203 0 51
21.900 -0.300 -0.300 60 0 194
21.900 -0.300 -0.100 47 0 207
21.900 -0.300 0.100 75 0 179
21.900 -0.300 0.300 101 0 153
21.900 -0.300 0.500 130 0 124
21.900 -0.300 0.700 148 0 106
21.900 -0.300 0.900 110 0 144
21.900 -0.300 1.700 144 0 110
21.900 -0.300 1.900 189 0 65
21.900 -0.100 -0.300 98 0 156
21.900 -0.100 0.100 23 0 231
21.900 -0.100 0.300 0 0 255
21.900 -0.100 1.700 159 0 95
21.900 -0.100 1.900 179 0 75
21.900 0.100 -0.300 125 0 129
21.900 0.100 0.100 19 0 235
21.900 0.100 0.300 0 0 255
21.900 0.100 1.700 159 0 95
21.900 0.100 1.900 220 0 34
21.900 0.300 -0.300 142 0 112
21.900 0.300 0.100 42 0 212
21.900 0.300 1.700 191 0 63
21.900 0.300 1.900 142 0 112
21.900 0.500 -0.300 129 0 125
21.900 0.500 1.700 169 0 85
21.900 0.500 1.900 138 0 116
21.900 0.700 -0.300 123 0 131
21.900 0.700 1.700 198 0 56
21.900 0.700 1.900 167 0 87
21.900 0.900 -0.300 111 0 143
21.900 0.900 1.700 226 0 28
21.900 0.900 1.900 157 0 97
21.900 1.100 -0.300 115 0 139
21.900 1.100 1.700 203 0 51
21.900 1.100 1.900 194 0 60
21.900 1.300 -0.300 87 0 167
21.900 1.300 1.700 227 0 27
21.900 1.300 1.900 168 0 86
21.900 1.500 -0.300 81 0 173
21.900 1.500 1.700 203 0 51
21.900 1.500 1.900 191 0 63
21.900 1.700 -0.300 83 0 171
21.900 1.700 1.700 171 0 83
21.900 1.700 1.900 196 0 58
21.900 1.900 -0.300 104 0 150
21.900 1.900 1.700 188 0 66
21.900 1.900 1.900 134 0 120
21.900 2.100 -0.300 41 0 213
21.900 2.100 -0.100 17 0 237
21.900 2.100 0.100 47 0 207
21.900 2.100 0.300 55 0 199
21.900 2.100 0.500 94 0 160
21.900 2.100 0.700 112 0 142
21.900 2.100 0.900 255 0 0
21.900 2.100 1.700 110 0 144
21.900 2.100 1.900 195 0 59
21.900 2.300 -0.300 21 0 233
21.900 2.300 -0.100 1 0 253
21.900 2.300 0.100 22 0 232
21.900 2.300 0.300 42 0 212
21.900 2.300 0.500 82 0 172
21.900 2.300 0.700 95 0 159
21.900 2.300 0.900 142 0 112
21.900 2.300 1.100 151 0 103
21.900 2.300 1.300 172 0 82
21.900 2.300 1.500 170 0 84
21.900 2.300 1.700 134 0 120
21.900 2.300 1.900 109 0 145
22.100 -0.700 1.700 0 0 255
22.100 -0.500 -0.300 40 0 214
22.100 -0.500 -0.100 33 0 221
22.100 -0.500 0.100 65 0 189
22.100 -0.500 0.300 81 0 173
22.100 -0.500 0.500 79 0 175
22.100 -0.500 0.700 120 0 134
22.100 -0.500 0.900 146 0 108
22.100 -0.500 1.100 177 0 77
22.100 -0.500 1.300 156 0 98
22.100 -0.500 1.500 130 0 124
22.100 -0.500 1.700 153 0 101
22.100 -0.500 1.900 117 0 137
22.100 -0.300 -0.300 58 0 196
22.100 -0.300 -0.100 51 0 203
22.100 -0.300 0.100 91 0 163
22.100 -0.300 0.300 108 0 146
22.100 -0.300 0.500 141 0 113
22.100 -0.300 0.700 143 0 111
22.100 -0.300 0.900 188 0 66
22.100 -0.300 1.100 218 0 36
22.100 -0.300 1.300 172 0 82
22.100 -0.300 1.500 167 0 87
22.100 -0.300 1.700 157 0 97
22.100 -0.300 1.900 142 0 112
22.100 -0.100 -0.300 67 0 187
22.100 -0.100 1.700 179 0 75
22.100 -0.100 1.900 146 0 108
22.100 0.100 -0.300 130 0 124
22.100 0.100 1.700 176 0 78
22.100 0.100 1.900 194 0 60
22.100 0.300 -0.300 116 0 138
22.100 0.300 1.700 137 0 117
22.100 0.300 1.900 215 0 39
22.100 0.500 -0.300 138 0 116
22.100 0.500 1.700 149 0 105
22.100 0.500 1.900 229 0 25
22.100 0.700 -0.300 131 0 123
22.100 0.700 1.700 208 0 46
22.100 0.700 1.900 228 0 26
22.100 0.900 -0.300 116 0 138
22.100 0.900 1.700 224 0 30
22.100 0.900 1.900 192 0 62
22.100 1.100 -0.300 98 0 156
22.100 1.100 1.700 223 0 31
22.100 1.100 1.900 173 0 81
22.100 1.300 -0.300 78 0 176
22.100 1.300 1.700 231 0 23
22.100 1.300 1.900 200 0 54
22.100 1.500 -0.300 91 0 163
22.100 1.500 1.700 255 0 0
22.100 1.500 1.900 215 0 39
22.100 1.700 -0.300 130 0 124
22.100 1.700 1.700 255 0 0
22.100 1.700 1.900 188 0 66
22.100 1.900 -0.300 67 0 187
22.100 1.900 1.700 228 0 26
22.100 1.900 1.900 185 0 69
22.100 2.100 -0.300 42 0 212
22.100 2.100 -0.100 26 0 228
22.100 2.100 0.100 56 0 198
22.100 2.100 0.300 87 0 167
22.100 2.100 0.500 108 0 146
22.100 2.100 0.700 133 0 121
22.100 2.100 0.900 227 0 27
22.100 2.100 1.700 209 0 45
22.100 2.100 1.900 202 0 52
22.100 2.300 -0.300 16 0 238
22.100 2.300 -0.100 4 0 250
22.100 2.300 0.100 33 0 221
22.100 2.300 0.300 27 0 227
22.100 2.300 0.500 38 0 216
22.100 2.300 0.700 95 0 159
22.100 2.300 0.900 156 0 98
22.100 2.300 1.100 159 0 95
22.100 2.300 1.300 165 0 89
22.100 2.300 1.500 195 0 59
22.100 2.300 1.700 140 0 114
22.100 2.300 1.900 189 0 65
22.300 -0.700 1.500 236 0 18
22.300 -0.700 1.700 153 0 101
22.300 -0.700 1.900 53 0 201
22.300 -0.500 -0.300 27 0 227
22.300 -0.500 -0.100 33 0 221
22.300 -0.500 0.100 44 0 210
22.300 -0.500 0.300 92 0 162
22.300 -0.500 0.500 20 0 234
22.300 -0.500 0.700 118 0 136
22.300 -0.500 0.900 175 0 79
22.300 -0.500 1.100 222 0 32
22.300 -0.500 1.300 187 0 67
22.300 -0.500 1.500 108 0 146
22.300 -0.500 1.700 117 0 137
22.300 -0.500 1.900 184 0 70
22.300 -0.300 -0.300 29 0 225
22.300 -0.300 -0.100 50 0 204
22.300 -0.300 0.100 97 0 157
22.300 -0.300 0.300 113 0 141
22.300 -0.300 0.500 121 0 133
22.300 -0.300 0.700 167 0 87
22.300 -0.300 0.900 139 0 115
22.300 -0.300 1.100 168 0 86
22.300 -0.300 1.300 176 0 78
22.300 -0.300 1.500 236 0 18
22.300 -0.300 1.700 161 0 93
22.300 -0.300 1.900 186 0 68
22.300 -0.100 -0.300 71 0 183
22.300 -0.100 -0.100 36 0 218
22.300 -0.100 0.500 12 0 242
22.300 -0.100 1.700 166 0 88
22.300 -0.100 1.900 175 0 79
22.300 0.100 -0.300 77 0 177
22.300 0.100 -0.100 53 0 201
22.300 0.100 0.500 0 0 255
22.300 0.100 1.700 204 0 50
22.300 0.100 1.900 146 0 108
22.300 0.300 -0.300 109 0 145
22.300 0.300 -0.100 64 0 190
22.300 0.300 0.500 4 0 250
22.300 0.300 1.700 202 0 52
22.300 0.300 1.900 142 0 112
22.300 0.500 -0.300 142 0 112
22.300 0.500 -0.100 73 0 181
22.300 0.500 0.500 9 0 245
22.300 0.500 1.700 209 0 45
22.300 0.500 1.900 137 0 117
22.300 0.700 -0.300 145 0 109
22.300 0.700 -0.100 67 0 187
22.300 0.700 1.700 208 0 46
22.300 0.700 1.900 139 0 115
22.300 0.900 -0.300 140 0 114
22.300 0.900 1.700 214 0 40
22.300 0.900 1.900 143 0 111
22.300 1.100 -0.300 145 0 109
22.300 1.100 1.700 255 0 0
22.300 1.100 1.900 145 0 109
22.300 1.300 -0.300 150 0 104
22.300 1.300 1.700 255 0 0
22.300 1.300 1.900 170 0 84
22.300 1.500 -0.300 150 0 104
22.300 1.500 1.700 255 0 0
22.300 1.500 1.900 152 0 102
22.300 1.700 -0.300 89 0 165
22.300 1.700 1.700 252 0 2
22.300 1.700 1.900 170 0 84
22.300 1.900 -0.300 42 0 212
22.300 1.900 1.700 244 0 10
22.300 1.900 1.900 147 0 107
22.300 2.100 -0.300 26 0 228
22.300 2.100 -0.100 46 0 208
22.300 2.100 0.100 68 0 186
22.300 2.100 0.300 74 0 180
22.300 2.100 0.500 123 0 131
22.300 2.100 0.700 150 0 104
22.300 2.100 0.900 93 0 161
22.300 2.100 1.700 255 0 0
22.300 2.100 1.900 167 0 87
22.300 2.300 -0.300 19 0 235
22.300 2.300 -0.100 0 0 255
22.300 2.300 0.100 0 0 255
22.300 2.300 0.300 0 0 255
22.300 2.300 0.500 0 0 255
22.300 2.300 0.700 0 0 255
22.300 2.300 0.900 151 0 103
22.300 2.300 1.100 154 0 100
22.300 2.300 1.300 146 0 108
22.300 2.300 1.500 192 0 62
22.300 2.300 1.700 167 0 87
22.300 2.300 1.900 152 0 102
22.500 -0.700 1.700 127 0 127
22.500 -0.500 -0.300 39 0 215
22.500 -0.500 -0.100 44 0 210
22.500 -0.500 0.100 0 0 255
22.500 -0.500 0.300 0 0 255
22.500 -0.500 0.500 0 0 255
22.500 -0.500 0.700 6 0 248
22.500 -0.500 0.900 197 0 57
22.500 -0.500 1.100 231 0 23
22.500 -0.500 1.300 250 0 4
22.500 -0.500 1.500 143 0 111
22.500 -0.500 1.700 106 0 148
22.500 -0.500 1.900 101 0 153
22.500 -0.300 -0.300 61 0 193
22.500 -0.300 -0.100 47 0 207
22.500 -0.300 0.100 89 0 165
22.500 -0.300 0.300 124 0 130
22.500 -0.300 0.500 136 0 118
22.500 -0.300 0.700 172 0 82
22.500 -0.300 0.900 196 0 58
22.500 -0.300 1.100 214 0 40
22.500 -0.300 1.300 232 0 22
22.500 -0.300 1.700 168 0 86
22.500 -0.300 1.900 129 0 125
22.500 -0.100 -0.300 93 0 161
22.500 -0.100 1.700 209 0 45
22.500 -0.100 1.900 127 0 127
22.500 0.100 -0.300 106 0 148
22.500 0.100 1.700 212 0 42
22.500 0.100 1.900 183 0 71
22.500 0.300 -0.300 122 0 132
22.500 0.300 1.700 182 0 72
22.500 0.300 1.900 248 0 6
22.500 0.500 -0.300 127 0 127
22.500 0.500 1.700 160 0 94
22.500 0.500 1.900 237 0 17
22.500 0.700 -0.300 130 0 124
22.500 0.700 1.700 152 0 102
22.500 0.700 1.900 255 0 0
22.500 0.900 -0.300 134 0 120
22.500 0.900 1.700 156 0 98
22.500 0.900 1.900 255 0 0
22.500 1.100 -0.300 159 0 95
22.500 1.100 1.700 179 0 75
22.500 1.100 1.900 247 0 7
22.500 1.300 -0.300 142 0 112
22.500 1.300 1.700 184 0 70
22.500 1.300 1.900 239 0 15
22.500 1.500 -0.300 135 0 119
22.500 1.500 1.700 205 0 49
22.500 1.500 1.900 255 0 0
22.500 1.700 -0.300 94 0 160
22.500 1.700 1.700 182 0 72
22.500 1.700 1.900 246 0 8
22.500 1.900 -0.300 0 0 255
22.500 1.900 1.700 156 0 98
22.500 1.900 1.900 205 0 49
22.500 2.100 -0.300 0 0 255
22.500 2.100 -0.100 54 0 200
22.500 2.100 0.100 62 0 192
22.500 2.100 0.300 79 0 175
22.500 2.100 0.500 64 0 190
22.500 2.100 0.700 142 0 112
22.500 2.100 0.900 255 0 0
22.500 2.100 1.700 87 0 167
22.500 2.100 1.900 202 0 52
22.500 2.300 -0.300 25 0 229
22.500 2.300 -0.100 8 0 246
22.500 2.300 0.900 177 0 77
22.500 2.300 1.100 162 0 92
22.500 2.300 1.300 162 0 92
22.500 2.300 1.500 172 0 82
22.500 2.300 1.700 160 0 94
22.500 2.300 1.900 165 0 89
22.700 -0.700 1.700 53 0 201
22.700 -0.500 -0.300 41 0 213
22.700 -0.500 -0.100 51 0 203
22.700 -0.500 0.700 189 0 65
22.700 -0.500 0.900 161 0 93
22.700 -0.500 1.500 105 0 149
22.700 -0.500 1.700 113 0 141
22.700 -0.500 1.900 155 0 99
22.700 -0.300 -0.300 68 0 186
22.700 -0.300 -0.100 194 0 60
22.700 -0.300 0.100 112 0 142
22.700 -0.300 0.500 230 0 24
22.700 -0.300 0.700 0 0 255
22.700 -0.300 1.700 126 0 128
22.700 -0.300 1.900 222 0 32
22.700 -0.100 -0.300 89 0 165
22.700 -0.100 1.700 132 0 122
22.700 -0.100 1.900 170 0 84
22.700 0.100 -0.300 137 0 117
22.700 0.100 1.700 163 0 91
22.700 0.100 1.900 177 0 77
22.700 0.300 -0.300 155 0 99
22.700 0.300 1.700 152 0 102
22.700 0.300 1.900 164 0 90
22.700 0.500 -0.300 156 0 98
22.700 0.500 1.700 177 0 77
22.700 0.500 1.900 140 0 114
22.700 0.700 -0.300 169 0 85
22.700 0.700 1.700 182 0 72
22.700 0.700 1.900 158 0 96
22.700 0.900 -0.300 159 0 95
22.700 0.900 1.700 255 0 0
22.700 0.900 1.900 161 0 93
22.700 1.100 -0.300 128 0 126
22.700 1.100 1.700 202 0 52
22.700 1.100 1.900 150 0 104
22.700 1.300 -0.300 138 0 116
22.700 1.300 1.700 224 0 30
22.700 1.300 1.900 194 0 60
22.700 1.500 -0.300 141 0 113
22.700 1.500 1.700 182 0 72
22.700 1.500 1.900 226 0 28
22.700 1.700 -0.300 80 0 174
22.700 1.700 1.700 129 0 125
22.700 1.700 1.900 209 0 45
22.700 1.900 -0.300 62 0 192
22.700 1.900 1.700 96 0 158
22.700 1.900 1.900 184 0 70
22.700 2.100 -0.300 26 0 228
22.700 2.100 -0.100 64 0 190
22.700 2.100 0.100 50 0 204
22.700 2.100 0.300 80 0 174
22.700 2.100 0.500 51 0 203
22.700 2.100 0.700 250 0 4
22.700 2.100 0.900 255 0 0
22.700 2.100 1.700 127 0 127
22.700 2.100 1.900 205 0 49
22.700 2.300 -0.300 38 0 216
22.700 2.300 -0.100 16 0 238
22.700 2.300 0.900 150 0 104
22.700 2.300 1.100 171 0 83
22.700 2.300 1.300 155 0 99
22.700 2.300 1.500 177 0 77
22.700 2.300 1.700 180 0 74
22.700 2.300 1.900 202 0 52
22.900 -0.500 -0.300 51 0 203
22.900 -0.500 -0.100 30 0 224
22.900 -0.500 0.700 246 0 8
22.900 -0.500 0.900 176 0 78
22.900 -0.500 1.100 142 0 112
22.900 -0.500 1.300 199 0 55
22.900 -0.500 1.500 185 0 69
22.900 -0.500 1.700 151 0 103
22.900 -0.500 1.900 167 0 87
22.900 -0.300 -0.300 89 0 165
22.900 -0.300 1.700 154 0 100
22.900 -0.300 1.900 170 0 84
22.900 -0.100 -0.300 92 0 162
22.900 -0.100 1.700 127 0 127
22.900 -0.100 1.900 211 0 43
22.900 0.100 -0.300 108 0 146
22.900 0.100 1.700 154 0 100
22.900 0.100 1.900 230 0 24
22.900 0.300 -0.300 124 0 130
22.900 0.300 1.700 169 0 85
22.900 0.300 1.900 231 0 23
22.900 0.500 -0.300 149 0 105
22.900 0.500 1.700 180 0 74
22.900 0.500 1.900 242 0 12
22.900 0.700 -0.300 147 0 107
22.900 0.700 1.700 175 0 79
22.900 0.700 1.900 248 0 6
22.900 0.900 -0.300 164 0 90
22.900 0.900 1.700 196 0 58
22.900 0.900 1.900 255 0 0
22.900 1.100 -0.300 145 0 109
22.900 1.100 1.700 199 0 55
22.900 1.100 1.900 255 0 0
22.900 1.300 -0.300 140 0 114
22.900 1.300 1.700 190 0 64
22.900 1.300 1.900 255 0 0
22.900 1.500 -0.300 89 0 165
22.900 1.500 1.700 197 0 57
22.900 1.500 1.900 255 0 0
22.900 1.700 -0.300 62 0 192
22.900 1.700 1.700 187 0 67
22.900 1.700 1.900 255 0 0
22.900 1.900 -0.300 75 0 179
22.900 1.900 1.700 201 0 53
22.900 1.900 1.900 247 0 7
22.900 2.100 -0.300 53 0 201
22.900 2.100 1.700 208 0 46
22.900 2.100 1.900 202 0 52
22.900 2.300 -0.300 38 0 216
22.900 2.300 -0.100 3 0 251
22.900 2.300 0.900 158 0 96
22.900 2.300 1.100 160 0 94
22.900 2.300 1.300 191 0 63
22.900 2.300 1.500 170 0 84
22.900 2.300 1.700 192 0 62
22.900 2.300 1.900 170 0 84
23.100 -0.700 -0.300 38 0 216
23.100 -0.500 -0.300 43 0 211
23.100 -0.500 -0.100 0 0 255
23.100 -0.500 0.100 0 0 255
23.100 -0.500 0.300 127 0 127
23.100 -0.500 0.900 144 0 110
23.100 -0.500 1.100 102 0 152
23.100 -0.500 1.700 126 0 128
23.100 -0.500 1.900 153 0 101
23.100 -0.300 -0.300 93 0 161
23.100 -0.300 1.700 92 0 162
23.100 -0.300 1.900 135 0 119
23.100 -0.100 -0.300 141 0 113
23.100 -0.100 1.700 138 0 116
23.100 -0.100 1.900 121 0 133
23.100 0.100 -0.300 122 0 132
23.100 0.100 1.700 133 0 121
23.100 0.100 1.900 231 0 23
23.100 0.300 -0.300 150 0 104
23.100 0.300 1.700 140 0 114
23.100 0.300 1.900 229 0 25
23.100 0.500 -0.300 130 0 124
23.100 0.500 1.700 144 0 110
23.100 0.500 1.900 255 0 0
23.100 0.700 -0.300 131 0 123
23.100 0.700 1.700 183 0 71
23.100 0.700 1.900 255 0 0
23.100 0.900 -0.300 112 0 142
23.100 0.900 1.700 214 0 40
23.100 0.900 1.900 253 0 1
23.100 1.100 -0.300 95 0 159
23.100 1.100 1.700 209 0 45
23.100 1.100 1.900 237 0 17
23.100 1.300 -0.300 100 0 154
23.100 1.300 1.700 221 0 33
23.100 1.300 1.900 184 0 70
23.100 1.500 -0.300 84 0 170
23.100 1.500 1.700 227 0 27
23.100 1.500 1.900 229 0 25
23.100 1.700 -0.300 61 0 193
23.100 1.700 1.700 233 0 21
23.100 1.700 1.900 215 0 39
23.100 1.900 -0.300 80 0 174
23.100 1.900 1.700 213 0 41
23.100 1.900 1.900 207 0 47
23.100 2.100 -0.300 31 0 223
23.100 2.100 0.500 0 0 255
23.100 2.100 1.700 207 0 47
23.100 2.100 1.900 192 0 62
23.100 2.300 -0.300 39 0 215
23.100 2.300 -0.100 20 0 234
23.100 2.300 0.100 203 0 51
23.100 2.300 0.500 251 0 3
23.100 2.300 0.900 172 0 82
23.100 2.300 1.100 161 0 93
23.100 2.300 1.300 179 0 75
23.100 2.300 1.500 160 0 94
23.100 2.300 1.700 152 0 102
23.100 2.300 1.900 224 0 30
23.300 -0.700 -0.300 68 0 186
23.300 -0.500 -0.300 49 0 205
23.300 -0.500 -0.100 2 0 252
23.300 -0.500 0.500 72 0 182
23.300 -0.500 0.700 61 0 193
23.300 -0.500 0.900 123 0 131
23.300 -0.500 1.100 112 0 142
23.300 -0.500 1.700 142 0 112
23.300 -0.500 1.900 151 0 103
23.300 -0.300 -0.300 104 0 150
23.300 -0.300 1.700 166 0 88
23.300 -0.300 1.900 183 0 71
23.300 -0.100 -0.300 115 0 139
23.300 -0.100 1.700 187 0 67
23.300 -0.100 1.900 239 0 15
23.300 0.100 -0.300 126 0 128
23.300 0.100 1.700 221 0 33
23.300 0.100 1.900 254 0 0
23.300 0.300 -0.300 138 0 116
23.300 0.300 1.700 197 0 57
23.300 0.300 1.900 249 0 5
23.300 0.500 -0.300 140 0 114
23.300 0.500 1.700 217 0 37
23.300 0.500 1.900 255 0 0
23.300 0.700 -0.300 115 0 139
23.300 0.700 1.700 190 0 64
23.300 0.700 1.900 234 0 20
23.300 0.900 -0.300 97 0 157
23.300 0.900 1.700 214 0 40
23.300 0.900 1.900 222 0 32
23.300 1.100 -0.300 84 0 170
23.300 1.100 1.700 201 0 53
23.300 1.100 1.900 236 0 18
23.300 1.300 -0.300 79 0 175
23.300 1.300 1.700 233 0 21
23.300 1.300 1.900 246 0 8
23.300 1.500 -0.300 98 0 156
23.300 1.500 1.700 177 0 77
23.300 1.500 1.900 255 0 0
23.300 1.700 -0.300 114 0 140
23.300 1.700 1.700 153 0 101
23.300 1.700 1.900 255 0 0
23.300 1.900 -0.300 79 0 175
23.300 1.900 1.700 120 0 134
23.300 1.900 1.900 255 0 0
23.300 2.100 -0.300 66 0 188
23.300 2.100 1.700 138 0 116
23.300 2.100 1.900 243 0 11
23.300 2.300 -0.300 47 0 207
23.300 2.300 -0.100 0 0 255
23.300 2.300 0.900 155 0 99
23.300 2.300 1.100 184 0 70
23.300 2.300 1.300 171 0 83
23.300 2.300 1.500 180 0 74
23.300 2.300 1.700 187 0 67
23.300 2.300 1.900 255 0 0
23.500 -0.700 -0.300 39 0 215
23.500 -0.500 -0.300 62 0 192
23.500 -0.500 -0.100 4 0 250
23.500 -0.500 0.100 11 0 243
23.500 -0.500 0.300 28 0 226
23.500 -0.500 0.500 36 0 218
23.500 -0.500 0.700 73 0 181
23.500 -0.500 0.900 138 0 116
23.500 -0.500 1.100 174 0 80
23.500 -0.500 1.300 221 0 33
23.500 -0.500 1.500 255 0 0
23.500 -0.500 1.700 140 0 114
23.500 -0.500 1.900 123 0 131
23.500 -0.300 -0.300 90 0 164
23.500 -0.300 1.700 155 0 99
23.500 -0.300 1.900 200 0 54
23.500 -0.100 -0.300 114 0 140
23.500 -0.100 1.700 188 0 66
23.500 -0.100 1.900 196 0 58
23.500 0.100 -0.300 129 0 125
23.500 0.100 1.700 243 0 11
23.500 0.100 1.900 252 0 2
23.500 0.300 -0.300 143 0 111
23.500 0.300 1.700 233 0 21
23.500 0.300 1.900 251 0 3
23.500 0.500 -0.300 152 0 102
23.500 0.500 1.700 237 0 17
23.500 0.500 1.900 255 0 0
23.500 0.700 -0.300 135 0 119
23.500 0.700 1.700 255 0 0
23.500 0.700 1.900 255 0 0
23.500 0.900 -0.300 105 0 149
23.500 0.900 1.700 255 0 0
23.500 0.900 1.900 255 0 0
23.500 1.100 -0.300 87 0 167
23.500 1.100 1.700 255 0 0
23.500 1.100 1.900 255 0 0
23.500 1.300 -0.300 123 0 131
23.500 1.300 1.700 255 0 0
23.500 1.300 1.900 255 0 0
23.500 1.500 -0.300 135 0 119
23.500 1.500 1.700 255 0 0
23.500 1.500 1.900 255 0 0
23.500 1.700 -0.300 112 0 142
23.500 1.700 1.700 255 0 0
23.500 1.700 1.900 255 0 0
23.500 1.900 -0.300 85 0 169
23.500 1.900 1.700 245 0 9
23.500 1.900 1.900 254 0 0
23.500 2.100 -0.300 94 0 160
23.500 2.100 1.700 225 0 29
23.500 2.100 1.900 234 0 20
23.500 2.300 -0.300 58 0 196
23.500 2.300 -0.100 0 0 255
23.500 2.300 0.100 44 0 210
23.500 2.300 0.300 53 0 201
23.500 2.300 0.500 50 0 204
23.500 2.300 0.700 178 0 76
23.500 2.300 0.900 173 0 81
23.500 2.300 1.100 184 0 70
23.500 2.300 1.300 195 0 59
23.500 2.300 1.500 196 0 58
23.500 2.300 1.700 202 0 52
23.500 2.300 1.900 208 0 46
23.700 -0.500 -0.300 69 0 185
23.700 -0.500 -0.100 30 0 224
23.700 -0.500 0.100 21 0 233
23.700 -0.500 0.300 62 0 192
23.700 -0.500 0.500 107 0 147
23.700 -0.500 0.700 127 0 127
23.700 -0.500 0.900 166 0 88
23.700 -0.500 1.100 193 0 61
23.700 -0.500 1.300 226 0 28
23.700 -0.500 1.500 255 0 0
23.700 -0.500 1.700 130 0 124
23.700 -0.500 1.900 255 0 0
23.700 -0.300 -0.300 93 0 161
23.700 -0.300 1.700 176 0 78
23.700 -0.300 1.900 140 0 114
23.700 -0.100 -0.300 107 0 147
23.700 -0.100 1.700 160 0 94
23.700 -0.100 1.900 110 0 144
23.700 0.100 -0.300 111 0 143
23.700 0.100 1.700 164 0 90
23.700 0.100 1.900 255 0 0
23.700 0.300 -0.300 138 0 116
23.700 0.300 1.700 210 0 44
23.700 0.300 1.900 255 0 0
23.700 0.500 -0.300 145 0 109
23.700 0.500 1.700 207 0 47
23.700 0.500 1.900 233 0 21
23.700 0.700 -0.300 147 0 107
23.700 0.700 1.700 255 0 0
23.700 0.700 1.900 209 0 45
23.700 0.900 -0.300 148 0 106
23.700 0.900 1.700 255 0 0
23.700 0.900 1.900 215 0 39
23.700 1.100 -0.300 143 0 111
23.700 1.100 1.700 223 0 31
23.700 1.100 1.900 255 0 0
23.700 1.300 -0.300 149 0 105
23.700 1.300 1.700 236 0 18
23.700 1.300 1.900 255 0 0
23.700 1.500 -0.300 124 0 130
23.700 1.500 1.700 224 0 30
23.700 1.500 1.900 240 0 14
23.700 1.700 -0.300 113 0 141
23.700 1.700 0.900 137 0 117
23.700 1.700 1.700 215 0 39
23.700 1.700 1.900 230 0 24
23.700 1.900 -0.300 113 0 141
23.700 1.900 1.700 227 0 27
23.700 1.900 1.900 207 0 47
23.700 2.100 -0.300 131 0 123
23.700 2.100 1.700 210 0 44
23.700 2.100 1.900 228 0 26
23.700 2.300 -0.300 41 0 213
23.700 2.300 -0.100 57 0 197
23.700 2.300 0.100 76 0 178
23.700 2.300 0.300 105 0 149
23.700 2.300 0.500 169 0 85
23.700 2.300 0.700 189 0 65
23.700 2.300 0.900 184 0 70
23.700 2.300 1.100 178 0 76
23.700 2.300 1.300 181 0 73
23.700 2.300 1.500 202 0 52
23.700 2.300 1.700 229 0 25
23.700 2.300 1.900 201 0 53
23.900 -0.500 -0.300 59 0 195
23.900 -0.500 -0.100 44 0 210
23.900 -0.500 0.100 100 0 154
23.900 -0.500 0.300 110 0 144
23.900 -0.500 0.500 133 0 121
23.900 -0.500 0.700 154 0 100
23.900 -0.500 0.900 179 0 75
23.900 -0.500 1.100 172 0 82
23.900 -0.500 1.300 242 0 12
23.900 -0.500 1.500 255 0 0
23.900 -0.500 1.700 137 0 117
23.900 -0.300 -0.300 72 0 182
23.900 -0.300 -0.100 43 0 211
23.900 -0.300 0.500 146 0 108
23.900 -0.300 0.700 176 0 78
23.900 -0.300 0.900 205 0 49
23.900 -0.300 1.100 0 0 255
23.900 -0.300 1.300 255 0 0
23.900 -0.300 1.700 123 0 131
23.900 -0.300 1.900 205 0 49
23.900 -0.100 -0.300 91 0 163
23.900 -0.100 -0.100 95 0 159
23.900 -0.100 0.500 197 0 57
23.900 -0.100 0.700 217 0 37
23.900 -0.100 0.900 231 0 23
23.900 -0.100 1.100 211 0 43
23.900 -0.100 1.300 255 0 0
23.900 -0.100 1.500 159 0 95
23.900 -0.100 1.700 145 0 109
23.900 -0.100 1.900 255 0 0
23.900 0.100 -0.300 114 0 140
23.900 0.100 -0.100 100 0 154
23.900 0.100 0.100 167 0 87
23.900 0.100 0.300 199 0 55
23.900 0.100 0.500 244 0 10
23.900 0.100 0.700 255 0 0
23.900 0.100 0.900 235 0 19
23.900 0.100 1.100 228 0 26
23.900 0.100 1.300 255 0 0
23.900 0.100 1.500 250 0 4
23.900 0.100 1.700 177 0 77
23.900 0.100 1.900 255 0 0
23.900 0.300 -0.300 133 0 121
23.900 0.300 -0.100 116 0 138
23.900 0.300 0.100 184 0 70
23.900 0.300 0.300 196 0 58
23.900 0.300 0.500 246 0 8
23.900 0.300 0.700 253 0 1
23.900 0.300 0.900 255 0 0
23.900 0.300 1.100 255 0 0
23.900 0.300 1.300 255 0 0
23.900 0.300 1.500 235 0 19
23.900 0.300 1.700 200 0 54
23.900 0.300 1.900 251 0 3
23.900 0.500 -0.300 140 0 114
23.900 0.500 -0.100 134 0 120
23.900 0.500 0.100 182 0 72
23.900 0.500 0.500 188 0 66
23.900 0.500 0.700 227 0 27
23.900 0.500 0.900 255 0 0
23.900 0.500 1.100 255 0 0
23.900 0.500 1.300 220 0 34
23.900 0.500 1.500 255 0 0
23.900 0.500 1.700 197 0 57
23.900 0.500 1.900 255 0 0
23.900 0.700 -0.300 135 0 119
23.900 0.700 -0.100 133 0 121
23.900 0.700 0.100 184 0 70
23.900 0.700 0.300 221 0 33
23.900 0.700 0.500 222 0 32
23.900 0.700 0.700 219 0 35
23.900 0.700 0.900 255 0 0
23.900 0.700 1.100 255 0 0
23.900 0.700 1.300 234 0 20
23.900 0.700 1.500 255 0 0
23.900 0.700 1.700 207 0 47
23.900 0.700 1.900 255 0 0
23.900 0.900 -0.300 130 0 124
23.900 0.900 -0.100 152 0 102
23.900 0.900 0.100 172 0 82
23.900 0.900 0.300 193 0 61
23.900 0.900 0.500 237 0 17
23.900 0.900 0.700 255 0 0
23.900 0.900 0.900 255 0 0
23.900 0.900 1.100 255 0 0
23.900 0.900 1.300 255 0 0
23.900 0.900 1.500 255 0 0
23.900 0.900 1.700 231 0 23
23.900 0.900 1.900 255 0 0
23.900 1.100 -0.300 120 0 134
23.900 1.100 -0.100 145 0 109
23.900 1.100 0.100 195 0 59
23.900 1.100 0.300 200 0 54
23.900 1.100 0.500 216 0 38
23.900 1.100 0.700 219 0 35
23.900 1.100 0.900 255 0 0
23.900 1.100 1.100 255 0 0
23.900 1.100 1.300 255 0 0
23.900 1.100 1.500 255 0 0
23.900 1.100 1.700 229 0 25
23.900 1.100 1.900 255 0 0
23.900 1.300 -0.300 116 0 138
23.900 1.300 -0.100 140 0 114
23.900 1.300 0.100 177 0 77
23.900 1.300 0.300 210 0 44
23.900 1.300 0.500 226 0 28
23.900 1.300 0.700 204 0 50
23.900 1.300 0.900 255 0 0
23.900 1.300 1.100 255 0 0
23.900 1.300 1.300 255 0 0
23.900 1.300 1.500 226 0 28
23.900 1.300 1.700 235 0 19
23.900 1.300 1.900 255 0 0
23.900 1.500 -0.300 110 0 144
23.900 1.500 -0.100 141 0 113
23.900 1.500 0.100 162 0 92
23.900 1.500 0.300 177 0 77
23.900 1.500 0.500 215 0 39
23.900 1.500 0.700 195 0 59
23.900 1.500 0.900 255 0 0
23.900 1.500 1.100 255 0 0
23.900 1.500 1.300 244 0 10
23.900 1.500 1.500 227 0 27
23.900 1.500 1.700 255 0 0
23.900 1.500 1.900 255 0 0
23.900 1.700 -0.300 106 0 148
23.900 1.700 -0.100 122 0 132
23.900 1.700 0.100 124 0 130
23.900 1.700 0.300 144 0 110
23.900 1.700 0.500 185 0 69
23.900 1.700 0.700 208 0 46
23.900 1.700 0.900 226 0 28
23.900 1.700 1.100 250 0 4
23.900 1.700 1.300 255 0 0
23.900 1.700 1.500 227 0 27
23.900 1.700 1.700 242 0 12
23.900 1.700 1.900 255 0 0
23.900 1.900 -0.300 83 0 171
23.900 1.900 -0.100 95 0 159
23.900 1.900 0.100 58 0 196
23.900 1.900 0.300 92 0 162
23.900 1.900 0.500 158 0 96
23.900 1.900 0.700 184 0 70
23.900 1.900 0.900 166 0 88
23.900 1.900 1.100 168 0 86
23.900 1.900 1.300 204 0 50
23.900 1.900 1.500 211 0 43
23.900 1.900 1.700 228 0 26
23.900 1.900 1.900 255 0 0
23.900 2.100 -0.300 64 0 190
23.900 2.100 -0.100 67 0 187
23.900 2.100 0.100 53 0 201
23.900 2.100 0.300 51 0 203
23.900 2.100 0.500 109 0 145
23.900 2.100 0.700 163 0 91
23.900 2.100 0.900 180 0 74
23.900 2.100 1.100 179 0 75
23.900 2.100 1.300 209 0 45
23.900 2.100 1.500 206 0 48
23.900 2.100 1.700 220 0 34
23.900 2.100 1.900 255 0 0
23.900 2.300 -0.300 48 0 206
23.900 2.300 -0.100 54 0 200
23.900 2.300 0.100 80 0 174
23.900 2.300 0.300 99 0 155
23.900 2.300 0.500 121 0 133
23.900 2.300 0.700 159 0 95
23.900 2.300 0.900 170 0 84
23.900 2.300 1.100 175 0 79
23.900 2.300 1.300 184 0 70
23.900 2.300 1.500 203 0 51
23.900 2.300 1.700 202 0 52
23.900 2.300 1.900 248 0 6
24.100 -0.500 -0.300 57 0 197
24.100 -0.500 -0.100 70 0 184
24.100 -0.500 0.100 118 0 136
24.100 -0.500 0.300 132 0 122
24.100 -0.500 0.500 156 0 98
24.100 -0.500 0.700 183 0 71
24.100 -0.500 0.900 187 0 67
24.100 -0.500 1.100 197 0 57
24.100 -0.500 1.300 227 0 27
24.100 -0.500 1.500 230 0 24
24.100 -0.500 1.700 156 0 98
24.100 -0.300 -0.300 72 0 182
24.100 -0.300 -0.100 81 0 173
24.100 -0.300 0.100 113 0 141
24.100 -0.300 0.300 124 0 130
24.100 -0.300 0.500 147 0 107
24.100 -0.300 0.700 161 0 93
24.100 -0.300 0.900 187 0 67
24.100 -0.300 1.100 203 0 51
24.100 -0.300 1.300 217 0 37
24.100 -0.300 1.500 199 0 55
24.100 -0.300 1.700 157 0 97
24.100 -0.300 1.900 182 0 72
24.100 -0.100 -0.300 91 0 163
24.100 -0.100 -0.100 93 0 161
24.100 -0.100 0.100 124 0 130
24.100 -0.100 0.300 139 0 115
24.100 -0.100 0.500 162 0 92
24.100 -0.100 0.700 177 0 77
24.100 -0.100 0.900 208 0 46
24.100 -0.100 1.100 226 0 28
24.100 -0.100 1.300 233 0 21
24.100 -0.100 1.500 229 0 25
24.100 -0.100 1.700 179 0 75
24.100 0.100 -0.300 105 0 149
24.100 0.100 -0.100 110 0 144
24.100 0.100 0.100 140 0 114
24.100 0.100 0.300 151 0 103
24.100 0.100 0.500 182 0 72
24.100 0.100 0.700 202 0 52
24.100 0.100 0.900 231 0 23
24.100 0.100 1.100 244 0 10
24.100 0.100 1.300 255 0 0
24.100 0.100 1.500 245 0 9
24.100 0.100 1.700 212 0 42
24.100 0.300 -0.300 118 0 136
24.100 0.300 -0.100 125 0 129
24.100 0.300 0.100 159 0 95
24.100 0.300 0.300 171 0 83
24.100 0.300 0.500 197 0 57
24.100 0.300 0.700 215 0 39
24.100 0.300 0.900 251 0 3
24.100 0.300 1.100 255 0 0
24.100 0.300 1.300 255 0 0
24.100 0.300 1.500 255 0 0
24.100 0.300 1.700 225 0 29
24.100 0.500 -0.300 118 0 136
24.100 0.500 -0.100 129 0 125
24.100 0.500 0.100 164 0 90
24.100 0.500 0.300 175 0 79
24.100 0.500 0.500 206 0 48
24.100 0.500 0.700 225 0 29
24.100 0.500 0.900 249 0 5
24.100 0.500 1.100 255 0 0
24.100 0.500 1.300 255 0 0
24.100 0.500 1.500 255 0 0
24.100 0.500 1.700 230 0 24
24.100 0.700 -0.300 120 0 134
24.100 0.700 -0.100 131 0 123
24.100 0.700 0.100 160 0 94
24.100 0.700 0.300 173 0 81
24.100 0.700 0.500 201 0 53
24.100 0.700 0.700 238 0 16
24.100 0.700 0.900 254 0 0
24.100 0.700 1.100 255 0 0
24.100 0.700 1.300 255 0 0
24.100 0.700 1.500 255 0 0
24.100 0.700 1.700 226 0 28
24.100 0.900 -0.300 115 0 139
24.100 0.900 -0.100 124 0 130
24.100 0.900 0.100 158 0 96
24.100 0.900 0.300 168 0 86
24.100 0.900 0.500 200 0 54
24.100 0.900 0.700 213 0 41
24.100 0.900 0.900 255 0 0
24.100 0.900 1.100 255 0 0
24.100 0.900 1.300 255 0 0
24.100 0.900 1.500 255 0 0
24.100 0.900 1.700 255 0 0
24.100 1.100 -0.300 108 0 146
24.100 1.100 -0.100 130 0 124
24.100 1.100 0.100 156 0 98
24.100 1.100 0.300 161 0 93
24.100 1.100 0.500 199 0 55
24.100 1.100 0.700 216 0 38
24.100 1.100 0.900 244 0 10
24.100 1.100 1.100 255 0 0
24.100 1.100 1.300 255 0 0
24.100 1.100 1.500 255 0 0
24.100 1.100 1.700 240 0 14
24.100 1.300 -0.300 96 0 158
24.100 1.300 -0.100 121 0 133
24.100 1.300 0.100 151 0 103
24.100 1.300 0.300 157 0 97
24.100 1.300 0.500 188 0 66
24.100 1.300 0.700 211 0 43
24.100 1.300 0.900 243 0 11
24.100 1.300 1.100 255 0 0
24.100 1.300 1.300 255 0 0
24.100 1.300 1.500 253 0 1
24.100 1.300 1.700 236 0 18
24.100 1.300 1.900 255 0 0
24.100 1.500 -0.300 86 0 168
24.100 1.500 -0.100 114 0 140
24.100 1.500 0.100 143 0 111
24.100 1.500 0.300 146 0 108
24.100 1.500 0.500 188 0 66
24.100 1.500 0.700 210 0 44
24.100 1.500 0.900 232 0 22
24.100 1.500 1.100 255 0 0
24.100 1.500 1.300 255 0 0
24.100 1.500 1.500 248 0 6
24.100 1.500 1.700 236 0 18
24.100 1.500 1.900 255 0 0
24.100 1.700 -0.300 59 0 195
24.100 1.700 -0.100 112 0 142
24.100 1.700 0.100 126 0 128
24.100 1.700 0.300 131 0 123
24.100 1.700 0.500 181 0 73
24.100 1.700 0.700 190 0 64
24.100 1.700 0.900 236 0 18
24.100 1.700 1.100 247 0 7
24.100 1.700 1.300 246 0 8
24.100 1.700 1.500 249 0 5
24.100 1.700 1.700 238 0 16
24.100 1.700 1.900 255 0 0
24.100 1.900 -0.300 70 0 184
24.100 1.900 -0.100 95 0 159
24.100 1.900 0.100 108 0 146
24.100 1.900 0.300 120 0 134
24.100 1.900 0.500 153 0 101
24.100 1.900 0.700 168 0 86
24.100 1.900 0.900 218 0 36
24.100 1.900 1.100 237 0 17
24.100 1.900 1.300 237 0 17
24.100 1.900 1.500 236 0 18
24.100 1.900 1.700 208 0 46
24.100 1.900 1.900 255 0 0
24.100 2.100 -0.300 35 0 219
24.100 2.100 -0.100 72 0 182
24.100 2.100 0.100 86 0 168
24.100 2.100 0.300 105 0 149
24.100 2.100 0.500 131 0 123
24.100 2.100 0.700 127 0 127
24.100 2.100 0.900 181 0 73
24.100 2.100 1.100 212 0 42
24.100 2.100 1.300 211 0 43
24.100 2.100 1.500 231 0 23
24.100 2.100 1.700 200 0 54
24.100 2.300 -0.300 0 0 255
24.100 2.300 -0.100 50 0 204
24.100 2.300 0.100 65 0 189
24.100 2.300 0.300 71 0 183
24.100 2.300 0.500 117 0 137
24.100 2.300 0.700 86 0 168
24.100 2.300 0.900 129 0 125
24.100 2.300 1.100 168 0 86
24.100 2.300 1.300 190 0 64
24.100 2.300 1.500 191 0 63
24.100 2.300 1.700 186 0 68
24.300 -0.500 0.700 179 0 75
24.300 -0.500 0.900 164 0 90
24.300 -0.500 1.100 245 0 9
24.300 -0.500 1.300 253 0 1
24.300 -0.500 1.500 37 0 217
24.300 -0.500 1.700 255 0 0
24.300 -0.300 0.700 239 0 15
24.300 -0.300 0.900 0 0 255
24.300 -0.300 1.100 245 0 9
24.300 -0.300 1.300 124 0 130
24.300 -0.300 1.500 227 0 27
24.300 -0.300 1.700 216 0 38
24.300 -0.100 0.700 255 0 0
24.300 -0.100 0.900 186 0 68
24.300 -0.100 1.100 94 0 160
24.300 -0.100 1.500 255 0 0
24.300 -0.100 1.700 246 0 8
24.300 0.100 1.100 136 0 118
24.300 0.100 1.300 255 0 0
24.300 0.100 1.500 255 0 0
24.300 0.100 1.700 255 0 0
24.300 0.300 1.300 167 0 87
24.300 0.300 1.700 255 0 0
24.300 0.500 1.100 255 0 0
24.300 0.500 1.300 255 0 0
24.300 0.500 1.500 140 0 114
24.300 0.500 1.700 255 0 0
24.300 0.700 1.100 255 0 0
24.300 0.700 1.300 255 0 0
24.300 0.700 1.700 255 0 0
24.300 0.900 1.700 255 0 0
24.300 1.100 0.700 255 0 0
24.300 1.100 0.900 255 0 0
24.300 1.100 1.100 255 0 0
24.300 1.100 1.300 255 0 0
24.300 1.100 1.700 255 0 0
24.300 1.300 0.900 255 0 0
24.300 1.300 1.100 255 0 0
24.300 1.300 1.300 255 0 0
24.300 1.300 1.700 255 0 0
24.300 1.500 1.700 255 0 0
24.300 1.700 1.100 184 0 70
24.300 1.700 1.500 255 0 0
24.300 1.700 1.700 255 0 0
24.300 1.900 1.700 246 0 8
24.300 2.100 0.300 250 0 4
24.300 2.100 0.500 184 0 70
24.300 2.100 0.900 255 0 0
24.300 2.100 1.700 255 0 0
24.300 2.300 -0.100 132 0 122
24.300 2.300 0.100 122 0 132
24.300 2.300 0.300 60 0 194
24.300 2.300 0.500 168 0 86
24.300 2.300 0.700 157 0 97
24.300 2.300 0.900 120 0 134
24.300 2.300 1.100 255 0 0
24.300 2.300 1.300 255 0 0
24.300 2.300 1.500 59 0 195
24.300 2.300 1.700 216 0 38
24.500 -0.500 0.700 225 0 29
24.500 -0.500 0.900 211 0 43
24.500 -0.500 1.100 195 0 59
24.500 -0.500 1.300 255 0 0
24.500 -0.500 1.500 255 0 0
24.500 -0.500 1.700 255 0 0
24.500 -0.300 1.500 255 0 0
24.500 -0.300 1.700 242 0 12
24.500 -0.100 1.700 255 0 0
24.500 0.100 1.700 255 0 0
24.500 0.300 1.700 255 0 0
24.500 0.500 0.700 255 0 0
24.500 0.500 1.300 255 0 0
24.500 0.500 1.700 255 0 0
24.500 0.900 1.700 255 0 0
24.500 1.100 1.100 255 0 0
24.500 1.100 1.700 208 0 46
24.500 1.300 1.100 255 0 0
24.500 1.300 1.300 255 0 0
24.500 1.300 1.700 255 0 0
24.500 1.500 1.700 255 0 0
24.500 1.700 1.700 255 0 0
24.500 1.900 1.700 255 0 0
24.500 2.100 1.700 238 0 16
24.500 2.300 -0.100 91 0 163
24.500 2.300 0.300 170 0 84
24.500 2.300 0.500 255 0 0
24.500 2.300 0.700 220 0 34
24.500 2.300 0.900 180 0 74
24.500 2.300 1.100 183 0 71
24.500 2.300 1.300 166 0 88
24.500 2.300 1.500 255 0 0
24.500 2.300 1.700 255 0 0
24.700 -0.500 0.700 180 0 74
24.700 -0.500 0.900 69 0 185
24.700 -0.500 1.100 203 0 51
24.700 -0.500 1.500 229 0 25
24.700 -0.500 1.700 240 0 14
24.700 -0.300 1.700 255 0 0
24.700 -0.100 1.700 255 0 0
24.700 0.100 1.700 255 0 0
24.700 0.300 1.700 255 0 0
24.700 1.300 1.700 184 0 70
24.700 1.700 1.700 255 0 0
24.700 1.900 1.700 255 0 0
24.700 2.100 0.500 163 0 91
24.700 2.100 1.700 208 0 46
24.700 2.300 -0.100 21 0 233
24.700 2.300 0.100 8 0 246
24.700 2.300 0.500 170 0 84
24.700 2.300 0.700 237 0 17
24.700 2.300 0.900 231 0 23
24.700 2.300 1.100 254 0 0
24.700 2.300 1.300 194 0 60
24.700 2.300 1.500 161 0 93
24.700 2.300 1.700 255 0 0
24.900 -0.500 0.700 255 0 0
24.900 -0.500 0.900 201 0 53
24.900 -0.500 1.100 187 0 67
24.900 -0.500 1.300 195 0 59
24.900 -0.500 1.500 255 0 0
24.900 -0.500 1.700 223 0 31
24.900 -0.300 1.500 255 0 0
24.900 -0.300 1.700 255 0 0
24.900 -0.300 1.900 222 0 32
24.900 -0.100 1.700 255 0 0
24.900 0.100 1.700 248 0 6
24.900 1.300 1.700 255 0 0
24.900 1.500 1.700 255 0 0
24.900 1.900 1.700 224 0 30
24.900 1.900 1.900 53 0 201
24.900 2.100 1.700 221 0 33
24.900 2.100 1.900 57 0 197
24.900 2.300 -0.100 144 0 110
24.900 2.300 0.100 79 0 175
24.900 2.300 0.300 107 0 147
24.900 2.300 0.500 198 0 56
24.900 2.300 0.700 175 0 79
24.900 2.300 0.900 244 0 10
24.900 2.300 1.100 238 0 16
24.900 2.300 1.300 255 0 0
24.900 2.300 1.500 220 0 34
24.900 2.300 1.700 255 0 0
24.900 2.500 -0.100 0 0 255
24.900 2.500 0.300 16 0 238
24.900 2.500 0.500 48 0 206
24.900 2.500 1.100 7 0 247
24.900 2.500 1.300 204 0 50
25.100 -0.500 0.700 245 0 9
25.100 -0.500 0.900 202 0 52
25.100 -0.500 1.100 245 0 9
25.100 -0.500 1.300 202 0 52
25.100 -0.500 1.500 227 0 27
25.100 -0.500 1.700 255 0 0
25.100 -0.300 1.700 255 0 0
25.100 -0.100 1.700 255 0 0
25.100 0.100 1.700 255 0 0
25.100 1.500 1.700 255 0 0
25.100 1.700 1.900 255 0 0
25.100 1.900 1.700 255 0 0
25.100 1.900 1.900 255 0 0
25.100 2.100 0.500 255 0 0
25.100 2.100 1.700 255 0 0
25.100 2.100 1.900 255 0 0
25.100 2.300 -0.100 121 0 133
25.100 2.300 0.100 158 0 96
25.100 2.300 0.300 140 0 114
25.100 2.300 0.500 134 0 120
25.100 2.300 0.700 255 0 0
25.100 2.300 0.900 198 0 56
25.100 2.300 1.100 238 0 16
25.100 2.300 1.300 210 0 44
25.100 2.300 1.500 241 0 13
25.100 2.300 1.700 209 0 45
25.100 2.300 1.900 255 0 0
25.100 2.500 -0.100 0 0 255
25.100 2.500 0.100 93 0 161
25.100 2.500 0.300 32 0 222
25.100 2.500 0.500 134 0 120
25.100 2.500 0.900 119 0 135
25.100 2.500 1.100 251 0 3
25.100 2.500 1.300 181 0 73
25.100 2.500 1.500 164 0 90
25.300 -0.500 0.900 164 0 90
25.300 -0.500 1.100 236 0 18
25.300 -0.500 1.300 190 0 64
25.300 -0.500 1.500 255 0 0
25.300 -0.500 1.700 255 0 0
25.300 -0.300 1.700 200 0 54
25.300 -0.300 1.900 207 0 47
25.300 -0.100 1.700 214 0 40
25.300 -0.100 1.900 196 0 58
25.300 1.700 1.700 255 0 0
25.300 1.900 1.700 255 0 0
25.300 1.900 1.900 187 0 67
25.300 2.100 1.700 255 0 0
25.300 2.100 1.900 232 0 22
25.300 2.300 0.500 23 0 231
25.300 2.300 0.900 93 0 161
25.300 2.300 1.300 154 0 100
25.300 2.300 1.500 211 0 43
25.300 2.300 1.700 255 0 0
25.300 2.300 1.900 255 0 0
25.300 2.500 1.700 56 0 198
25.500 -0.500 1.700 255 0 0
25.500 -0.300 1.700 255 0 0
25.500 -0.100 1.700 255 0 0
25.500 1.900 1.700 219 0 35
25.500 1.900 1.900 255 0 0
25.500 2.100 1.700 255 0 0
25.500 2.100 1.900 129 0 125
25.500 2.300 0.500 36 0 218
25.500 2.300 1.500 107 0 147
25.500 2.300 1.900 255 0 0
25.700 -0.500 0.900 180 0 74
25.700 -0.500 1.700 255 0 0
25.700 -0.300 0.900 210 0 44
25.700 -0.300 1.100 208 0 46
25.700 -0.300 1.300 254 0 0
25.700 2.100 1.700 173 0 81
26.100 -0.300 0.900 172 0 82
26.100 -0.300 1.100 196 0 58
26.100 -0.300 1.300 255 0 0
26.100 0.500 1.900 255 0 0
26.100 0.700 1.500 255 0 0
26.100 0.700 1.700 220 0 34
26.100 0.700 1.900 255 0 0
26.100 0.900 1.700 16 0 238
26.100 0.900 1.900 255 0 0
26.100 1.100 1.900 255 0 0
26.100 1.300 1.500 206 0 48
26.100 1.300 1.700 78 0 176
26.100 1.300 1.900 255 0 0
26.100 1.500 1.900 255 0 0
26.100 2.500 1.500 87 0 167
26.500 0.300 1.900 255 0 0
26.900 -0.300 1.700 33 0 221
27.300 2.100 2.100 255 0 0
27.500 -0.300 1.700 131 0 123
27.500 1.900 1.900 140 0 114
27.500 2.100 1.900 255 0 0
27.500 2.300 1.900 244 0 10
27.500 2.500 1.900 42 0 212
27.700 -0.300 1.100 255 0 0
27.700 -0.300 1.300 255 0 0
27.700 -0.300 1.500 255 0 0
27.700 -0.300 1.700 255 0 0
27.700 1.900 1.700 255 0 0
27.700 1.900 1.900 246 0 8
27.700 2.100 1.700 158 0 96
27.700 2.100 1.900 200 0 54
27.700 2.300 1.700 164 0 90
27.700 2.300 1.900 149 0 105
27.700 2.500 1.700 185 0 69
27.700 2.500 1.900 155 0 99
27.900 -0.300 1.300 208 0 46
27.900 1.900 1.700 138 0 116
27.900 2.100 1.700 205 0 49
27.900 2.300 1.700 196 0 58
27.900 2.500 1.700 142 0 112
28.100 -0.300 1.100 255 0 0
28.100 -0.300 1.300 255 0 0
28.100 -0.300 1.500 255 0 0
28.100 -0.300 1.700 255 0 0
28.100 -0.100 1.700 255 0 0
28.100 1.900 1.700 191 0 63
28.100 2.100 1.500 255 0 0
28.100 2.100 1.700 196 0 58
28.100 2.300 1.700 165 0 89
28.100 2.500 1.500 60 0 194
28.100 2.500 1.700 113 0 141
28.300 2.100 1.500 219 0 35
28.300 2.100 1.700 180 0 74
28.300 2.300 1.500 255 0 0
28.300 2.500 1.500 104 0 150
28.300 2.700 1.500 154 0 100
28.500 2.100 1.500 201 0 53
28.500 2.300 1.300 255 0 0
28.500 2.300 1.500 255 0 0
28.500 2.500 1.300 136 0 118
28.500 2.700 1.100 102 0 152
28.700 2.300 1.300 255 0 0
28.700 2.500 1.300 113 0 141
28.700 2.700 1.100 129 0 125
28.900 2.300 1.300 255 0 0
28.900 2.700 1.100 255 0 0
29.100 2.300 1.300 107 0 147
29.300 2.300 1.300 222 0 32
29.500 2.700 1.100 255 0 0
29.500 2.700 1.300 255 0 0
29.700 -0.700 1.500 177 0 77
29.700 -0.500 1.700 126 0 128
29.700 2.500 1.500 255 0 0
29.700 2.700 1.100 255 0 0
29.700 2.700 1.300 255 0 0
29.900 -0.700 1.700 152 0 102
29.900 -0.500 1.300 255 0 0
29.900 -0.300 1.500 255 0 0
29.900 -0.300 1.700 117 0 137
29.900 -0.300 1.900 150 0 104
29.900 -0.100 1.100 146 0 108
29.900 -0.100 1.300 110 0 144
29.900 -0.100 1.500 79 0 175
29.900 -0.100 1.700 47 0 207
29.900 -0.100 1.900 208 0 46
29.900 0.100 1.300 102 0 152
29.900 0.100 1.500 141 0 113
29.900 0.100 1.900 96 0 158
29.900 0.300 1.700 184 0 70
29.900 2.100 1.300 148 0 106
29.900 2.300 1.300 99 0 155
29.900 2.500 1.100 255 0 0
29.900 2.500 1.300 72 0 182
29.900 2.700 1.100 255 0 0
29.900 2.700 1.300 255 0 0
34.300 2.700 0.300 53 0 201
34.300 2.900 0.100 0 0 255
34.300 2.900 0.300 27 0 227
34.300 2.900 1.100 119 0 135
34.500 2.700 -0.300 60 0 194
34.500 2.700 1.100 163 0 91
34.500 3.100 -0.300 62 0 192
34.500 3.100 -0.100 33 0 221
34.500 3.100 0.300 25 0 229
34.500 3.100 0.500 1 0 253
34.500 3.100 1.100 41 0 213
34.500 3.300 -0.300 12 0 242
34.500 3.300 -0.100 22 0 232
34.500 3.300 0.300 53 0 201
34.500 3.300 0.500 67 0 187
34.500 3.500 0.300 46 0 208
34.700 2.500 1.100 153 0 101
