x,y,z,t_mean_c,t_std_c,n_obs,material,solar_absorptance,u_value_w_m2k,plausible,flag_reason,solar_term_w_m2,u_value_corrected_w_m2k,correction_note
10.9,-0.7000000000000001,-0.30000000000000004,35.253,0.406,103,concrete,0.65,6.0904,1,,57.4,-2.2282,nord_diffuse_only
10.9,-0.7000000000000001,-0.1,35.035,0.379,149,concrete,0.65,5.8377,1,,57.4,-2.481,nord_diffuse_only
10.9,-0.7000000000000001,0.7000000000000001,35.978,0.547,66,glass,0.1,6.931,1,,8.83,5.6512,nord_diffuse_only
10.9,-0.7000000000000001,0.9,35.727,0.227,3,glass,0.1,6.64,1,,8.83,5.3602,nord_diffuse_only
10.9,-0.7000000000000001,1.1,35.697,0.229,16,paint,0.6,6.6052,1,,52.98,-1.0735,nord_diffuse_only
10.9,-0.7000000000000001,1.3,36.405,0.893,35,paint,0.6,7.4261,1,,52.98,-0.2527,nord_diffuse_only
10.9,-0.7000000000000001,1.5,36.648,1.386,10,paint,0.6,7.7078,1,,52.98,0.0291,nord_diffuse_only
10.9,-0.7000000000000001,1.7000000000000002,37.633,0.843,6,paint,0.6,8.8499,0,solar_possible,52.98,1.1711,nord_diffuse_only
10.9,-0.5,-0.30000000000000004,35.25,0.459,209,concrete,0.65,6.087,1,,0.0,6.087,
10.9,-0.5,-0.1,34.858,0.333,171,concrete,0.65,5.6325,1,,0.0,5.6325,
10.9,-0.5,0.1,34.78,0.61,155,glass,0.1,5.542,1,,0.0,5.542,
10.9,-0.5,0.30000000000000004,35.186,0.769,128,glass,0.1,6.0128,1,,0.0,6.0128,
10.9,-0.5,0.5,35.656,0.808,124,glass,0.1,6.5577,1,,0.0,6.5577,
10.9,-0.5,0.7000000000000001,35.998,0.609,54,glass,0.1,6.9542,1,,0.0,6.9542,
10.9,-0.5,0.9,35.847,0.47,70,glass,0.1,6.7791,1,,0.0,6.7791,
10.9,-0.5,1.1,36.151,0.648,2,paint,0.6,7.1316,1,,0.0,7.1316,
10.9,-0.5,1.7000000000000002,38.136,0.0,1,paint,0.6,9.433,0,solar_possible,0.0,9.433,
10.9,-0.30000000000000004,-0.30000000000000004,35.232,0.712,184,concrete,0.65,6.0661,1,,0.0,6.0661,
10.9,-0.1,-0.30000000000000004,36.03,0.941,187,concrete,0.65,6.9913,1,,0.0,6.9913,
10.9,0.1,-0.30000000000000004,36.382,0.975,200,concrete,0.65,7.3994,1,,0.0,7.3994,
10.9,0.30000000000000004,-0.30000000000000004,36.619,0.911,171,concrete,0.65,7.6742,1,,0.0,7.6742,
10.9,0.5,-0.30000000000000004,36.64,0.884,175,concrete,0.65,7.6986,1,,0.0,7.6986,
10.9,0.7000000000000001,-0.30000000000000004,36.233,0.815,163,concrete,0.65,7.2267,1,,0.0,7.2267,
10.9,0.9,-0.30000000000000004,35.171,0.725,141,concrete,0.65,5.9954,1,,0.0,5.9954,
10.9,1.1,-0.30000000000000004,34.965,0.48,183,concrete,0.65,5.7565,1,,0.0,5.7565,
10.9,1.3,-0.30000000000000004,34.857,0.406,140,concrete,0.65,5.6313,1,,0.0,5.6313,
10.9,1.5,-0.30000000000000004,34.853,0.262,149,concrete,0.65,5.6267,1,,110.28,-10.3554,sud_direct_diffuse
10.9,1.5,-0.1,34.593,0.303,199,concrete,0.65,5.3252,1,,110.28,-10.6569,sud_direct_diffuse
10.9,1.5,0.1,34.49,0.374,276,paint,0.6,5.2058,1,,101.79,-9.5469,sud_direct_diffuse
10.9,1.5,0.30000000000000004,34.739,0.405,239,paint,0.6,5.4945,1,,101.79,-9.2582,sud_direct_diffuse
10.9,1.5,0.5,35.322,0.495,218,paint,0.6,6.1704,1,,101.79,-8.5823,sud_direct_diffuse
10.9,1.5,0.7000000000000001,35.488,0.472,42,paint,0.6,6.3629,1,,101.79,-8.3898,sud_direct_diffuse
10.9,1.7000000000000002,-0.30000000000000004,34.874,0.264,219,concrete,0.65,5.651,1,,110.28,-10.3311,sud_direct_diffuse
10.9,1.7000000000000002,-0.1,34.766,0.381,378,concrete,0.65,5.5258,1,,110.28,-10.4563,sud_direct_diffuse
10.9,1.7000000000000002,0.7000000000000001,35.839,0.535,145,paint,0.6,6.7699,1,,101.79,-7.9829,sud_direct_diffuse
10.9,1.7000000000000002,0.9,36.028,0.541,114,paint,0.6,6.989,1,,101.79,-7.7637,sud_direct_diffuse
10.9,1.7000000000000002,1.1,35.986,0.379,36,paint,0.6,6.9403,1,,101.79,-7.8124,sud_direct_diffuse
10.9,1.7000000000000002,1.3,36.722,0.747,41,paint,0.6,7.7936,1,,101.79,-6.9591,sud_direct_diffuse
10.9,1.7000000000000002,1.5,37.396,0.95,56,paint,0.6,8.5751,0,solar_possible,101.79,-6.1776,sud_direct_diffuse
10.9,1.7000000000000002,1.7000000000000002,37.715,0.849,25,paint,0.6,8.9449,0,solar_possible,101.79,-5.8078,sud_direct_diffuse
11.100000000000001,-0.7000000000000001,-0.30000000000000004,35.24,0.467,111,concrete,0.65,6.0754,1,,57.4,-2.2433,nord_diffuse_only
11.100000000000001,-0.7000000000000001,-0.1,35.151,0.354,125,concrete,0.65,5.9722,1,,57.4,-2.3465,nord_diffuse_only
11.100000000000001,-0.7000000000000001,0.7000000000000001,35.668,0.635,61,glass,0.1,6.5716,1,,8.83,5.2918,nord_diffuse_only
11.100000000000001,-0.7000000000000001,0.9,35.6,0.145,2,glass,0.1,6.4928,1,,8.83,5.213,nord_diffuse_only
11.100000000000001,-0.7000000000000001,1.1,35.928,0.0,1,paint,0.6,6.873,1,,52.98,-0.8057,nord_diffuse_only
11.100000000000001,-0.7000000000000001,1.3,36.697,0.921,4,paint,0.6,7.7646,1,,52.98,0.0859,nord_diffuse_only
11.100000000000001,-0.7000000000000001,1.7000000000000002,36.468,1.563,3,paint,0.6,7.4991,1,,52.98,-0.1796,nord_diffuse_only
11.100000000000001,-0.5,-0.30000000000000004,35.245,0.456,196,concrete,0.65,6.0812,1,,0.0,6.0812,
11.100000000000001,-0.5,-0.1,34.744,0.478,211,concrete,0.65,5.5003,1,,0.0,5.5003,
11.100000000000001,-0.5,0.1,34.692,0.601,144,glass,0.1,5.44,1,,0.0,5.44,
11.100000000000001,-0.5,0.30000000000000004,34.927,0.798,126,glass,0.1,5.7125,1,,0.0,5.7125,
11.100000000000001,-0.5,0.5,35.579,0.805,121,glass,0.1,6.4684,1,,0.0,6.4684,
11.100000000000001,-0.5,0.7000000000000001,35.938,0.631,58,glass,0.1,6.8846,1,,0.0,6.8846,
11.100000000000001,-0.5,0.9,35.863,0.499,69,glass,0.1,6.7977,1,,0.0,6.7977,
11.100000000000001,-0.5,1.7000000000000002,34.497,0.0,1,paint,0.6,5.2139,1,,0.0,5.2139,
11.100000000000001,-0.30000000000000004,-0.30000000000000004,35.452,0.662,184,concrete,0.65,6.3212,1,,0.0,6.3212,
11.100000000000001,-0.1,-0.30000000000000004,35.884,0.812,156,concrete,0.65,6.822,1,,0.0,6.822,
11.100000000000001,0.1,-0.30000000000000004,36.181,0.876,162,concrete,0.65,7.1664,1,,0.0,7.1664,
11.100000000000001,0.30000000000000004,-0.30000000000000004,36.237,0.82,184,concrete,0.65,7.2313,1,,0.0,7.2313,
11.100000000000001,0.5,-0.30000000000000004,36.267,0.818,195,concrete,0.65,7.2661,1,,0.0,7.2661,
11.100000000000001,0.7000000000000001,-0.30000000000000004,35.824,0.817,208,concrete,0.65,6.7525,1,,0.0,6.7525,
11.100000000000001,0.9,-0.30000000000000004,35.223,0.638,174,concrete,0.65,6.0557,1,,0.0,6.0557,
11.100000000000001,1.1,-0.30000000000000004,34.725,0.501,139,concrete,0.65,5.4783,1,,0.0,5.4783,
11.100000000000001,1.3,-0.30000000000000004,34.793,0.452,186,concrete,0.65,5.5571,1,,0.0,5.5571,
11.100000000000001,1.5,-0.30000000000000004,34.833,0.244,182,concrete,0.65,5.6035,1,,110.28,-10.3786,sud_direct_diffuse
11.100000000000001,1.5,-0.1,34.592,0.315,68,concrete,0.65,5.3241,1,,110.28,-10.658,sud_direct_diffuse
11.100000000000001,1.5,0.1,34.507,0.414,86,paint,0.6,5.2255,1,,101.79,-9.5272,sud_direct_diffuse
11.100000000000001,1.5,0.30000000000000004,34.687,0.553,93,paint,0.6,5.4342,1,,101.79,-9.3185,sud_direct_diffuse
11.100000000000001,1.5,0.5,35.215,0.527,147,paint,0.6,6.0464,1,,101.79,-8.7063,sud_direct_diffuse
11.100000000000001,1.5,0.7000000000000001,35.523,0.561,28,paint,0.6,6.4035,1,,101.79,-8.3492,sud_direct_diffuse
11.100000000000001,1.7000000000000002,-0.30000000000000004,34.87,0.254,407,concrete,0.65,5.6464,1,,110.28,-10.3357,sud_direct_diffuse
11.100000000000001,1.7000000000000002,-0.1,34.7,0.318,558,concrete,0.65,5.4493,1,,110.28,-10.5328,sud_direct_diffuse
11.100000000000001,1.7000000000000002,0.7000000000000001,35.737,0.568,152,paint,0.6,6.6516,1,,101.79,-8.1011,sud_direct_diffuse
11.100000000000001,1.7000000000000002,0.9,35.858,0.422,125,paint,0.6,6.7919,1,,101.79,-7.9608,sud_direct_diffuse
11.100000000000001,1.7000000000000002,1.1,36.236,0.402,6,paint,0.6,7.2301,1,,101.79,-7.5226,sud_direct_diffuse
11.100000000000001,1.7000000000000002,1.3,36.931,0.792,14,paint,0.6,8.0359,0,solar_possible,101.79,-6.7168,sud_direct_diffuse
11.100000000000001,1.7000000000000002,1.5,36.677,1.007,5,paint,0.6,7.7414,1,,101.79,-7.0113,sud_direct_diffuse
11.100000000000001,1.7000000000000002,1.7000000000000002,37.475,1.135,28,paint,0.6,8.6667,0,solar_possible,101.79,-6.086,sud_direct_diffuse
11.3,-0.7000000000000001,-0.30000000000000004,35.058,0.461,80,rubber,0.9,5.8643,1,,79.48,-5.6538,nord_diffuse_only
11.3,-0.7000000000000001,-0.1,35.051,0.361,73,concrete,0.65,5.8562,1,,57.4,-2.4624,nord_diffuse_only
11.3,-0.7000000000000001,0.7000000000000001,35.633,0.619,65,glass,0.1,6.531,1,,8.83,5.2512,nord_diffuse_only
11.3,-0.7000000000000001,0.9,35.608,0.265,2,painted_metal,0.65,6.502,1,,57.4,-1.8166,nord_diffuse_only
11.3,-0.7000000000000001,1.1,35.775,0.419,7,glass,0.1,6.6957,1,,8.83,5.4159,nord_diffuse_only
11.3,-0.7000000000000001,1.3,36.272,0.738,4,paint,0.6,7.2719,1,,52.98,-0.4069,nord_diffuse_only
11.3,-0.7000000000000001,1.5,38.14,0.0,1,paint,0.6,9.4377,0,solar_possible,52.98,1.7589,nord_diffuse_only
11.3,-0.7000000000000001,1.7000000000000002,36.764,1.524,14,paint,0.6,7.8423,1,,52.98,0.1636,nord_diffuse_only
11.3,-0.5,-0.30000000000000004,35.152,0.473,474,concrete,0.65,5.9733,1,,0.0,5.9733,
11.3,-0.5,-0.1,34.988,0.423,402,concrete,0.65,5.7832,1,,0.0,5.7832,
11.3,-0.5,0.1,35.237,0.145,2,paint,0.6,6.0719,1,,0.0,6.0719,
11.3,-0.5,0.30000000000000004,36.046,0.0,1,glass,0.1,7.0099,1,,0.0,7.0099,
11.3,-0.5,0.5,36.43,0.042,2,glass,0.1,7.4551,1,,0.0,7.4551,
11.3,-0.5,0.7000000000000001,35.841,0.678,115,glass,0.1,6.7722,1,,0.0,6.7722,
11.3,-0.5,0.9,35.948,0.55,61,glass,0.1,6.8962,1,,0.0,6.8962,
11.3,-0.5,1.7000000000000002,36.455,1.612,9,paint,0.6,7.4841,1,,0.0,7.4841,
11.3,-0.30000000000000004,-0.30000000000000004,35.207,0.678,141,concrete,0.65,6.0371,1,,0.0,6.0371,
11.3,-0.1,-0.30000000000000004,35.807,0.818,147,concrete,0.65,6.7328,1,,0.0,6.7328,
11.3,0.1,-0.30000000000000004,36.247,0.898,173,concrete,0.65,7.2429,1,,0.0,7.2429,
11.3,0.30000000000000004,-0.30000000000000004,36.395,0.853,176,concrete,0.65,7.4145,1,,0.0,7.4145,
11.3,0.5,-0.30000000000000004,36.497,0.855,176,concrete,0.65,7.5328,1,,0.0,7.5328,
11.3,0.7000000000000001,-0.30000000000000004,36.243,0.921,164,concrete,0.65,7.2383,1,,0.0,7.2383,
11.3,0.9,-0.30000000000000004,35.253,0.688,220,concrete,0.65,6.0904,1,,0.0,6.0904,
11.3,1.1,-0.30000000000000004,34.917,0.561,242,concrete,0.65,5.7009,1,,0.0,5.7009,
11.3,1.3,-0.30000000000000004,34.785,0.54,237,concrete,0.65,5.5478,1,,0.0,5.5478,
11.3,1.5,-0.30000000000000004,34.739,0.339,217,concrete,0.65,5.4945,1,,110.28,-10.4876,sud_direct_diffuse
11.3,1.5,-0.1,34.732,0.047,2,rubber,0.9,5.4864,1,,152.69,-16.6427,sud_direct_diffuse
11.3,1.5,0.30000000000000004,34.847,0.027,2,paint,0.6,5.6197,1,,101.79,-9.133,sud_direct_diffuse
11.3,1.5,0.5,35.012,0.105,3,paint,0.6,5.811,1,,101.79,-8.9417,sud_direct_diffuse
11.3,1.5,0.7000000000000001,35.509,0.237,4,glass,0.1,6.3872,1,,16.97,3.9285,sud_direct_diffuse
11.3,1.7000000000000002,-0.30000000000000004,34.835,0.263,249,concrete,0.65,5.6058,1,,110.28,-10.3763,sud_direct_diffuse
11.3,1.7000000000000002,-0.1,34.712,0.294,543,concrete,0.65,5.4632,1,,110.28,-10.5189,sud_direct_diffuse
11.3,1.7000000000000002,0.1,34.362,0.13,5,paint,0.6,5.0574,1,,101.79,-9.6953,sud_direct_diffuse
11.3,1.7000000000000002,0.30000000000000004,34.746,0.242,4,paint,0.6,5.5026,1,,101.79,-9.2501,sud_direct_diffuse
11.3,1.7000000000000002,0.5,35.644,0.32,5,fabric,0.6,6.5438,1,,101.79,-8.2089,sud_direct_diffuse
11.3,1.7000000000000002,0.7000000000000001,35.667,0.505,218,paint,0.6,6.5704,1,,101.79,-8.1823,sud_direct_diffuse
11.3,1.7000000000000002,0.9,35.856,0.377,122,paint,0.6,6.7896,1,,101.79,-7.9631,sud_direct_diffuse
11.3,1.7000000000000002,1.1,36.172,0.459,23,paint,0.6,7.1559,1,,101.79,-7.5968,sud_direct_diffuse
11.3,1.7000000000000002,1.3,36.557,0.894,7,paint,0.6,7.6023,1,,101.79,-7.1504,sud_direct_diffuse
11.3,1.7000000000000002,1.5,36.922,1.051,22,paint,0.6,8.0255,0,solar_possible,101.79,-6.7272,sud_direct_diffuse
11.3,1.7000000000000002,1.7000000000000002,37.663,0.902,32,paint,0.6,8.8846,0,solar_possible,101.79,-5.8681,sud_direct_diffuse
11.3,1.7000000000000002,1.9000000000000001,38.239,0.276,3,paint,0.6,9.5525,0,solar_possible,101.79,-5.2002,sud_direct_diffuse
11.5,-0.9,1.3,36.104,0.604,56,paint,0.6,7.0771,1,,52.98,-0.6017,nord_diffuse_only
11.5,-0.9,1.5,36.621,0.754,26,glass,0.1,7.6765,1,,8.83,6.3967,nord_diffuse_only
11.5,-0.9,1.7000000000000002,37.064,0.952,25,glass,0.1,8.1901,0,solar_suspected,8.83,6.9104,nord_diffuse_only
11.5,-0.7000000000000001,0.9,35.978,0.107,10,glass,0.1,6.931,1,,8.83,5.6512,nord_diffuse_only
11.5,-0.7000000000000001,1.1,35.963,0.449,128,glass,0.1,6.9136,1,,8.83,5.6338,nord_diffuse_only
11.5,-0.7000000000000001,1.3,36.34,0.752,144,paint,0.6,7.3507,1,,52.98,-0.328,nord_diffuse_only
11.5,-0.7000000000000001,1.5,36.7,1.202,120,paint,0.6,7.7681,1,,52.98,0.0894,nord_diffuse_only
11.5,-0.7000000000000001,1.7000000000000002,36.901,1.342,60,paint,0.6,8.0012,0,solar_possible,52.98,0.3224,nord_diffuse_only
11.5,-0.5,-0.30000000000000004,35.194,0.49,264,concrete,0.65,6.022,1,,0.0,6.022,
11.5,-0.5,-0.1,34.972,0.401,195,concrete,0.65,5.7646,1,,0.0,5.7646,
11.5,-0.5,0.1,34.744,0.0,1,glass,0.1,5.5003,1,,0.0,5.5003,
11.5,-0.5,0.30000000000000004,35.919,0.186,4,paint,0.6,6.8626,1,,0.0,6.8626,
11.5,-0.5,0.5,35.875,0.241,2,paint,0.6,6.8116,1,,0.0,6.8116,
11.5,-0.5,0.7000000000000001,35.975,0.638,62,glass,0.1,6.9275,1,,0.0,6.9275,
11.5,-0.5,0.9,35.886,0.552,111,glass,0.1,6.8243,1,,0.0,6.8243,
11.5,-0.5,1.1,36.022,0.473,118,glass,0.1,6.982,1,,0.0,6.982,
11.5,-0.5,1.3,36.209,0.838,87,paint,0.6,7.1988,1,,0.0,7.1988,
11.5,-0.5,1.5,36.546,1.042,103,paint,0.6,7.5896,1,,0.0,7.5896,
11.5,-0.5,1.7000000000000002,36.233,1.235,43,paint,0.6,7.2267,1,,0.0,7.2267,
11.5,-0.30000000000000004,-0.30000000000000004,35.243,0.683,190,concrete,0.65,6.0788,1,,0.0,6.0788,
11.5,-0.1,-0.30000000000000004,35.88,0.923,168,concrete,0.65,6.8174,1,,0.0,6.8174,
11.5,0.1,-0.30000000000000004,36.05,1.144,158,concrete,0.65,7.0145,1,,0.0,7.0145,
11.5,0.30000000000000004,-0.30000000000000004,36.459,0.838,169,concrete,0.65,7.4887,1,,0.0,7.4887,
11.5,0.5,-0.30000000000000004,36.601,0.796,193,concrete,0.65,7.6533,1,,0.0,7.6533,
11.5,0.7000000000000001,-0.30000000000000004,36.32,0.84,174,concrete,0.65,7.3275,1,,0.0,7.3275,
11.5,0.9,-0.30000000000000004,35.55,0.867,167,concrete,0.65,6.4348,1,,0.0,6.4348,
11.5,1.1,-0.30000000000000004,34.898,0.592,147,concrete,0.65,5.6788,1,,0.0,5.6788,
11.5,1.3,-0.30000000000000004,34.909,0.454,186,concrete,0.65,5.6916,1,,0.0,5.6916,
11.5,1.5,-0.30000000000000004,34.819,0.316,143,concrete,0.65,5.5872,1,,110.28,-10.3949,sud_direct_diffuse
11.5,1.7000000000000002,-0.30000000000000004,34.783,0.247,175,concrete,0.65,5.5455,1,,110.28,-10.4366,sud_direct_diffuse
11.5,1.7000000000000002,-0.1,34.53,0.259,472,concrete,0.65,5.2522,1,,110.28,-10.7299,sud_direct_diffuse
11.5,1.7000000000000002,0.1,34.322,0.208,113,paint,0.6,5.011,1,,101.79,-9.7417,sud_direct_diffuse
11.5,1.7000000000000002,0.30000000000000004,34.732,0.277,75,paint,0.6,5.4864,1,,101.79,-9.2663,sud_direct_diffuse
11.5,1.7000000000000002,0.5,35.365,0.398,75,paint,0.6,6.2203,1,,101.79,-8.5324,sud_direct_diffuse
11.5,1.7000000000000002,0.7000000000000001,35.698,0.427,142,paint,0.6,6.6064,1,,101.79,-8.1463,sud_direct_diffuse
11.5,1.7000000000000002,0.9,35.802,0.412,180,paint,0.6,6.727,1,,101.79,-8.0258,sud_direct_diffuse
11.5,1.7000000000000002,1.1,36.094,0.441,358,paint,0.6,7.0655,1,,101.79,-7.6872,sud_direct_diffuse
11.5,1.7000000000000002,1.3,36.678,0.775,327,paint,0.6,7.7426,1,,101.79,-7.0101,sud_direct_diffuse
11.5,1.7000000000000002,1.5,37.141,1.058,312,paint,0.6,8.2794,0,solar_possible,101.79,-6.4733,sud_direct_diffuse
11.5,1.7000000000000002,1.7000000000000002,37.362,1.184,124,paint,0.6,8.5357,0,solar_possible,101.79,-6.2171,sud_direct_diffuse
11.5,1.7000000000000002,1.9000000000000001,36.972,1.224,6,paint,0.6,8.0835,0,solar_possible,101.79,-6.6692,sud_direct_diffuse
11.700000000000001,-0.9,1.3,35.975,0.324,2,painted_metal,0.65,6.9275,1,,57.4,-1.3911,nord_diffuse_only
11.700000000000001,-0.9,1.5,37.018,0.49,2,asphalt,0.9,8.1368,0,implausible,79.48,-3.3813,nord_diffuse_only
11.700000000000001,-0.5,-0.30000000000000004,35.037,0.433,275,concrete,0.65,5.84,1,,0.0,5.84,
11.700000000000001,-0.5,-0.1,34.933,0.349,240,concrete,0.65,5.7194,1,,0.0,5.7194,
11.700000000000001,-0.5,0.1,34.934,0.324,49,paint,0.6,5.7206,1,,0.0,5.7206,
11.700000000000001,-0.5,0.30000000000000004,35.69,0.362,33,paint,0.6,6.5971,1,,0.0,6.5971,
11.700000000000001,-0.5,0.5,36.1,0.343,29,paint,0.6,7.0725,1,,0.0,7.0725,
11.700000000000001,-0.5,0.7000000000000001,36.061,0.627,104,glass,0.1,7.0272,1,,0.0,7.0272,
11.700000000000001,-0.5,0.9,36.007,0.589,87,glass,0.1,6.9646,1,,0.0,6.9646,
11.700000000000001,-0.5,1.1,35.995,0.634,53,glass,0.1,6.9507,1,,0.0,6.9507,
11.700000000000001,-0.5,1.3,36.112,0.847,41,paint,0.6,7.0864,1,,0.0,7.0864,
11.700000000000001,-0.5,1.5,35.807,0.86,28,paint,0.6,6.7328,1,,0.0,6.7328,
11.700000000000001,-0.5,1.7000000000000002,35.484,0.983,39,paint,0.6,6.3583,1,,0.0,6.3583,
11.700000000000001,-0.5,1.9000000000000001,36.119,1.41,5,paint,0.6,7.0945,1,,0.0,7.0945,
11.700000000000001,-0.30000000000000004,-0.30000000000000004,35.37,0.667,203,concrete,0.65,6.2261,1,,0.0,6.2261,
11.700000000000001,-0.1,-0.30000000000000004,35.897,0.911,194,concrete,0.65,6.8371,1,,0.0,6.8371,
11.700000000000001,0.1,-0.30000000000000004,36.383,0.939,171,concrete,0.65,7.4006,1,,0.0,7.4006,
11.700000000000001,0.30000000000000004,-0.30000000000000004,36.646,0.843,160,concrete,0.65,7.7055,1,,0.0,7.7055,
11.700000000000001,0.5,-0.30000000000000004,36.678,0.797,147,concrete,0.65,7.7426,1,,0.0,7.7426,
11.700000000000001,0.7000000000000001,-0.30000000000000004,36.369,0.924,122,concrete,0.65,7.3843,1,,0.0,7.3843,
11.700000000000001,0.9,-0.30000000000000004,35.59,0.753,107,concrete,0.65,6.4812,1,,0.0,6.4812,
11.700000000000001,1.1,-0.30000000000000004,35.116,0.491,133,concrete,0.65,5.9316,1,,0.0,5.9316,
11.700000000000001,1.1,1.9000000000000001,34.898,0.068,2,paint,0.6,5.6788,1,,0.0,5.6788,
11.700000000000001,1.3,-0.30000000000000004,34.901,0.368,127,concrete,0.65,5.6823,1,,0.0,5.6823,
11.700000000000001,1.3,1.9000000000000001,34.98,0.087,4,paint,0.6,5.7739,1,,0.0,5.7739,
11.700000000000001,1.5,-0.30000000000000004,34.767,0.34,111,concrete,0.65,5.527,1,,110.28,-10.4551,sud_direct_diffuse
11.700000000000001,1.5,1.9000000000000001,34.956,0.22,11,paint,0.6,5.7461,1,,101.79,-9.0066,sud_direct_diffuse
11.700000000000001,1.7000000000000002,-0.30000000000000004,34.791,0.268,137,concrete,0.65,5.5548,1,,110.28,-10.4273,sud_direct_diffuse
11.700000000000001,1.7000000000000002,-0.1,34.513,0.262,509,concrete,0.65,5.2325,1,,110.28,-10.7496,sud_direct_diffuse
11.700000000000001,1.7000000000000002,0.1,34.346,0.225,184,paint,0.6,5.0388,1,,101.79,-9.7139,sud_direct_diffuse
11.700000000000001,1.7000000000000002,0.30000000000000004,34.729,0.274,151,paint,0.6,5.4829,1,,101.79,-9.2698,sud_direct_diffuse
11.700000000000001,1.7000000000000002,0.5,35.325,0.415,146,paint,0.6,6.1739,1,,101.79,-8.5788,sud_direct_diffuse
11.700000000000001,1.7000000000000002,0.7000000000000001,35.688,0.42,186,paint,0.6,6.5948,1,,101.79,-8.1579,sud_direct_diffuse
11.700000000000001,1.7000000000000002,0.9,35.817,0.433,144,paint,0.6,6.7443,1,,101.79,-8.0084,sud_direct_diffuse
11.700000000000001,1.7000000000000002,1.1,36.014,0.409,109,paint,0.6,6.9728,1,,101.79,-7.78,sud_direct_diffuse
11.700000000000001,1.7000000000000002,1.3,36.429,0.799,77,paint,0.6,7.4539,1,,101.79,-7.2988,sud_direct_diffuse
11.700000000000001,1.7000000000000002,1.5,36.924,1.049,61,paint,0.6,8.0278,0,solar_possible,101.79,-6.7249,sud_direct_diffuse
11.700000000000001,1.7000000000000002,1.7000000000000002,37.172,1.011,41,paint,0.6,8.3154,0,solar_possible,101.79,-6.4373,sud_direct_diffuse
11.700000000000001,1.7000000000000002,1.9000000000000001,36.66,1.048,22,paint,0.6,7.7217,1,,101.79,-7.031,sud_direct_diffuse
11.9,-0.5,-0.30000000000000004,35.156,0.505,166,concrete,0.65,5.978,1,,0.0,5.978,
11.9,-0.5,-0.1,34.975,0.317,176,concrete,0.65,5.7681,1,,0.0,5.7681,
11.9,-0.5,0.1,34.999,0.246,57,paint,0.6,5.7959,1,,0.0,5.7959,
11.9,-0.5,0.30000000000000004,35.615,0.436,44,paint,0.6,6.5101,1,,0.0,6.5101,
11.9,-0.5,0.5,35.974,0.482,39,paint,0.6,6.9264,1,,0.0,6.9264,
11.9,-0.5,0.7000000000000001,35.979,0.625,89,glass,0.1,6.9322,1,,0.0,6.9322,
11.9,-0.5,0.9,35.984,0.642,112,glass,0.1,6.938,1,,0.0,6.938,
11.9,-0.5,1.1,35.695,0.494,69,glass,0.1,6.6029,1,,0.0,6.6029,
11.9,-0.5,1.3,35.773,0.888,62,paint,0.6,6.6933,1,,0.0,6.6933,
11.9,-0.5,1.5,35.446,0.87,59,paint,0.6,6.3142,1,,0.0,6.3142,
11.9,-0.5,1.7000000000000002,35.495,0.983,20,paint,0.6,6.371,1,,0.0,6.371,
11.9,-0.5,1.9000000000000001,34.412,0.534,24,paint,0.6,5.1154,1,,0.0,5.1154,
11.9,-0.30000000000000004,-0.30000000000000004,35.275,0.664,124,concrete,0.65,6.1159,1,,0.0,6.1159,
11.9,-0.30000000000000004,1.9000000000000001,34.636,0.321,25,paint,0.6,5.3751,1,,0.0,5.3751,
11.9,-0.1,-0.30000000000000004,36.003,0.827,124,concrete,0.65,6.96,1,,0.0,6.96,
11.9,-0.1,1.9000000000000001,34.9,0.193,23,paint,0.6,5.6812,1,,0.0,5.6812,
11.9,0.1,-0.30000000000000004,36.325,0.895,112,concrete,0.65,7.3333,1,,0.0,7.3333,
11.9,0.1,1.9000000000000001,35.117,0.237,27,paint,0.6,5.9328,1,,0.0,5.9328,
11.9,0.30000000000000004,-0.30000000000000004,36.277,1.059,114,concrete,0.65,7.2777,1,,0.0,7.2777,
11.9,0.30000000000000004,1.9000000000000001,35.185,0.192,26,paint,0.6,6.0116,1,,0.0,6.0116,
11.9,0.5,-0.30000000000000004,36.486,0.881,129,concrete,0.65,7.52,1,,0.0,7.52,
11.9,0.5,1.9000000000000001,35.238,0.218,28,paint,0.6,6.073,1,,0.0,6.073,
11.9,0.7000000000000001,-0.30000000000000004,36.407,0.701,130,concrete,0.65,7.4284,1,,0.0,7.4284,
11.9,0.7000000000000001,1.9000000000000001,35.03,0.221,26,paint,0.6,5.8319,1,,0.0,5.8319,
11.9,0.9,-0.30000000000000004,35.672,0.739,129,concrete,0.65,6.5762,1,,0.0,6.5762,
11.9,0.9,1.9000000000000001,34.768,0.257,29,paint,0.6,5.5281,1,,0.0,5.5281,
11.9,1.1,-0.30000000000000004,35.178,0.478,108,concrete,0.65,6.0035,1,,0.0,6.0035,
11.9,1.1,1.9000000000000001,34.469,0.189,31,paint,0.6,5.1814,1,,0.0,5.1814,
11.9,1.3,-0.30000000000000004,35.035,0.438,78,concrete,0.65,5.8377,1,,0.0,5.8377,
11.9,1.3,1.9000000000000001,34.619,0.199,31,paint,0.6,5.3554,1,,0.0,5.3554,
11.9,1.5,-0.30000000000000004,34.754,0.414,68,concrete,0.65,5.5119,1,,110.28,-10.4702,sud_direct_diffuse
11.9,1.5,1.9000000000000001,34.768,0.18,30,paint,0.6,5.5281,1,,101.79,-9.2246,sud_direct_diffuse
11.9,1.7000000000000002,-0.30000000000000004,34.625,0.225,67,concrete,0.65,5.3623,1,,110.28,-10.6198,sud_direct_diffuse
11.9,1.7000000000000002,-0.1,34.548,0.281,222,concrete,0.65,5.273,1,,110.28,-10.7091,sud_direct_diffuse
11.9,1.7000000000000002,0.1,34.329,0.263,96,paint,0.6,5.0191,1,,101.79,-9.7336,sud_direct_diffuse
11.9,1.7000000000000002,0.30000000000000004,34.725,0.312,84,paint,0.6,5.4783,1,,101.79,-9.2744,sud_direct_diffuse
11.9,1.7000000000000002,0.5,35.372,0.465,77,paint,0.6,6.2284,1,,101.79,-8.5243,sud_direct_diffuse
11.9,1.7000000000000002,0.7000000000000001,35.627,0.535,98,paint,0.6,6.5241,1,,101.79,-8.2286,sud_direct_diffuse
11.9,1.7000000000000002,0.9,35.804,0.516,93,paint,0.6,6.7293,1,,101.79,-8.0234,sud_direct_diffuse
11.9,1.7000000000000002,1.1,36.073,0.377,60,paint,0.6,7.0412,1,,101.79,-7.7115,sud_direct_diffuse
11.9,1.7000000000000002,1.3,36.365,0.86,51,paint,0.6,7.3797,1,,101.79,-7.373,sud_direct_diffuse
11.9,1.7000000000000002,1.5,36.381,1.022,51,paint,0.6,7.3983,1,,101.79,-7.3544,sud_direct_diffuse
11.9,1.7000000000000002,1.7000000000000002,36.579,1.086,31,paint,0.6,7.6278,1,,101.79,-7.1249,sud_direct_diffuse
11.9,1.7000000000000002,1.9000000000000001,36.376,1.148,12,paint,0.6,7.3925,1,,101.79,-7.3602,sud_direct_diffuse
12.100000000000001,-0.5,-0.30000000000000004,35.102,0.491,90,concrete,0.65,5.9154,1,,0.0,5.9154,
12.100000000000001,-0.5,-0.1,34.764,0.362,2,concrete,0.65,5.5235,1,,0.0,5.5235,
12.100000000000001,-0.5,0.1,34.86,0.208,3,paint,0.6,5.6348,1,,0.0,5.6348,
12.100000000000001,-0.5,0.5,35.943,0.519,2,paint,0.6,6.8904,1,,0.0,6.8904,
12.100000000000001,-0.5,0.7000000000000001,36.179,0.62,2,paint,0.6,7.1641,1,,0.0,7.1641,
12.100000000000001,-0.5,0.9,35.628,0.0,1,glass,0.1,6.5252,1,,0.0,6.5252,
12.100000000000001,-0.5,1.7000000000000002,34.592,0.0,1,glass,0.1,5.3241,1,,0.0,5.3241,
12.100000000000001,-0.5,1.9000000000000001,34.389,0.391,19,paint,0.6,5.0887,1,,0.0,5.0887,
12.100000000000001,-0.30000000000000004,-0.30000000000000004,35.286,0.643,148,concrete,0.65,6.1287,1,,0.0,6.1287,
12.100000000000001,-0.30000000000000004,1.9000000000000001,34.677,0.39,24,paint,0.6,5.4226,1,,0.0,5.4226,
12.100000000000001,-0.1,-0.30000000000000004,35.837,0.803,152,concrete,0.65,6.7675,1,,0.0,6.7675,
12.100000000000001,-0.1,1.9000000000000001,34.962,0.235,18,paint,0.6,5.753,1,,0.0,5.753,
12.100000000000001,0.1,-0.30000000000000004,36.323,0.949,132,concrete,0.65,7.331,1,,0.0,7.331,
12.100000000000001,0.1,1.9000000000000001,35.085,0.315,22,paint,0.6,5.8957,1,,0.0,5.8957,
12.100000000000001,0.30000000000000004,-0.30000000000000004,36.393,0.979,146,concrete,0.65,7.4122,1,,0.0,7.4122,
12.100000000000001,0.30000000000000004,1.9000000000000001,35.24,0.301,22,paint,0.6,6.0754,1,,0.0,6.0754,
12.100000000000001,0.5,-0.30000000000000004,36.58,0.88,135,concrete,0.65,7.629,1,,0.0,7.629,
12.100000000000001,0.5,1.9000000000000001,35.304,0.182,21,paint,0.6,6.1496,1,,0.0,6.1496,
12.100000000000001,0.7000000000000001,-0.30000000000000004,36.307,0.849,139,concrete,0.65,7.3125,1,,0.0,7.3125,
12.100000000000001,0.7000000000000001,1.9000000000000001,35.051,0.264,27,paint,0.6,5.8562,1,,0.0,5.8562,
12.100000000000001,0.9,-0.30000000000000004,35.56,0.729,148,concrete,0.65,6.4464,1,,0.0,6.4464,
12.100000000000001,0.9,1.9000000000000001,34.919,0.299,28,paint,0.6,5.7032,1,,0.0,5.7032,
12.100000000000001,1.1,-0.30000000000000004,35.009,0.625,122,concrete,0.65,5.8075,1,,0.0,5.8075,
12.100000000000001,1.1,1.9000000000000001,34.656,0.45,39,paint,0.6,5.3983,1,,0.0,5.3983,
12.100000000000001,1.3,-0.30000000000000004,34.929,0.464,106,concrete,0.65,5.7148,1,,0.0,5.7148,
12.100000000000001,1.3,1.9000000000000001,35.125,1.732,53,paint,0.6,5.942,1,,0.0,5.942,
12.100000000000001,1.5,-0.30000000000000004,34.516,0.427,106,concrete,0.65,5.2359,1,,0.0,5.2359,sud_opaque_no_correction
12.100000000000001,1.5,1.9000000000000001,34.74,0.498,57,paint,0.6,5.4957,1,,0.0,5.4957,sud_opaque_no_correction
12.100000000000001,1.7000000000000002,-0.30000000000000004,34.627,0.314,84,concrete,0.65,5.3646,1,,0.0,5.3646,sud_opaque_no_correction
12.100000000000001,1.7000000000000002,-0.1,34.27,0.17,11,concrete,0.65,4.9507,1,,0.0,4.9507,sud_opaque_no_correction
12.100000000000001,1.7000000000000002,0.1,34.308,0.112,3,paint,0.6,4.9948,1,,0.0,4.9948,sud_opaque_no_correction
12.100000000000001,1.7000000000000002,0.30000000000000004,34.645,0.106,2,paint,0.6,5.3855,1,,0.0,5.3855,sud_opaque_no_correction
12.100000000000001,1.7000000000000002,0.7000000000000001,35.861,0.221,4,paint,0.6,6.7954,1,,0.0,6.7954,sud_opaque_no_correction
12.100000000000001,1.7000000000000002,1.9000000000000001,36.238,1.0,30,paint,0.6,7.2325,1,,0.0,7.2325,sud_opaque_no_correction
12.3,-0.7000000000000001,-0.30000000000000004,34.404,0.028,2,concrete,0.65,5.1061,1,,57.4,-3.2126,nord_diffuse_only
12.3,-0.5,-0.30000000000000004,34.853,0.405,127,concrete,0.65,5.6267,1,,0.0,5.6267,
12.3,-0.5,1.9000000000000001,34.385,0.555,47,paint,0.6,5.0841,1,,0.0,5.0841,
12.3,-0.30000000000000004,-0.30000000000000004,35.112,0.498,131,concrete,0.65,5.927,1,,0.0,5.927,
12.3,-0.30000000000000004,1.9000000000000001,34.673,0.492,57,paint,0.6,5.418,1,,0.0,5.418,
12.3,-0.1,-0.30000000000000004,35.613,0.773,117,concrete,0.65,6.5078,1,,0.0,6.5078,
12.3,-0.1,1.9000000000000001,34.839,0.367,57,paint,0.6,5.6104,1,,0.0,5.6104,
12.3,0.1,-0.30000000000000004,36.02,0.96,139,concrete,0.65,6.9797,1,,0.0,6.9797,
12.3,0.1,1.9000000000000001,34.829,0.429,53,paint,0.6,5.5988,1,,0.0,5.5988,
12.3,0.30000000000000004,-0.30000000000000004,35.984,1.056,122,concrete,0.65,6.938,1,,0.0,6.938,
12.3,0.30000000000000004,1.9000000000000001,34.959,0.527,58,paint,0.6,5.7496,1,,0.0,5.7496,
12.3,0.5,-0.30000000000000004,36.416,0.908,112,concrete,0.65,7.4388,1,,0.0,7.4388,
12.3,0.5,1.9000000000000001,35.016,0.512,62,paint,0.6,5.8157,1,,0.0,5.8157,
12.3,0.7000000000000001,-0.30000000000000004,36.183,0.785,107,concrete,0.65,7.1687,1,,0.0,7.1687,
12.3,0.7000000000000001,1.9000000000000001,34.9,0.451,63,paint,0.6,5.6812,1,,0.0,5.6812,
12.3,0.9,-0.30000000000000004,35.946,0.656,107,concrete,0.65,6.8939,1,,0.0,6.8939,
12.3,0.9,1.9000000000000001,34.835,0.489,60,paint,0.6,5.6058,1,,0.0,5.6058,
12.3,1.1,-0.30000000000000004,35.147,0.68,104,concrete,0.65,5.9675,1,,0.0,5.9675,
12.3,1.1,1.9000000000000001,34.818,0.606,48,paint,0.6,5.5861,1,,0.0,5.5861,
12.3,1.3,-0.30000000000000004,34.89,0.459,128,concrete,0.65,5.6696,1,,0.0,5.6696,
12.3,1.3,1.9000000000000001,34.728,0.558,31,paint,0.6,5.4817,1,,0.0,5.4817,
12.3,1.5,-0.30000000000000004,34.648,0.43,166,concrete,0.65,5.389,1,,0.0,5.389,sud_opaque_no_correction
12.3,1.5,1.9000000000000001,34.862,0.587,38,paint,0.6,5.6371,1,,0.0,5.6371,sud_opaque_no_correction
12.3,1.7000000000000002,-0.30000000000000004,34.588,0.347,158,concrete,0.65,5.3194,1,,0.0,5.3194,sud_opaque_no_correction
12.3,1.7000000000000002,1.9000000000000001,36.073,0.976,31,paint,0.6,7.0412,1,,0.0,7.0412,sud_opaque_no_correction
12.5,-0.7000000000000001,-0.30000000000000004,34.712,0.339,4,concrete,0.65,5.4632,1,,57.4,-2.8555,nord_diffuse_only
12.5,-0.7000000000000001,-0.1,34.75,0.0,1,concrete,0.65,5.5072,1,,57.4,-2.8114,nord_diffuse_only
12.5,-0.5,-0.30000000000000004,35.094,0.386,125,concrete,0.65,5.9061,1,,0.0,5.9061,
12.5,-0.5,1.9000000000000001,34.019,0.342,36,paint,0.6,4.6597,1,,0.0,4.6597,
12.5,-0.30000000000000004,-0.30000000000000004,35.278,0.62,129,concrete,0.65,6.1194,1,,0.0,6.1194,
12.5,-0.30000000000000004,1.9000000000000001,34.401,0.317,36,paint,0.6,5.1026,1,,0.0,5.1026,
12.5,-0.1,-0.30000000000000004,35.86,0.744,123,concrete,0.65,6.7942,1,,0.0,6.7942,
12.5,-0.1,1.9000000000000001,34.653,0.37,38,paint,0.6,5.3948,1,,0.0,5.3948,
12.5,0.1,-0.30000000000000004,36.092,0.85,131,concrete,0.65,7.0632,1,,0.0,7.0632,
12.5,0.1,1.9000000000000001,34.69,0.383,40,paint,0.6,5.4377,1,,0.0,5.4377,
12.5,0.30000000000000004,-0.30000000000000004,36.01,1.106,103,concrete,0.65,6.9681,1,,0.0,6.9681,
12.5,0.30000000000000004,1.9000000000000001,34.752,0.367,37,paint,0.6,5.5096,1,,0.0,5.5096,
12.5,0.5,-0.30000000000000004,36.22,0.996,121,concrete,0.65,7.2116,1,,0.0,7.2116,
12.5,0.5,1.9000000000000001,34.849,0.506,33,paint,0.6,5.622,1,,0.0,5.622,
12.5,0.7000000000000001,-0.30000000000000004,36.257,0.747,111,concrete,0.65,7.2545,1,,0.0,7.2545,
12.5,0.7000000000000001,1.9000000000000001,34.934,0.521,36,paint,0.6,5.7206,1,,0.0,5.7206,
12.5,0.9,-0.30000000000000004,35.859,0.666,129,concrete,0.65,6.793,1,,0.0,6.793,
12.5,0.9,1.9000000000000001,34.803,0.522,40,paint,0.6,5.5687,1,,0.0,5.5687,
12.5,1.1,-0.30000000000000004,35.206,0.653,165,concrete,0.65,6.0359,1,,0.0,6.0359,
12.5,1.1,1.9000000000000001,34.858,0.574,34,paint,0.6,5.6325,1,,0.0,5.6325,
12.5,1.3,-0.30000000000000004,34.994,0.491,161,concrete,0.65,5.7901,1,,0.0,5.7901,
12.5,1.3,1.9000000000000001,34.727,0.603,42,paint,0.6,5.4806,1,,0.0,5.4806,
12.5,1.5,-0.30000000000000004,34.78,0.429,139,concrete,0.65,5.542,1,,0.0,5.542,sud_opaque_no_correction
12.5,1.5,1.9000000000000001,34.883,0.765,37,paint,0.6,5.6614,1,,0.0,5.6614,sud_opaque_no_correction
12.5,1.7000000000000002,-0.30000000000000004,34.599,0.341,165,concrete,0.65,5.3322,1,,0.0,5.3322,sud_opaque_no_correction
12.5,1.7000000000000002,1.9000000000000001,35.962,1.197,21,paint,0.6,6.9125,1,,0.0,6.9125,sud_opaque_no_correction
12.700000000000001,-0.7000000000000001,-0.30000000000000004,34.933,0.254,13,concrete,0.65,5.7194,1,,57.4,-2.5992,nord_diffuse_only
12.700000000000001,-0.5,-0.30000000000000004,35.149,0.495,111,concrete,0.65,5.9699,1,,0.0,5.9699,
12.700000000000001,-0.5,1.9000000000000001,34.29,0.438,38,paint,0.6,4.9739,1,,0.0,4.9739,
12.700000000000001,-0.30000000000000004,-0.30000000000000004,35.264,0.543,143,concrete,0.65,6.1032,1,,0.0,6.1032,
12.700000000000001,-0.30000000000000004,1.9000000000000001,34.636,0.449,37,paint,0.6,5.3751,1,,0.0,5.3751,
12.700000000000001,-0.1,-0.30000000000000004,35.676,0.704,139,concrete,0.65,6.5809,1,,0.0,6.5809,
12.700000000000001,-0.1,1.9000000000000001,34.772,0.412,34,paint,0.6,5.5328,1,,0.0,5.5328,
12.700000000000001,0.1,-0.30000000000000004,36.08,1.002,147,concrete,0.65,7.0493,1,,0.0,7.0493,
12.700000000000001,0.1,1.9000000000000001,34.845,0.502,36,paint,0.6,5.6174,1,,0.0,5.6174,
12.700000000000001,0.30000000000000004,-0.30000000000000004,36.182,1.119,151,concrete,0.65,7.1675,1,,0.0,7.1675,
12.700000000000001,0.30000000000000004,1.9000000000000001,34.974,0.463,37,paint,0.6,5.767,1,,0.0,5.767,
12.700000000000001,0.5,-0.30000000000000004,36.513,1.073,124,concrete,0.65,7.5513,1,,0.0,7.5513,
12.700000000000001,0.5,1.9000000000000001,35.045,0.492,37,paint,0.6,5.8493,1,,0.0,5.8493,
12.700000000000001,0.7000000000000001,-0.30000000000000004,36.478,0.739,154,concrete,0.65,7.5107,1,,0.0,7.5107,
12.700000000000001,0.7000000000000001,1.9000000000000001,35.05,0.414,35,paint,0.6,5.8551,1,,0.0,5.8551,
12.700000000000001,0.9,-0.30000000000000004,35.902,0.925,152,concrete,0.65,6.8429,1,,0.0,6.8429,
12.700000000000001,0.9,1.9000000000000001,34.822,0.375,31,paint,0.6,5.5907,1,,0.0,5.5907,
12.700000000000001,1.1,-0.30000000000000004,35.243,0.61,147,concrete,0.65,6.0788,1,,0.0,6.0788,
12.700000000000001,1.1,1.9000000000000001,34.711,0.424,32,paint,0.6,5.462,1,,0.0,5.462,
12.700000000000001,1.3,-0.30000000000000004,35.053,0.508,166,concrete,0.65,5.8586,1,,0.0,5.8586,
12.700000000000001,1.3,1.9000000000000001,34.922,1.031,28,paint,0.6,5.7067,1,,0.0,5.7067,
12.700000000000001,1.5,-0.30000000000000004,34.851,0.443,166,concrete,0.65,5.6243,1,,0.0,5.6243,sud_opaque_no_correction
12.700000000000001,1.5,1.9000000000000001,34.59,0.433,30,paint,0.6,5.3217,1,,0.0,5.3217,sud_opaque_no_correction
12.700000000000001,1.7000000000000002,-0.30000000000000004,34.674,0.369,117,concrete,0.65,5.4191,1,,0.0,5.4191,sud_opaque_no_correction
12.700000000000001,1.7000000000000002,1.9000000000000001,35.609,1.151,30,paint,0.6,6.5032,1,,0.0,6.5032,sud_opaque_no_correction
12.9,-0.7000000000000001,-0.30000000000000004,34.965,0.261,27,concrete,0.65,5.7565,1,,57.4,-2.5621,nord_diffuse_only
12.9,-0.7000000000000001,-0.1,35.758,0.0,1,steel_oxidized,0.8,6.6759,1,,70.64,-3.5624,nord_diffuse_only
12.9,-0.7000000000000001,1.9000000000000001,37.676,0.0,1,paint,0.6,8.8997,0,solar_possible,52.98,1.2209,nord_diffuse_only
12.9,-0.5,-0.30000000000000004,35.121,0.401,146,concrete,0.65,5.9374,1,,0.0,5.9374,
12.9,-0.5,1.9000000000000001,34.717,0.659,32,paint,0.6,5.469,1,,0.0,5.469,
12.9,-0.30000000000000004,-0.30000000000000004,35.212,0.434,187,concrete,0.65,6.0429,1,,0.0,6.0429,
12.9,-0.30000000000000004,1.9000000000000001,34.867,0.495,29,paint,0.6,5.6429,1,,0.0,5.6429,
12.9,-0.1,-0.30000000000000004,35.705,0.865,186,concrete,0.65,6.6145,1,,0.0,6.6145,
12.9,-0.1,1.9000000000000001,34.896,0.391,35,paint,0.6,5.6765,1,,0.0,5.6765,
12.9,0.1,-0.30000000000000004,36.207,1.04,219,concrete,0.65,7.1965,1,,0.0,7.1965,
12.9,0.1,1.9000000000000001,34.902,0.456,29,paint,0.6,5.6835,1,,0.0,5.6835,
12.9,0.30000000000000004,-0.30000000000000004,36.169,1.155,232,concrete,0.65,7.1525,1,,0.0,7.1525,
12.9,0.30000000000000004,1.9000000000000001,35.073,0.565,27,paint,0.6,5.8817,1,,0.0,5.8817,
12.9,0.5,-0.30000000000000004,36.501,1.074,237,concrete,0.65,7.5374,1,,0.0,7.5374,
12.9,0.5,1.9000000000000001,35.173,0.525,28,paint,0.6,5.9977,1,,0.0,5.9977,
12.9,0.7000000000000001,-0.30000000000000004,36.432,0.756,214,concrete,0.65,7.4574,1,,0.0,7.4574,
12.9,0.7000000000000001,1.9000000000000001,34.951,0.453,33,paint,0.6,5.7403,1,,0.0,5.7403,
12.9,0.9,-0.30000000000000004,36.085,0.723,217,concrete,0.65,7.0551,1,,0.0,7.0551,
12.9,0.9,1.9000000000000001,34.838,0.373,26,paint,0.6,5.6093,1,,0.0,5.6093,
12.9,1.1,-0.30000000000000004,35.338,0.645,217,concrete,0.65,6.189,1,,0.0,6.189,
12.9,1.1,1.9000000000000001,34.844,0.468,31,paint,0.6,5.6162,1,,0.0,5.6162,
12.9,1.3,-0.30000000000000004,35.21,0.47,174,concrete,0.65,6.0406,1,,0.0,6.0406,
12.9,1.3,1.9000000000000001,34.736,0.531,34,paint,0.6,5.491,1,,0.0,5.491,
12.9,1.5,-0.30000000000000004,34.766,0.445,145,concrete,0.65,5.5258,1,,0.0,5.5258,sud_opaque_no_correction
12.9,1.5,1.9000000000000001,34.789,0.564,32,paint,0.6,5.5525,1,,0.0,5.5525,sud_opaque_no_correction
12.9,1.7000000000000002,-0.30000000000000004,34.643,0.359,172,concrete,0.65,5.3832,1,,0.0,5.3832,sud_opaque_no_correction
12.9,1.7000000000000002,1.9000000000000001,35.769,1.175,32,paint,0.6,6.6887,1,,0.0,6.6887,sud_opaque_no_correction
13.100000000000001,-0.9,-0.30000000000000004,34.536,0.014,2,concrete,0.65,5.2591,1,,57.4,-3.0595,nord_diffuse_only
13.100000000000001,-0.9,-0.1,35.154,0.492,15,concrete,0.65,5.9757,1,,57.4,-2.343,nord_diffuse_only
13.100000000000001,-0.9,0.1,35.15,0.272,6,paint,0.6,5.971,1,,52.98,-1.7077,nord_diffuse_only
13.100000000000001,-0.9,0.30000000000000004,35.765,0.192,4,paint,0.6,6.6841,1,,52.98,-0.9947,nord_diffuse_only
13.100000000000001,-0.9,0.5,36.141,0.208,4,paint,0.6,7.12,1,,52.98,-0.5588,nord_diffuse_only
13.100000000000001,-0.9,0.7000000000000001,36.655,0.189,11,paint,0.6,7.7159,1,,52.98,0.0372,nord_diffuse_only
13.100000000000001,-0.9,0.9,36.6,0.154,3,paint,0.6,7.6522,1,,52.98,-0.0266,nord_diffuse_only
13.100000000000001,-0.7000000000000001,-0.30000000000000004,34.873,0.347,45,concrete,0.65,5.6499,1,,57.4,-2.6688,nord_diffuse_only
13.100000000000001,-0.7000000000000001,-0.1,34.889,0.091,5,concrete,0.65,5.6684,1,,57.4,-2.6503,nord_diffuse_only
13.100000000000001,-0.7000000000000001,0.1,34.97,0.0,1,paint,0.6,5.7623,1,,52.98,-1.9164,nord_diffuse_only
13.100000000000001,-0.7000000000000001,0.30000000000000004,35.482,0.0,1,paint,0.6,6.3559,1,,52.98,-1.3228,nord_diffuse_only
13.100000000000001,-0.7000000000000001,0.7000000000000001,36.528,0.0,1,paint,0.6,7.5687,1,,52.98,-0.1101,nord_diffuse_only
13.100000000000001,-0.7000000000000001,1.9000000000000001,34.365,0.0,1,paint,0.6,5.0609,1,,52.98,-2.6179,nord_diffuse_only
13.100000000000001,-0.5,-0.30000000000000004,35.218,0.331,104,concrete,0.65,6.0499,1,,0.0,6.0499,
13.100000000000001,-0.5,1.9000000000000001,34.261,0.328,39,paint,0.6,4.9403,1,,0.0,4.9403,
13.100000000000001,-0.30000000000000004,-0.30000000000000004,35.343,0.573,141,concrete,0.65,6.1948,1,,0.0,6.1948,
13.100000000000001,-0.30000000000000004,1.9000000000000001,34.601,0.451,36,paint,0.6,5.3345,1,,0.0,5.3345,
13.100000000000001,-0.1,-0.30000000000000004,35.99,0.935,145,concrete,0.65,6.9449,1,,0.0,6.9449,
13.100000000000001,-0.1,1.9000000000000001,34.805,0.356,39,paint,0.6,5.571,1,,0.0,5.571,
13.100000000000001,0.1,-0.30000000000000004,36.276,1.002,141,concrete,0.65,7.2765,1,,0.0,7.2765,
13.100000000000001,0.1,1.9000000000000001,34.945,0.483,32,paint,0.6,5.7333,1,,0.0,5.7333,
13.100000000000001,0.30000000000000004,-0.30000000000000004,36.241,1.109,167,concrete,0.65,7.2359,1,,0.0,7.2359,
13.100000000000001,0.30000000000000004,1.9000000000000001,35.081,0.455,35,paint,0.6,5.891,1,,0.0,5.891,
13.100000000000001,0.5,-0.30000000000000004,36.594,1.024,164,concrete,0.65,7.6452,1,,0.0,7.6452,
13.100000000000001,0.5,1.9000000000000001,35.149,0.523,35,paint,0.6,5.9699,1,,0.0,5.9699,
13.100000000000001,0.7000000000000001,-0.30000000000000004,36.689,0.749,194,concrete,0.65,7.7554,1,,0.0,7.7554,
13.100000000000001,0.7000000000000001,1.9000000000000001,35.103,0.503,33,paint,0.6,5.9165,1,,0.0,5.9165,
13.100000000000001,0.9,-0.30000000000000004,36.036,0.859,167,concrete,0.65,6.9983,1,,0.0,6.9983,
13.100000000000001,0.9,1.9000000000000001,35.0,0.488,33,paint,0.6,5.7971,1,,0.0,5.7971,
13.100000000000001,1.1,-0.30000000000000004,35.296,0.648,142,concrete,0.65,6.1403,1,,0.0,6.1403,
13.100000000000001,1.1,1.9000000000000001,34.758,0.523,30,paint,0.6,5.5165,1,,0.0,5.5165,
13.100000000000001,1.3,-0.30000000000000004,35.021,0.602,144,concrete,0.65,5.8214,1,,0.0,5.8214,
13.100000000000001,1.3,1.9000000000000001,34.686,0.479,30,paint,0.6,5.433,1,,0.0,5.433,
13.100000000000001,1.5,-0.30000000000000004,34.948,0.402,191,concrete,0.65,5.7368,1,,0.0,5.7368,sud_opaque_no_correction
13.100000000000001,1.5,1.9000000000000001,34.679,0.484,31,paint,0.6,5.4249,1,,0.0,5.4249,sud_opaque_no_correction
13.100000000000001,1.7000000000000002,-0.30000000000000004,34.697,0.379,190,concrete,0.65,5.4458,1,,0.0,5.4458,sud_opaque_no_correction
13.100000000000001,1.7000000000000002,1.9000000000000001,34.992,0.586,41,paint,0.6,5.7878,1,,0.0,5.7878,sud_opaque_no_correction
13.3,-0.9,-0.30000000000000004,34.412,0.194,2,concrete,0.65,5.1154,1,,57.4,-3.2033,nord_diffuse_only
13.3,-0.9,-0.1,34.951,0.393,11,concrete,0.65,5.7403,1,,57.4,-2.5784,nord_diffuse_only
13.3,-0.9,0.1,34.969,0.193,11,paint,0.6,5.7612,1,,52.98,-1.9176,nord_diffuse_only
13.3,-0.9,0.30000000000000004,35.409,0.267,12,paint,0.6,6.2713,1,,52.98,-1.4075,nord_diffuse_only
13.3,-0.9,0.5,36.053,0.262,12,paint,0.6,7.018,1,,52.98,-0.6608,nord_diffuse_only
13.3,-0.9,0.7000000000000001,36.389,0.232,23,paint,0.6,7.4075,1,,52.98,-0.2712,nord_diffuse_only
13.3,-0.9,0.9,36.356,0.168,10,paint,0.6,7.3693,1,,52.98,-0.3095,nord_diffuse_only
13.3,-0.7000000000000001,-0.30000000000000004,34.928,0.34,89,concrete,0.65,5.7136,1,,57.4,-2.605,nord_diffuse_only
13.3,-0.7000000000000001,-0.1,34.893,0.388,52,concrete,0.65,5.673,1,,57.4,-2.6456,nord_diffuse_only
13.3,-0.7000000000000001,0.1,34.89,0.209,19,paint,0.6,5.6696,1,,52.98,-2.0092,nord_diffuse_only
13.3,-0.7000000000000001,0.30000000000000004,35.39,0.245,9,paint,0.6,6.2493,1,,52.98,-1.4295,nord_diffuse_only
13.3,-0.7000000000000001,0.5,36.028,0.141,8,paint,0.6,6.989,1,,52.98,-0.6898,nord_diffuse_only
13.3,-0.7000000000000001,0.7000000000000001,36.204,0.155,17,paint,0.6,7.193,1,,52.98,-0.4857,nord_diffuse_only
13.3,-0.7000000000000001,0.9,36.187,0.051,2,paint,0.6,7.1733,1,,52.98,-0.5054,nord_diffuse_only
13.3,-0.7000000000000001,1.9000000000000001,34.684,0.203,3,paint,0.6,5.4307,1,,52.98,-2.248,nord_diffuse_only
13.3,-0.5,-0.30000000000000004,35.185,0.343,155,concrete,0.65,6.0116,1,,0.0,6.0116,
13.3,-0.5,1.9000000000000001,34.449,0.473,40,paint,0.6,5.1583,1,,0.0,5.1583,
13.3,-0.30000000000000004,-0.30000000000000004,35.278,0.48,139,concrete,0.65,6.1194,1,,0.0,6.1194,
13.3,-0.30000000000000004,1.9000000000000001,34.721,0.488,37,paint,0.6,5.4736,1,,0.0,5.4736,
13.3,-0.1,-0.30000000000000004,35.779,0.867,131,concrete,0.65,6.7003,1,,0.0,6.7003,
13.3,-0.1,1.9000000000000001,34.871,0.448,36,paint,0.6,5.6475,1,,0.0,5.6475,
13.3,0.1,-0.30000000000000004,36.034,1.09,113,concrete,0.65,6.9959,1,,0.0,6.9959,
13.3,0.1,1.9000000000000001,35.044,0.515,39,paint,0.6,5.8481,1,,0.0,5.8481,
13.3,0.30000000000000004,-0.30000000000000004,36.332,1.056,111,concrete,0.65,7.3414,1,,0.0,7.3414,
13.3,0.30000000000000004,1.9000000000000001,35.009,0.524,42,paint,0.6,5.8075,1,,0.0,5.8075,
13.3,0.5,-0.30000000000000004,36.664,0.948,105,concrete,0.65,7.7264,1,,0.0,7.7264,
13.3,0.5,1.9000000000000001,35.143,0.599,43,paint,0.6,5.9629,1,,0.0,5.9629,
13.3,0.7000000000000001,-0.30000000000000004,36.493,0.682,83,concrete,0.65,7.5281,1,,0.0,7.5281,
13.3,0.7000000000000001,1.9000000000000001,34.976,0.515,39,paint,0.6,5.7693,1,,0.0,5.7693,
13.3,0.9,-0.30000000000000004,36.286,1.132,99,concrete,0.65,7.2881,1,,0.0,7.2881,
13.3,0.9,1.9000000000000001,34.895,0.399,41,paint,0.6,5.6754,1,,0.0,5.6754,
13.3,1.1,-0.30000000000000004,35.481,0.739,149,concrete,0.65,6.3548,1,,0.0,6.3548,
13.3,1.1,1.9000000000000001,34.835,0.462,44,paint,0.6,5.6058,1,,0.0,5.6058,
13.3,1.3,-0.30000000000000004,35.161,0.612,169,concrete,0.65,5.9838,1,,0.0,5.9838,
13.3,1.3,1.9000000000000001,34.529,0.39,35,paint,0.6,5.251,1,,0.0,5.251,
13.3,1.5,-0.30000000000000004,34.754,0.543,185,concrete,0.65,5.5119,1,,0.0,5.5119,sud_opaque_no_correction
13.3,1.5,1.9000000000000001,34.552,0.562,41,paint,0.6,5.2777,1,,0.0,5.2777,sud_opaque_no_correction
13.3,1.7000000000000002,-0.30000000000000004,34.607,0.494,206,concrete,0.65,5.3414,1,,0.0,5.3414,sud_opaque_no_correction
13.3,1.7000000000000002,1.9000000000000001,35.334,1.108,26,paint,0.6,6.1843,1,,0.0,6.1843,sud_opaque_no_correction
13.5,-0.9,-0.1,34.743,0.045,2,paint,0.6,5.4991,1,,52.98,-2.1796,nord_diffuse_only
13.5,-0.9,0.1,34.896,0.111,4,paint,0.6,5.6765,1,,52.98,-2.0022,nord_diffuse_only
13.5,-0.9,0.30000000000000004,35.442,0.088,6,paint,0.6,6.3096,1,,52.98,-1.3692,nord_diffuse_only
13.5,-0.9,0.5,35.833,0.024,2,paint,0.6,6.7629,1,,52.98,-0.9159,nord_diffuse_only
13.5,-0.9,0.7000000000000001,36.219,0.103,8,paint,0.6,7.2104,1,,52.98,-0.4683,nord_diffuse_only
13.5,-0.9,0.9,36.233,0.21,3,paint,0.6,7.2267,1,,52.98,-0.4521,nord_diffuse_only
13.5,-0.7000000000000001,-0.30000000000000004,34.939,0.378,106,concrete,0.65,5.7264,1,,57.4,-2.5923,nord_diffuse_only
13.5,-0.7000000000000001,-0.1,34.864,0.275,95,concrete,0.65,5.6394,1,,57.4,-2.6792,nord_diffuse_only
13.5,-0.7000000000000001,0.1,34.982,0.176,46,paint,0.6,5.7762,1,,52.98,-1.9025,nord_diffuse_only
13.5,-0.7000000000000001,0.30000000000000004,35.449,0.212,28,paint,0.6,6.3177,1,,52.98,-1.3611,nord_diffuse_only
13.5,-0.7000000000000001,0.5,35.93,0.241,32,paint,0.6,6.8754,1,,52.98,-0.8034,nord_diffuse_only
13.5,-0.7000000000000001,0.7000000000000001,36.134,0.215,41,paint,0.6,7.1119,1,,52.98,-0.5669,nord_diffuse_only
13.5,-0.7000000000000001,0.9,36.145,0.255,27,paint,0.6,7.1246,1,,52.98,-0.5541,nord_diffuse_only
13.5,-0.7000000000000001,1.1,36.075,0.013,2,paint,0.6,7.0435,1,,52.98,-0.6353,nord_diffuse_only
13.5,-0.7000000000000001,1.9000000000000001,35.374,1.117,6,paint,0.6,6.2307,1,,52.98,-1.448,nord_diffuse_only
13.5,-0.5,-0.30000000000000004,35.168,0.352,119,concrete,0.65,5.9919,1,,0.0,5.9919,
13.5,-0.5,1.9000000000000001,34.364,0.363,30,paint,0.6,5.0597,1,,0.0,5.0597,
13.5,-0.30000000000000004,-0.30000000000000004,35.35,0.514,117,concrete,0.65,6.2029,1,,0.0,6.2029,
13.5,-0.30000000000000004,1.9000000000000001,34.601,0.473,31,paint,0.6,5.3345,1,,0.0,5.3345,
13.5,-0.1,-0.30000000000000004,36.021,0.755,86,concrete,0.65,6.9809,1,,0.0,6.9809,
13.5,-0.1,1.9000000000000001,34.951,0.341,30,paint,0.6,5.7403,1,,0.0,5.7403,
13.5,0.1,-0.30000000000000004,36.035,0.942,116,concrete,0.65,6.9971,1,,0.0,6.9971,
13.5,0.1,1.9000000000000001,35.131,0.375,29,paint,0.6,5.949,1,,0.0,5.949,
13.5,0.30000000000000004,-0.30000000000000004,35.742,1.087,134,concrete,0.65,6.6574,1,,0.0,6.6574,
13.5,0.30000000000000004,1.9000000000000001,35.204,0.38,30,paint,0.6,6.0336,1,,0.0,6.0336,
13.5,0.5,-0.30000000000000004,36.006,1.056,177,concrete,0.65,6.9635,1,,0.0,6.9635,
13.5,0.5,1.9000000000000001,35.256,0.383,32,paint,0.6,6.0939,1,,0.0,6.0939,
13.5,0.7000000000000001,-0.30000000000000004,36.393,0.655,205,concrete,0.65,7.4122,1,,0.0,7.4122,
13.5,0.7000000000000001,1.9000000000000001,35.26,0.416,29,paint,0.6,6.0986,1,,0.0,6.0986,
13.5,0.9,-0.30000000000000004,36.123,0.686,191,concrete,0.65,7.0991,1,,0.0,7.0991,
13.5,0.9,1.9000000000000001,35.0,0.435,35,paint,0.6,5.7971,1,,0.0,5.7971,
13.5,1.1,-0.30000000000000004,35.351,0.611,162,concrete,0.65,6.2041,1,,0.0,6.2041,
13.5,1.1,1.9000000000000001,34.951,0.48,30,paint,0.6,5.7403,1,,0.0,5.7403,
13.5,1.3,-0.30000000000000004,35.287,0.592,119,concrete,0.65,6.1299,1,,0.0,6.1299,
13.5,1.3,1.9000000000000001,34.673,0.451,36,paint,0.6,5.418,1,,0.0,5.418,
13.5,1.5,-0.30000000000000004,34.918,0.529,125,concrete,0.65,5.702,1,,0.0,5.702,sud_opaque_no_correction
13.5,1.5,1.9000000000000001,34.665,0.58,57,paint,0.6,5.4087,1,,0.0,5.4087,sud_opaque_no_correction
13.5,1.7000000000000002,-0.30000000000000004,34.504,0.45,137,concrete,0.65,5.222,1,,0.0,5.222,sud_opaque_no_correction
13.5,1.7000000000000002,1.9000000000000001,35.064,0.849,61,paint,0.6,5.8713,1,,0.0,5.8713,sud_opaque_no_correction
13.700000000000001,-0.7000000000000001,-0.30000000000000004,34.974,0.293,121,concrete,0.65,5.767,1,,57.4,-2.5517,nord_diffuse_only
13.700000000000001,-0.7000000000000001,-0.1,34.979,0.229,188,concrete,0.65,5.7728,1,,57.4,-2.5459,nord_diffuse_only
13.700000000000001,-0.7000000000000001,0.1,35.081,0.218,85,paint,0.6,5.891,1,,52.98,-1.7877,nord_diffuse_only
13.700000000000001,-0.7000000000000001,0.30000000000000004,35.454,0.359,68,paint,0.6,6.3235,1,,52.98,-1.3553,nord_diffuse_only
13.700000000000001,-0.7000000000000001,0.5,35.894,0.435,68,paint,0.6,6.8336,1,,52.98,-0.8451,nord_diffuse_only
13.700000000000001,-0.7000000000000001,0.7000000000000001,36.096,0.413,90,paint,0.6,7.0678,1,,52.98,-0.6109,nord_diffuse_only
13.700000000000001,-0.7000000000000001,0.9,36.221,0.423,74,paint,0.6,7.2128,1,,52.98,-0.466,nord_diffuse_only
13.700000000000001,-0.7000000000000001,1.1,36.113,0.374,12,paint,0.6,7.0875,1,,52.98,-0.5912,nord_diffuse_only
13.700000000000001,-0.7000000000000001,1.9000000000000001,34.817,1.109,9,paint,0.6,5.5849,1,,52.98,-2.0938,nord_diffuse_only
13.700000000000001,-0.5,-0.30000000000000004,35.156,0.379,106,concrete,0.65,5.978,1,,0.0,5.978,
13.700000000000001,-0.5,1.9000000000000001,34.592,0.764,51,paint,0.6,5.3241,1,,0.0,5.3241,
13.700000000000001,-0.30000000000000004,-0.30000000000000004,35.203,0.5,131,concrete,0.65,6.0325,1,,0.0,6.0325,
13.700000000000001,-0.30000000000000004,1.9000000000000001,34.736,0.567,50,paint,0.6,5.491,1,,0.0,5.491,
13.700000000000001,-0.1,-0.30000000000000004,35.781,0.784,162,concrete,0.65,6.7026,1,,0.0,6.7026,
13.700000000000001,-0.1,1.9000000000000001,34.872,0.513,59,paint,0.6,5.6487,1,,0.0,5.6487,
13.700000000000001,0.1,-0.30000000000000004,36.262,0.972,170,concrete,0.65,7.2603,1,,0.0,7.2603,
13.700000000000001,0.1,1.9000000000000001,35.078,0.571,62,paint,0.6,5.8875,1,,0.0,5.8875,
13.700000000000001,0.30000000000000004,-0.30000000000000004,36.497,1.005,129,concrete,0.65,7.5328,1,,0.0,7.5328,
13.700000000000001,0.30000000000000004,1.9000000000000001,35.142,0.588,63,paint,0.6,5.9617,1,,0.0,5.9617,
13.700000000000001,0.5,-0.30000000000000004,36.857,1.008,109,concrete,0.65,7.9501,1,,0.0,7.9501,
13.700000000000001,0.5,1.9000000000000001,35.081,0.584,68,paint,0.6,5.891,1,,0.0,5.891,
13.700000000000001,0.7000000000000001,-0.30000000000000004,36.774,0.79,89,concrete,0.65,7.8539,1,,0.0,7.8539,
13.700000000000001,0.7000000000000001,1.9000000000000001,35.087,0.584,73,paint,0.6,5.898,1,,0.0,5.898,
13.700000000000001,0.9,-0.30000000000000004,36.27,0.793,82,concrete,0.65,7.2696,1,,0.0,7.2696,
13.700000000000001,0.9,1.9000000000000001,34.926,0.565,72,paint,0.6,5.7113,1,,0.0,5.7113,
13.700000000000001,1.1,-0.30000000000000004,35.567,0.723,90,concrete,0.65,6.4545,1,,0.0,6.4545,
13.700000000000001,1.1,1.9000000000000001,34.929,0.574,72,paint,0.6,5.7148,1,,0.0,5.7148,
13.700000000000001,1.3,-0.30000000000000004,35.189,0.646,92,concrete,0.65,6.0162,1,,0.0,6.0162,
13.700000000000001,1.3,1.9000000000000001,34.8,0.585,77,paint,0.6,5.5652,1,,0.0,5.5652,
13.700000000000001,1.5,-0.30000000000000004,34.675,0.647,118,concrete,0.65,5.4203,1,,0.0,5.4203,sud_opaque_no_correction
13.700000000000001,1.5,1.9000000000000001,34.847,0.865,60,paint,0.6,5.6197,1,,0.0,5.6197,sud_opaque_no_correction
13.700000000000001,1.7000000000000002,-0.30000000000000004,34.614,0.526,99,concrete,0.65,5.3496,1,,0.0,5.3496,sud_opaque_no_correction
13.700000000000001,1.7000000000000002,1.9000000000000001,35.018,0.832,65,paint,0.6,5.818,1,,0.0,5.818,sud_opaque_no_correction
13.9,-0.7000000000000001,-0.30000000000000004,35.025,0.211,116,concrete,0.65,5.8261,1,,57.4,-2.4926,nord_diffuse_only
13.9,-0.7000000000000001,-0.1,35.085,0.236,166,concrete,0.65,5.8957,1,,57.4,-2.423,nord_diffuse_only
13.9,-0.7000000000000001,0.1,35.204,0.286,85,paint,0.6,6.0336,1,,52.98,-1.6451,nord_diffuse_only
13.9,-0.7000000000000001,0.30000000000000004,35.644,0.401,62,paint,0.6,6.5438,1,,52.98,-1.135,nord_diffuse_only
13.9,-0.7000000000000001,0.5,36.024,0.536,60,paint,0.6,6.9843,1,,52.98,-0.6944,nord_diffuse_only
13.9,-0.7000000000000001,0.7000000000000001,36.444,0.455,78,paint,0.6,7.4713,1,,52.98,-0.2075,nord_diffuse_only
13.9,-0.7000000000000001,0.9,36.362,0.581,62,paint,0.6,7.3762,1,,52.98,-0.3025,nord_diffuse_only
13.9,-0.7000000000000001,1.1,36.522,0.499,20,glass,0.1,7.5617,1,,8.83,6.2819,nord_diffuse_only
13.9,-0.7000000000000001,1.3,36.631,0.289,2,paint,0.6,7.6881,1,,52.98,0.0094,nord_diffuse_only
13.9,-0.7000000000000001,1.9000000000000001,35.234,0.789,19,paint,0.6,6.0684,1,,52.98,-1.6104,nord_diffuse_only
13.9,-0.5,-0.30000000000000004,35.127,0.345,135,concrete,0.65,5.9443,1,,0.0,5.9443,
13.9,-0.5,1.9000000000000001,34.685,0.634,67,paint,0.6,5.4319,1,,0.0,5.4319,
13.9,-0.30000000000000004,-0.30000000000000004,35.183,0.464,170,concrete,0.65,6.0093,1,,0.0,6.0093,
13.9,-0.30000000000000004,1.9000000000000001,34.749,0.545,62,paint,0.6,5.5061,1,,0.0,5.5061,
13.9,-0.1,-0.30000000000000004,35.678,0.746,159,concrete,0.65,6.5832,1,,0.0,6.5832,
13.9,-0.1,1.9000000000000001,34.894,0.468,62,paint,0.6,5.6742,1,,0.0,5.6742,
13.9,0.1,-0.30000000000000004,36.027,1.16,121,concrete,0.65,6.9878,1,,0.0,6.9878,
13.9,0.1,1.9000000000000001,34.94,0.552,60,paint,0.6,5.7275,1,,0.0,5.7275,
13.9,0.30000000000000004,-0.30000000000000004,36.073,1.191,128,concrete,0.65,7.0412,1,,0.0,7.0412,
13.9,0.30000000000000004,1.9000000000000001,35.19,0.649,58,paint,0.6,6.0174,1,,0.0,6.0174,
13.9,0.5,-0.30000000000000004,36.407,1.02,140,concrete,0.65,7.4284,1,,0.0,7.4284,
13.9,0.5,1.9000000000000001,35.156,0.602,56,paint,0.6,5.978,1,,0.0,5.978,
13.9,0.7000000000000001,-0.30000000000000004,36.585,0.776,152,concrete,0.65,7.6348,1,,0.0,7.6348,
13.9,0.7000000000000001,1.9000000000000001,35.183,0.585,55,paint,0.6,6.0093,1,,0.0,6.0093,
13.9,0.9,-0.30000000000000004,36.292,0.647,152,concrete,0.65,7.2951,1,,0.0,7.2951,
13.9,0.9,1.9000000000000001,34.989,0.485,59,paint,0.6,5.7843,1,,0.0,5.7843,
13.9,1.1,-0.30000000000000004,35.528,0.723,148,concrete,0.65,6.4093,1,,0.0,6.4093,
13.9,1.1,1.9000000000000001,34.947,0.553,62,paint,0.6,5.7357,1,,0.0,5.7357,
13.9,1.3,-0.30000000000000004,34.939,0.578,165,concrete,0.65,5.7264,1,,0.0,5.7264,
13.9,1.3,1.9000000000000001,34.818,0.576,57,paint,0.6,5.5861,1,,0.0,5.5861,
13.9,1.5,-0.30000000000000004,34.64,0.672,149,concrete,0.65,5.3797,1,,0.0,5.3797,sud_opaque_no_correction
13.9,1.5,1.9000000000000001,34.628,0.555,55,paint,0.6,5.3658,1,,0.0,5.3658,sud_opaque_no_correction
13.9,1.7000000000000002,-0.30000000000000004,34.659,0.599,171,concrete,0.65,5.4017,1,,0.0,5.4017,sud_opaque_no_correction
13.9,1.7000000000000002,1.9000000000000001,35.101,0.688,43,paint,0.6,5.9142,1,,0.0,5.9142,sud_opaque_no_correction
14.100000000000001,-0.7000000000000001,-0.30000000000000004,35.064,0.236,144,concrete,0.65,5.8713,1,,57.4,-2.4474,nord_diffuse_only
14.100000000000001,-0.7000000000000001,-0.1,35.099,0.247,165,concrete,0.65,5.9119,1,,57.4,-2.4068,nord_diffuse_only
14.100000000000001,-0.7000000000000001,0.1,35.201,0.325,87,paint,0.6,6.0301,1,,52.98,-1.6486,nord_diffuse_only
14.100000000000001,-0.7000000000000001,0.30000000000000004,35.625,0.461,72,paint,0.6,6.5217,1,,52.98,-1.157,nord_diffuse_only
14.100000000000001,-0.7000000000000001,0.5,36.206,0.485,51,paint,0.6,7.1954,1,,52.98,-0.4834,nord_diffuse_only
14.100000000000001,-0.7000000000000001,0.7000000000000001,36.395,0.606,70,paint,0.6,7.4145,1,,52.98,-0.2643,nord_diffuse_only
14.100000000000001,-0.7000000000000001,0.9,36.434,0.607,71,paint,0.6,7.4597,1,,52.98,-0.2191,nord_diffuse_only
14.100000000000001,-0.7000000000000001,1.1,36.517,0.617,27,glass,0.1,7.5559,1,,8.83,6.2761,nord_diffuse_only
14.100000000000001,-0.7000000000000001,1.3,36.344,0.376,5,paint,0.6,7.3554,1,,52.98,-0.3234,nord_diffuse_only
14.100000000000001,-0.7000000000000001,1.9000000000000001,35.633,1.087,23,paint,0.6,6.531,1,,52.98,-1.1477,nord_diffuse_only
14.100000000000001,-0.5,-0.30000000000000004,35.154,0.341,84,concrete,0.65,5.9757,1,,0.0,5.9757,
14.100000000000001,-0.5,1.9000000000000001,34.517,0.777,69,paint,0.6,5.2371,1,,0.0,5.2371,
14.100000000000001,-0.30000000000000004,-0.30000000000000004,35.307,0.443,91,concrete,0.65,6.153,1,,0.0,6.153,
14.100000000000001,-0.30000000000000004,1.9000000000000001,34.79,0.637,60,paint,0.6,5.5536,1,,0.0,5.5536,
14.100000000000001,-0.1,-0.30000000000000004,35.746,0.876,114,concrete,0.65,6.662,1,,0.0,6.662,
14.100000000000001,-0.1,1.9000000000000001,34.94,0.577,53,paint,0.6,5.7275,1,,0.0,5.7275,
14.100000000000001,0.1,-0.30000000000000004,35.859,1.054,147,concrete,0.65,6.793,1,,0.0,6.793,
14.100000000000001,0.1,1.9000000000000001,35.104,0.626,57,paint,0.6,5.9177,1,,0.0,5.9177,
14.100000000000001,0.30000000000000004,-0.30000000000000004,36.09,1.195,165,concrete,0.65,7.0609,1,,0.0,7.0609,
14.100000000000001,0.30000000000000004,1.9000000000000001,35.134,0.617,62,paint,0.6,5.9525,1,,0.0,5.9525,
14.100000000000001,0.5,-0.30000000000000004,36.396,1.078,152,concrete,0.65,7.4157,1,,0.0,7.4157,
14.100000000000001,0.5,1.9000000000000001,35.105,0.653,60,paint,0.6,5.9188,1,,0.0,5.9188,
14.100000000000001,0.7000000000000001,-0.30000000000000004,36.515,0.732,154,concrete,0.65,7.5536,1,,0.0,7.5536,
14.100000000000001,0.7000000000000001,1.9000000000000001,35.173,0.649,52,paint,0.6,5.9977,1,,0.0,5.9977,
14.100000000000001,0.9,-0.30000000000000004,36.126,0.651,177,concrete,0.65,7.1026,1,,0.0,7.1026,
14.100000000000001,0.9,1.9000000000000001,35.154,0.601,52,paint,0.6,5.9757,1,,0.0,5.9757,
14.100000000000001,1.1,-0.30000000000000004,35.359,0.868,155,concrete,0.65,6.2133,1,,0.0,6.2133,
14.100000000000001,1.1,1.9000000000000001,35.009,0.605,42,paint,0.6,5.8075,1,,0.0,5.8075,
14.100000000000001,1.3,-0.30000000000000004,35.115,0.634,169,concrete,0.65,5.9304,1,,0.0,5.9304,
14.100000000000001,1.3,1.9000000000000001,34.807,0.577,45,paint,0.6,5.5733,1,,0.0,5.5733,
14.100000000000001,1.5,-0.30000000000000004,35.088,0.569,175,concrete,0.65,5.8991,1,,0.0,5.8991,sud_opaque_no_correction
14.100000000000001,1.5,1.9000000000000001,34.631,0.577,49,paint,0.6,5.3693,1,,0.0,5.3693,sud_opaque_no_correction
14.100000000000001,1.7000000000000002,-0.30000000000000004,34.773,0.59,162,concrete,0.65,5.5339,1,,0.0,5.5339,sud_opaque_no_correction
14.100000000000001,1.7000000000000002,1.9000000000000001,34.88,0.528,50,paint,0.6,5.658,1,,0.0,5.658,sud_opaque_no_correction
14.3,-0.7000000000000001,-0.30000000000000004,35.074,0.23,116,concrete,0.65,5.8829,1,,57.4,-2.4358,nord_diffuse_only
14.3,-0.7000000000000001,-0.1,35.099,0.252,166,concrete,0.65,5.9119,1,,57.4,-2.4068,nord_diffuse_only
14.3,-0.7000000000000001,0.1,35.216,0.308,84,paint,0.6,6.0475,1,,52.98,-1.6312,nord_diffuse_only
14.3,-0.7000000000000001,0.30000000000000004,35.644,0.437,63,paint,0.6,6.5438,1,,52.98,-1.135,nord_diffuse_only
14.3,-0.7000000000000001,0.5,36.105,0.58,75,paint,0.6,7.0783,1,,52.98,-0.6005,nord_diffuse_only
14.3,-0.7000000000000001,0.7000000000000001,36.404,0.635,96,paint,0.6,7.4249,1,,52.98,-0.2538,nord_diffuse_only
14.3,-0.7000000000000001,0.9,36.45,0.649,86,paint,0.6,7.4783,1,,52.98,-0.2005,nord_diffuse_only
14.3,-0.7000000000000001,1.1,36.289,0.675,43,glass,0.1,7.2916,1,,8.83,6.0118,nord_diffuse_only
14.3,-0.7000000000000001,1.3,36.361,0.428,11,paint,0.6,7.3751,1,,52.98,-0.3037,nord_diffuse_only
14.3,-0.7000000000000001,1.5,36.072,0.091,3,paint,0.6,7.04,1,,52.98,-0.6388,nord_diffuse_only
14.3,-0.7000000000000001,1.9000000000000001,35.039,0.424,14,paint,0.6,5.8423,1,,52.98,-1.8364,nord_diffuse_only
14.3,-0.5,-0.30000000000000004,35.096,0.384,80,concrete,0.65,5.9084,1,,0.0,5.9084,
14.3,-0.5,1.9000000000000001,34.463,0.467,46,paint,0.6,5.1745,1,,0.0,5.1745,
14.3,-0.30000000000000004,-0.30000000000000004,35.265,0.614,108,concrete,0.65,6.1043,1,,0.0,6.1043,
14.3,-0.30000000000000004,1.9000000000000001,34.886,0.587,46,paint,0.6,5.6649,1,,0.0,5.6649,
14.3,-0.1,-0.30000000000000004,35.551,0.88,128,concrete,0.65,6.4359,1,,0.0,6.4359,
14.3,-0.1,1.9000000000000001,35.09,0.514,52,paint,0.6,5.9014,1,,0.0,5.9014,
14.3,0.1,-0.30000000000000004,35.76,1.162,122,concrete,0.65,6.6783,1,,0.0,6.6783,
14.3,0.1,1.9000000000000001,35.171,0.607,50,paint,0.6,5.9954,1,,0.0,5.9954,
14.3,0.30000000000000004,-0.30000000000000004,36.054,1.136,100,concrete,0.65,7.0191,1,,0.0,7.0191,
14.3,0.30000000000000004,1.9000000000000001,35.277,0.62,49,paint,0.6,6.1183,1,,0.0,6.1183,
14.3,0.5,-0.30000000000000004,36.528,0.875,111,concrete,0.65,7.5687,1,,0.0,7.5687,
14.3,0.5,1.9000000000000001,35.296,0.616,49,paint,0.6,6.1403,1,,0.0,6.1403,
14.3,0.7000000000000001,-0.30000000000000004,36.704,0.992,94,concrete,0.65,7.7728,1,,0.0,7.7728,
14.3,0.7000000000000001,1.9000000000000001,35.264,0.631,54,paint,0.6,6.1032,1,,0.0,6.1032,
14.3,0.9,-0.30000000000000004,36.54,0.813,111,concrete,0.65,7.5826,1,,0.0,7.5826,
14.3,0.9,1.9000000000000001,35.2,0.599,54,paint,0.6,6.029,1,,0.0,6.029,
14.3,1.1,-0.30000000000000004,35.914,0.808,109,concrete,0.65,6.8568,1,,0.0,6.8568,
14.3,1.1,1.9000000000000001,35.175,0.578,57,paint,0.6,6.0,1,,0.0,6.0,
14.3,1.3,-0.30000000000000004,35.075,0.657,125,concrete,0.65,5.8841,1,,0.0,5.8841,
14.3,1.3,1.9000000000000001,34.998,0.601,50,paint,0.6,5.7948,1,,0.0,5.7948,
14.3,1.5,-0.30000000000000004,35.042,0.543,139,concrete,0.65,5.8458,1,,0.0,5.8458,sud_opaque_no_correction
14.3,1.5,1.9000000000000001,34.783,0.69,51,paint,0.6,5.5455,1,,0.0,5.5455,sud_opaque_no_correction
14.3,1.7000000000000002,-0.30000000000000004,34.642,0.659,82,concrete,0.65,5.382,1,,0.0,5.382,sud_opaque_no_correction
14.3,1.7000000000000002,1.9000000000000001,34.874,0.666,53,paint,0.6,5.651,1,,0.0,5.651,sud_opaque_no_correction
14.5,-0.7000000000000001,-0.30000000000000004,35.114,0.216,149,concrete,0.65,5.9293,1,,57.4,-2.3894,nord_diffuse_only
14.5,-0.7000000000000001,-0.1,35.092,0.302,182,concrete,0.65,5.9038,1,,57.4,-2.4149,nord_diffuse_only
14.5,-0.7000000000000001,0.1,35.232,0.389,110,paint,0.6,6.0661,1,,52.98,-1.6127,nord_diffuse_only
14.5,-0.7000000000000001,0.30000000000000004,35.587,0.529,100,paint,0.6,6.4777,1,,52.98,-1.2011,nord_diffuse_only
14.5,-0.7000000000000001,0.5,36.069,0.634,79,paint,0.6,7.0365,1,,52.98,-0.6422,nord_diffuse_only
14.5,-0.7000000000000001,0.7000000000000001,36.392,0.651,86,paint,0.6,7.411,1,,52.98,-0.2677,nord_diffuse_only
14.5,-0.7000000000000001,0.9,36.345,0.697,94,paint,0.6,7.3565,1,,52.98,-0.3222,nord_diffuse_only
14.5,-0.7000000000000001,1.1,36.364,0.752,42,glass,0.1,7.3786,1,,8.83,6.0988,nord_diffuse_only
14.5,-0.7000000000000001,1.3,36.539,0.36,13,paint,0.6,7.5814,1,,52.98,-0.0973,nord_diffuse_only
14.5,-0.7000000000000001,1.5,36.064,0.0,1,paint,0.6,7.0307,1,,52.98,-0.648,nord_diffuse_only
14.5,-0.7000000000000001,1.9000000000000001,35.929,1.082,19,paint,0.6,6.8742,1,,52.98,-0.8046,nord_diffuse_only
14.5,-0.5,-0.30000000000000004,35.159,0.308,105,concrete,0.65,5.9814,1,,0.0,5.9814,
14.5,-0.5,1.9000000000000001,34.481,0.63,44,paint,0.6,5.1954,1,,0.0,5.1954,
14.5,-0.30000000000000004,-0.30000000000000004,35.204,0.543,136,concrete,0.65,6.0336,1,,0.0,6.0336,
14.5,-0.30000000000000004,1.9000000000000001,34.79,0.584,42,paint,0.6,5.5536,1,,0.0,5.5536,
14.5,-0.1,-0.30000000000000004,35.466,1.076,120,concrete,0.65,6.3374,1,,0.0,6.3374,
14.5,-0.1,1.9000000000000001,34.87,0.514,42,paint,0.6,5.6464,1,,0.0,5.6464,
14.5,0.1,-0.30000000000000004,36.112,1.116,99,concrete,0.65,7.0864,1,,0.0,7.0864,
14.5,0.1,1.9000000000000001,35.175,0.625,41,paint,0.6,6.0,1,,0.0,6.0,
14.5,0.30000000000000004,-0.30000000000000004,36.334,1.074,115,concrete,0.65,7.3438,1,,0.0,7.3438,
14.5,0.30000000000000004,1.9000000000000001,35.174,0.578,42,paint,0.6,5.9988,1,,0.0,5.9988,
14.5,0.5,-0.30000000000000004,36.539,1.054,116,concrete,0.65,7.5814,1,,0.0,7.5814,
14.5,0.5,1.9000000000000001,35.218,0.562,39,paint,0.6,6.0499,1,,0.0,6.0499,
14.5,0.7000000000000001,-0.30000000000000004,36.748,0.903,104,concrete,0.65,7.8238,1,,0.0,7.8238,
14.5,0.7000000000000001,1.9000000000000001,35.265,0.633,37,paint,0.6,6.1043,1,,0.0,6.1043,
14.5,0.9,-0.30000000000000004,36.565,0.698,139,concrete,0.65,7.6116,1,,0.0,7.6116,
14.5,0.9,1.9000000000000001,34.992,0.596,46,paint,0.6,5.7878,1,,0.0,5.7878,
14.5,1.1,-0.30000000000000004,35.922,0.894,144,concrete,0.65,6.8661,1,,0.0,6.8661,
14.5,1.1,1.9000000000000001,35.033,0.585,45,paint,0.6,5.8354,1,,0.0,5.8354,
14.5,1.3,-0.30000000000000004,35.14,0.635,139,concrete,0.65,5.9594,1,,0.0,5.9594,
14.5,1.3,1.9000000000000001,34.836,0.651,53,paint,0.6,5.607,1,,0.0,5.607,
14.5,1.5,-0.30000000000000004,35.067,0.646,139,concrete,0.65,5.8748,1,,0.0,5.8748,sud_opaque_no_correction
14.5,1.5,1.9000000000000001,34.558,0.478,48,paint,0.6,5.2846,1,,0.0,5.2846,sud_opaque_no_correction
14.5,1.7000000000000002,-0.30000000000000004,34.959,0.563,122,concrete,0.65,5.7496,1,,0.0,5.7496,sud_opaque_no_correction
14.5,1.7000000000000002,1.9000000000000001,34.925,0.659,50,paint,0.6,5.7101,1,,0.0,5.7101,sud_opaque_no_correction
14.700000000000001,-0.7000000000000001,-0.30000000000000004,35.128,0.217,116,concrete,0.65,5.9455,1,,57.4,-2.3732,nord_diffuse_only
14.700000000000001,-0.7000000000000001,-0.1,35.166,0.281,173,concrete,0.65,5.9896,1,,57.4,-2.3291,nord_diffuse_only
14.700000000000001,-0.7000000000000001,0.1,35.247,0.39,99,paint,0.6,6.0835,1,,52.98,-1.5953,nord_diffuse_only
14.700000000000001,-0.7000000000000001,0.30000000000000004,35.709,0.486,79,paint,0.6,6.6191,1,,52.98,-1.0596,nord_diffuse_only
14.700000000000001,-0.7000000000000001,0.5,36.125,0.642,74,paint,0.6,7.1014,1,,52.98,-0.5773,nord_diffuse_only
14.700000000000001,-0.7000000000000001,0.7000000000000001,36.524,0.618,70,paint,0.6,7.5641,1,,52.98,-0.1147,nord_diffuse_only
14.700000000000001,-0.7000000000000001,0.9,36.489,0.703,77,paint,0.6,7.5235,1,,52.98,-0.1553,nord_diffuse_only
14.700000000000001,-0.7000000000000001,1.1,36.442,0.725,50,glass,0.1,7.469,1,,8.83,6.1892,nord_diffuse_only
14.700000000000001,-0.7000000000000001,1.3,36.095,0.628,28,paint,0.6,7.0667,1,,52.98,-0.6121,nord_diffuse_only
14.700000000000001,-0.7000000000000001,1.5,36.369,0.225,4,paint,0.6,7.3843,1,,52.98,-0.2944,nord_diffuse_only
14.700000000000001,-0.7000000000000001,1.7000000000000002,36.02,0.0,1,paint,0.6,6.9797,1,,52.98,-0.6991,nord_diffuse_only
14.700000000000001,-0.7000000000000001,1.9000000000000001,35.498,1.105,30,paint,0.6,6.3745,1,,52.98,-1.3043,nord_diffuse_only
14.700000000000001,-0.5,-0.30000000000000004,35.244,0.239,94,concrete,0.65,6.08,1,,0.0,6.08,
14.700000000000001,-0.5,1.9000000000000001,34.681,0.857,69,paint,0.6,5.4272,1,,0.0,5.4272,
14.700000000000001,-0.30000000000000004,-0.30000000000000004,35.38,0.496,124,concrete,0.65,6.2377,1,,0.0,6.2377,
14.700000000000001,-0.30000000000000004,1.9000000000000001,34.801,0.705,66,paint,0.6,5.5664,1,,0.0,5.5664,
14.700000000000001,-0.1,-0.30000000000000004,35.37,1.025,134,concrete,0.65,6.2261,1,,0.0,6.2261,
14.700000000000001,-0.1,1.9000000000000001,34.976,0.624,65,paint,0.6,5.7693,1,,0.0,5.7693,
14.700000000000001,0.1,-0.30000000000000004,35.694,1.221,125,concrete,0.65,6.6017,1,,0.0,6.6017,
14.700000000000001,0.1,1.9000000000000001,35.141,0.641,63,paint,0.6,5.9606,1,,0.0,5.9606,
14.700000000000001,0.30000000000000004,-0.30000000000000004,36.108,1.174,124,concrete,0.65,7.0817,1,,0.0,7.0817,
14.700000000000001,0.30000000000000004,1.9000000000000001,35.269,0.668,66,paint,0.6,6.109,1,,0.0,6.109,
14.700000000000001,0.5,-0.30000000000000004,36.614,0.969,121,concrete,0.65,7.6684,1,,0.0,7.6684,
14.700000000000001,0.5,1.9000000000000001,35.277,0.615,62,paint,0.6,6.1183,1,,0.0,6.1183,
14.700000000000001,0.7000000000000001,-0.30000000000000004,36.771,0.792,139,concrete,0.65,7.8504,1,,0.0,7.8504,
14.700000000000001,0.7000000000000001,1.9000000000000001,35.289,0.702,68,paint,0.6,6.1322,1,,0.0,6.1322,
14.700000000000001,0.9,-0.30000000000000004,36.522,0.697,121,concrete,0.65,7.5617,1,,0.0,7.5617,
14.700000000000001,0.9,1.9000000000000001,35.197,0.671,57,paint,0.6,6.0255,1,,0.0,6.0255,
14.700000000000001,1.1,-0.30000000000000004,35.974,1.068,91,concrete,0.65,6.9264,1,,0.0,6.9264,
14.700000000000001,1.1,1.9000000000000001,35.132,0.599,52,paint,0.6,5.9501,1,,0.0,5.9501,
14.700000000000001,1.3,-0.30000000000000004,35.1,0.729,76,concrete,0.65,5.913,1,,0.0,5.913,
14.700000000000001,1.3,1.9000000000000001,35.005,0.66,47,paint,0.6,5.8029,1,,0.0,5.8029,
14.700000000000001,1.5,-0.30000000000000004,35.103,0.6,92,concrete,0.65,5.9165,1,,0.0,5.9165,sud_opaque_no_correction
14.700000000000001,1.5,1.9000000000000001,34.678,0.584,52,paint,0.6,5.4238,1,,0.0,5.4238,sud_opaque_no_correction
14.700000000000001,1.7000000000000002,-0.30000000000000004,34.68,0.768,131,concrete,0.65,5.4261,1,,0.0,5.4261,sud_opaque_no_correction
14.700000000000001,1.7000000000000002,1.9000000000000001,34.707,0.576,41,paint,0.6,5.4574,1,,0.0,5.4574,sud_opaque_no_correction
14.9,-0.7000000000000001,-0.30000000000000004,35.191,0.234,126,concrete,0.65,6.0186,1,,57.4,-2.3001,nord_diffuse_only
14.9,-0.7000000000000001,-0.1,35.135,0.297,168,concrete,0.65,5.9536,1,,57.4,-2.365,nord_diffuse_only
14.9,-0.7000000000000001,0.1,35.301,0.406,93,paint,0.6,6.1461,1,,52.98,-1.5327,nord_diffuse_only
14.9,-0.7000000000000001,0.30000000000000004,35.677,0.535,77,paint,0.6,6.582,1,,52.98,-1.0967,nord_diffuse_only
14.9,-0.7000000000000001,0.5,36.087,0.659,67,paint,0.6,7.0574,1,,52.98,-0.6214,nord_diffuse_only
14.9,-0.7000000000000001,0.7000000000000001,36.496,0.664,79,paint,0.6,7.5316,1,,52.98,-0.1472,nord_diffuse_only
14.9,-0.7000000000000001,0.9,36.457,0.741,93,paint,0.6,7.4864,1,,52.98,-0.1924,nord_diffuse_only
14.9,-0.7000000000000001,1.1,36.302,0.772,57,paint,0.6,7.3067,1,,52.98,-0.3721,nord_diffuse_only
14.9,-0.7000000000000001,1.3,36.425,0.489,23,paint,0.6,7.4493,1,,52.98,-0.2295,nord_diffuse_only
14.9,-0.7000000000000001,1.5,36.333,0.505,11,paint,0.6,7.3426,1,,52.98,-0.3362,nord_diffuse_only
14.9,-0.7000000000000001,1.9000000000000001,36.002,1.272,18,paint,0.6,6.9588,1,,52.98,-0.7199,nord_diffuse_only
14.9,-0.5,-0.30000000000000004,35.215,0.335,59,concrete,0.65,6.0464,1,,0.0,6.0464,
14.9,-0.5,1.9000000000000001,34.899,1.021,37,paint,0.6,5.68,1,,0.0,5.68,
14.9,-0.30000000000000004,-0.30000000000000004,35.351,0.646,69,concrete,0.65,6.2041,1,,0.0,6.2041,
14.9,-0.30000000000000004,1.9000000000000001,34.68,0.708,35,paint,0.6,5.4261,1,,0.0,5.4261,
14.9,-0.1,-0.30000000000000004,35.778,0.869,109,concrete,0.65,6.6991,1,,0.0,6.6991,
14.9,-0.1,1.9000000000000001,34.957,0.584,36,paint,0.6,5.7472,1,,0.0,5.7472,
14.9,0.1,-0.30000000000000004,35.985,1.136,112,concrete,0.65,6.9391,1,,0.0,6.9391,
14.9,0.1,1.9000000000000001,35.133,0.67,35,paint,0.6,5.9513,1,,0.0,5.9513,
14.9,0.30000000000000004,-0.30000000000000004,36.016,1.165,105,concrete,0.65,6.9751,1,,0.0,6.9751,
14.9,0.30000000000000004,1.9000000000000001,35.147,0.647,34,paint,0.6,5.9675,1,,0.0,5.9675,
14.9,0.5,-0.30000000000000004,36.581,0.958,114,concrete,0.65,7.6301,1,,0.0,7.6301,
14.9,0.5,1.9000000000000001,35.266,0.702,36,paint,0.6,6.1055,1,,0.0,6.1055,
14.9,0.7000000000000001,-0.30000000000000004,36.627,0.769,89,concrete,0.65,7.6835,1,,0.0,7.6835,
14.9,0.7000000000000001,1.9000000000000001,35.238,0.76,36,paint,0.6,6.073,1,,0.0,6.073,
14.9,0.9,-0.30000000000000004,36.547,0.671,117,concrete,0.65,7.5907,1,,0.0,7.5907,
14.9,0.9,1.9000000000000001,35.152,0.712,35,paint,0.6,5.9733,1,,0.0,5.9733,
14.9,1.1,-0.30000000000000004,35.877,1.015,111,concrete,0.65,6.8139,1,,0.0,6.8139,
14.9,1.1,1.9000000000000001,35.138,0.681,37,paint,0.6,5.9571,1,,0.0,5.9571,
14.9,1.3,-0.30000000000000004,34.793,0.685,132,concrete,0.65,5.5571,1,,0.0,5.5571,
14.9,1.3,1.9000000000000001,34.969,0.713,34,paint,0.6,5.7612,1,,0.0,5.7612,
14.9,1.5,-0.30000000000000004,34.705,0.685,110,concrete,0.65,5.4551,1,,0.0,5.4551,sud_opaque_no_correction
14.9,1.5,1.9000000000000001,34.681,0.598,32,paint,0.6,5.4272,1,,0.0,5.4272,sud_opaque_no_correction
14.9,1.7000000000000002,-0.30000000000000004,34.908,0.697,92,concrete,0.65,5.6904,1,,0.0,5.6904,sud_opaque_no_correction
14.9,1.7000000000000002,1.9000000000000001,34.931,0.606,37,paint,0.6,5.7171,1,,0.0,5.7171,sud_opaque_no_correction
15.100000000000001,-0.7000000000000001,-0.30000000000000004,35.182,0.254,124,concrete,0.65,6.0081,1,,57.4,-2.3105,nord_diffuse_only
15.100000000000001,-0.7000000000000001,-0.1,35.162,0.28,119,concrete,0.65,5.9849,1,,57.4,-2.3337,nord_diffuse_only
15.100000000000001,-0.7000000000000001,0.1,35.269,0.415,66,paint,0.6,6.109,1,,52.98,-1.5698,nord_diffuse_only
15.100000000000001,-0.7000000000000001,0.30000000000000004,35.811,0.523,46,paint,0.6,6.7374,1,,52.98,-0.9414,nord_diffuse_only
15.100000000000001,-0.7000000000000001,0.5,36.152,0.703,52,paint,0.6,7.1328,1,,52.98,-0.546,nord_diffuse_only
15.100000000000001,-0.7000000000000001,0.7000000000000001,36.497,0.699,62,paint,0.6,7.5328,1,,52.98,-0.146,nord_diffuse_only
15.100000000000001,-0.7000000000000001,0.9,36.536,0.703,61,paint,0.6,7.578,1,,52.98,-0.1008,nord_diffuse_only
15.100000000000001,-0.7000000000000001,1.1,36.374,0.773,32,paint,0.6,7.3901,1,,52.98,-0.2886,nord_diffuse_only
15.100000000000001,-0.7000000000000001,1.3,36.39,0.625,17,paint,0.6,7.4087,1,,52.98,-0.2701,nord_diffuse_only
15.100000000000001,-0.7000000000000001,1.5,36.43,0.499,7,cardboard,0.75,7.4551,1,,66.23,-2.1434,nord_diffuse_only
15.100000000000001,-0.7000000000000001,1.7000000000000002,35.674,0.027,2,paint,0.6,6.5786,1,,52.98,-1.1002,nord_diffuse_only
15.100000000000001,-0.7000000000000001,1.9000000000000001,35.715,0.971,19,paint,0.6,6.6261,1,,52.98,-1.0527,nord_diffuse_only
15.100000000000001,-0.5,-0.30000000000000004,35.197,0.282,91,concrete,0.65,6.0255,1,,0.0,6.0255,
15.100000000000001,-0.5,1.9000000000000001,34.948,0.885,35,paint,0.6,5.7368,1,,0.0,5.7368,
15.100000000000001,-0.30000000000000004,-0.30000000000000004,35.298,0.424,81,concrete,0.65,6.1426,1,,0.0,6.1426,
15.100000000000001,-0.30000000000000004,1.9000000000000001,35.134,0.804,33,paint,0.6,5.9525,1,,0.0,5.9525,
15.100000000000001,-0.1,-0.30000000000000004,35.349,0.961,68,concrete,0.65,6.2017,1,,0.0,6.2017,
15.100000000000001,-0.1,1.9000000000000001,35.204,0.727,37,paint,0.6,6.0336,1,,0.0,6.0336,
15.100000000000001,0.1,-0.30000000000000004,35.521,1.14,73,concrete,0.65,6.4012,1,,0.0,6.4012,
15.100000000000001,0.1,1.9000000000000001,35.343,0.78,43,paint,0.6,6.1948,1,,0.0,6.1948,
15.100000000000001,0.30000000000000004,-0.30000000000000004,36.161,1.138,86,concrete,0.65,7.1432,1,,0.0,7.1432,
15.100000000000001,0.30000000000000004,1.9000000000000001,35.48,0.838,37,paint,0.6,6.3536,1,,0.0,6.3536,
15.100000000000001,0.5,-0.30000000000000004,36.622,0.94,100,concrete,0.65,7.6777,1,,0.0,7.6777,
15.100000000000001,0.5,1.9000000000000001,35.533,0.83,35,paint,0.6,6.4151,1,,0.0,6.4151,
15.100000000000001,0.7000000000000001,-0.30000000000000004,36.6,0.875,117,concrete,0.65,7.6522,1,,0.0,7.6522,
15.100000000000001,0.7000000000000001,1.9000000000000001,35.508,0.826,29,paint,0.6,6.3861,1,,0.0,6.3861,
15.100000000000001,0.9,-0.30000000000000004,36.551,0.629,99,concrete,0.65,7.5954,1,,0.0,7.5954,
15.100000000000001,0.9,1.9000000000000001,35.447,0.843,28,paint,0.6,6.3154,1,,0.0,6.3154,
15.100000000000001,1.1,-0.30000000000000004,36.13,0.756,103,concrete,0.65,7.1072,1,,0.0,7.1072,
15.100000000000001,1.1,1.9000000000000001,35.292,0.805,36,paint,0.6,6.1357,1,,0.0,6.1357,
15.100000000000001,1.3,-0.30000000000000004,35.421,0.727,103,concrete,0.65,6.2852,1,,0.0,6.2852,
15.100000000000001,1.3,1.9000000000000001,35.094,0.788,42,paint,0.6,5.9061,1,,0.0,5.9061,
15.100000000000001,1.5,-0.30000000000000004,35.118,0.585,91,concrete,0.65,5.9339,1,,0.0,5.9339,sud_opaque_no_correction
15.100000000000001,1.5,1.9000000000000001,34.747,0.633,37,paint,0.6,5.5038,1,,0.0,5.5038,sud_opaque_no_correction
15.100000000000001,1.7000000000000002,-0.30000000000000004,34.842,0.791,99,concrete,0.65,5.6139,1,,0.0,5.6139,sud_opaque_no_correction
15.100000000000001,1.7000000000000002,1.9000000000000001,34.811,0.622,31,paint,0.6,5.578,1,,0.0,5.578,sud_opaque_no_correction
15.3,-0.7000000000000001,-0.30000000000000004,35.181,0.284,168,concrete,0.65,6.007,1,,57.4,-2.3117,nord_diffuse_only
15.3,-0.7000000000000001,-0.1,35.167,0.305,171,concrete,0.65,5.9907,1,,57.4,-2.3279,nord_diffuse_only
15.3,-0.7000000000000001,0.1,35.308,0.431,101,paint,0.6,6.1542,1,,52.98,-1.5246,nord_diffuse_only
15.3,-0.7000000000000001,0.30000000000000004,35.685,0.575,90,paint,0.6,6.5913,1,,52.98,-1.0875,nord_diffuse_only
15.3,-0.7000000000000001,0.5,36.187,0.657,80,paint,0.6,7.1733,1,,52.98,-0.5054,nord_diffuse_only
15.3,-0.7000000000000001,0.7000000000000001,36.471,0.729,80,paint,0.6,7.5026,1,,52.98,-0.1762,nord_diffuse_only
15.3,-0.7000000000000001,0.9,36.525,0.746,94,paint,0.6,7.5652,1,,52.98,-0.1135,nord_diffuse_only
15.3,-0.7000000000000001,1.1,36.368,0.738,68,paint,0.6,7.3832,1,,52.98,-0.2956,nord_diffuse_only
15.3,-0.7000000000000001,1.3,36.081,0.664,43,paint,0.6,7.0504,1,,52.98,-0.6283,nord_diffuse_only
15.3,-0.7000000000000001,1.5,36.221,0.447,18,paint,0.6,7.2128,1,,52.98,-0.466,nord_diffuse_only
15.3,-0.7000000000000001,1.7000000000000002,36.343,0.568,13,paint,0.6,7.3542,1,,52.98,-0.3246,nord_diffuse_only
15.3,-0.7000000000000001,1.9000000000000001,35.872,1.357,20,paint,0.6,6.8081,1,,52.98,-0.8706,nord_diffuse_only
15.3,-0.5,-0.30000000000000004,35.095,0.364,62,concrete,0.65,5.9072,1,,0.0,5.9072,
15.3,-0.5,1.9000000000000001,34.963,1.139,36,paint,0.6,5.7542,1,,0.0,5.7542,
15.3,-0.30000000000000004,-0.30000000000000004,35.17,0.694,85,concrete,0.65,5.9942,1,,0.0,5.9942,
15.3,-0.30000000000000004,1.9000000000000001,34.771,0.792,25,paint,0.6,5.5316,1,,0.0,5.5316,
15.3,-0.1,-0.30000000000000004,35.358,1.033,119,concrete,0.65,6.2122,1,,0.0,6.2122,
15.3,-0.1,1.9000000000000001,34.982,0.858,27,paint,0.6,5.7762,1,,0.0,5.7762,
15.3,0.1,-0.30000000000000004,35.946,1.182,76,concrete,0.65,6.8939,1,,0.0,6.8939,
15.3,0.1,1.9000000000000001,35.246,0.858,29,paint,0.6,6.0823,1,,0.0,6.0823,
15.3,0.30000000000000004,-0.30000000000000004,36.344,1.13,79,concrete,0.65,7.3554,1,,0.0,7.3554,
15.3,0.30000000000000004,1.9000000000000001,35.369,0.841,31,paint,0.6,6.2249,1,,0.0,6.2249,
15.3,0.5,-0.30000000000000004,36.652,1.038,79,concrete,0.65,7.7125,1,,0.0,7.7125,
15.3,0.5,1.9000000000000001,35.268,0.853,35,paint,0.6,6.1078,1,,0.0,6.1078,
15.3,0.7000000000000001,-0.30000000000000004,36.888,0.932,67,concrete,0.65,7.9861,1,,0.0,7.9861,
15.3,0.7000000000000001,1.9000000000000001,35.157,0.815,36,paint,0.6,5.9791,1,,0.0,5.9791,
15.3,0.9,-0.30000000000000004,36.724,0.649,71,concrete,0.65,7.7959,1,,0.0,7.7959,
15.3,0.9,1.9000000000000001,35.255,0.824,34,paint,0.6,6.0928,1,,0.0,6.0928,
15.3,1.1,-0.30000000000000004,36.168,0.692,94,concrete,0.65,7.1513,1,,0.0,7.1513,
15.3,1.1,1.9000000000000001,35.188,0.719,23,paint,0.6,6.0151,1,,0.0,6.0151,
15.3,1.3,-0.30000000000000004,35.451,0.893,133,concrete,0.65,6.32,1,,0.0,6.32,
15.3,1.3,1.9000000000000001,35.275,0.678,17,paint,0.6,6.1159,1,,0.0,6.1159,
15.3,1.5,-0.30000000000000004,34.979,0.697,123,concrete,0.65,5.7728,1,,0.0,5.7728,sud_opaque_no_correction
15.3,1.5,1.9000000000000001,34.862,0.683,19,paint,0.6,5.6371,1,,0.0,5.6371,sud_opaque_no_correction
15.3,1.7000000000000002,-0.30000000000000004,34.942,0.852,174,concrete,0.65,5.7299,1,,0.0,5.7299,sud_opaque_no_correction
15.3,1.7000000000000002,1.9000000000000001,34.826,0.562,20,paint,0.6,5.5954,1,,0.0,5.5954,sud_opaque_no_correction
15.5,-0.9,1.7000000000000002,35.619,0.0,1,paint,0.6,6.5148,1,,52.98,-1.164,nord_diffuse_only
15.5,-0.7000000000000001,-0.30000000000000004,35.162,0.267,170,concrete,0.65,5.9849,1,,57.4,-2.3337,nord_diffuse_only
15.5,-0.7000000000000001,-0.1,35.147,0.334,165,concrete,0.65,5.9675,1,,57.4,-2.3511,nord_diffuse_only
15.5,-0.7000000000000001,0.1,35.22,0.469,102,paint,0.6,6.0522,1,,52.98,-1.6266,nord_diffuse_only
15.5,-0.7000000000000001,0.30000000000000004,35.695,0.579,89,paint,0.6,6.6029,1,,52.98,-1.0759,nord_diffuse_only
15.5,-0.7000000000000001,0.5,36.016,0.738,79,paint,0.6,6.9751,1,,52.98,-0.7037,nord_diffuse_only
15.5,-0.7000000000000001,0.7000000000000001,36.487,0.695,88,paint,0.6,7.5212,1,,52.98,-0.1576,nord_diffuse_only
15.5,-0.7000000000000001,0.9,36.415,0.785,80,paint,0.6,7.4377,1,,52.98,-0.2411,nord_diffuse_only
15.5,-0.7000000000000001,1.1,36.331,0.753,64,paint,0.6,7.3403,1,,52.98,-0.3385,nord_diffuse_only
15.5,-0.7000000000000001,1.3,36.305,0.653,35,glass,0.1,7.3101,1,,8.83,6.0304,nord_diffuse_only
15.5,-0.7000000000000001,1.5,36.422,0.716,16,paint,0.6,7.4458,1,,52.98,-0.233,nord_diffuse_only
15.5,-0.7000000000000001,1.7000000000000002,36.209,0.793,7,paint,0.6,7.1988,1,,52.98,-0.4799,nord_diffuse_only
15.5,-0.7000000000000001,1.9000000000000001,34.971,0.493,17,paint,0.6,5.7635,1,,52.98,-1.9153,nord_diffuse_only
15.5,-0.5,-0.30000000000000004,35.159,0.324,122,concrete,0.65,5.9814,1,,0.0,5.9814,
15.5,-0.5,1.9000000000000001,34.635,0.559,20,paint,0.6,5.3739,1,,0.0,5.3739,
15.5,-0.30000000000000004,-0.30000000000000004,35.202,0.544,140,concrete,0.65,6.0313,1,,0.0,6.0313,
15.5,-0.30000000000000004,1.9000000000000001,35.0,0.692,24,paint,0.6,5.7971,1,,0.0,5.7971,
15.5,-0.1,-0.30000000000000004,35.64,0.911,121,concrete,0.65,6.5391,1,,0.0,6.5391,
15.5,-0.1,1.9000000000000001,35.189,0.611,22,paint,0.6,6.0162,1,,0.0,6.0162,
15.5,0.1,-0.30000000000000004,36.127,1.088,162,concrete,0.65,7.1038,1,,0.0,7.1038,
15.5,0.1,1.9000000000000001,35.469,0.697,21,paint,0.6,6.3409,1,,0.0,6.3409,
15.5,0.30000000000000004,-0.30000000000000004,36.311,1.096,164,concrete,0.65,7.3171,1,,0.0,7.3171,
15.5,0.30000000000000004,1.9000000000000001,35.404,0.767,20,paint,0.6,6.2655,1,,0.0,6.2655,
15.5,0.5,-0.30000000000000004,36.422,0.918,157,concrete,0.65,7.4458,1,,0.0,7.4458,
15.5,0.5,1.9000000000000001,35.582,0.808,23,paint,0.6,6.4719,1,,0.0,6.4719,
15.5,0.7000000000000001,-0.30000000000000004,36.488,0.961,158,concrete,0.65,7.5223,1,,0.0,7.5223,
15.5,0.7000000000000001,1.9000000000000001,35.522,0.756,26,paint,0.6,6.4023,1,,0.0,6.4023,
15.5,0.9,-0.30000000000000004,36.558,0.672,191,concrete,0.65,7.6035,1,,0.0,7.6035,
15.5,0.9,1.9000000000000001,35.398,0.731,26,paint,0.6,6.2586,1,,0.0,6.2586,
15.5,1.1,-0.30000000000000004,36.181,0.84,185,concrete,0.65,7.1664,1,,0.0,7.1664,
15.5,1.1,1.9000000000000001,35.469,0.802,26,paint,0.6,6.3409,1,,0.0,6.3409,
15.5,1.3,-0.30000000000000004,35.481,1.038,207,concrete,0.65,6.3548,1,,0.0,6.3548,
15.5,1.3,1.9000000000000001,35.37,0.892,24,paint,0.6,6.2261,1,,0.0,6.2261,
15.5,1.5,-0.30000000000000004,34.849,0.761,220,concrete,0.65,5.622,1,,0.0,5.622,sud_opaque_no_correction
15.5,1.5,1.9000000000000001,34.947,0.693,29,paint,0.6,5.7357,1,,0.0,5.7357,sud_opaque_no_correction
15.5,1.7000000000000002,-0.30000000000000004,34.896,0.809,197,concrete,0.65,5.6765,1,,0.0,5.6765,sud_opaque_no_correction
15.5,1.7000000000000002,1.9000000000000001,34.837,0.619,29,paint,0.6,5.6081,1,,0.0,5.6081,sud_opaque_no_correction
15.700000000000001,-0.7000000000000001,-0.30000000000000004,35.153,0.295,163,concrete,0.65,5.9745,1,,57.4,-2.3442,nord_diffuse_only
15.700000000000001,-0.7000000000000001,-0.1,35.206,0.335,201,concrete,0.65,6.0359,1,,57.4,-2.2827,nord_diffuse_only
15.700000000000001,-0.7000000000000001,0.1,35.323,0.51,111,paint,0.6,6.1716,1,,52.98,-1.5072,nord_diffuse_only
15.700000000000001,-0.7000000000000001,0.30000000000000004,35.694,0.616,92,paint,0.6,6.6017,1,,52.98,-1.077,nord_diffuse_only
15.700000000000001,-0.7000000000000001,0.5,36.205,0.698,84,paint,0.6,7.1942,1,,52.98,-0.4846,nord_diffuse_only
15.700000000000001,-0.7000000000000001,0.7000000000000001,36.418,0.802,107,glass,0.1,7.4412,1,,8.83,6.1614,nord_diffuse_only
15.700000000000001,-0.7000000000000001,0.9,36.577,0.75,108,glass,0.1,7.6255,1,,8.83,6.3457,nord_diffuse_only
15.700000000000001,-0.7000000000000001,1.1,36.352,0.761,59,paint,0.6,7.3646,1,,52.98,-0.3141,nord_diffuse_only
15.700000000000001,-0.7000000000000001,1.3,36.266,0.717,53,glass,0.1,7.2649,1,,8.83,5.9851,nord_diffuse_only
15.700000000000001,-0.7000000000000001,1.5,36.152,0.541,28,glass,0.1,7.1328,1,,8.83,5.853,nord_diffuse_only
15.700000000000001,-0.7000000000000001,1.7000000000000002,36.071,0.46,23,paint,0.6,7.0388,1,,52.98,-0.6399,nord_diffuse_only
15.700000000000001,-0.7000000000000001,1.9000000000000001,35.523,0.901,32,paint,0.6,6.4035,1,,52.98,-1.2753,nord_diffuse_only
15.700000000000001,-0.5,-0.30000000000000004,35.133,0.356,99,concrete,0.65,5.9513,1,,0.0,5.9513,
15.700000000000001,-0.5,1.9000000000000001,34.916,0.732,38,paint,0.6,5.6997,1,,0.0,5.6997,
15.700000000000001,-0.30000000000000004,-0.30000000000000004,35.248,0.804,152,concrete,0.65,6.0846,1,,0.0,6.0846,
15.700000000000001,-0.30000000000000004,1.9000000000000001,35.183,0.918,38,paint,0.6,6.0093,1,,0.0,6.0093,
15.700000000000001,-0.1,-0.30000000000000004,35.332,1.079,187,concrete,0.65,6.182,1,,0.0,6.182,
15.700000000000001,-0.1,1.9000000000000001,35.356,0.918,39,paint,0.6,6.2099,1,,0.0,6.2099,
15.700000000000001,0.1,-0.30000000000000004,35.591,1.129,198,concrete,0.65,6.4823,1,,0.0,6.4823,
15.700000000000001,0.1,1.9000000000000001,35.576,1.085,35,paint,0.6,6.4649,1,,0.0,6.4649,
15.700000000000001,0.30000000000000004,-0.30000000000000004,35.895,1.089,209,concrete,0.65,6.8348,1,,0.0,6.8348,
15.700000000000001,0.30000000000000004,1.9000000000000001,35.702,1.103,37,paint,0.6,6.611,1,,0.0,6.611,
15.700000000000001,0.5,-0.30000000000000004,36.216,1.017,213,concrete,0.65,7.207,1,,0.0,7.207,
15.700000000000001,0.5,1.9000000000000001,35.686,0.959,31,paint,0.6,6.5925,1,,0.0,6.5925,
15.700000000000001,0.7000000000000001,-0.30000000000000004,36.45,1.023,317,concrete,0.65,7.4783,1,,0.0,7.4783,
15.700000000000001,0.7000000000000001,1.9000000000000001,35.781,1.097,30,paint,0.6,6.7026,1,,0.0,6.7026,
15.700000000000001,0.9,-0.30000000000000004,36.383,0.782,275,concrete,0.65,7.4006,1,,0.0,7.4006,
15.700000000000001,0.9,1.9000000000000001,35.709,0.996,30,paint,0.6,6.6191,1,,0.0,6.6191,
15.700000000000001,1.1,-0.30000000000000004,35.966,1.017,292,concrete,0.65,6.9171,1,,0.0,6.9171,
15.700000000000001,1.1,1.9000000000000001,35.632,0.778,34,paint,0.6,6.5299,1,,0.0,6.5299,
15.700000000000001,1.3,-0.30000000000000004,35.424,1.102,212,concrete,0.65,6.2887,1,,0.0,6.2887,
15.700000000000001,1.3,1.9000000000000001,35.449,0.813,41,paint,0.6,6.3177,1,,0.0,6.3177,
15.700000000000001,1.5,-0.30000000000000004,34.922,0.832,223,concrete,0.65,5.7067,1,,0.0,5.7067,sud_opaque_no_correction
15.700000000000001,1.5,1.9000000000000001,35.061,0.768,42,paint,0.6,5.8678,1,,0.0,5.8678,sud_opaque_no_correction
15.700000000000001,1.7000000000000002,-0.30000000000000004,34.881,0.841,198,concrete,0.65,5.6591,1,,0.0,5.6591,sud_opaque_no_correction
15.700000000000001,1.7000000000000002,1.9000000000000001,34.915,0.673,45,paint,0.6,5.6986,1,,0.0,5.6986,sud_opaque_no_correction
15.9,-0.7000000000000001,-0.30000000000000004,35.16,0.306,151,concrete,0.65,5.9826,1,,57.4,-2.3361,nord_diffuse_only
15.9,-0.7000000000000001,-0.1,35.177,0.372,190,concrete,0.65,6.0023,1,,57.4,-2.3163,nord_diffuse_only
15.9,-0.7000000000000001,0.1,35.21,0.538,109,paint,0.6,6.0406,1,,52.98,-1.6382,nord_diffuse_only
15.9,-0.7000000000000001,0.30000000000000004,35.689,0.622,92,glass,0.1,6.5959,1,,8.83,5.3161,nord_diffuse_only
15.9,-0.7000000000000001,0.5,36.097,0.752,82,glass,0.1,7.069,1,,8.83,5.7892,nord_diffuse_only
15.9,-0.7000000000000001,0.7000000000000001,36.322,0.789,82,glass,0.1,7.3299,1,,8.83,6.0501,nord_diffuse_only
15.9,-0.7000000000000001,0.9,36.413,0.811,104,glass,0.1,7.4354,1,,8.83,6.1556,nord_diffuse_only
15.9,-0.7000000000000001,1.1,36.404,0.818,72,paint,0.6,7.4249,1,,52.98,-0.2538,nord_diffuse_only
15.9,-0.7000000000000001,1.3,36.179,0.729,39,glass,0.1,7.1641,1,,8.83,5.8843,nord_diffuse_only
15.9,-0.7000000000000001,1.5,36.369,0.561,34,glass,0.1,7.3843,1,,8.83,6.1046,nord_diffuse_only
15.9,-0.7000000000000001,1.7000000000000002,36.528,0.854,16,paint,0.6,7.5687,1,,52.98,-0.1101,nord_diffuse_only
15.9,-0.7000000000000001,1.9000000000000001,35.752,1.051,26,paint,0.6,6.669,1,,52.98,-1.0098,nord_diffuse_only
15.9,-0.5,-0.30000000000000004,35.091,0.353,149,concrete,0.65,5.9026,1,,0.0,5.9026,
15.9,-0.5,1.9000000000000001,35.054,0.675,28,paint,0.6,5.8597,1,,0.0,5.8597,
15.9,-0.30000000000000004,-0.30000000000000004,35.199,0.759,158,concrete,0.65,6.0278,1,,0.0,6.0278,
15.9,-0.30000000000000004,1.9000000000000001,35.136,0.748,33,paint,0.6,5.9548,1,,0.0,5.9548,
15.9,-0.1,-0.30000000000000004,35.622,0.907,126,concrete,0.65,6.5183,1,,0.0,6.5183,
15.9,-0.1,1.9000000000000001,35.198,0.752,35,paint,0.6,6.0267,1,,0.0,6.0267,
15.9,0.1,-0.30000000000000004,35.775,1.107,166,concrete,0.65,6.6957,1,,0.0,6.6957,
15.9,0.1,1.9000000000000001,35.395,0.756,38,paint,0.6,6.2551,1,,0.0,6.2551,
15.9,0.30000000000000004,-0.30000000000000004,36.13,1.187,160,concrete,0.65,7.1072,1,,0.0,7.1072,
15.9,0.30000000000000004,1.9000000000000001,35.394,0.855,43,paint,0.6,6.2539,1,,0.0,6.2539,
15.9,0.5,-0.30000000000000004,36.391,0.999,160,concrete,0.65,7.4099,1,,0.0,7.4099,
15.9,0.5,1.9000000000000001,35.452,1.033,44,paint,0.6,6.3212,1,,0.0,6.3212,
15.9,0.7000000000000001,-0.30000000000000004,36.415,1.182,138,concrete,0.65,7.4377,1,,0.0,7.4377,
15.9,0.7000000000000001,1.9000000000000001,35.461,1.033,45,paint,0.6,6.3316,1,,0.0,6.3316,
15.9,0.9,-0.30000000000000004,36.632,0.764,158,concrete,0.65,7.6893,1,,0.0,7.6893,
15.9,0.9,1.9000000000000001,35.306,1.011,42,paint,0.6,6.1519,1,,0.0,6.1519,
15.9,1.1,-0.30000000000000004,36.417,0.851,158,concrete,0.65,7.44,1,,0.0,7.44,
15.9,1.1,1.9000000000000001,35.155,1.003,39,paint,0.6,5.9768,1,,0.0,5.9768,
15.9,1.3,-0.30000000000000004,35.966,1.169,156,concrete,0.65,6.9171,1,,0.0,6.9171,
15.9,1.3,1.9000000000000001,35.025,0.805,36,paint,0.6,5.8261,1,,0.0,5.8261,
15.9,1.5,-0.30000000000000004,35.055,0.799,154,concrete,0.65,5.8609,1,,0.0,5.8609,sud_opaque_no_correction
15.9,1.5,1.9000000000000001,34.552,0.628,33,paint,0.6,5.2777,1,,0.0,5.2777,sud_opaque_no_correction
15.9,1.7000000000000002,-0.30000000000000004,35.107,0.667,140,concrete,0.65,5.9212,1,,0.0,5.9212,sud_opaque_no_correction
15.9,1.7000000000000002,1.9000000000000001,34.554,0.566,31,paint,0.6,5.28,1,,0.0,5.28,sud_opaque_no_correction
16.1,-0.7000000000000001,-0.30000000000000004,35.15,0.326,170,concrete,0.65,5.971,1,,57.4,-2.3476,nord_diffuse_only
16.1,-0.7000000000000001,-0.1,35.149,0.376,204,concrete,0.65,5.9699,1,,57.4,-2.3488,nord_diffuse_only
16.1,-0.7000000000000001,0.1,35.293,0.558,101,glass,0.1,6.1368,1,,8.83,4.857,nord_diffuse_only
16.1,-0.7000000000000001,0.30000000000000004,35.649,0.697,104,glass,0.1,6.5496,1,,8.83,5.2698,nord_diffuse_only
16.1,-0.7000000000000001,0.5,36.081,0.82,77,glass,0.1,7.0504,1,,8.83,5.7706,nord_diffuse_only
16.1,-0.7000000000000001,0.7000000000000001,36.46,0.758,99,glass,0.1,7.4899,1,,8.83,6.2101,nord_diffuse_only
16.1,-0.7000000000000001,0.9,36.545,0.851,98,glass,0.1,7.5884,1,,8.83,6.3086,nord_diffuse_only
16.1,-0.7000000000000001,1.1,36.245,0.757,74,glass,0.1,7.2406,1,,8.83,5.9608,nord_diffuse_only
16.1,-0.7000000000000001,1.3,36.269,0.779,37,glass,0.1,7.2684,1,,8.83,5.9886,nord_diffuse_only
16.1,-0.7000000000000001,1.5,36.122,0.648,38,glass,0.1,7.098,1,,8.83,5.8182,nord_diffuse_only
16.1,-0.7000000000000001,1.7000000000000002,36.065,0.757,49,paint,0.6,7.0319,1,,52.98,-0.6469,nord_diffuse_only
16.1,-0.7000000000000001,1.9000000000000001,35.635,1.058,30,paint,0.6,6.5333,1,,52.98,-1.1454,nord_diffuse_only
16.1,-0.5,-0.30000000000000004,34.983,0.467,128,concrete,0.65,5.7774,1,,0.0,5.7774,
16.1,-0.5,1.9000000000000001,35.089,0.874,49,paint,0.6,5.9003,1,,0.0,5.9003,
16.1,-0.30000000000000004,-0.30000000000000004,35.09,0.814,132,concrete,0.65,5.9014,1,,0.0,5.9014,
16.1,-0.30000000000000004,1.9000000000000001,34.942,0.927,43,paint,0.6,5.7299,1,,0.0,5.7299,
16.1,-0.1,-0.30000000000000004,35.381,1.052,184,concrete,0.65,6.2388,1,,0.0,6.2388,
16.1,-0.1,1.9000000000000001,35.086,0.925,43,paint,0.6,5.8968,1,,0.0,5.8968,
16.1,0.1,-0.30000000000000004,35.967,1.177,172,concrete,0.65,6.9183,1,,0.0,6.9183,
16.1,0.1,1.9000000000000001,35.348,0.904,42,paint,0.6,6.2006,1,,0.0,6.2006,
16.1,0.30000000000000004,-0.30000000000000004,36.471,1.057,163,concrete,0.65,7.5026,1,,0.0,7.5026,
16.1,0.30000000000000004,1.9000000000000001,35.411,1.062,39,paint,0.6,6.2736,1,,0.0,6.2736,
16.1,0.5,-0.30000000000000004,36.644,1.154,157,concrete,0.65,7.7032,1,,0.0,7.7032,
16.1,0.5,1.9000000000000001,35.507,1.042,39,paint,0.6,6.3849,1,,0.0,6.3849,
16.1,0.7000000000000001,-0.30000000000000004,36.704,1.213,139,concrete,0.65,7.7728,1,,0.0,7.7728,
16.1,0.7000000000000001,1.9000000000000001,35.475,1.061,36,paint,0.6,6.3478,1,,0.0,6.3478,
16.1,0.9,-0.30000000000000004,36.956,0.651,111,concrete,0.65,8.0649,0,implausible,0.0,8.0649,
16.1,0.9,1.9000000000000001,35.539,1.086,31,paint,0.6,6.422,1,,0.0,6.422,
16.1,1.1,-0.30000000000000004,36.778,0.737,133,concrete,0.65,7.8586,1,,0.0,7.8586,
16.1,1.1,1.9000000000000001,35.351,0.959,30,paint,0.6,6.2041,1,,0.0,6.2041,
16.1,1.3,-0.30000000000000004,36.111,1.285,153,concrete,0.65,7.0852,1,,0.0,7.0852,
16.1,1.3,1.9000000000000001,35.35,0.945,38,paint,0.6,6.2029,1,,0.0,6.2029,
16.1,1.5,-0.30000000000000004,35.234,0.921,132,concrete,0.65,6.0684,1,,0.0,6.0684,sud_opaque_no_correction
16.1,1.5,1.9000000000000001,35.032,0.776,36,paint,0.6,5.8342,1,,0.0,5.8342,sud_opaque_no_correction
16.1,1.7000000000000002,-0.30000000000000004,35.016,0.705,116,concrete,0.65,5.8157,1,,0.0,5.8157,sud_opaque_no_correction
16.1,1.7000000000000002,1.9000000000000001,34.751,0.597,42,paint,0.6,5.5084,1,,0.0,5.5084,sud_opaque_no_correction
16.3,-0.7000000000000001,-0.30000000000000004,35.153,0.287,138,concrete,0.65,5.9745,1,,57.4,-2.3442,nord_diffuse_only
16.3,-0.7000000000000001,-0.1,35.189,0.393,207,concrete,0.65,6.0162,1,,57.4,-2.3024,nord_diffuse_only
16.3,-0.7000000000000001,0.1,35.198,0.609,104,glass,0.1,6.0267,1,,8.83,4.7469,nord_diffuse_only
16.3,-0.7000000000000001,0.30000000000000004,35.577,0.728,99,glass,0.1,6.4661,1,,8.83,5.1863,nord_diffuse_only
16.3,-0.7000000000000001,0.5,36.075,0.751,85,glass,0.1,7.0435,1,,8.83,5.7637,nord_diffuse_only
16.3,-0.7000000000000001,0.7000000000000001,36.483,0.841,94,glass,0.1,7.5165,1,,8.83,6.2367,nord_diffuse_only
16.3,-0.7000000000000001,0.9,36.473,0.893,102,glass,0.1,7.5049,1,,8.83,6.2251,nord_diffuse_only
16.3,-0.7000000000000001,1.1,36.361,0.83,85,glass,0.1,7.3751,1,,8.83,6.0953,nord_diffuse_only
16.3,-0.7000000000000001,1.3,36.201,0.832,54,glass,0.1,7.1896,1,,8.83,5.9098,nord_diffuse_only
16.3,-0.7000000000000001,1.5,36.167,0.766,23,glass,0.1,7.1501,1,,8.83,5.8704,nord_diffuse_only
16.3,-0.7000000000000001,1.7000000000000002,35.838,0.804,14,paint,0.6,6.7687,1,,52.98,-0.9101,nord_diffuse_only
16.3,-0.7000000000000001,1.9000000000000001,35.516,1.03,33,paint,0.6,6.3954,1,,52.98,-1.2834,nord_diffuse_only
16.3,-0.5,-0.30000000000000004,34.981,0.532,132,concrete,0.65,5.7751,1,,0.0,5.7751,
16.3,-0.5,1.9000000000000001,35.316,0.818,48,paint,0.6,6.1635,1,,0.0,6.1635,
16.3,-0.30000000000000004,-0.30000000000000004,34.958,0.914,178,concrete,0.65,5.7484,1,,0.0,5.7484,
16.3,-0.30000000000000004,1.9000000000000001,35.32,0.931,46,paint,0.6,6.1681,1,,0.0,6.1681,
16.3,-0.1,-0.30000000000000004,35.281,1.051,112,concrete,0.65,6.1229,1,,0.0,6.1229,
16.3,-0.1,1.9000000000000001,35.461,1.048,40,paint,0.6,6.3316,1,,0.0,6.3316,
16.3,0.1,-0.30000000000000004,35.857,1.134,132,concrete,0.65,6.7907,1,,0.0,6.7907,
16.3,0.1,1.9000000000000001,35.607,1.078,38,paint,0.6,6.5009,1,,0.0,6.5009,
16.3,0.30000000000000004,-0.30000000000000004,35.861,1.097,126,concrete,0.65,6.7954,1,,0.0,6.7954,
16.3,0.30000000000000004,1.9000000000000001,35.807,1.07,41,paint,0.6,6.7328,1,,0.0,6.7328,
16.3,0.5,-0.30000000000000004,36.338,1.064,125,concrete,0.65,7.3484,1,,0.0,7.3484,
16.3,0.5,1.9000000000000001,35.718,1.029,42,paint,0.6,6.6296,1,,0.0,6.6296,
16.3,0.7000000000000001,-0.30000000000000004,36.497,1.061,108,concrete,0.65,7.5328,1,,0.0,7.5328,
16.3,0.7000000000000001,1.9000000000000001,35.859,1.127,53,paint,0.6,6.793,1,,0.0,6.793,
16.3,0.9,-0.30000000000000004,36.311,1.289,104,concrete,0.65,7.3171,1,,0.0,7.3171,
16.3,0.9,1.9000000000000001,35.635,1.087,51,paint,0.6,6.5333,1,,0.0,6.5333,
16.3,1.1,-0.30000000000000004,35.928,1.102,100,concrete,0.65,6.873,1,,0.0,6.873,
16.3,1.1,1.9000000000000001,35.603,1.07,51,paint,0.6,6.4962,1,,0.0,6.4962,
16.3,1.3,-0.30000000000000004,35.454,1.058,90,concrete,0.65,6.3235,1,,0.0,6.3235,
16.3,1.3,1.9000000000000001,35.758,1.18,51,paint,0.6,6.6759,1,,0.0,6.6759,
16.3,1.5,-0.30000000000000004,34.698,0.763,71,concrete,0.65,5.447,1,,0.0,5.447,sud_opaque_no_correction
16.3,1.5,1.9000000000000001,35.522,1.518,43,paint,0.6,6.4023,1,,0.0,6.4023,sud_opaque_no_correction
16.3,1.7000000000000002,-0.30000000000000004,34.658,0.688,71,concrete,0.65,5.4006,1,,0.0,5.4006,sud_opaque_no_correction
16.3,1.7000000000000002,1.9000000000000001,35.123,1.085,42,paint,0.6,5.9397,1,,0.0,5.9397,sud_opaque_no_correction
16.5,-0.7000000000000001,-0.30000000000000004,35.148,0.351,129,concrete,0.65,5.9687,1,,57.4,-2.35,nord_diffuse_only
16.5,-0.7000000000000001,-0.1,35.119,0.398,175,concrete,0.65,5.9351,1,,57.4,-2.3836,nord_diffuse_only
16.5,-0.7000000000000001,0.1,35.264,0.62,109,glass,0.1,6.1032,1,,8.83,4.8234,nord_diffuse_only
16.5,-0.7000000000000001,0.30000000000000004,35.642,0.691,84,glass,0.1,6.5414,1,,8.83,5.2617,nord_diffuse_only
16.5,-0.7000000000000001,0.5,35.934,0.883,86,glass,0.1,6.88,1,,8.83,5.6002,nord_diffuse_only
16.5,-0.7000000000000001,0.7000000000000001,36.402,0.87,97,glass,0.1,7.4226,1,,8.83,6.1428,nord_diffuse_only
16.5,-0.7000000000000001,0.9,36.438,0.894,101,glass,0.1,7.4643,1,,8.83,6.1846,nord_diffuse_only
16.5,-0.7000000000000001,1.1,36.191,0.866,78,glass,0.1,7.178,1,,8.83,5.8982,nord_diffuse_only
16.5,-0.7000000000000001,1.3,36.32,0.769,58,glass,0.1,7.3275,1,,8.83,6.0477,nord_diffuse_only
16.5,-0.7000000000000001,1.5,36.066,0.752,34,glass,0.1,7.033,1,,8.83,5.7532,nord_diffuse_only
16.5,-0.7000000000000001,1.7000000000000002,35.933,0.839,15,paint,0.6,6.8788,1,,52.98,-0.7999,nord_diffuse_only
16.5,-0.7000000000000001,1.9000000000000001,35.334,1.193,25,paint,0.6,6.1843,1,,52.98,-1.4944,nord_diffuse_only
16.5,-0.5,-0.30000000000000004,35.11,0.448,53,concrete,0.65,5.9246,1,,0.0,5.9246,
16.5,-0.5,1.9000000000000001,35.013,0.921,38,paint,0.6,5.8122,1,,0.0,5.8122,
16.5,-0.30000000000000004,-0.30000000000000004,35.04,0.897,79,concrete,0.65,5.8435,1,,0.0,5.8435,
16.5,-0.30000000000000004,1.9000000000000001,34.896,0.836,39,paint,0.6,5.6765,1,,0.0,5.6765,
16.5,-0.1,-0.30000000000000004,35.416,1.019,136,concrete,0.65,6.2794,1,,0.0,6.2794,
16.5,-0.1,1.9000000000000001,35.247,0.906,44,paint,0.6,6.0835,1,,0.0,6.0835,
16.5,0.1,-0.30000000000000004,35.678,0.995,116,concrete,0.65,6.5832,1,,0.0,6.5832,
16.5,0.1,1.9000000000000001,35.654,0.982,45,paint,0.6,6.5554,1,,0.0,6.5554,
16.5,0.30000000000000004,-0.30000000000000004,36.22,1.108,99,concrete,0.65,7.2116,1,,0.0,7.2116,
16.5,0.30000000000000004,1.9000000000000001,35.649,1.06,43,paint,0.6,6.5496,1,,0.0,6.5496,
16.5,0.5,-0.30000000000000004,36.234,1.013,97,concrete,0.65,7.2278,1,,0.0,7.2278,
16.5,0.5,1.9000000000000001,35.671,1.157,44,paint,0.6,6.5751,1,,0.0,6.5751,
16.5,0.7000000000000001,-0.30000000000000004,36.322,0.934,92,concrete,0.65,7.3299,1,,0.0,7.3299,
16.5,0.7000000000000001,1.9000000000000001,35.933,1.276,35,paint,0.6,6.8788,1,,0.0,6.8788,
16.5,0.9,-0.30000000000000004,36.411,0.753,99,concrete,0.65,7.433,1,,0.0,7.433,
16.5,0.9,1.9000000000000001,35.797,1.227,38,paint,0.6,6.7212,1,,0.0,6.7212,
16.5,1.1,-0.30000000000000004,36.253,0.831,96,concrete,0.65,7.2499,1,,0.0,7.2499,
16.5,1.1,1.9000000000000001,36.017,1.271,36,glass,0.1,6.9762,1,,0.0,6.9762,
16.5,1.3,-0.30000000000000004,35.694,1.142,84,concrete,0.65,6.6017,1,,0.0,6.6017,
16.5,1.3,1.9000000000000001,36.061,1.597,25,glass,0.1,7.0272,1,,0.0,7.0272,
16.5,1.5,-0.30000000000000004,35.367,1.191,72,concrete,0.65,6.2226,1,,0.0,6.2226,sud_opaque_no_correction
16.5,1.5,1.9000000000000001,35.326,1.151,22,glass,0.1,6.1751,1,,0.0,6.1751,sud_opaque_no_correction
16.5,1.7000000000000002,-0.30000000000000004,35.0,0.815,86,concrete,0.65,5.7971,1,,0.0,5.7971,sud_opaque_no_correction
16.5,1.7000000000000002,1.9000000000000001,34.952,0.718,25,glass,0.1,5.7414,1,,0.0,5.7414,sud_opaque_no_correction
16.7,-0.7000000000000001,-0.30000000000000004,35.148,0.347,136,concrete,0.65,5.9687,1,,57.4,-2.35,nord_diffuse_only
16.7,-0.7000000000000001,-0.1,35.16,0.439,188,concrete,0.65,5.9826,1,,57.4,-2.3361,nord_diffuse_only
16.7,-0.7000000000000001,0.1,35.251,0.62,106,glass,0.1,6.0881,1,,8.83,4.8083,nord_diffuse_only
16.7,-0.7000000000000001,0.30000000000000004,35.583,0.778,84,glass,0.1,6.473,1,,8.83,5.1932,nord_diffuse_only
16.7,-0.7000000000000001,0.5,36.02,0.867,79,glass,0.1,6.9797,1,,8.83,5.6999,nord_diffuse_only
16.7,-0.7000000000000001,0.7000000000000001,36.325,0.924,90,glass,0.1,7.3333,1,,8.83,6.0535,nord_diffuse_only
16.7,-0.7000000000000001,0.9,36.411,0.931,101,glass,0.1,7.433,1,,8.83,6.1532,nord_diffuse_only
16.7,-0.7000000000000001,1.1,36.371,0.87,76,glass,0.1,7.3867,1,,8.83,6.1069,nord_diffuse_only
16.7,-0.7000000000000001,1.3,35.961,0.73,39,glass,0.1,6.9113,1,,8.83,5.6315,nord_diffuse_only
16.7,-0.7000000000000001,1.5,36.032,0.643,38,glass,0.1,6.9936,1,,8.83,5.7138,nord_diffuse_only
16.7,-0.7000000000000001,1.7000000000000002,35.823,0.729,21,paint,0.6,6.7513,1,,52.98,-0.9275,nord_diffuse_only
16.7,-0.7000000000000001,1.9000000000000001,36.071,0.993,16,paint,0.6,7.0388,1,,52.98,-0.6399,nord_diffuse_only
16.7,-0.5,-0.30000000000000004,35.001,0.681,54,concrete,0.65,5.7983,1,,0.0,5.7983,
16.7,-0.5,1.9000000000000001,34.852,0.824,34,paint,0.6,5.6255,1,,0.0,5.6255,
16.7,-0.30000000000000004,-0.30000000000000004,35.011,0.96,111,concrete,0.65,5.8099,1,,0.0,5.8099,
16.7,-0.30000000000000004,1.9000000000000001,34.913,0.922,31,paint,0.6,5.6962,1,,0.0,5.6962,
16.7,-0.1,-0.30000000000000004,35.29,0.93,76,concrete,0.65,6.1333,1,,0.0,6.1333,
16.7,-0.1,1.9000000000000001,35.08,0.842,30,paint,0.6,5.8899,1,,0.0,5.8899,
16.7,0.1,-0.30000000000000004,35.57,1.11,92,concrete,0.65,6.458,1,,0.0,6.458,
16.7,0.1,1.9000000000000001,35.227,0.799,30,glass,0.1,6.0603,1,,0.0,6.0603,
16.7,0.30000000000000004,-0.30000000000000004,36.326,0.977,98,concrete,0.65,7.3345,1,,0.0,7.3345,
16.7,0.30000000000000004,1.9000000000000001,35.42,0.934,29,glass,0.1,6.2841,1,,0.0,6.2841,
16.7,0.5,-0.30000000000000004,36.761,1.04,101,concrete,0.65,7.8388,1,,0.0,7.8388,
16.7,0.5,1.9000000000000001,35.368,0.87,23,glass,0.1,6.2238,1,,0.0,6.2238,
16.7,0.7000000000000001,-0.30000000000000004,36.92,1.062,99,concrete,0.65,8.0232,0,implausible,0.0,8.0232,
16.7,0.7000000000000001,1.9000000000000001,35.567,1.101,23,glass,0.1,6.4545,1,,0.0,6.4545,
16.7,0.9,-0.30000000000000004,36.969,0.81,97,concrete,0.65,8.08,0,implausible,0.0,8.08,
16.7,0.9,1.9000000000000001,35.51,1.132,21,glass,0.1,6.3884,1,,0.0,6.3884,
16.7,1.1,-0.30000000000000004,36.835,0.762,96,concrete,0.65,7.9246,1,,0.0,7.9246,
16.7,1.1,1.9000000000000001,35.523,1.2,26,glass,0.1,6.4035,1,,0.0,6.4035,
16.7,1.3,-0.30000000000000004,36.478,1.202,97,concrete,0.65,7.5107,1,,0.0,7.5107,
16.7,1.3,1.9000000000000001,35.633,1.055,41,glass,0.1,6.531,1,,0.0,6.531,
16.7,1.5,-0.30000000000000004,35.079,1.444,116,concrete,0.65,5.8887,1,,0.0,5.8887,sud_opaque_no_correction
16.7,1.5,1.9000000000000001,35.324,1.103,39,glass,0.1,6.1728,1,,0.0,6.1728,sud_opaque_no_correction
16.7,1.7000000000000002,-0.30000000000000004,34.664,0.926,85,concrete,0.65,5.4075,1,,0.0,5.4075,sud_opaque_no_correction
16.7,1.7000000000000002,1.9000000000000001,34.929,0.842,42,paint,0.6,5.7148,1,,0.0,5.7148,sud_opaque_no_correction
16.900000000000002,-0.7000000000000001,-0.30000000000000004,35.082,0.344,131,concrete,0.65,5.8922,1,,57.4,-2.4265,nord_diffuse_only
16.900000000000002,-0.7000000000000001,-0.1,35.158,0.45,176,concrete,0.65,5.9803,1,,57.4,-2.3384,nord_diffuse_only
16.900000000000002,-0.7000000000000001,0.1,35.256,0.636,97,glass,0.1,6.0939,1,,8.83,4.8141,nord_diffuse_only
16.900000000000002,-0.7000000000000001,0.30000000000000004,35.553,0.814,94,glass,0.1,6.4383,1,,8.83,5.1585,nord_diffuse_only
16.900000000000002,-0.7000000000000001,0.5,35.857,0.975,84,glass,0.1,6.7907,1,,8.83,5.5109,nord_diffuse_only
16.900000000000002,-0.7000000000000001,0.7000000000000001,36.485,0.838,79,glass,0.1,7.5188,1,,8.83,6.239,nord_diffuse_only
16.900000000000002,-0.7000000000000001,0.9,36.446,0.964,106,glass,0.1,7.4736,1,,8.83,6.1938,nord_diffuse_only
16.900000000000002,-0.7000000000000001,1.1,36.31,0.888,68,glass,0.1,7.3159,1,,8.83,6.0361,nord_diffuse_only
16.900000000000002,-0.7000000000000001,1.3,36.091,0.793,49,glass,0.1,7.062,1,,8.83,5.7822,nord_diffuse_only
16.900000000000002,-0.7000000000000001,1.5,36.025,0.565,34,glass,0.1,6.9855,1,,8.83,5.7057,nord_diffuse_only
16.900000000000002,-0.7000000000000001,1.7000000000000002,36.008,0.787,24,paint,0.6,6.9658,1,,52.98,-0.713,nord_diffuse_only
16.900000000000002,-0.7000000000000001,1.9000000000000001,35.698,0.899,18,paint,0.6,6.6064,1,,52.98,-1.0724,nord_diffuse_only
16.900000000000002,-0.5,-0.30000000000000004,34.932,0.699,94,concrete,0.65,5.7183,1,,0.0,5.7183,
16.900000000000002,-0.5,1.9000000000000001,35.299,1.016,26,paint,0.6,6.1438,1,,0.0,6.1438,
16.900000000000002,-0.30000000000000004,-0.30000000000000004,35.196,1.011,96,concrete,0.65,6.0243,1,,0.0,6.0243,
16.900000000000002,-0.30000000000000004,1.9000000000000001,35.552,1.367,27,paint,0.6,6.4371,1,,0.0,6.4371,
16.900000000000002,-0.1,-0.30000000000000004,35.374,1.096,115,concrete,0.65,6.2307,1,,0.0,6.2307,
16.900000000000002,-0.1,1.9000000000000001,35.74,1.325,24,paint,0.6,6.6551,1,,0.0,6.6551,
16.900000000000002,0.1,-0.30000000000000004,35.947,0.992,90,concrete,0.65,6.8951,1,,0.0,6.8951,
16.900000000000002,0.1,1.9000000000000001,36.033,1.413,28,paint,0.6,6.9948,1,,0.0,6.9948,
16.900000000000002,0.30000000000000004,-0.30000000000000004,36.388,0.987,113,concrete,0.65,7.4064,1,,0.0,7.4064,
16.900000000000002,0.30000000000000004,1.9000000000000001,36.317,1.474,29,paint,0.6,7.3241,1,,0.0,7.3241,
16.900000000000002,0.5,-0.30000000000000004,36.49,0.874,139,concrete,0.65,7.5246,1,,0.0,7.5246,
16.900000000000002,0.5,1.9000000000000001,36.362,1.569,33,paint,0.6,7.3762,1,,0.0,7.3762,
16.900000000000002,0.7000000000000001,-0.30000000000000004,36.647,0.916,120,concrete,0.65,7.7067,1,,0.0,7.7067,
16.900000000000002,0.7000000000000001,1.9000000000000001,36.578,1.595,36,paint,0.6,7.6267,1,,0.0,7.6267,
16.900000000000002,0.9,-0.30000000000000004,36.369,1.177,93,concrete,0.65,7.3843,1,,0.0,7.3843,
16.900000000000002,0.9,1.9000000000000001,36.338,1.564,43,paint,0.6,7.3484,1,,0.0,7.3484,
16.900000000000002,1.1,-0.30000000000000004,35.805,1.408,106,concrete,0.65,6.7304,1,,0.0,6.7304,
16.900000000000002,1.1,1.9000000000000001,36.528,1.536,38,glass,0.1,7.5687,1,,0.0,7.5687,
16.900000000000002,1.3,-0.30000000000000004,35.382,1.536,109,concrete,0.65,6.24,1,,0.0,6.24,
16.900000000000002,1.3,1.9000000000000001,36.304,1.34,32,paint,0.6,7.309,1,,0.0,7.309,
16.900000000000002,1.5,-0.30000000000000004,35.359,1.471,93,concrete,0.65,6.2133,1,,0.0,6.2133,sud_opaque_no_correction
16.900000000000002,1.5,1.9000000000000001,35.927,1.247,31,glass,0.1,6.8719,1,,0.0,6.8719,sud_opaque_no_correction
16.900000000000002,1.7000000000000002,-0.30000000000000004,35.055,1.296,95,concrete,0.65,5.8609,1,,0.0,5.8609,sud_opaque_no_correction
16.900000000000002,1.7000000000000002,1.9000000000000001,35.264,0.826,32,glass,0.1,6.1032,1,,0.0,6.1032,sud_opaque_no_correction
17.1,-0.7000000000000001,-0.30000000000000004,35.087,0.398,150,concrete,0.65,5.898,1,,57.4,-2.4207,nord_diffuse_only
17.1,-0.7000000000000001,-0.1,35.14,0.409,207,concrete,0.65,5.9594,1,,57.4,-2.3592,nord_diffuse_only
17.1,-0.7000000000000001,0.1,35.25,0.671,124,glass,0.1,6.087,1,,8.83,4.8072,nord_diffuse_only
17.1,-0.7000000000000001,0.30000000000000004,35.546,0.826,97,glass,0.1,6.4301,1,,8.83,5.1504,nord_diffuse_only
17.1,-0.7000000000000001,0.5,36.024,0.855,89,glass,0.1,6.9843,1,,8.83,5.7046,nord_diffuse_only
17.1,-0.7000000000000001,0.7000000000000001,36.284,1.01,93,glass,0.1,7.2858,1,,8.83,6.006,nord_diffuse_only
17.1,-0.7000000000000001,0.9,36.446,0.985,115,glass,0.1,7.4736,1,,8.83,6.1938,nord_diffuse_only
17.1,-0.7000000000000001,1.1,36.235,0.836,79,glass,0.1,7.229,1,,8.83,5.9492,nord_diffuse_only
17.1,-0.7000000000000001,1.3,36.222,0.78,62,glass,0.1,7.2139,1,,8.83,5.9341,nord_diffuse_only
17.1,-0.7000000000000001,1.5,36.067,0.652,35,glass,0.1,7.0342,1,,8.83,5.7544,nord_diffuse_only
17.1,-0.7000000000000001,1.7000000000000002,35.958,0.812,37,paint,0.6,6.9078,1,,52.98,-0.7709,nord_diffuse_only
17.1,-0.7000000000000001,1.9000000000000001,35.472,0.902,24,paint,0.6,6.3443,1,,52.98,-1.3344,nord_diffuse_only
17.1,-0.5,-0.30000000000000004,34.78,0.875,94,concrete,0.65,5.542,1,,0.0,5.542,
17.1,-0.5,1.9000000000000001,35.347,0.898,35,paint,0.6,6.1994,1,,0.0,6.1994,
17.1,-0.30000000000000004,-0.30000000000000004,35.075,0.883,96,concrete,0.65,5.8841,1,,0.0,5.8841,
17.1,-0.30000000000000004,1.9000000000000001,36.131,1.368,40,paint,0.6,7.1084,1,,0.0,7.1084,
17.1,-0.1,-0.30000000000000004,35.341,0.992,84,concrete,0.65,6.1925,1,,0.0,6.1925,
17.1,-0.1,1.9000000000000001,36.192,1.347,41,paint,0.6,7.1791,1,,0.0,7.1791,
17.1,0.1,-0.30000000000000004,35.557,1.034,99,concrete,0.65,6.4429,1,,0.0,6.4429,
17.1,0.1,1.9000000000000001,36.611,1.473,38,paint,0.6,7.6649,1,,0.0,7.6649,
17.1,0.30000000000000004,-0.30000000000000004,36.154,1.104,134,concrete,0.65,7.1351,1,,0.0,7.1351,
17.1,0.30000000000000004,1.9000000000000001,36.424,1.493,36,paint,0.6,7.4481,1,,0.0,7.4481,
17.1,0.5,-0.30000000000000004,36.663,0.887,92,concrete,0.65,7.7252,1,,0.0,7.7252,
17.1,0.5,1.9000000000000001,36.626,1.44,35,paint,0.6,7.6823,1,,0.0,7.6823,
17.1,0.7000000000000001,-0.30000000000000004,36.61,1.082,98,concrete,0.65,7.6638,1,,0.0,7.6638,
17.1,0.7000000000000001,1.9000000000000001,36.694,1.564,28,paint,0.6,7.7612,1,,0.0,7.7612,
17.1,0.9,-0.30000000000000004,36.351,1.38,105,concrete,0.65,7.3635,1,,0.0,7.3635,
17.1,0.9,1.9000000000000001,36.634,1.466,26,glass,0.1,7.6916,1,,0.0,7.6916,
17.1,1.1,-0.30000000000000004,36.182,1.188,102,concrete,0.65,7.1675,1,,0.0,7.1675,
17.1,1.1,1.9000000000000001,36.372,1.693,26,glass,0.1,7.3878,1,,0.0,7.3878,
17.1,1.3,-0.30000000000000004,35.636,1.511,112,concrete,0.65,6.5345,1,,0.0,6.5345,
17.1,1.3,1.9000000000000001,36.36,1.369,33,paint,0.6,7.3739,1,,0.0,7.3739,
17.1,1.5,-0.30000000000000004,35.035,1.656,105,concrete,0.65,5.8377,1,,0.0,5.8377,sud_opaque_no_correction
17.1,1.5,1.9000000000000001,35.981,1.457,33,paint,0.6,6.9345,1,,0.0,6.9345,sud_opaque_no_correction
17.1,1.7000000000000002,-0.30000000000000004,34.745,1.411,88,concrete,0.65,5.5014,1,,0.0,5.5014,sud_opaque_no_correction
17.1,1.7000000000000002,1.9000000000000001,35.31,1.095,31,paint,0.6,6.1565,1,,0.0,6.1565,sud_opaque_no_correction
17.3,-0.7000000000000001,-0.30000000000000004,34.956,0.606,156,concrete,0.65,5.7461,1,,57.4,-2.5726,nord_diffuse_only
17.3,-0.7000000000000001,-0.1,34.898,0.785,234,concrete,0.65,5.6788,1,,57.4,-2.6398,nord_diffuse_only
17.3,-0.7000000000000001,0.1,35.089,0.805,125,glass,0.1,5.9003,1,,8.83,4.6205,nord_diffuse_only
17.3,-0.7000000000000001,0.30000000000000004,35.45,0.837,101,glass,0.1,6.3188,1,,8.83,5.039,nord_diffuse_only
17.3,-0.7000000000000001,0.5,35.868,0.975,102,glass,0.1,6.8035,1,,8.83,5.5237,nord_diffuse_only
17.3,-0.7000000000000001,0.7000000000000001,35.939,1.034,109,glass,0.1,6.8858,1,,8.83,5.606,nord_diffuse_only
17.3,-0.7000000000000001,0.9,36.337,1.094,102,glass,0.1,7.3472,1,,8.83,6.0675,nord_diffuse_only
17.3,-0.7000000000000001,1.1,36.227,0.907,77,glass,0.1,7.2197,1,,8.83,5.9399,nord_diffuse_only
17.3,-0.7000000000000001,1.3,36.236,0.763,54,glass,0.1,7.2301,1,,8.83,5.9504,nord_diffuse_only
17.3,-0.7000000000000001,1.5,36.053,0.575,33,glass,0.1,7.018,1,,8.83,5.7382,nord_diffuse_only
17.3,-0.7000000000000001,1.7000000000000002,35.646,0.562,33,paint,0.6,6.5461,1,,52.98,-1.1327,nord_diffuse_only
17.3,-0.7000000000000001,1.9000000000000001,35.676,0.681,17,paint,0.6,6.5809,1,,52.98,-1.0979,nord_diffuse_only
17.3,-0.5,-0.30000000000000004,34.534,0.761,119,concrete,0.65,5.2568,1,,0.0,5.2568,
17.3,-0.5,1.9000000000000001,35.308,1.154,31,paint,0.6,6.1542,1,,0.0,6.1542,
17.3,-0.30000000000000004,-0.30000000000000004,34.966,0.929,148,concrete,0.65,5.7577,1,,0.0,5.7577,
17.3,-0.30000000000000004,1.9000000000000001,35.849,1.328,27,glass,0.1,6.7814,1,,0.0,6.7814,
17.3,-0.1,-0.30000000000000004,35.361,1.02,148,concrete,0.65,6.2157,1,,0.0,6.2157,
17.3,-0.1,1.9000000000000001,36.243,1.313,26,glass,0.1,7.2383,1,,0.0,7.2383,
17.3,0.1,-0.30000000000000004,36.063,1.037,106,concrete,0.65,7.0296,1,,0.0,7.0296,
17.3,0.1,1.9000000000000001,36.613,1.55,24,paint,0.6,7.6672,1,,0.0,7.6672,
17.3,0.30000000000000004,-0.30000000000000004,36.35,1.03,80,concrete,0.65,7.3623,1,,0.0,7.3623,
17.3,0.30000000000000004,1.9000000000000001,36.621,1.617,25,paint,0.6,7.6765,1,,0.0,7.6765,
17.3,0.5,-0.30000000000000004,36.321,0.803,74,concrete,0.65,7.3287,1,,0.0,7.3287,
17.3,0.5,1.9000000000000001,36.689,1.6,30,glass,0.1,7.7554,1,,0.0,7.7554,
17.3,0.7000000000000001,-0.30000000000000004,36.614,1.1,78,concrete,0.65,7.6684,1,,0.0,7.6684,
17.3,0.7000000000000001,1.9000000000000001,36.874,1.665,30,glass,0.1,7.9699,1,,0.0,7.9699,
17.3,0.9,-0.30000000000000004,35.915,1.493,81,concrete,0.65,6.858,1,,0.0,6.858,
17.3,0.9,1.9000000000000001,36.577,1.815,33,glass,0.1,7.6255,1,,0.0,7.6255,
17.3,1.1,-0.30000000000000004,35.999,1.386,91,concrete,0.65,6.9554,1,,0.0,6.9554,
17.3,1.1,1.9000000000000001,36.634,1.541,33,glass,0.1,7.6916,1,,0.0,7.6916,
17.3,1.3,-0.30000000000000004,36.103,1.37,72,concrete,0.65,7.0759,1,,0.0,7.0759,
17.3,1.3,1.9000000000000001,36.584,1.41,34,glass,0.1,7.6336,1,,0.0,7.6336,
17.3,1.5,-0.30000000000000004,35.643,1.407,74,concrete,0.65,6.5426,1,,0.0,6.5426,sud_opaque_no_correction
17.3,1.5,1.9000000000000001,36.019,1.417,32,glass,0.1,6.9786,1,,0.0,6.9786,sud_opaque_no_correction
17.3,1.7000000000000002,-0.30000000000000004,34.556,1.213,129,concrete,0.65,5.2823,1,,0.0,5.2823,sud_opaque_no_correction
17.3,1.7000000000000002,1.9000000000000001,35.356,1.044,36,glass,0.1,6.2099,1,,0.0,6.2099,sud_opaque_no_correction
17.5,-0.7000000000000001,-0.30000000000000004,34.794,0.795,193,concrete,0.65,5.5583,1,,57.4,-2.7604,nord_diffuse_only
17.5,-0.7000000000000001,-0.1,34.714,0.96,260,concrete,0.65,5.4655,1,,57.4,-2.8532,nord_diffuse_only
17.5,-0.7000000000000001,0.1,34.939,0.898,147,glass,0.1,5.7264,1,,8.83,4.4466,nord_diffuse_only
17.5,-0.7000000000000001,0.30000000000000004,35.386,0.916,127,glass,0.1,6.2446,1,,8.83,4.9648,nord_diffuse_only
17.5,-0.7000000000000001,0.5,35.733,1.001,116,glass,0.1,6.647,1,,8.83,5.3672,nord_diffuse_only
17.5,-0.7000000000000001,0.7000000000000001,36.044,1.073,148,glass,0.1,7.0075,1,,8.83,5.7277,nord_diffuse_only
17.5,-0.7000000000000001,0.9,36.293,1.051,109,glass,0.1,7.2962,1,,8.83,6.0164,nord_diffuse_only
17.5,-0.7000000000000001,1.1,36.135,0.906,81,glass,0.1,7.113,1,,8.83,5.8332,nord_diffuse_only
17.5,-0.7000000000000001,1.3,35.912,0.61,49,glass,0.1,6.8545,1,,8.83,5.5747,nord_diffuse_only
17.5,-0.7000000000000001,1.5,35.99,0.496,35,glass,0.1,6.9449,1,,8.83,5.6651,nord_diffuse_only
17.5,-0.7000000000000001,1.7000000000000002,35.754,0.698,31,glass,0.1,6.6713,1,,8.83,5.3915,nord_diffuse_only
17.5,-0.7000000000000001,1.9000000000000001,35.625,0.923,13,glass,0.1,6.5217,1,,8.83,5.2419,nord_diffuse_only
17.5,-0.5,-0.30000000000000004,34.921,0.655,111,concrete,0.65,5.7055,1,,0.0,5.7055,
17.5,-0.5,1.9000000000000001,35.335,1.048,33,glass,0.1,6.1855,1,,0.0,6.1855,
17.5,-0.30000000000000004,-0.30000000000000004,35.118,0.97,154,concrete,0.65,5.9339,1,,0.0,5.9339,
17.5,-0.30000000000000004,1.9000000000000001,35.704,1.398,28,glass,0.1,6.6133,1,,0.0,6.6133,
17.5,-0.1,-0.30000000000000004,35.424,0.981,161,concrete,0.65,6.2887,1,,0.0,6.2887,
17.5,-0.1,1.9000000000000001,35.889,1.259,39,glass,0.1,6.8278,1,,0.0,6.8278,
17.5,0.1,-0.30000000000000004,35.976,1.297,146,concrete,0.65,6.9287,1,,0.0,6.9287,
17.5,0.1,1.9000000000000001,36.311,1.352,44,glass,0.1,7.3171,1,,0.0,7.3171,
17.5,0.30000000000000004,-0.30000000000000004,36.637,1.066,137,concrete,0.65,7.6951,1,,0.0,7.6951,
17.5,0.30000000000000004,1.9000000000000001,36.52,1.426,37,glass,0.1,7.5594,1,,0.0,7.5594,
17.5,0.5,-0.30000000000000004,36.878,0.882,124,concrete,0.65,7.9745,1,,0.0,7.9745,
17.5,0.5,1.9000000000000001,36.373,1.518,41,glass,0.1,7.389,1,,0.0,7.389,
17.5,0.7000000000000001,-0.30000000000000004,36.851,1.169,130,concrete,0.65,7.9432,1,,0.0,7.9432,
17.5,0.7000000000000001,1.9000000000000001,36.31,1.581,49,glass,0.1,7.3159,1,,0.0,7.3159,
17.5,0.9,-0.30000000000000004,36.907,1.038,114,concrete,0.65,8.0081,0,implausible,0.0,8.0081,
17.5,0.9,1.9000000000000001,36.086,1.605,46,glass,0.1,7.0562,1,,0.0,7.0562,
17.5,1.1,-0.30000000000000004,36.679,0.808,102,concrete,0.65,7.7438,1,,0.0,7.7438,
17.5,1.1,1.9000000000000001,36.185,1.69,45,glass,0.1,7.171,1,,0.0,7.171,
17.5,1.3,-0.30000000000000004,36.121,1.332,138,concrete,0.65,7.0968,1,,0.0,7.0968,
17.5,1.3,1.9000000000000001,35.592,1.46,39,glass,0.1,6.4835,1,,0.0,6.4835,
17.5,1.5,-0.30000000000000004,35.161,1.466,209,concrete,0.65,5.9838,1,,0.0,5.9838,sud_opaque_no_correction
17.5,1.5,1.9000000000000001,35.545,1.315,39,glass,0.1,6.429,1,,0.0,6.429,sud_opaque_no_correction
17.5,1.7000000000000002,-0.30000000000000004,34.819,1.281,184,concrete,0.65,5.5872,1,,0.0,5.5872,sud_opaque_no_correction
17.5,1.7000000000000002,1.9000000000000001,35.174,1.076,38,glass,0.1,5.9988,1,,0.0,5.9988,sud_opaque_no_correction
17.7,-0.7000000000000001,-0.30000000000000004,34.581,0.97,210,concrete,0.65,5.3113,1,,57.4,-3.0074,nord_diffuse_only
17.7,-0.7000000000000001,-0.1,34.643,1.045,292,concrete,0.65,5.3832,1,,57.4,-2.9355,nord_diffuse_only
17.7,-0.7000000000000001,0.1,34.763,1.126,166,painted_metal,0.65,5.5223,1,,57.4,-2.7963,nord_diffuse_only
17.7,-0.7000000000000001,0.30000000000000004,35.295,1.076,134,painted_metal,0.65,6.1391,1,,57.4,-2.1795,nord_diffuse_only
17.7,-0.7000000000000001,0.5,35.758,1.09,127,painted_metal,0.65,6.6759,1,,57.4,-1.6427,nord_diffuse_only
17.7,-0.7000000000000001,0.7000000000000001,36.01,1.19,160,painted_metal,0.65,6.9681,1,,57.4,-1.3505,nord_diffuse_only
17.7,-0.7000000000000001,0.9,36.229,1.261,108,glass,0.1,7.222,1,,8.83,5.9422,nord_diffuse_only
17.7,-0.7000000000000001,1.1,36.109,1.151,91,glass,0.1,7.0829,1,,8.83,5.8031,nord_diffuse_only
17.7,-0.7000000000000001,1.3,36.099,0.734,59,glass,0.1,7.0713,1,,8.83,5.7915,nord_diffuse_only
17.7,-0.7000000000000001,1.5,35.958,0.6,36,glass,0.1,6.9078,1,,8.83,5.628,nord_diffuse_only
17.7,-0.7000000000000001,1.7000000000000002,36.065,0.88,31,paint,0.6,7.0319,1,,52.98,-0.6469,nord_diffuse_only
17.7,-0.7000000000000001,1.9000000000000001,35.865,1.088,14,paint,0.6,6.8,1,,52.98,-0.8788,nord_diffuse_only
17.7,-0.5,-0.30000000000000004,34.514,0.858,141,concrete,0.65,5.2336,1,,0.0,5.2336,
17.7,-0.5,1.9000000000000001,35.061,1.23,26,paint,0.6,5.8678,1,,0.0,5.8678,
17.7,-0.30000000000000004,-0.30000000000000004,34.747,0.975,168,concrete,0.65,5.5038,1,,0.0,5.5038,
17.7,-0.30000000000000004,1.9000000000000001,35.053,1.459,26,glass,0.1,5.8586,1,,0.0,5.8586,
17.7,-0.1,-0.30000000000000004,35.575,1.003,144,concrete,0.65,6.4638,1,,0.0,6.4638,
17.7,-0.1,1.9000000000000001,35.318,1.397,27,glass,0.1,6.1658,1,,0.0,6.1658,
17.7,0.1,-0.30000000000000004,35.863,1.171,199,concrete,0.65,6.7977,1,,0.0,6.7977,
17.7,0.1,1.9000000000000001,35.353,1.461,22,glass,0.1,6.2064,1,,0.0,6.2064,
17.7,0.30000000000000004,-0.30000000000000004,36.382,0.99,199,concrete,0.65,7.3994,1,,0.0,7.3994,
17.7,0.30000000000000004,1.9000000000000001,35.51,1.434,28,glass,0.1,6.3884,1,,0.0,6.3884,
17.7,0.5,-0.30000000000000004,36.595,0.874,208,concrete,0.65,7.6464,1,,0.0,7.6464,
17.7,0.5,1.9000000000000001,35.813,1.553,26,glass,0.1,6.7397,1,,0.0,6.7397,
17.7,0.7000000000000001,-0.30000000000000004,36.746,0.95,183,concrete,0.65,7.8214,1,,0.0,7.8214,
17.7,0.7000000000000001,1.9000000000000001,36.059,1.528,18,glass,0.1,7.0249,1,,0.0,7.0249,
17.7,0.9,-0.30000000000000004,36.562,1.118,158,concrete,0.65,7.6081,1,,0.0,7.6081,
17.7,0.9,1.9000000000000001,36.021,1.429,22,glass,0.1,6.9809,1,,0.0,6.9809,
17.7,1.1,-0.30000000000000004,36.342,1.324,167,concrete,0.65,7.353,1,,0.0,7.353,
17.7,1.1,1.9000000000000001,35.946,1.206,21,glass,0.1,6.8939,1,,0.0,6.8939,
17.7,1.3,-0.30000000000000004,35.763,1.584,193,concrete,0.65,6.6817,1,,0.0,6.6817,
17.7,1.3,1.9000000000000001,36.036,1.235,23,glass,0.1,6.9983,1,,0.0,6.9983,
17.7,1.5,-0.30000000000000004,35.441,1.676,192,concrete,0.65,6.3084,1,,0.0,6.3084,sud_opaque_no_correction
17.7,1.5,1.9000000000000001,35.806,1.163,26,glass,0.1,6.7316,1,,0.0,6.7316,sud_opaque_no_correction
17.7,1.7000000000000002,-0.30000000000000004,34.889,1.556,184,concrete,0.65,5.6684,1,,0.0,5.6684,sud_opaque_no_correction
17.7,1.7000000000000002,1.9000000000000001,35.285,1.139,26,glass,0.1,6.1275,1,,0.0,6.1275,sud_opaque_no_correction
17.900000000000002,-0.7000000000000001,-0.30000000000000004,34.61,0.922,255,concrete,0.65,5.3449,1,,57.4,-2.9737,nord_diffuse_only
17.900000000000002,-0.7000000000000001,-0.1,34.628,1.051,453,concrete,0.65,5.3658,1,,57.4,-2.9529,nord_diffuse_only
17.900000000000002,-0.7000000000000001,0.1,34.836,1.149,227,painted_metal,0.65,5.607,1,,57.4,-2.7117,nord_diffuse_only
17.900000000000002,-0.7000000000000001,0.30000000000000004,35.416,1.056,176,glass,0.1,6.2794,1,,8.83,4.9996,nord_diffuse_only
17.900000000000002,-0.7000000000000001,0.5,35.743,1.175,175,painted_metal,0.65,6.6586,1,,57.4,-1.6601,nord_diffuse_only
17.900000000000002,-0.7000000000000001,0.7000000000000001,36.078,1.143,194,glass,0.1,7.047,1,,8.83,5.7672,nord_diffuse_only
17.900000000000002,-0.7000000000000001,0.9,36.03,1.317,136,glass,0.1,6.9913,1,,8.83,5.7115,nord_diffuse_only
17.900000000000002,-0.7000000000000001,1.1,35.874,1.234,77,glass,0.1,6.8104,1,,8.83,5.5306,nord_diffuse_only
17.900000000000002,-0.7000000000000001,1.3,35.982,0.687,57,glass,0.1,6.9357,1,,8.83,5.6559,nord_diffuse_only
17.900000000000002,-0.7000000000000001,1.5,35.815,0.735,27,glass,0.1,6.742,1,,8.83,5.4622,nord_diffuse_only
17.900000000000002,-0.7000000000000001,1.7000000000000002,35.972,0.763,35,glass,0.1,6.9241,1,,8.83,5.6443,nord_diffuse_only
17.900000000000002,-0.7000000000000001,1.9000000000000001,35.842,0.838,11,glass,0.1,6.7733,1,,8.83,5.4935,nord_diffuse_only
17.900000000000002,-0.5,-0.30000000000000004,34.783,0.837,161,concrete,0.65,5.5455,1,,0.0,5.5455,
17.900000000000002,-0.5,1.9000000000000001,35.426,0.839,19,glass,0.1,6.291,1,,0.0,6.291,
17.900000000000002,-0.30000000000000004,-0.30000000000000004,35.055,1.041,187,concrete,0.65,5.8609,1,,0.0,5.8609,
17.900000000000002,-0.30000000000000004,1.9000000000000001,35.622,1.224,23,glass,0.1,6.5183,1,,0.0,6.5183,
17.900000000000002,-0.1,-0.30000000000000004,35.394,0.925,221,concrete,0.65,6.2539,1,,0.0,6.2539,
17.900000000000002,-0.1,1.9000000000000001,35.86,1.296,24,glass,0.1,6.7942,1,,0.0,6.7942,
17.900000000000002,0.1,-0.30000000000000004,36.066,0.894,206,concrete,0.65,7.033,1,,0.0,7.033,
17.900000000000002,0.1,1.9000000000000001,36.405,1.173,21,glass,0.1,7.4261,1,,0.0,7.4261,
17.900000000000002,0.30000000000000004,-0.30000000000000004,36.575,0.901,179,concrete,0.65,7.6232,1,,0.0,7.6232,
17.900000000000002,0.30000000000000004,1.9000000000000001,36.144,1.388,22,glass,0.1,7.1235,1,,0.0,7.1235,
17.900000000000002,0.5,-0.30000000000000004,36.792,0.808,174,concrete,0.65,7.8748,1,,0.0,7.8748,
17.900000000000002,0.5,1.9000000000000001,36.18,1.326,28,glass,0.1,7.1652,1,,0.0,7.1652,
17.900000000000002,0.7000000000000001,-0.30000000000000004,36.591,1.192,198,concrete,0.65,7.6417,1,,0.0,7.6417,
17.900000000000002,0.7000000000000001,1.9000000000000001,36.132,1.429,29,glass,0.1,7.1096,1,,0.0,7.1096,
17.900000000000002,0.9,-0.30000000000000004,36.279,1.519,222,concrete,0.65,7.28,1,,0.0,7.28,
17.900000000000002,0.9,1.9000000000000001,36.309,1.522,30,glass,0.1,7.3148,1,,0.0,7.3148,
17.900000000000002,1.1,-0.30000000000000004,36.234,1.444,235,concrete,0.65,7.2278,1,,0.0,7.2278,
17.900000000000002,1.1,1.9000000000000001,36.535,1.59,31,glass,0.1,7.5768,1,,0.0,7.5768,
17.900000000000002,1.3,-0.30000000000000004,35.822,1.607,219,concrete,0.65,6.7501,1,,0.0,6.7501,
17.900000000000002,1.3,1.9000000000000001,36.227,1.586,27,glass,0.1,7.2197,1,,0.0,7.2197,
17.900000000000002,1.5,-0.30000000000000004,35.405,1.925,176,concrete,0.65,6.2667,1,,0.0,6.2667,sud_opaque_no_correction
17.900000000000002,1.5,1.9000000000000001,35.587,1.483,22,glass,0.1,6.4777,1,,0.0,6.4777,sud_opaque_no_correction
17.900000000000002,1.7000000000000002,-0.30000000000000004,34.894,1.718,152,concrete,0.65,5.6742,1,,0.0,5.6742,sud_opaque_no_correction
17.900000000000002,1.7000000000000002,1.9000000000000001,35.143,1.233,31,glass,0.1,5.9629,1,,0.0,5.9629,sud_opaque_no_correction
18.1,-0.7000000000000001,-0.30000000000000004,34.537,0.961,254,concrete,0.65,5.2603,1,,57.4,-3.0584,nord_diffuse_only
18.1,-0.7000000000000001,-0.1,34.521,1.18,445,concrete,0.65,5.2417,1,,57.4,-3.0769,nord_diffuse_only
18.1,-0.7000000000000001,0.1,34.919,1.017,225,glass,0.1,5.7032,1,,8.83,4.4234,nord_diffuse_only
18.1,-0.7000000000000001,0.30000000000000004,35.356,1.015,192,painted_metal,0.65,6.2099,1,,57.4,-2.1088,nord_diffuse_only
18.1,-0.7000000000000001,0.5,35.807,1.089,191,painted_metal,0.65,6.7328,1,,57.4,-1.5859,nord_diffuse_only
18.1,-0.7000000000000001,0.7000000000000001,36.244,1.034,205,painted_metal,0.65,7.2394,1,,57.4,-1.0792,nord_diffuse_only
18.1,-0.7000000000000001,0.9,35.969,1.143,127,glass,0.1,6.9206,1,,8.83,5.6408,nord_diffuse_only
18.1,-0.7000000000000001,1.1,36.074,1.08,86,glass,0.1,7.0423,1,,8.83,5.7625,nord_diffuse_only
18.1,-0.7000000000000001,1.3,36.135,0.771,54,glass,0.1,7.113,1,,8.83,5.8332,nord_diffuse_only
18.1,-0.7000000000000001,1.5,35.969,0.678,38,glass,0.1,6.9206,1,,8.83,5.6408,nord_diffuse_only
18.1,-0.7000000000000001,1.7000000000000002,35.836,0.707,37,glass,0.1,6.7664,1,,8.83,5.4866,nord_diffuse_only
18.1,-0.7000000000000001,1.9000000000000001,35.747,1.072,11,glass,0.1,6.6632,1,,8.83,5.3834,nord_diffuse_only
18.1,-0.5,-0.30000000000000004,34.829,0.855,122,concrete,0.65,5.5988,1,,0.0,5.5988,
18.1,-0.5,1.9000000000000001,35.32,1.286,30,glass,0.1,6.1681,1,,0.0,6.1681,
18.1,-0.30000000000000004,-0.30000000000000004,35.199,1.14,108,concrete,0.65,6.0278,1,,0.0,6.0278,
18.1,-0.30000000000000004,1.9000000000000001,35.452,1.612,29,glass,0.1,6.3212,1,,0.0,6.3212,
18.1,-0.1,-0.30000000000000004,35.939,1.047,168,concrete,0.65,6.8858,1,,0.0,6.8858,
18.1,-0.1,1.7000000000000002,36.694,0.0,1,glass,0.1,7.7612,1,,0.0,7.7612,
18.1,-0.1,1.9000000000000001,35.775,1.638,32,glass,0.1,6.6957,1,,0.0,6.6957,
18.1,0.1,-0.30000000000000004,36.239,1.103,153,concrete,0.65,7.2336,1,,0.0,7.2336,
18.1,0.1,1.7000000000000002,37.329,0.0,1,glass,0.1,8.4974,0,solar_suspected,0.0,8.4974,
18.1,0.1,1.9000000000000001,36.05,1.647,33,glass,0.1,7.0145,1,,0.0,7.0145,
18.1,0.30000000000000004,-0.30000000000000004,36.532,0.916,176,concrete,0.65,7.5733,1,,0.0,7.5733,
18.1,0.30000000000000004,1.9000000000000001,36.231,1.589,33,glass,0.1,7.2243,1,,0.0,7.2243,
18.1,0.5,-0.30000000000000004,36.829,0.892,157,concrete,0.65,7.9177,1,,0.0,7.9177,
18.1,0.5,1.7000000000000002,39.103,0.0,1,glass,0.1,10.5542,0,solar_suspected,0.0,10.5542,
18.1,0.5,1.9000000000000001,36.257,1.725,30,glass,0.1,7.2545,1,,0.0,7.2545,
18.1,0.7000000000000001,-0.30000000000000004,36.78,1.212,154,concrete,0.65,7.8609,1,,0.0,7.8609,
18.1,0.7000000000000001,1.7000000000000002,37.593,1.643,5,glass,0.1,8.8035,0,solar_suspected,0.0,8.8035,
18.1,0.7000000000000001,1.9000000000000001,36.275,1.725,33,glass,0.1,7.2754,1,,0.0,7.2754,
18.1,0.9,-0.30000000000000004,36.298,1.636,167,concrete,0.65,7.302,1,,0.0,7.302,
18.1,0.9,1.7000000000000002,38.941,0.0,1,glass,0.1,10.3664,0,solar_suspected,0.0,10.3664,
18.1,0.9,1.9000000000000001,36.348,1.733,25,glass,0.1,7.36,1,,0.0,7.36,
18.1,1.1,-0.30000000000000004,36.123,1.643,168,concrete,0.65,7.0991,1,,0.0,7.0991,
18.1,1.1,1.7000000000000002,37.137,0.0,1,glass,0.1,8.2748,0,solar_suspected,0.0,8.2748,
18.1,1.1,1.9000000000000001,36.142,1.755,21,glass,0.1,7.1212,1,,0.0,7.1212,
18.1,1.3,-0.30000000000000004,35.756,1.833,102,concrete,0.65,6.6736,1,,0.0,6.6736,
18.1,1.3,1.9000000000000001,35.863,1.724,33,glass,0.1,6.7977,1,,0.0,6.7977,
18.1,1.5,-0.30000000000000004,35.242,1.84,125,concrete,0.65,6.0777,1,,0.0,6.0777,sud_opaque_no_correction
18.1,1.5,1.9000000000000001,36.316,1.993,30,glass,0.1,7.3229,1,,0.0,7.3229,sud_opaque_no_correction
18.1,1.7000000000000002,-0.30000000000000004,34.764,1.649,131,concrete,0.65,5.5235,1,,0.0,5.5235,sud_opaque_no_correction
18.1,1.7000000000000002,1.9000000000000001,36.029,2.255,29,glass,0.1,6.9901,1,,0.0,6.9901,sud_opaque_no_correction
18.3,-0.7000000000000001,-0.30000000000000004,34.49,0.956,239,concrete,0.65,5.2058,1,,57.4,-3.1129,nord_diffuse_only
18.3,-0.7000000000000001,-0.1,34.517,1.094,462,concrete,0.65,5.2371,1,,57.4,-3.0816,nord_diffuse_only
18.3,-0.7000000000000001,0.1,34.858,0.966,227,painted_metal,0.65,5.6325,1,,57.4,-2.6862,nord_diffuse_only
18.3,-0.7000000000000001,0.30000000000000004,35.395,0.96,184,painted_metal,0.65,6.2551,1,,57.4,-2.0636,nord_diffuse_only
18.3,-0.7000000000000001,0.5,35.847,0.974,178,painted_metal,0.65,6.7791,1,,57.4,-1.5395,nord_diffuse_only
18.3,-0.7000000000000001,0.7000000000000001,36.116,1.036,214,painted_metal,0.65,7.091,1,,57.4,-1.2276,nord_diffuse_only
18.3,-0.7000000000000001,0.9,36.084,1.143,128,glass,0.1,7.0539,1,,8.83,5.7741,nord_diffuse_only
18.3,-0.7000000000000001,1.1,36.037,1.093,92,glass,0.1,6.9994,1,,8.83,5.7196,nord_diffuse_only
18.3,-0.7000000000000001,1.3,35.933,0.773,51,glass,0.1,6.8788,1,,8.83,5.599,nord_diffuse_only
18.3,-0.7000000000000001,1.5,35.91,0.746,36,glass,0.1,6.8522,1,,8.83,5.5724,nord_diffuse_only
18.3,-0.7000000000000001,1.7000000000000002,35.616,0.878,32,glass,0.1,6.5113,1,,8.83,5.2315,nord_diffuse_only
18.3,-0.7000000000000001,1.9000000000000001,36.156,0.704,11,paint,0.6,7.1374,1,,52.98,-0.5414,nord_diffuse_only
18.3,-0.5,-0.30000000000000004,34.597,0.909,114,concrete,0.65,5.3299,1,,0.0,5.3299,
18.3,-0.5,1.9000000000000001,35.448,0.997,28,glass,0.1,6.3165,1,,0.0,6.3165,
18.3,-0.30000000000000004,-0.30000000000000004,34.912,1.082,126,concrete,0.65,5.6951,1,,0.0,5.6951,
18.3,-0.30000000000000004,1.9000000000000001,35.545,1.569,26,glass,0.1,6.429,1,,0.0,6.429,
18.3,-0.1,-0.30000000000000004,35.733,1.114,107,concrete,0.65,6.647,1,,0.0,6.647,
18.3,-0.1,1.9000000000000001,36.049,1.558,30,glass,0.1,7.0133,1,,0.0,7.0133,
18.3,0.1,-0.30000000000000004,36.487,1.176,103,concrete,0.65,7.5212,1,,0.0,7.5212,
18.3,0.1,1.9000000000000001,36.457,1.583,27,glass,0.1,7.4864,1,,0.0,7.4864,
18.3,0.30000000000000004,-0.30000000000000004,36.742,0.925,126,concrete,0.65,7.8168,1,,0.0,7.8168,
18.3,0.30000000000000004,1.9000000000000001,36.399,1.691,25,glass,0.1,7.4191,1,,0.0,7.4191,
18.3,0.5,-0.30000000000000004,36.765,0.871,138,concrete,0.65,7.8435,1,,0.0,7.8435,
18.3,0.5,1.9000000000000001,36.322,1.695,28,glass,0.1,7.3299,1,,0.0,7.3299,
18.3,0.7000000000000001,-0.30000000000000004,36.479,1.166,137,concrete,0.65,7.5119,1,,0.0,7.5119,
18.3,0.7000000000000001,1.7000000000000002,37.123,1.426,6,glass,0.1,8.2586,0,solar_suspected,0.0,8.2586,
18.3,0.7000000000000001,1.9000000000000001,35.745,1.489,19,glass,0.1,6.6609,1,,0.0,6.6609,
18.3,0.9,-0.30000000000000004,36.188,1.435,145,concrete,0.65,7.1745,1,,0.0,7.1745,
18.3,0.9,1.7000000000000002,39.046,0.0,1,glass,0.1,10.4881,0,solar_suspected,0.0,10.4881,
18.3,0.9,1.9000000000000001,36.573,1.985,22,glass,0.1,7.6209,1,,0.0,7.6209,
18.3,1.1,-0.30000000000000004,35.987,1.456,121,concrete,0.65,6.9414,1,,0.0,6.9414,
18.3,1.1,1.7000000000000002,34.78,0.0,1,paint,0.6,5.542,1,,0.0,5.542,
18.3,1.1,1.9000000000000001,37.022,2.004,29,glass,0.1,8.1414,0,solar_suspected,0.0,8.1414,
18.3,1.3,-0.30000000000000004,35.615,1.527,119,concrete,0.65,6.5101,1,,0.0,6.5101,
18.3,1.3,1.9000000000000001,36.817,1.579,24,glass,0.1,7.9038,1,,0.0,7.9038,
18.3,1.5,-0.30000000000000004,35.273,1.623,136,concrete,0.65,6.1136,1,,0.0,6.1136,sud_opaque_no_correction
18.3,1.5,1.9000000000000001,36.396,1.621,28,glass,0.1,7.4157,1,,0.0,7.4157,sud_opaque_no_correction
18.3,1.7000000000000002,-0.30000000000000004,34.841,1.516,153,concrete,0.65,5.6128,1,,0.0,5.6128,sud_opaque_no_correction
18.3,1.7000000000000002,1.7000000000000002,34.405,0.33,2,glass,0.1,5.1072,1,,0.0,5.1072,sud_opaque_no_correction
18.3,1.7000000000000002,1.9000000000000001,35.552,1.345,33,glass,0.1,6.4371,1,,0.0,6.4371,sud_opaque_no_correction
18.5,-0.7000000000000001,-0.30000000000000004,34.524,0.95,225,concrete,0.65,5.2452,1,,57.4,-3.0734,nord_diffuse_only
18.5,-0.7000000000000001,-0.1,34.545,1.084,465,concrete,0.65,5.2696,1,,57.4,-3.0491,nord_diffuse_only
18.5,-0.7000000000000001,0.1,34.969,0.968,247,painted_metal,0.65,5.7612,1,,57.4,-2.5575,nord_diffuse_only
18.5,-0.7000000000000001,0.30000000000000004,35.399,0.969,209,painted_metal,0.65,6.2597,1,,57.4,-2.0589,nord_diffuse_only
18.5,-0.7000000000000001,0.5,35.91,1.031,193,painted_metal,0.65,6.8522,1,,57.4,-1.4665,nord_diffuse_only
18.5,-0.7000000000000001,0.7000000000000001,36.212,1.004,209,painted_metal,0.65,7.2023,1,,57.4,-1.1163,nord_diffuse_only
18.5,-0.7000000000000001,0.9,36.104,1.094,130,glass,0.1,7.0771,1,,8.83,5.7973,nord_diffuse_only
18.5,-0.7000000000000001,1.1,35.867,1.247,83,glass,0.1,6.8023,1,,8.83,5.5225,nord_diffuse_only
18.5,-0.7000000000000001,1.3,36.05,0.962,62,glass,0.1,7.0145,1,,8.83,5.7347,nord_diffuse_only
18.5,-0.7000000000000001,1.5,35.725,0.637,40,glass,0.1,6.6377,1,,8.83,5.3579,nord_diffuse_only
18.5,-0.7000000000000001,1.7000000000000002,35.745,0.877,37,glass,0.1,6.6609,1,,8.83,5.3811,nord_diffuse_only
18.5,-0.7000000000000001,1.9000000000000001,35.926,0.975,14,glass,0.1,6.8707,1,,8.83,5.5909,nord_diffuse_only
18.5,-0.5,-0.30000000000000004,34.83,0.795,106,concrete,0.65,5.6,1,,0.0,5.6,
18.5,-0.5,1.7000000000000002,35.888,0.986,5,glass,0.1,6.8267,1,,0.0,6.8267,
18.5,-0.5,1.9000000000000001,35.32,0.808,43,glass,0.1,6.1681,1,,0.0,6.1681,
18.5,-0.30000000000000004,-0.30000000000000004,35.111,1.074,109,concrete,0.65,5.9258,1,,0.0,5.9258,
18.5,-0.30000000000000004,1.7000000000000002,36.589,0.951,5,glass,0.1,7.6394,1,,0.0,7.6394,
18.5,-0.30000000000000004,1.9000000000000001,35.85,1.112,39,glass,0.1,6.7826,1,,0.0,6.7826,
18.5,-0.1,-0.30000000000000004,35.798,1.009,102,concrete,0.65,6.7223,1,,0.0,6.7223,
18.5,-0.1,1.7000000000000002,36.271,1.04,4,glass,0.1,7.2707,1,,0.0,7.2707,
18.5,-0.1,1.9000000000000001,36.237,1.278,41,glass,0.1,7.2313,1,,0.0,7.2313,
18.5,0.1,-0.30000000000000004,36.021,1.006,104,concrete,0.65,6.9809,1,,0.0,6.9809,
18.5,0.1,1.7000000000000002,36.764,0.964,3,glass,0.1,7.8423,1,,0.0,7.8423,
18.5,0.1,1.9000000000000001,36.391,1.539,42,glass,0.1,7.4099,1,,0.0,7.4099,
18.5,0.30000000000000004,-0.30000000000000004,36.203,0.95,93,concrete,0.65,7.1919,1,,0.0,7.1919,
18.5,0.30000000000000004,1.7000000000000002,36.351,1.001,4,glass,0.1,7.3635,1,,0.0,7.3635,
18.5,0.30000000000000004,1.9000000000000001,36.54,1.882,39,glass,0.1,7.5826,1,,0.0,7.5826,
18.5,0.5,-0.30000000000000004,36.506,0.914,116,concrete,0.65,7.5432,1,,0.0,7.5432,
18.5,0.5,1.7000000000000002,36.411,1.286,4,glass,0.1,7.433,1,,0.0,7.433,
18.5,0.5,1.9000000000000001,36.196,1.982,35,glass,0.1,7.1838,1,,0.0,7.1838,
18.5,0.7000000000000001,-0.30000000000000004,36.452,1.231,118,concrete,0.65,7.4806,1,,0.0,7.4806,
18.5,0.7000000000000001,1.7000000000000002,36.616,1.367,4,glass,0.1,7.6707,1,,0.0,7.6707,
18.5,0.7000000000000001,1.9000000000000001,36.627,2.004,39,glass,0.1,7.6835,1,,0.0,7.6835,
18.5,0.9,-0.30000000000000004,36.141,1.627,125,concrete,0.65,7.12,1,,0.0,7.12,
18.5,0.9,1.7000000000000002,36.389,1.235,3,glass,0.1,7.4075,1,,0.0,7.4075,
18.5,0.9,1.9000000000000001,36.825,1.914,44,glass,0.1,7.913,1,,0.0,7.913,
18.5,1.1,-0.30000000000000004,35.915,1.765,103,concrete,0.65,6.858,1,,0.0,6.858,
18.5,1.1,1.7000000000000002,35.602,1.146,5,glass,0.1,6.4951,1,,0.0,6.4951,
18.5,1.1,1.9000000000000001,36.37,1.876,39,glass,0.1,7.3855,1,,0.0,7.3855,
18.5,1.3,-0.30000000000000004,35.606,1.702,136,concrete,0.65,6.4997,1,,0.0,6.4997,
18.5,1.3,1.7000000000000002,35.903,1.111,7,glass,0.1,6.8441,1,,0.0,6.8441,
18.5,1.3,1.9000000000000001,36.466,1.99,42,glass,0.1,7.4968,1,,0.0,7.4968,
18.5,1.5,-0.30000000000000004,34.996,1.867,116,concrete,0.65,5.7925,1,,0.0,5.7925,sud_opaque_no_correction
18.5,1.5,1.7000000000000002,36.271,1.152,10,glass,0.1,7.2707,1,,0.0,7.2707,sud_opaque_no_correction
18.5,1.5,1.9000000000000001,36.065,1.872,34,glass,0.1,7.0319,1,,0.0,7.0319,sud_opaque_no_correction
18.5,1.7000000000000002,-0.30000000000000004,34.456,1.733,95,concrete,0.65,5.1664,1,,0.0,5.1664,sud_opaque_no_correction
18.5,1.7000000000000002,1.7000000000000002,36.665,0.6,3,glass,0.1,7.7275,1,,0.0,7.7275,sud_opaque_no_correction
18.5,1.7000000000000002,1.9000000000000001,35.709,2.153,36,glass,0.1,6.6191,1,,0.0,6.6191,sud_opaque_no_correction
18.7,-0.7000000000000001,-0.30000000000000004,34.486,0.914,240,concrete,0.65,5.2012,1,,57.4,-3.1175,nord_diffuse_only
18.7,-0.7000000000000001,-0.1,34.543,1.025,470,concrete,0.65,5.2672,1,,57.4,-3.0514,nord_diffuse_only
18.7,-0.7000000000000001,0.1,34.904,0.946,243,painted_metal,0.65,5.6858,1,,57.4,-2.6329,nord_diffuse_only
18.7,-0.7000000000000001,0.30000000000000004,35.312,0.886,201,painted_metal,0.65,6.1588,1,,57.4,-2.1598,nord_diffuse_only
18.7,-0.7000000000000001,0.5,35.861,0.946,195,painted_metal,0.65,6.7954,1,,57.4,-1.5233,nord_diffuse_only
18.7,-0.7000000000000001,0.7000000000000001,36.132,1.024,211,painted_metal,0.65,7.1096,1,,57.4,-1.2091,nord_diffuse_only
18.7,-0.7000000000000001,0.9,36.183,1.098,122,glass,0.1,7.1687,1,,8.83,5.8889,nord_diffuse_only
18.7,-0.7000000000000001,1.1,35.923,1.277,93,glass,0.1,6.8672,1,,8.83,5.5875,nord_diffuse_only
18.7,-0.7000000000000001,1.3,35.934,0.869,48,glass,0.1,6.88,1,,8.83,5.6002,nord_diffuse_only
18.7,-0.7000000000000001,1.5,36.016,0.812,38,glass,0.1,6.9751,1,,8.83,5.6953,nord_diffuse_only
18.7,-0.7000000000000001,1.7000000000000002,35.659,0.992,46,glass,0.1,6.5612,1,,8.83,5.2814,nord_diffuse_only
18.7,-0.7000000000000001,1.9000000000000001,35.828,0.47,2,paint,0.6,6.7571,1,,52.98,-0.9217,nord_diffuse_only
18.7,-0.5,-0.30000000000000004,34.538,0.858,105,concrete,0.65,5.2614,1,,0.0,5.2614,
18.7,-0.5,1.7000000000000002,36.852,0.745,2,glass,0.1,7.9443,1,,0.0,7.9443,
18.7,-0.5,1.9000000000000001,35.927,1.087,31,glass,0.1,6.8719,1,,0.0,6.8719,
18.7,-0.30000000000000004,-0.30000000000000004,35.213,1.096,139,concrete,0.65,6.0441,1,,0.0,6.0441,
18.7,-0.30000000000000004,1.9000000000000001,36.66,1.624,33,glass,0.1,7.7217,1,,0.0,7.7217,
18.7,-0.1,-0.30000000000000004,35.984,1.062,127,concrete,0.65,6.938,1,,0.0,6.938,
18.7,-0.1,1.7000000000000002,37.597,0.0,1,glass,0.1,8.8081,0,solar_suspected,0.0,8.8081,
18.7,-0.1,1.9000000000000001,36.774,1.649,33,glass,0.1,7.8539,1,,0.0,7.8539,
18.7,0.1,-0.30000000000000004,36.324,1.093,137,concrete,0.65,7.3322,1,,0.0,7.3322,
18.7,0.1,1.7000000000000002,37.733,0.317,4,glass,0.1,8.9658,0,solar_suspected,0.0,8.9658,
18.7,0.1,1.9000000000000001,36.697,1.881,31,glass,0.1,7.7646,1,,0.0,7.7646,
18.7,0.30000000000000004,-0.30000000000000004,36.699,0.945,129,concrete,0.65,7.767,1,,0.0,7.767,
18.7,0.30000000000000004,1.7000000000000002,37.221,1.535,7,glass,0.1,8.3722,0,solar_suspected,0.0,8.3722,
18.7,0.30000000000000004,1.9000000000000001,37.078,1.924,31,glass,0.1,8.2064,0,solar_suspected,0.0,8.2064,
18.7,0.5,-0.30000000000000004,36.788,0.824,136,concrete,0.65,7.8701,1,,0.0,7.8701,
18.7,0.5,1.7000000000000002,36.521,1.897,11,glass,0.1,7.5606,1,,0.0,7.5606,
18.7,0.5,1.9000000000000001,37.038,2.002,27,glass,0.1,8.16,0,solar_suspected,0.0,8.16,
18.7,0.7000000000000001,-0.30000000000000004,36.494,1.349,129,concrete,0.65,7.5293,1,,0.0,7.5293,
18.7,0.7000000000000001,1.7000000000000002,38.45,0.664,3,glass,0.1,9.7971,0,solar_suspected,0.0,9.7971,
18.7,0.7000000000000001,1.9000000000000001,36.352,2.273,32,glass,0.1,7.3646,1,,0.0,7.3646,
18.7,0.9,-0.30000000000000004,36.205,1.689,151,concrete,0.65,7.1942,1,,0.0,7.1942,
18.7,0.9,1.7000000000000002,38.396,0.519,7,glass,0.1,9.7345,0,solar_suspected,0.0,9.7345,
18.7,0.9,1.9000000000000001,37.179,2.396,30,glass,0.1,8.3235,0,solar_suspected,0.0,8.3235,
18.7,1.1,-0.30000000000000004,35.967,1.633,129,concrete,0.65,6.9183,1,,0.0,6.9183,
18.7,1.1,1.7000000000000002,37.758,1.334,8,glass,0.1,8.9948,0,solar_suspected,0.0,8.9948,
18.7,1.1,1.9000000000000001,37.038,2.439,21,glass,0.1,8.16,0,solar_suspected,0.0,8.16,
18.7,1.3,-0.30000000000000004,35.268,1.723,115,concrete,0.65,6.1078,1,,0.0,6.1078,
18.7,1.3,1.7000000000000002,37.786,0.28,3,glass,0.1,9.0272,0,solar_suspected,0.0,9.0272,
18.7,1.3,1.9000000000000001,37.703,2.336,27,glass,0.1,8.931,0,solar_suspected,0.0,8.931,
18.7,1.5,-0.30000000000000004,35.37,1.682,87,concrete,0.65,6.2261,1,,0.0,6.2261,sud_opaque_no_correction
18.7,1.5,1.7000000000000002,38.088,0.535,3,glass,0.1,9.3774,0,solar_suspected,0.0,9.3774,sud_opaque_no_correction
18.7,1.5,1.9000000000000001,38.064,2.618,23,glass,0.1,9.3496,0,solar_suspected,0.0,9.3496,sud_opaque_no_correction
18.7,1.7000000000000002,-0.30000000000000004,34.999,1.578,85,concrete,0.65,5.7959,1,,0.0,5.7959,sud_opaque_no_correction
18.7,1.7000000000000002,1.9000000000000001,37.593,1.875,27,glass,0.1,8.8035,0,solar_suspected,0.0,8.8035,sud_opaque_no_correction
18.900000000000002,-0.7000000000000001,-0.30000000000000004,34.52,0.901,241,concrete,0.65,5.2406,1,,57.4,-3.0781,nord_diffuse_only
18.900000000000002,-0.7000000000000001,-0.1,34.588,0.992,456,concrete,0.65,5.3194,1,,57.4,-2.9992,nord_diffuse_only
18.900000000000002,-0.7000000000000001,0.1,34.917,0.932,246,painted_metal,0.65,5.7009,1,,57.4,-2.6178,nord_diffuse_only
18.900000000000002,-0.7000000000000001,0.30000000000000004,35.37,0.889,196,painted_metal,0.65,6.2261,1,,57.4,-2.0926,nord_diffuse_only
18.900000000000002,-0.7000000000000001,0.5,35.719,0.921,189,painted_metal,0.65,6.6307,1,,57.4,-1.6879,nord_diffuse_only
18.900000000000002,-0.7000000000000001,0.7000000000000001,36.213,0.919,222,painted_metal,0.65,7.2035,1,,57.4,-1.1152,nord_diffuse_only
18.900000000000002,-0.7000000000000001,0.9,36.094,1.081,141,glass,0.1,7.0655,1,,8.83,5.7857,nord_diffuse_only
18.900000000000002,-0.7000000000000001,1.1,35.851,1.185,85,glass,0.1,6.7838,1,,8.83,5.504,nord_diffuse_only
18.900000000000002,-0.7000000000000001,1.3,35.89,1.146,56,glass,0.1,6.829,1,,8.83,5.5492,nord_diffuse_only
18.900000000000002,-0.7000000000000001,1.5,35.943,0.584,46,glass,0.1,6.8904,1,,8.83,5.6106,nord_diffuse_only
18.900000000000002,-0.7000000000000001,1.7000000000000002,35.859,0.784,40,glass,0.1,6.793,1,,8.83,5.5132,nord_diffuse_only
18.900000000000002,-0.7000000000000001,1.9000000000000001,35.938,0.628,4,glass,0.1,6.8846,1,,8.83,5.6048,nord_diffuse_only
18.900000000000002,-0.5,-0.30000000000000004,34.955,0.836,146,concrete,0.65,5.7449,1,,0.0,5.7449,
18.900000000000002,-0.5,1.7000000000000002,36.154,0.772,6,glass,0.1,7.1351,1,,0.0,7.1351,
18.900000000000002,-0.5,1.9000000000000001,35.263,1.413,37,glass,0.1,6.102,1,,0.0,6.102,
18.900000000000002,-0.30000000000000004,-0.30000000000000004,35.227,0.962,177,concrete,0.65,6.0603,1,,0.0,6.0603,
18.900000000000002,-0.30000000000000004,1.7000000000000002,37.148,0.412,5,glass,0.1,8.2875,0,solar_suspected,0.0,8.2875,
18.900000000000002,-0.30000000000000004,1.9000000000000001,35.876,1.831,36,glass,0.1,6.8128,1,,0.0,6.8128,
18.900000000000002,-0.1,-0.30000000000000004,35.64,1.114,123,concrete,0.65,6.5391,1,,0.0,6.5391,
18.900000000000002,-0.1,1.7000000000000002,37.528,0.541,7,glass,0.1,8.7281,0,solar_suspected,0.0,8.7281,
18.900000000000002,-0.1,1.9000000000000001,36.086,1.707,33,glass,0.1,7.0562,1,,0.0,7.0562,
18.900000000000002,0.1,-0.30000000000000004,36.026,1.255,144,concrete,0.65,6.9867,1,,0.0,6.9867,
18.900000000000002,0.1,1.7000000000000002,37.655,1.148,10,glass,0.1,8.8754,0,solar_suspected,0.0,8.8754,
18.900000000000002,0.1,1.9000000000000001,36.476,2.057,28,glass,0.1,7.5084,1,,0.0,7.5084,
18.900000000000002,0.30000000000000004,-0.30000000000000004,36.673,0.895,134,concrete,0.65,7.7368,1,,0.0,7.7368,
18.900000000000002,0.30000000000000004,1.7000000000000002,37.689,1.15,7,glass,0.1,8.9148,0,solar_suspected,0.0,8.9148,
18.900000000000002,0.30000000000000004,1.9000000000000001,36.372,1.918,31,glass,0.1,7.3878,1,,0.0,7.3878,
18.900000000000002,0.5,-0.30000000000000004,36.694,0.921,117,concrete,0.65,7.7612,1,,0.0,7.7612,
18.900000000000002,0.5,1.7000000000000002,38.232,0.155,3,glass,0.1,9.5443,0,solar_suspected,0.0,9.5443,
18.900000000000002,0.5,1.9000000000000001,37.025,2.227,23,glass,0.1,8.1449,0,solar_suspected,0.0,8.1449,
18.900000000000002,0.7000000000000001,-0.30000000000000004,36.451,1.194,119,concrete,0.65,7.4794,1,,0.0,7.4794,
18.900000000000002,0.7000000000000001,1.7000000000000002,38.706,0.3,4,glass,0.1,10.0939,0,solar_suspected,0.0,10.0939,
18.900000000000002,0.7000000000000001,1.9000000000000001,37.182,2.143,26,glass,0.1,8.327,0,solar_suspected,0.0,8.327,
18.900000000000002,0.9,-0.30000000000000004,36.274,1.549,94,concrete,0.65,7.2742,1,,0.0,7.2742,
18.900000000000002,0.9,1.7000000000000002,38.366,0.07,2,fabric,0.6,9.6997,0,implausible,0.0,9.6997,
18.900000000000002,0.9,1.9000000000000001,37.254,2.115,28,glass,0.1,8.4104,0,solar_suspected,0.0,8.4104,
18.900000000000002,1.1,-0.30000000000000004,36.423,1.387,101,concrete,0.65,7.447,1,,0.0,7.447,
18.900000000000002,1.1,1.7000000000000002,38.284,0.606,4,fabric,0.6,9.6046,0,implausible,0.0,9.6046,
18.900000000000002,1.1,1.9000000000000001,37.707,2.139,28,glass,0.1,8.9357,0,solar_suspected,0.0,8.9357,
18.900000000000002,1.3,-0.30000000000000004,36.096,1.356,136,concrete,0.65,7.0678,1,,0.0,7.0678,
18.900000000000002,1.3,1.7000000000000002,37.01,0.628,4,glass,0.1,8.1275,0,solar_suspected,0.0,8.1275,
18.900000000000002,1.3,1.9000000000000001,36.857,1.581,24,glass,0.1,7.9501,1,,0.0,7.9501,
18.900000000000002,1.5,-0.30000000000000004,35.675,1.519,124,concrete,0.65,6.5797,1,,0.0,6.5797,sud_opaque_no_correction
18.900000000000002,1.5,1.7000000000000002,37.643,2.147,12,glass,0.1,8.8614,0,solar_suspected,0.0,8.8614,sud_opaque_no_correction
18.900000000000002,1.5,1.9000000000000001,36.127,1.495,28,glass,0.1,7.1038,1,,0.0,7.1038,sud_opaque_no_correction
18.900000000000002,1.7000000000000002,-0.30000000000000004,35.227,1.558,130,concrete,0.65,6.0603,1,,0.0,6.0603,sud_opaque_no_correction
18.900000000000002,1.7000000000000002,1.7000000000000002,38.487,2.793,12,glass,0.1,9.84,0,solar_suspected,0.0,9.84,sud_opaque_no_correction
18.900000000000002,1.7000000000000002,1.9000000000000001,35.422,1.42,38,glass,0.1,6.2864,1,,0.0,6.2864,sud_opaque_no_correction
19.1,-0.7000000000000001,-0.30000000000000004,34.549,0.816,242,concrete,0.65,5.2742,1,,57.4,-3.0445,nord_diffuse_only
19.1,-0.7000000000000001,-0.1,34.504,0.933,493,concrete,0.65,5.222,1,,57.4,-3.0966,nord_diffuse_only
19.1,-0.7000000000000001,0.1,34.845,0.888,262,painted_metal,0.65,5.6174,1,,57.4,-2.7013,nord_diffuse_only
19.1,-0.7000000000000001,0.30000000000000004,35.281,0.89,215,painted_metal,0.65,6.1229,1,,57.4,-2.1958,nord_diffuse_only
19.1,-0.7000000000000001,0.5,35.767,0.922,210,painted_metal,0.65,6.6864,1,,57.4,-1.6323,nord_diffuse_only
19.1,-0.7000000000000001,0.7000000000000001,36.117,0.946,234,painted_metal,0.65,7.0922,1,,57.4,-1.2265,nord_diffuse_only
19.1,-0.7000000000000001,0.9,36.216,1.016,131,glass,0.1,7.207,1,,8.83,5.9272,nord_diffuse_only
19.1,-0.7000000000000001,1.1,35.966,1.152,88,glass,0.1,6.9171,1,,8.83,5.6373,nord_diffuse_only
19.1,-0.7000000000000001,1.3,35.966,1.04,61,glass,0.1,6.9171,1,,8.83,5.6373,nord_diffuse_only
19.1,-0.7000000000000001,1.5,35.993,0.812,33,glass,0.1,6.9484,1,,8.83,5.6686,nord_diffuse_only
19.1,-0.7000000000000001,1.7000000000000002,35.897,0.615,24,glass,0.1,6.8371,1,,8.83,5.5573,nord_diffuse_only
19.1,-0.7000000000000001,1.9000000000000001,35.866,0.489,6,glass,0.1,6.8012,1,,8.83,5.5214,nord_diffuse_only
19.1,-0.5,-0.30000000000000004,34.653,0.956,109,concrete,0.65,5.3948,1,,0.0,5.3948,
19.1,-0.5,1.7000000000000002,35.982,0.616,6,glass,0.1,6.9357,1,,0.0,6.9357,
19.1,-0.5,1.9000000000000001,35.856,1.163,35,glass,0.1,6.7896,1,,0.0,6.7896,
19.1,-0.30000000000000004,-0.30000000000000004,35.434,1.114,92,concrete,0.65,6.3003,1,,0.0,6.3003,
19.1,-0.30000000000000004,1.7000000000000002,37.072,0.452,8,glass,0.1,8.1994,0,solar_suspected,0.0,8.1994,
19.1,-0.30000000000000004,1.9000000000000001,36.688,1.353,34,glass,0.1,7.7542,1,,0.0,7.7542,
19.1,-0.1,-0.30000000000000004,36.063,1.204,119,concrete,0.65,7.0296,1,,0.0,7.0296,
19.1,-0.1,1.7000000000000002,37.407,0.48,8,glass,0.1,8.5878,0,solar_suspected,0.0,8.5878,
19.1,-0.1,1.9000000000000001,36.508,1.471,29,glass,0.1,7.5455,1,,0.0,7.5455,
19.1,0.1,-0.30000000000000004,36.413,1.052,115,concrete,0.65,7.4354,1,,0.0,7.4354,
19.1,0.1,1.7000000000000002,37.823,0.591,12,glass,0.1,9.0701,0,solar_suspected,0.0,9.0701,
19.1,0.1,1.9000000000000001,36.498,1.49,30,glass,0.1,7.5339,1,,0.0,7.5339,
19.1,0.30000000000000004,-0.30000000000000004,36.509,0.827,138,concrete,0.65,7.5467,1,,0.0,7.5467,
19.1,0.30000000000000004,1.7000000000000002,37.525,0.426,9,glass,0.1,8.7246,0,solar_suspected,0.0,8.7246,
19.1,0.30000000000000004,1.9000000000000001,36.445,1.693,28,glass,0.1,7.4725,1,,0.0,7.4725,
19.1,0.5,-0.30000000000000004,36.736,0.878,154,concrete,0.65,7.8099,1,,0.0,7.8099,
19.1,0.5,1.7000000000000002,37.791,0.405,10,glass,0.1,9.033,0,solar_suspected,0.0,9.033,
19.1,0.5,1.9000000000000001,36.292,1.831,24,glass,0.1,7.2951,1,,0.0,7.2951,
19.1,0.7000000000000001,-0.30000000000000004,36.603,1.135,163,concrete,0.65,7.6557,1,,0.0,7.6557,
19.1,0.7000000000000001,1.7000000000000002,37.603,1.185,13,glass,0.1,8.8151,0,solar_suspected,0.0,8.8151,
19.1,0.7000000000000001,1.9000000000000001,36.304,1.723,31,glass,0.1,7.309,1,,0.0,7.309,
19.1,0.9,-0.30000000000000004,36.361,1.406,154,concrete,0.65,7.3751,1,,0.0,7.3751,
19.1,0.9,1.7000000000000002,37.591,1.324,13,glass,0.1,8.8012,0,solar_suspected,0.0,8.8012,
19.1,0.9,1.9000000000000001,36.072,1.755,41,glass,0.1,7.04,1,,0.0,7.04,
19.1,1.1,-0.30000000000000004,36.386,1.422,145,concrete,0.65,7.4041,1,,0.0,7.4041,
19.1,1.1,1.7000000000000002,38.253,1.332,15,glass,0.1,9.5687,0,solar_suspected,0.0,9.5687,
19.1,1.1,1.9000000000000001,35.769,1.624,33,glass,0.1,6.6887,1,,0.0,6.6887,
19.1,1.3,-0.30000000000000004,36.237,1.231,110,concrete,0.65,7.2313,1,,0.0,7.2313,
19.1,1.3,1.7000000000000002,38.781,2.727,10,glass,0.1,10.1809,0,solar_suspected,0.0,10.1809,
19.1,1.3,1.9000000000000001,36.334,1.892,36,glass,0.1,7.3438,1,,0.0,7.3438,
19.1,1.5,-0.30000000000000004,35.539,1.644,117,concrete,0.65,6.422,1,,0.0,6.422,sud_opaque_no_correction
19.1,1.5,1.7000000000000002,37.2,1.185,12,glass,0.1,8.3478,0,solar_suspected,0.0,8.3478,sud_opaque_no_correction
19.1,1.5,1.9000000000000001,36.778,1.907,39,glass,0.1,7.8586,1,,0.0,7.8586,sud_opaque_no_correction
19.1,1.7000000000000002,-0.30000000000000004,34.815,1.581,128,concrete,0.65,5.5826,1,,0.0,5.5826,sud_opaque_no_correction
19.1,1.7000000000000002,1.7000000000000002,37.379,0.957,7,glass,0.1,8.5554,0,solar_suspected,0.0,8.5554,sud_opaque_no_correction
19.1,1.7000000000000002,1.9000000000000001,37.293,1.887,32,glass,0.1,8.4557,0,solar_suspected,0.0,8.4557,sud_opaque_no_correction
19.3,-0.7000000000000001,-0.30000000000000004,34.555,0.887,237,concrete,0.65,5.2812,1,,57.4,-3.0375,nord_diffuse_only
19.3,-0.7000000000000001,-0.1,34.545,0.948,483,concrete,0.65,5.2696,1,,57.4,-3.0491,nord_diffuse_only
19.3,-0.7000000000000001,0.1,34.943,0.922,251,painted_metal,0.65,5.731,1,,57.4,-2.5876,nord_diffuse_only
19.3,-0.7000000000000001,0.30000000000000004,35.423,0.904,213,painted_metal,0.65,6.2875,1,,57.4,-2.0311,nord_diffuse_only
19.3,-0.7000000000000001,0.5,35.869,0.933,188,painted_metal,0.65,6.8046,1,,57.4,-1.514,nord_diffuse_only
19.3,-0.7000000000000001,0.7000000000000001,36.211,0.998,234,painted_metal,0.65,7.2012,1,,57.4,-1.1175,nord_diffuse_only
19.3,-0.7000000000000001,0.9,36.209,1.017,130,glass,0.1,7.1988,1,,8.83,5.919,nord_diffuse_only
19.3,-0.7000000000000001,1.1,36.253,1.242,83,glass,0.1,7.2499,1,,8.83,5.9701,nord_diffuse_only
19.3,-0.7000000000000001,1.3,35.876,1.121,58,glass,0.1,6.8128,1,,8.83,5.533,nord_diffuse_only
19.3,-0.7000000000000001,1.5,36.024,1.055,37,glass,0.1,6.9843,1,,8.83,5.7046,nord_diffuse_only
19.3,-0.7000000000000001,1.7000000000000002,36.001,0.765,36,glass,0.1,6.9577,1,,8.83,5.6779,nord_diffuse_only
19.3,-0.7000000000000001,1.9000000000000001,35.575,0.826,4,glass,0.1,6.4638,1,,8.83,5.184,nord_diffuse_only
19.3,-0.5,-0.30000000000000004,34.597,0.862,97,concrete,0.65,5.3299,1,,0.0,5.3299,
19.3,-0.5,1.7000000000000002,35.845,0.831,3,glass,0.1,6.7768,1,,0.0,6.7768,
19.3,-0.5,1.9000000000000001,35.948,1.355,43,glass,0.1,6.8962,1,,0.0,6.8962,
19.3,-0.30000000000000004,-0.30000000000000004,35.45,0.772,75,concrete,0.65,6.3188,1,,0.0,6.3188,
19.3,-0.30000000000000004,1.7000000000000002,36.386,0.367,3,glass,0.1,7.4041,1,,0.0,7.4041,
19.3,-0.30000000000000004,1.9000000000000001,36.493,2.006,40,glass,0.1,7.5281,1,,0.0,7.5281,
19.3,-0.1,-0.30000000000000004,36.081,0.839,92,concrete,0.65,7.0504,1,,0.0,7.0504,
19.3,-0.1,1.7000000000000002,37.605,0.931,2,glass,0.1,8.8174,0,solar_suspected,0.0,8.8174,
19.3,-0.1,1.9000000000000001,36.995,1.737,46,glass,0.1,8.1101,0,solar_suspected,0.0,8.1101,
19.3,0.1,-0.30000000000000004,36.483,0.941,125,concrete,0.65,7.5165,1,,0.0,7.5165,
19.3,0.1,1.7000000000000002,37.696,0.906,4,glass,0.1,8.9229,0,solar_suspected,0.0,8.9229,
19.3,0.1,1.9000000000000001,37.202,1.895,48,glass,0.1,8.3501,0,solar_suspected,0.0,8.3501,
19.3,0.30000000000000004,-0.30000000000000004,36.801,0.923,140,concrete,0.65,7.8852,1,,0.0,7.8852,
19.3,0.30000000000000004,1.7000000000000002,37.958,0.784,5,glass,0.1,9.2267,0,solar_suspected,0.0,9.2267,
19.3,0.30000000000000004,1.9000000000000001,37.356,1.877,50,glass,0.1,8.5287,0,solar_suspected,0.0,8.5287,
19.3,0.5,-0.30000000000000004,36.802,0.922,118,concrete,0.65,7.8864,1,,0.0,7.8864,
19.3,0.5,1.7000000000000002,37.913,0.874,5,glass,0.1,9.1745,0,solar_suspected,0.0,9.1745,
19.3,0.5,1.9000000000000001,37.3,2.076,44,glass,0.1,8.4638,0,solar_suspected,0.0,8.4638,
19.3,0.7000000000000001,-0.30000000000000004,36.718,1.109,131,concrete,0.65,7.789,1,,0.0,7.789,
19.3,0.7000000000000001,1.7000000000000002,38.234,1.041,5,glass,0.1,9.5467,0,solar_suspected,0.0,9.5467,
19.3,0.7000000000000001,1.9000000000000001,37.744,2.281,38,glass,0.1,8.9786,0,solar_suspected,0.0,8.9786,
19.3,0.9,-0.30000000000000004,36.381,1.43,132,concrete,0.65,7.3983,1,,0.0,7.3983,
19.3,0.9,1.7000000000000002,38.313,1.238,4,glass,0.1,9.6383,0,solar_suspected,0.0,9.6383,
19.3,0.9,1.9000000000000001,38.097,2.073,36,glass,0.1,9.3878,0,solar_suspected,0.0,9.3878,
19.3,1.1,-0.30000000000000004,35.805,1.575,149,concrete,0.65,6.7304,1,,0.0,6.7304,
19.3,1.1,1.7000000000000002,38.294,1.155,4,glass,0.1,9.6162,0,solar_suspected,0.0,9.6162,
19.3,1.1,1.9000000000000001,38.132,1.991,37,glass,0.1,9.4284,0,solar_suspected,0.0,9.4284,
19.3,1.3,-0.30000000000000004,35.636,1.633,172,concrete,0.65,6.5345,1,,0.0,6.5345,
19.3,1.3,1.7000000000000002,38.069,1.114,4,glass,0.1,9.3554,0,solar_suspected,0.0,9.3554,
19.3,1.3,1.9000000000000001,37.646,2.163,30,glass,0.1,8.8649,0,solar_suspected,0.0,8.8649,
19.3,1.5,-0.30000000000000004,35.144,1.604,164,concrete,0.65,5.9641,1,,0.0,5.9641,sud_opaque_no_correction
19.3,1.5,1.7000000000000002,36.285,0.362,2,glass,0.1,7.287,1,,0.0,7.287,sud_opaque_no_correction
19.3,1.5,1.9000000000000001,37.273,1.951,24,glass,0.1,8.4325,0,solar_suspected,0.0,8.4325,sud_opaque_no_correction
19.3,1.7000000000000002,-0.30000000000000004,34.435,1.416,156,concrete,0.65,5.142,1,,0.0,5.142,sud_opaque_no_correction
19.3,1.7000000000000002,1.7000000000000002,35.666,0.789,5,glass,0.1,6.5693,1,,0.0,6.5693,sud_opaque_no_correction
19.3,1.7000000000000002,1.9000000000000001,36.514,1.951,23,glass,0.1,7.5525,1,,0.0,7.5525,sud_opaque_no_correction
19.5,-0.7000000000000001,-0.30000000000000004,34.508,0.872,238,concrete,0.65,5.2267,1,,57.4,-3.092,nord_diffuse_only
19.5,-0.7000000000000001,-0.1,34.435,0.972,478,concrete,0.65,5.142,1,,57.4,-3.1766,nord_diffuse_only
19.5,-0.7000000000000001,0.1,34.886,0.992,260,painted_metal,0.65,5.6649,1,,57.4,-2.6537,nord_diffuse_only
19.5,-0.7000000000000001,0.30000000000000004,35.444,0.942,213,painted_metal,0.65,6.3119,1,,57.4,-2.0068,nord_diffuse_only
19.5,-0.7000000000000001,0.5,35.752,0.983,216,painted_metal,0.65,6.669,1,,57.4,-1.6497,nord_diffuse_only
19.5,-0.7000000000000001,0.7000000000000001,36.16,1.05,231,painted_metal,0.65,7.142,1,,57.4,-1.1766,nord_diffuse_only
19.5,-0.7000000000000001,0.9,36.193,1.176,116,glass,0.1,7.1803,1,,8.83,5.9005,nord_diffuse_only
19.5,-0.7000000000000001,1.1,36.023,1.202,92,glass,0.1,6.9832,1,,8.83,5.7034,nord_diffuse_only
19.5,-0.7000000000000001,1.3,35.797,1.11,60,glass,0.1,6.7212,1,,8.83,5.4414,nord_diffuse_only
19.5,-0.7000000000000001,1.5,35.953,0.86,33,glass,0.1,6.902,1,,8.83,5.6222,nord_diffuse_only
19.5,-0.7000000000000001,1.7000000000000002,35.847,0.776,34,glass,0.1,6.7791,1,,8.83,5.4993,nord_diffuse_only
19.5,-0.7000000000000001,1.9000000000000001,36.544,0.0,1,glass,0.1,7.5872,1,,8.83,6.3075,nord_diffuse_only
19.5,-0.5,-0.30000000000000004,34.837,1.13,166,concrete,0.65,5.6081,1,,0.0,5.6081,
19.5,-0.5,1.7000000000000002,35.675,1.084,8,glass,0.1,6.5797,1,,0.0,6.5797,
19.5,-0.5,1.9000000000000001,35.949,1.344,17,glass,0.1,6.8974,1,,0.0,6.8974,
19.5,-0.30000000000000004,-0.30000000000000004,35.597,1.066,159,concrete,0.65,6.4893,1,,0.0,6.4893,
19.5,-0.30000000000000004,1.7000000000000002,36.174,1.307,8,glass,0.1,7.1583,1,,0.0,7.1583,
19.5,-0.30000000000000004,1.9000000000000001,36.6,1.419,21,glass,0.1,7.6522,1,,0.0,7.6522,
19.5,-0.1,-0.30000000000000004,36.028,1.003,136,concrete,0.65,6.989,1,,0.0,6.989,
19.5,-0.1,1.7000000000000002,37.278,0.573,7,glass,0.1,8.4383,0,solar_suspected,0.0,8.4383,
19.5,-0.1,1.9000000000000001,36.635,1.56,19,glass,0.1,7.6928,1,,0.0,7.6928,
19.5,0.1,-0.30000000000000004,36.323,0.992,109,concrete,0.65,7.331,1,,0.0,7.331,
19.5,0.1,1.7000000000000002,37.048,1.76,10,glass,0.1,8.1716,0,solar_suspected,0.0,8.1716,
19.5,0.1,1.9000000000000001,37.479,1.676,12,glass,0.1,8.6713,0,solar_suspected,0.0,8.6713,
19.5,0.30000000000000004,-0.30000000000000004,36.49,0.906,87,concrete,0.65,7.5246,1,,0.0,7.5246,
19.5,0.30000000000000004,1.7000000000000002,36.771,1.518,10,glass,0.1,7.8504,1,,0.0,7.8504,
19.5,0.30000000000000004,1.9000000000000001,37.442,1.195,11,glass,0.1,8.6284,0,solar_suspected,0.0,8.6284,
19.5,0.5,-0.30000000000000004,36.621,0.933,94,concrete,0.65,7.6765,1,,0.0,7.6765,
19.5,0.5,1.7000000000000002,37.069,1.509,8,glass,0.1,8.1959,0,solar_suspected,0.0,8.1959,
19.5,0.5,1.9000000000000001,37.953,1.315,15,glass,0.1,9.2209,0,solar_suspected,0.0,9.2209,
19.5,0.7000000000000001,-0.30000000000000004,36.402,1.395,136,concrete,0.65,7.4226,1,,0.0,7.4226,
19.5,0.7000000000000001,1.7000000000000002,37.143,1.727,7,glass,0.1,8.2817,0,solar_suspected,0.0,8.2817,
19.5,0.7000000000000001,1.9000000000000001,37.32,2.137,18,glass,0.1,8.487,0,solar_suspected,0.0,8.487,
19.5,0.9,-0.30000000000000004,35.98,1.709,163,concrete,0.65,6.9333,1,,0.0,6.9333,
19.5,0.9,1.7000000000000002,36.914,1.747,9,glass,0.1,8.0162,0,solar_suspected,0.0,8.0162,
19.5,0.9,1.9000000000000001,36.94,2.133,10,glass,0.1,8.0464,0,solar_suspected,0.0,8.0464,
19.5,1.1,-0.30000000000000004,36.242,1.543,159,concrete,0.65,7.2371,1,,0.0,7.2371,
19.5,1.1,1.7000000000000002,36.929,1.803,8,glass,0.1,8.0336,0,solar_suspected,0.0,8.0336,
19.5,1.1,1.9000000000000001,36.537,2.065,15,glass,0.1,7.5791,1,,0.0,7.5791,
19.5,1.3,-0.30000000000000004,35.944,1.463,160,concrete,0.65,6.8916,1,,0.0,6.8916,
19.5,1.3,1.7000000000000002,36.516,1.535,6,glass,0.1,7.5548,1,,0.0,7.5548,
19.5,1.3,1.9000000000000001,36.85,1.923,17,glass,0.1,7.942,1,,0.0,7.942,
19.5,1.5,-0.30000000000000004,35.402,1.459,170,concrete,0.65,6.2632,1,,0.0,6.2632,sud_opaque_no_correction
19.5,1.5,1.7000000000000002,36.837,1.538,8,glass,0.1,7.927,1,,0.0,7.927,sud_opaque_no_correction
19.5,1.5,1.9000000000000001,36.046,1.711,17,glass,0.1,7.0099,1,,0.0,7.0099,sud_opaque_no_correction
19.5,1.7000000000000002,-0.30000000000000004,35.085,1.432,185,concrete,0.65,5.8957,1,,0.0,5.8957,sud_opaque_no_correction
19.5,1.7000000000000002,1.7000000000000002,36.005,1.524,6,glass,0.1,6.9623,1,,0.0,6.9623,sud_opaque_no_correction
19.5,1.7000000000000002,1.9000000000000001,36.212,1.879,21,glass,0.1,7.2023,1,,0.0,7.2023,sud_opaque_no_correction
19.700000000000003,-0.7000000000000001,-0.30000000000000004,34.704,0.87,217,concrete,0.65,5.4539,1,,57.4,-2.8647,nord_diffuse_only
19.700000000000003,-0.7000000000000001,-0.1,34.445,0.947,482,concrete,0.65,5.1536,1,,57.4,-3.165,nord_diffuse_only
19.700000000000003,-0.7000000000000001,0.1,34.879,0.954,241,painted_metal,0.65,5.6568,1,,57.4,-2.6618,nord_diffuse_only
19.700000000000003,-0.7000000000000001,0.30000000000000004,35.31,0.948,225,painted_metal,0.65,6.1565,1,,57.4,-2.1621,nord_diffuse_only
19.700000000000003,-0.7000000000000001,0.5,35.704,0.962,197,painted_metal,0.65,6.6133,1,,57.4,-1.7053,nord_diffuse_only
19.700000000000003,-0.7000000000000001,0.7000000000000001,36.165,1.027,236,painted_metal,0.65,7.1478,1,,57.4,-1.1708,nord_diffuse_only
19.700000000000003,-0.7000000000000001,0.9,36.405,1.205,133,glass,0.1,7.4261,1,,8.83,6.1463,nord_diffuse_only
19.700000000000003,-0.7000000000000001,1.1,36.057,1.176,80,glass,0.1,7.0226,1,,8.83,5.7428,nord_diffuse_only
19.700000000000003,-0.7000000000000001,1.3,36.113,1.162,61,glass,0.1,7.0875,1,,8.83,5.8077,nord_diffuse_only
19.700000000000003,-0.7000000000000001,1.5,35.895,0.958,46,glass,0.1,6.8348,1,,8.83,5.555,nord_diffuse_only
19.700000000000003,-0.7000000000000001,1.7000000000000002,35.971,0.875,34,glass,0.1,6.9229,1,,8.83,5.6431,nord_diffuse_only
19.700000000000003,-0.7000000000000001,1.9000000000000001,36.241,0.524,4,glass,0.1,7.2359,1,,8.83,5.9561,nord_diffuse_only
19.700000000000003,-0.5,-0.30000000000000004,34.757,1.104,164,concrete,0.65,5.5154,1,,0.0,5.5154,
19.700000000000003,-0.5,1.7000000000000002,36.682,0.0,1,glass,0.1,7.7472,1,,0.0,7.7472,
19.700000000000003,-0.5,1.9000000000000001,36.597,1.46,30,glass,0.1,7.6487,1,,0.0,7.6487,
19.700000000000003,-0.30000000000000004,-0.30000000000000004,35.298,1.323,196,concrete,0.65,6.1426,1,,0.0,6.1426,
19.700000000000003,-0.30000000000000004,1.7000000000000002,38.056,0.0,1,glass,0.1,9.3403,0,solar_suspected,0.0,9.3403,
19.700000000000003,-0.30000000000000004,1.9000000000000001,37.462,1.574,25,glass,0.1,8.6516,0,solar_suspected,0.0,8.6516,
19.700000000000003,-0.1,-0.30000000000000004,35.756,1.362,201,concrete,0.65,6.6736,1,,0.0,6.6736,
19.700000000000003,-0.1,1.7000000000000002,37.15,1.666,7,glass,0.1,8.2899,0,solar_suspected,0.0,8.2899,
19.700000000000003,-0.1,1.9000000000000001,37.863,1.581,24,glass,0.1,9.1165,0,solar_suspected,0.0,9.1165,
19.700000000000003,0.1,-0.30000000000000004,36.079,1.31,190,concrete,0.65,7.0481,1,,0.0,7.0481,
19.700000000000003,0.1,1.7000000000000002,38.593,0.159,5,glass,0.1,9.9629,0,solar_suspected,0.0,9.9629,
19.700000000000003,0.1,1.9000000000000001,37.733,2.012,23,glass,0.1,8.9658,0,solar_suspected,0.0,8.9658,
19.700000000000003,0.30000000000000004,-0.30000000000000004,36.322,1.139,175,concrete,0.65,7.3299,1,,0.0,7.3299,
19.700000000000003,0.30000000000000004,1.7000000000000002,38.049,1.335,9,glass,0.1,9.3322,0,solar_suspected,0.0,9.3322,
19.700000000000003,0.30000000000000004,1.9000000000000001,37.302,2.108,22,glass,0.1,8.4661,0,solar_suspected,0.0,8.4661,
19.700000000000003,0.5,-0.30000000000000004,36.662,0.902,169,concrete,0.65,7.7241,1,,0.0,7.7241,
19.700000000000003,0.5,1.7000000000000002,38.489,0.584,11,glass,0.1,9.8423,0,solar_suspected,0.0,9.8423,
19.700000000000003,0.5,1.9000000000000001,37.203,2.26,23,glass,0.1,8.3513,0,solar_suspected,0.0,8.3513,
19.700000000000003,0.7000000000000001,-0.30000000000000004,36.212,1.155,163,concrete,0.65,7.2023,1,,0.0,7.2023,
19.700000000000003,0.7000000000000001,1.7000000000000002,37.937,1.861,14,glass,0.1,9.2023,0,solar_suspected,0.0,9.2023,
19.700000000000003,0.7000000000000001,1.9000000000000001,37.661,2.465,24,glass,0.1,8.8823,0,solar_suspected,0.0,8.8823,
19.700000000000003,0.9,-0.30000000000000004,36.007,1.528,163,concrete,0.65,6.9646,1,,0.0,6.9646,
19.700000000000003,0.9,1.7000000000000002,37.657,1.775,20,glass,0.1,8.8777,0,solar_suspected,0.0,8.8777,
19.700000000000003,0.9,1.9000000000000001,37.033,2.465,21,glass,0.1,8.1542,0,solar_suspected,0.0,8.1542,
19.700000000000003,1.1,-0.30000000000000004,35.948,1.435,142,concrete,0.65,6.8962,1,,0.0,6.8962,
19.700000000000003,1.1,1.7000000000000002,37.753,1.718,25,glass,0.1,8.989,0,solar_suspected,0.0,8.989,
19.700000000000003,1.1,1.9000000000000001,37.011,2.491,27,glass,0.1,8.1287,0,solar_suspected,0.0,8.1287,
19.700000000000003,1.3,-0.30000000000000004,35.615,1.486,175,concrete,0.65,6.5101,1,,0.0,6.5101,
19.700000000000003,1.3,1.7000000000000002,38.151,1.423,16,glass,0.1,9.4504,0,solar_suspected,0.0,9.4504,
19.700000000000003,1.3,1.9000000000000001,37.325,2.169,33,glass,0.1,8.4928,0,solar_suspected,0.0,8.4928,
19.700000000000003,1.5,-0.30000000000000004,35.373,1.43,175,concrete,0.65,6.2296,1,,0.0,6.2296,sud_opaque_no_correction
19.700000000000003,1.5,1.7000000000000002,37.39,1.348,14,glass,0.1,8.5681,0,solar_suspected,0.0,8.5681,sud_opaque_no_correction
19.700000000000003,1.5,1.9000000000000001,36.968,1.94,30,glass,0.1,8.0788,0,solar_suspected,0.0,8.0788,sud_opaque_no_correction
19.700000000000003,1.7000000000000002,-0.30000000000000004,35.003,1.338,137,concrete,0.65,5.8006,1,,0.0,5.8006,sud_opaque_no_correction
19.700000000000003,1.7000000000000002,1.7000000000000002,37.458,0.761,9,glass,0.1,8.647,0,solar_suspected,0.0,8.647,sud_opaque_no_correction
19.700000000000003,1.7000000000000002,1.9000000000000001,37.221,1.755,27,glass,0.1,8.3722,0,solar_suspected,0.0,8.3722,sud_opaque_no_correction
19.900000000000002,-0.7000000000000001,-0.30000000000000004,34.54,0.917,174,concrete,0.65,5.2638,1,,57.4,-3.0549,nord_diffuse_only
19.900000000000002,-0.7000000000000001,-0.1,34.434,0.944,502,concrete,0.65,5.1409,1,,57.4,-3.1778,nord_diffuse_only
19.900000000000002,-0.7000000000000001,0.1,34.758,0.904,269,painted_metal,0.65,5.5165,1,,57.4,-2.8021,nord_diffuse_only
19.900000000000002,-0.7000000000000001,0.30000000000000004,35.293,0.912,241,painted_metal,0.65,6.1368,1,,57.4,-2.1818,nord_diffuse_only
19.900000000000002,-0.7000000000000001,0.5,35.662,0.868,235,painted_metal,0.65,6.5646,1,,57.4,-1.754,nord_diffuse_only
19.900000000000002,-0.7000000000000001,0.7000000000000001,36.11,0.94,229,painted_metal,0.65,7.0841,1,,57.4,-1.2346,nord_diffuse_only
19.900000000000002,-0.7000000000000001,0.9,36.329,1.307,143,glass,0.1,7.338,1,,8.83,6.0582,nord_diffuse_only
19.900000000000002,-0.7000000000000001,1.1,36.16,1.131,84,glass,0.1,7.142,1,,8.83,5.8622,nord_diffuse_only
19.900000000000002,-0.7000000000000001,1.3,36.054,1.162,61,glass,0.1,7.0191,1,,8.83,5.7393,nord_diffuse_only
19.900000000000002,-0.7000000000000001,1.5,35.897,0.987,42,glass,0.1,6.8371,1,,8.83,5.5573,nord_diffuse_only
19.900000000000002,-0.7000000000000001,1.7000000000000002,36.043,1.066,31,glass,0.1,7.0064,1,,8.83,5.7266,nord_diffuse_only
19.900000000000002,-0.7000000000000001,1.9000000000000001,34.137,0.0,1,glass,0.1,4.7965,1,,8.83,3.5167,nord_diffuse_only
19.900000000000002,-0.5,-0.30000000000000004,34.557,1.072,172,concrete,0.65,5.2835,1,,0.0,5.2835,
19.900000000000002,-0.5,-0.1,33.624,0.165,23,concrete,0.65,4.2017,1,,0.0,4.2017,
19.900000000000002,-0.5,0.1,33.961,0.0,1,painted_metal,0.65,4.5925,1,,0.0,4.5925,
19.900000000000002,-0.5,1.7000000000000002,35.442,1.549,12,glass,0.1,6.3096,1,,0.0,6.3096,
19.900000000000002,-0.5,1.9000000000000001,36.185,1.549,37,glass,0.1,7.171,1,,0.0,7.171,
19.900000000000002,-0.30000000000000004,-0.30000000000000004,35.295,1.231,181,concrete,0.65,6.1391,1,,0.0,6.1391,
19.900000000000002,-0.30000000000000004,1.7000000000000002,36.989,1.7,3,glass,0.1,8.1032,0,solar_suspected,0.0,8.1032,
19.900000000000002,-0.30000000000000004,1.9000000000000001,36.277,1.96,46,glass,0.1,7.2777,1,,0.0,7.2777,
19.900000000000002,-0.1,-0.30000000000000004,35.382,1.22,177,concrete,0.65,6.24,1,,0.0,6.24,
19.900000000000002,-0.1,1.7000000000000002,36.552,2.091,9,glass,0.1,7.5965,1,,0.0,7.5965,
19.900000000000002,-0.1,1.9000000000000001,36.071,1.993,30,glass,0.1,7.0388,1,,0.0,7.0388,
19.900000000000002,0.1,-0.30000000000000004,35.922,0.97,146,concrete,0.65,6.8661,1,,0.0,6.8661,
19.900000000000002,0.1,1.7000000000000002,36.107,1.933,12,glass,0.1,7.0806,1,,0.0,7.0806,
19.900000000000002,0.1,1.9000000000000001,37.001,1.988,27,glass,0.1,8.1171,0,solar_suspected,0.0,8.1171,
19.900000000000002,0.30000000000000004,-0.30000000000000004,36.425,0.849,141,concrete,0.65,7.4493,1,,0.0,7.4493,
19.900000000000002,0.30000000000000004,1.7000000000000002,36.257,1.86,16,glass,0.1,7.2545,1,,0.0,7.2545,
19.900000000000002,0.30000000000000004,1.9000000000000001,37.217,1.775,24,glass,0.1,8.3675,0,solar_suspected,0.0,8.3675,
19.900000000000002,0.5,-0.30000000000000004,36.668,0.834,134,concrete,0.65,7.731,1,,0.0,7.731,
19.900000000000002,0.5,1.7000000000000002,36.78,1.861,20,glass,0.1,7.8609,1,,0.0,7.8609,
19.900000000000002,0.5,1.9000000000000001,37.26,1.846,20,glass,0.1,8.4174,0,solar_suspected,0.0,8.4174,
19.900000000000002,0.7000000000000001,-0.30000000000000004,36.55,1.015,162,concrete,0.65,7.5942,1,,0.0,7.5942,
19.900000000000002,0.7000000000000001,1.7000000000000002,37.406,2.089,20,glass,0.1,8.5867,0,solar_suspected,0.0,8.5867,
19.900000000000002,0.7000000000000001,1.9000000000000001,37.354,2.185,16,glass,0.1,8.5264,0,solar_suspected,0.0,8.5264,
19.900000000000002,0.9,-0.30000000000000004,36.377,1.245,177,concrete,0.65,7.3936,1,,0.0,7.3936,
19.900000000000002,0.9,1.7000000000000002,37.426,1.762,17,glass,0.1,8.6099,0,solar_suspected,0.0,8.6099,
19.900000000000002,0.9,1.9000000000000001,36.974,2.12,19,glass,0.1,8.0858,0,solar_suspected,0.0,8.0858,
19.900000000000002,1.1,-0.30000000000000004,36.263,1.214,185,concrete,0.65,7.2614,1,,0.0,7.2614,
19.900000000000002,1.1,1.7000000000000002,36.852,1.743,12,glass,0.1,7.9443,1,,0.0,7.9443,
19.900000000000002,1.1,1.9000000000000001,37.899,1.818,16,glass,0.1,9.1583,0,solar_suspected,0.0,9.1583,
19.900000000000002,1.3,-0.30000000000000004,36.239,1.33,164,concrete,0.65,7.2336,1,,0.0,7.2336,
19.900000000000002,1.3,1.7000000000000002,37.179,1.621,10,glass,0.1,8.3235,0,solar_suspected,0.0,8.3235,
19.900000000000002,1.3,1.9000000000000001,37.437,2.151,19,glass,0.1,8.6226,0,solar_suspected,0.0,8.6226,
19.900000000000002,1.5,-0.30000000000000004,35.495,1.485,129,concrete,0.65,6.371,1,,0.0,6.371,sud_opaque_no_correction
19.900000000000002,1.5,1.7000000000000002,37.263,1.215,7,glass,0.1,8.4209,0,solar_suspected,0.0,8.4209,sud_opaque_no_correction
19.900000000000002,1.5,1.9000000000000001,36.81,1.746,33,glass,0.1,7.8957,1,,0.0,7.8957,sud_opaque_no_correction
19.900000000000002,1.7000000000000002,-0.30000000000000004,34.731,1.338,161,concrete,0.65,5.4852,1,,0.0,5.4852,sud_opaque_no_correction
19.900000000000002,1.7000000000000002,1.7000000000000002,36.903,1.273,6,glass,0.1,8.0035,0,solar_suspected,0.0,8.0035,sud_opaque_no_correction
19.900000000000002,1.7000000000000002,1.9000000000000001,36.933,1.75,34,glass,0.1,8.0383,0,solar_suspected,0.0,8.0383,sud_opaque_no_correction
20.1,-0.7000000000000001,-0.30000000000000004,34.582,0.911,155,concrete,0.65,5.3125,1,,57.4,-3.0062,nord_diffuse_only
20.1,-0.7000000000000001,-0.1,34.506,1.014,436,concrete,0.65,5.2243,1,,57.4,-3.0943,nord_diffuse_only
20.1,-0.7000000000000001,0.1,34.974,1.105,260,painted_metal,0.65,5.767,1,,57.4,-2.5517,nord_diffuse_only
20.1,-0.7000000000000001,0.30000000000000004,35.325,1.039,220,painted_metal,0.65,6.1739,1,,57.4,-2.1447,nord_diffuse_only
20.1,-0.7000000000000001,0.5,35.731,1.026,213,painted_metal,0.65,6.6446,1,,57.4,-1.674,nord_diffuse_only
20.1,-0.7000000000000001,0.7000000000000001,36.105,1.012,220,painted_metal,0.65,7.0783,1,,57.4,-1.2404,nord_diffuse_only
20.1,-0.7000000000000001,0.9,36.655,1.282,136,glass,0.1,7.7159,1,,8.83,6.4361,nord_diffuse_only
20.1,-0.7000000000000001,1.1,36.18,1.116,81,glass,0.1,7.1652,1,,8.83,5.8854,nord_diffuse_only
20.1,-0.7000000000000001,1.3,35.826,1.153,59,glass,0.1,6.7548,1,,8.83,5.475,nord_diffuse_only
20.1,-0.7000000000000001,1.5,35.963,1.179,31,glass,0.1,6.9136,1,,8.83,5.6338,nord_diffuse_only
20.1,-0.7000000000000001,1.7000000000000002,35.616,0.989,27,glass,0.1,6.5113,1,,8.83,5.2315,nord_diffuse_only
20.1,-0.5,-0.30000000000000004,34.573,1.155,213,concrete,0.65,5.302,1,,0.0,5.302,
20.1,-0.5,-0.1,33.755,0.23,43,rubber,0.9,4.3536,1,,0.0,4.3536,
20.1,-0.5,0.1,33.998,0.025,3,painted_metal,0.65,4.6354,1,,0.0,4.6354,
20.1,-0.5,1.7000000000000002,36.138,1.218,13,glass,0.1,7.1165,1,,0.0,7.1165,
20.1,-0.5,1.9000000000000001,36.085,1.422,26,glass,0.1,7.0551,1,,0.0,7.0551,
20.1,-0.30000000000000004,-0.30000000000000004,35.23,1.101,116,concrete,0.65,6.0638,1,,0.0,6.0638,
20.1,-0.30000000000000004,1.7000000000000002,36.308,1.51,7,glass,0.1,7.3136,1,,0.0,7.3136,
20.1,-0.30000000000000004,1.9000000000000001,36.755,1.416,34,glass,0.1,7.8319,1,,0.0,7.8319,
20.1,-0.1,-0.30000000000000004,35.532,1.121,107,concrete,0.65,6.4139,1,,0.0,6.4139,
20.1,-0.1,1.7000000000000002,37.304,0.891,8,glass,0.1,8.4684,0,solar_suspected,0.0,8.4684,
20.1,-0.1,1.9000000000000001,36.686,1.51,36,glass,0.1,7.7519,1,,0.0,7.7519,
20.1,0.1,-0.30000000000000004,36.026,1.091,147,concrete,0.65,6.9867,1,,0.0,6.9867,
20.1,0.1,1.7000000000000002,36.94,1.308,10,glass,0.1,8.0464,0,solar_suspected,0.0,8.0464,
20.1,0.1,1.9000000000000001,37.16,1.73,36,glass,0.1,8.3014,0,solar_suspected,0.0,8.3014,
20.1,0.30000000000000004,-0.30000000000000004,36.432,0.899,159,concrete,0.65,7.4574,1,,0.0,7.4574,
20.1,0.30000000000000004,1.7000000000000002,37.187,1.207,9,glass,0.1,8.3328,0,solar_suspected,0.0,8.3328,
20.1,0.30000000000000004,1.9000000000000001,36.834,2.01,31,glass,0.1,7.9235,1,,0.0,7.9235,
20.1,0.5,-0.30000000000000004,36.752,0.706,162,concrete,0.65,7.8284,1,,0.0,7.8284,
20.1,0.5,1.7000000000000002,37.283,1.354,11,glass,0.1,8.4441,0,solar_suspected,0.0,8.4441,
20.1,0.5,1.9000000000000001,36.514,2.304,30,glass,0.1,7.5525,1,,0.0,7.5525,
20.1,0.7000000000000001,-0.30000000000000004,36.839,0.796,161,concrete,0.65,7.9293,1,,0.0,7.9293,
20.1,0.7000000000000001,1.7000000000000002,38.003,1.857,15,glass,0.1,9.2788,0,solar_suspected,0.0,9.2788,
20.1,0.7000000000000001,1.9000000000000001,36.502,2.649,25,glass,0.1,7.5386,1,,0.0,7.5386,
20.1,0.9,-0.30000000000000004,36.605,0.908,147,concrete,0.65,7.658,1,,0.0,7.658,
20.1,0.9,1.7000000000000002,37.578,1.592,9,glass,0.1,8.7861,0,solar_suspected,0.0,8.7861,
20.1,0.9,1.9000000000000001,36.79,2.371,30,glass,0.1,7.8725,1,,0.0,7.8725,
20.1,1.1,-0.30000000000000004,36.148,1.274,132,concrete,0.65,7.1281,1,,0.0,7.1281,
20.1,1.1,1.7000000000000002,38.405,2.073,17,glass,0.1,9.7449,0,solar_suspected,0.0,9.7449,
20.1,1.1,1.9000000000000001,36.558,2.158,35,glass,0.1,7.6035,1,,0.0,7.6035,
20.1,1.3,-0.30000000000000004,35.809,1.493,147,concrete,0.65,6.7351,1,,0.0,6.7351,
20.1,1.3,1.7000000000000002,37.849,1.59,16,glass,0.1,9.1003,0,solar_suspected,0.0,9.1003,
20.1,1.3,1.9000000000000001,36.829,2.26,28,glass,0.1,7.9177,1,,0.0,7.9177,
20.1,1.5,-0.30000000000000004,35.543,1.432,140,concrete,0.65,6.4267,1,,0.0,6.4267,sud_opaque_no_correction
20.1,1.5,1.7000000000000002,38.125,1.959,13,glass,0.1,9.4203,0,solar_suspected,0.0,9.4203,sud_opaque_no_correction
20.1,1.5,1.9000000000000001,36.492,1.82,24,glass,0.1,7.527,1,,0.0,7.527,sud_opaque_no_correction
20.1,1.7000000000000002,-0.30000000000000004,35.104,1.244,147,concrete,0.65,5.9177,1,,0.0,5.9177,sud_opaque_no_correction
20.1,1.7000000000000002,1.7000000000000002,38.241,2.228,9,glass,0.1,9.5548,0,solar_suspected,0.0,9.5548,sud_opaque_no_correction
20.1,1.7000000000000002,1.9000000000000001,36.522,1.719,30,glass,0.1,7.5617,1,,0.0,7.5617,sud_opaque_no_correction
20.3,-0.7000000000000001,-0.30000000000000004,34.761,0.916,116,concrete,0.65,5.52,1,,57.4,-2.7987,nord_diffuse_only
20.3,-0.7000000000000001,-0.1,34.667,1.104,326,concrete,0.65,5.411,1,,57.4,-2.9076,nord_diffuse_only
20.3,-0.7000000000000001,0.1,34.941,1.105,218,painted_metal,0.65,5.7287,1,,57.4,-2.59,nord_diffuse_only
20.3,-0.7000000000000001,0.30000000000000004,35.368,1.099,207,painted_metal,0.65,6.2238,1,,57.4,-2.0949,nord_diffuse_only
20.3,-0.7000000000000001,0.5,35.783,1.193,194,painted_metal,0.65,6.7049,1,,57.4,-1.6137,nord_diffuse_only
20.3,-0.7000000000000001,0.7000000000000001,36.19,1.178,248,painted_metal,0.65,7.1768,1,,57.4,-1.1418,nord_diffuse_only
20.3,-0.7000000000000001,0.9,36.614,1.51,147,glass,0.1,7.6684,1,,8.83,6.3886,nord_diffuse_only
20.3,-0.7000000000000001,1.1,36.325,1.258,75,glass,0.1,7.3333,1,,8.83,6.0535,nord_diffuse_only
20.3,-0.7000000000000001,1.3,35.999,1.12,62,glass,0.1,6.9554,1,,8.83,5.6756,nord_diffuse_only
20.3,-0.7000000000000001,1.5,35.931,1.125,46,glass,0.1,6.8765,1,,8.83,5.5967,nord_diffuse_only
20.3,-0.7000000000000001,1.7000000000000002,36.129,1.002,26,glass,0.1,7.1061,1,,8.83,5.8263,nord_diffuse_only
20.3,-0.7000000000000001,1.9000000000000001,37.396,0.187,2,glass,0.1,8.5751,0,solar_suspected,8.83,7.2953,nord_diffuse_only
20.3,-0.5,-0.30000000000000004,34.533,0.953,271,concrete,0.65,5.2557,1,,0.0,5.2557,
20.3,-0.5,-0.1,34.165,0.88,135,concrete,0.65,4.829,1,,0.0,4.829,
20.3,-0.5,0.1,34.633,0.896,32,painted_metal,0.65,5.3716,1,,0.0,5.3716,
20.3,-0.5,0.30000000000000004,35.031,1.26,11,painted_metal,0.65,5.833,1,,0.0,5.833,
20.3,-0.5,0.5,33.667,0.0,1,painted_metal,0.65,4.2516,1,,0.0,4.2516,
20.3,-0.5,0.7000000000000001,35.989,0.0,1,painted_metal,0.65,6.9438,1,,0.0,6.9438,
20.3,-0.5,1.7000000000000002,36.736,1.541,11,glass,0.1,7.8099,1,,0.0,7.8099,
20.3,-0.5,1.9000000000000001,36.618,1.519,33,glass,0.1,7.673,1,,0.0,7.673,
20.3,-0.30000000000000004,-0.30000000000000004,35.286,1.166,139,concrete,0.65,6.1287,1,,0.0,6.1287,
20.3,-0.30000000000000004,1.7000000000000002,38.14,0.71,5,glass,0.1,9.4377,0,solar_suspected,0.0,9.4377,
20.3,-0.30000000000000004,1.9000000000000001,36.733,1.469,31,glass,0.1,7.8064,1,,0.0,7.8064,
20.3,-0.1,-0.30000000000000004,35.542,1.154,108,concrete,0.65,6.4255,1,,0.0,6.4255,
20.3,-0.1,1.7000000000000002,37.727,0.901,8,glass,0.1,8.9588,0,solar_suspected,0.0,8.9588,
20.3,-0.1,1.9000000000000001,36.81,1.495,25,glass,0.1,7.8957,1,,0.0,7.8957,
20.3,0.1,-0.30000000000000004,36.177,1.135,112,concrete,0.65,7.1617,1,,0.0,7.1617,
20.3,0.1,1.7000000000000002,38.247,1.314,10,glass,0.1,9.5617,0,solar_suspected,0.0,9.5617,
20.3,0.1,1.9000000000000001,37.424,1.739,24,glass,0.1,8.6075,0,solar_suspected,0.0,8.6075,
20.3,0.30000000000000004,-0.30000000000000004,36.413,0.813,124,concrete,0.65,7.4354,1,,0.0,7.4354,
20.3,0.30000000000000004,1.7000000000000002,38.107,0.96,11,glass,0.1,9.3994,0,solar_suspected,0.0,9.3994,
20.3,0.30000000000000004,1.9000000000000001,36.831,1.581,22,glass,0.1,7.92,1,,0.0,7.92,
20.3,0.5,-0.30000000000000004,36.572,0.805,139,concrete,0.65,7.6197,1,,0.0,7.6197,
20.3,0.5,1.7000000000000002,38.277,0.863,11,glass,0.1,9.5965,0,solar_suspected,0.0,9.5965,
20.3,0.5,1.9000000000000001,36.597,1.883,21,glass,0.1,7.6487,1,,0.0,7.6487,
20.3,0.7000000000000001,-0.30000000000000004,36.437,0.906,138,concrete,0.65,7.4632,1,,0.0,7.4632,
20.3,0.7000000000000001,1.7000000000000002,38.424,1.501,12,glass,0.1,9.767,0,solar_suspected,0.0,9.767,
20.3,0.7000000000000001,1.9000000000000001,36.872,2.239,23,glass,0.1,7.9675,1,,0.0,7.9675,
20.3,0.9,-0.30000000000000004,36.07,1.229,113,concrete,0.65,7.0377,1,,0.0,7.0377,
20.3,0.9,1.7000000000000002,39.031,2.186,15,glass,0.1,10.4707,0,solar_suspected,0.0,10.4707,
20.3,0.9,1.9000000000000001,36.492,2.157,20,glass,0.1,7.527,1,,0.0,7.527,
20.3,1.1,-0.30000000000000004,36.125,1.384,119,concrete,0.65,7.1014,1,,0.0,7.1014,
20.3,1.1,1.7000000000000002,38.397,1.516,9,glass,0.1,9.7357,0,solar_suspected,0.0,9.7357,
20.3,1.1,1.9000000000000001,36.727,2.114,18,glass,0.1,7.7994,1,,0.0,7.7994,
20.3,1.3,-0.30000000000000004,35.9,1.415,133,concrete,0.65,6.8406,1,,0.0,6.8406,
20.3,1.3,1.7000000000000002,37.967,1.262,7,glass,0.1,9.2371,0,solar_suspected,0.0,9.2371,
20.3,1.3,1.9000000000000001,37.381,2.667,21,glass,0.1,8.5577,0,solar_suspected,0.0,8.5577,
20.3,1.5,-0.30000000000000004,35.701,1.443,147,concrete,0.65,6.6099,1,,0.0,6.6099,sud_opaque_no_correction
20.3,1.5,1.7000000000000002,37.744,0.943,6,glass,0.1,8.9786,0,solar_suspected,0.0,8.9786,sud_opaque_no_correction
20.3,1.5,1.9000000000000001,37.064,2.476,27,glass,0.1,8.1901,0,solar_suspected,0.0,8.1901,sud_opaque_no_correction
20.3,1.7000000000000002,-0.30000000000000004,35.509,1.45,105,concrete,0.65,6.3872,1,,0.0,6.3872,sud_opaque_no_correction
20.3,1.7000000000000002,1.7000000000000002,37.204,1.012,8,glass,0.1,8.3525,0,solar_suspected,0.0,8.3525,sud_opaque_no_correction
20.3,1.7000000000000002,1.9000000000000001,36.915,2.256,26,glass,0.1,8.0174,0,solar_suspected,0.0,8.0174,sud_opaque_no_correction
20.5,-0.7000000000000001,-0.30000000000000004,34.614,0.765,59,concrete,0.65,5.3496,1,,57.4,-2.9691,nord_diffuse_only
20.5,-0.7000000000000001,-0.1,34.777,1.081,205,concrete,0.65,5.5386,1,,57.4,-2.7801,nord_diffuse_only
20.5,-0.7000000000000001,0.1,35.137,1.212,140,painted_metal,0.65,5.9559,1,,57.4,-2.3627,nord_diffuse_only
20.5,-0.7000000000000001,0.30000000000000004,35.443,1.145,160,painted_metal,0.65,6.3107,1,,57.4,-2.0079,nord_diffuse_only
20.5,-0.7000000000000001,0.5,36.019,1.243,178,painted_metal,0.65,6.9786,1,,57.4,-1.3401,nord_diffuse_only
20.5,-0.7000000000000001,0.7000000000000001,36.267,1.174,196,painted_metal,0.65,7.2661,1,,57.4,-1.0526,nord_diffuse_only
20.5,-0.7000000000000001,0.9,36.876,1.684,145,painted_metal,0.65,7.9722,1,,57.4,-0.3465,nord_diffuse_only
20.5,-0.7000000000000001,1.1,36.373,1.272,85,glass,0.1,7.389,1,,8.83,6.1092,nord_diffuse_only
20.5,-0.7000000000000001,1.3,36.08,1.107,49,glass,0.1,7.0493,1,,8.83,5.7695,nord_diffuse_only
20.5,-0.7000000000000001,1.5,35.912,1.165,39,glass,0.1,6.8545,1,,8.83,5.5747,nord_diffuse_only
20.5,-0.7000000000000001,1.7000000000000002,35.962,1.145,28,glass,0.1,6.9125,1,,8.83,5.6327,nord_diffuse_only
20.5,-0.5,-0.30000000000000004,34.534,0.978,285,concrete,0.65,5.2568,1,,0.0,5.2568,
20.5,-0.5,-0.1,34.426,0.958,193,concrete,0.65,5.1316,1,,0.0,5.1316,
20.5,-0.5,0.1,35.128,1.227,87,painted_metal,0.65,5.9455,1,,0.0,5.9455,
20.5,-0.5,0.30000000000000004,35.451,1.287,35,painted_metal,0.65,6.32,1,,0.0,6.32,
20.5,-0.5,0.5,35.789,0.565,8,painted_metal,0.65,6.7119,1,,0.0,6.7119,
20.5,-0.5,0.7000000000000001,35.489,0.628,7,painted_metal,0.65,6.3641,1,,0.0,6.3641,
20.5,-0.5,1.5,34.75,0.0,1,glass,0.1,5.5072,1,,0.0,5.5072,
20.5,-0.5,1.7000000000000002,35.584,1.113,14,glass,0.1,6.4742,1,,0.0,6.4742,
20.5,-0.5,1.9000000000000001,36.731,1.813,31,glass,0.1,7.8041,1,,0.0,7.8041,
20.5,-0.30000000000000004,-0.30000000000000004,35.248,1.218,153,concrete,0.65,6.0846,1,,0.0,6.0846,
20.5,-0.30000000000000004,1.7000000000000002,37.405,1.202,11,glass,0.1,8.5855,0,solar_suspected,0.0,8.5855,
20.5,-0.30000000000000004,1.9000000000000001,37.353,1.642,43,glass,0.1,8.5252,0,solar_suspected,0.0,8.5252,
20.5,-0.1,-0.30000000000000004,35.868,1.228,147,concrete,0.65,6.8035,1,,0.0,6.8035,
20.5,-0.1,1.7000000000000002,37.099,1.233,18,glass,0.1,8.2307,0,solar_suspected,0.0,8.2307,
20.5,-0.1,1.9000000000000001,37.852,1.661,36,glass,0.1,9.1038,0,solar_suspected,0.0,9.1038,
20.5,0.1,-0.30000000000000004,36.199,1.144,160,concrete,0.65,7.1872,1,,0.0,7.1872,
20.5,0.1,1.7000000000000002,37.777,1.132,15,glass,0.1,9.0168,0,solar_suspected,0.0,9.0168,
20.5,0.1,1.9000000000000001,37.764,2.036,36,glass,0.1,9.0017,0,solar_suspected,0.0,9.0017,
20.5,0.30000000000000004,-0.30000000000000004,36.359,0.992,107,concrete,0.65,7.3728,1,,0.0,7.3728,
20.5,0.30000000000000004,1.7000000000000002,38.173,0.97,8,glass,0.1,9.4759,0,solar_suspected,0.0,9.4759,
20.5,0.30000000000000004,1.9000000000000001,37.529,1.898,40,glass,0.1,8.7293,0,solar_suspected,0.0,8.7293,
20.5,0.5,-0.30000000000000004,36.596,0.803,113,concrete,0.65,7.6475,1,,0.0,7.6475,
20.5,0.5,1.7000000000000002,37.661,1.528,11,glass,0.1,8.8823,0,solar_suspected,0.0,8.8823,
20.5,0.5,1.9000000000000001,37.52,2.206,37,glass,0.1,8.7188,0,solar_suspected,0.0,8.7188,
20.5,0.7000000000000001,-0.30000000000000004,36.482,0.994,109,concrete,0.65,7.5154,1,,0.0,7.5154,
20.5,0.7000000000000001,1.7000000000000002,37.826,1.554,15,glass,0.1,9.0736,0,solar_suspected,0.0,9.0736,
20.5,0.7000000000000001,1.9000000000000001,37.456,2.721,34,glass,0.1,8.6446,0,solar_suspected,0.0,8.6446,
20.5,0.9,-0.30000000000000004,36.277,1.353,111,concrete,0.65,7.2777,1,,0.0,7.2777,
20.5,0.9,1.7000000000000002,37.111,1.943,10,glass,0.1,8.2446,0,solar_suspected,0.0,8.2446,
20.5,0.9,1.9000000000000001,37.629,2.489,35,glass,0.1,8.8452,0,solar_suspected,0.0,8.8452,
20.5,1.1,-0.30000000000000004,36.258,1.415,96,concrete,0.65,7.2557,1,,0.0,7.2557,
20.5,1.1,1.7000000000000002,37.242,1.596,13,glass,0.1,8.3965,0,solar_suspected,0.0,8.3965,
20.5,1.1,1.9000000000000001,37.908,2.321,35,glass,0.1,9.1687,0,solar_suspected,0.0,9.1687,
20.5,1.3,-0.30000000000000004,36.095,1.385,124,concrete,0.65,7.0667,1,,0.0,7.0667,
20.5,1.3,1.7000000000000002,37.024,1.992,15,glass,0.1,8.1438,0,solar_suspected,0.0,8.1438,
20.5,1.3,1.9000000000000001,38.006,2.249,33,glass,0.1,9.2823,0,solar_suspected,0.0,9.2823,
20.5,1.5,-0.30000000000000004,35.786,1.467,119,concrete,0.65,6.7084,1,,0.0,6.7084,sud_opaque_no_correction
20.5,1.5,1.7000000000000002,36.45,1.724,12,glass,0.1,7.4783,1,,0.0,7.4783,sud_opaque_no_correction
20.5,1.5,1.9000000000000001,37.767,1.811,34,glass,0.1,9.0052,0,solar_suspected,0.0,9.0052,sud_opaque_no_correction
20.5,1.7000000000000002,-0.30000000000000004,35.371,1.415,111,concrete,0.65,6.2272,1,,0.0,6.2272,sud_opaque_no_correction
20.5,1.7000000000000002,1.7000000000000002,36.266,1.715,17,glass,0.1,7.2649,1,,0.0,7.2649,sud_opaque_no_correction
20.5,1.7000000000000002,1.9000000000000001,37.341,1.703,25,glass,0.1,8.5113,0,solar_suspected,0.0,8.5113,sud_opaque_no_correction
20.700000000000003,-0.7000000000000001,-0.30000000000000004,35.312,0.548,20,concrete,0.65,6.1588,1,,57.4,-2.1598,nord_diffuse_only
20.700000000000003,-0.7000000000000001,-0.1,34.833,0.997,94,concrete,0.65,5.6035,1,,57.4,-2.7152,nord_diffuse_only
20.700000000000003,-0.7000000000000001,0.1,35.226,1.063,81,painted_metal,0.65,6.0591,1,,57.4,-2.2595,nord_diffuse_only
20.700000000000003,-0.7000000000000001,0.30000000000000004,35.53,1.161,96,painted_metal,0.65,6.4116,1,,57.4,-1.9071,nord_diffuse_only
20.700000000000003,-0.7000000000000001,0.5,36.049,1.318,109,painted_metal,0.65,7.0133,1,,57.4,-1.3053,nord_diffuse_only
20.700000000000003,-0.7000000000000001,0.7000000000000001,36.445,1.218,170,painted_metal,0.65,7.4725,1,,57.4,-0.8462,nord_diffuse_only
20.700000000000003,-0.7000000000000001,0.9,36.966,1.43,130,painted_metal,0.65,8.0765,0,solar_suspected,57.4,-0.2421,nord_diffuse_only
20.700000000000003,-0.7000000000000001,1.1,36.596,1.347,81,glass,0.1,7.6475,1,,8.83,6.3677,nord_diffuse_only
20.700000000000003,-0.7000000000000001,1.3,36.045,1.076,52,glass,0.1,7.0087,1,,8.83,5.7289,nord_diffuse_only
20.700000000000003,-0.7000000000000001,1.5,36.032,1.154,42,glass,0.1,6.9936,1,,8.83,5.7138,nord_diffuse_only
20.700000000000003,-0.7000000000000001,1.7000000000000002,36.28,1.131,25,glass,0.1,7.2812,1,,8.83,6.0014,nord_diffuse_only
20.700000000000003,-0.5,-0.30000000000000004,34.761,1.039,323,concrete,0.65,5.52,1,,0.0,5.52,
20.700000000000003,-0.5,-0.1,34.707,1.08,312,concrete,0.65,5.4574,1,,0.0,5.4574,
20.700000000000003,-0.5,0.1,35.311,1.336,136,painted_metal,0.65,6.1577,1,,0.0,6.1577,
20.700000000000003,-0.5,0.30000000000000004,35.557,1.227,82,painted_metal,0.65,6.4429,1,,0.0,6.4429,
20.700000000000003,-0.5,0.5,36.128,1.18,56,painted_metal,0.65,7.1049,1,,0.0,7.1049,
20.700000000000003,-0.5,0.7000000000000001,36.164,0.874,35,painted_metal,0.65,7.1467,1,,0.0,7.1467,
20.700000000000003,-0.5,0.9,37.374,1.759,11,painted_metal,0.65,8.5496,0,solar_suspected,0.0,8.5496,
20.700000000000003,-0.5,1.1,38.455,1.569,2,painted_metal,0.65,9.8029,0,solar_suspected,0.0,9.8029,
20.700000000000003,-0.5,1.3,34.952,0.428,2,glass,0.1,5.7414,1,,0.0,5.7414,
20.700000000000003,-0.5,1.5,35.005,0.0,1,glass,0.1,5.8029,1,,0.0,5.8029,
20.700000000000003,-0.5,1.7000000000000002,35.603,1.386,23,glass,0.1,6.4962,1,,0.0,6.4962,
20.700000000000003,-0.5,1.9000000000000001,36.574,1.75,14,glass,0.1,7.622,1,,0.0,7.622,
20.700000000000003,-0.30000000000000004,-0.30000000000000004,34.895,0.973,116,concrete,0.65,5.6754,1,,0.0,5.6754,
20.700000000000003,-0.30000000000000004,1.7000000000000002,35.937,1.477,18,glass,0.1,6.8835,1,,0.0,6.8835,
20.700000000000003,-0.30000000000000004,1.9000000000000001,36.262,1.775,16,glass,0.1,7.2603,1,,0.0,7.2603,
20.700000000000003,-0.1,-0.30000000000000004,35.198,0.927,129,concrete,0.65,6.0267,1,,0.0,6.0267,
20.700000000000003,-0.1,1.7000000000000002,36.279,1.171,15,glass,0.1,7.28,1,,0.0,7.28,
20.700000000000003,-0.1,1.9000000000000001,36.652,1.827,14,glass,0.1,7.7125,1,,0.0,7.7125,
20.700000000000003,0.1,-0.30000000000000004,36.062,1.069,188,concrete,0.65,7.0284,1,,0.0,7.0284,
20.700000000000003,0.1,1.7000000000000002,36.235,1.505,14,glass,0.1,7.229,1,,0.0,7.229,
20.700000000000003,0.1,1.9000000000000001,37.449,1.926,17,glass,0.1,8.6365,0,solar_suspected,0.0,8.6365,
20.700000000000003,0.30000000000000004,-0.30000000000000004,36.492,0.821,168,concrete,0.65,7.527,1,,0.0,7.527,
20.700000000000003,0.30000000000000004,1.7000000000000002,36.521,1.645,19,glass,0.1,7.5606,1,,0.0,7.5606,
20.700000000000003,0.30000000000000004,1.9000000000000001,37.468,1.842,21,glass,0.1,8.6586,0,solar_suspected,0.0,8.6586,
20.700000000000003,0.5,-0.30000000000000004,36.709,0.767,182,concrete,0.65,7.7786,1,,0.0,7.7786,
20.700000000000003,0.5,1.7000000000000002,36.64,1.709,19,glass,0.1,7.6986,1,,0.0,7.6986,
20.700000000000003,0.5,1.9000000000000001,37.872,1.73,14,glass,0.1,9.127,0,solar_suspected,0.0,9.127,
20.700000000000003,0.7000000000000001,-0.30000000000000004,36.793,0.74,172,concrete,0.65,7.8759,1,,0.0,7.8759,
20.700000000000003,0.7000000000000001,1.7000000000000002,36.593,1.85,18,glass,0.1,7.6441,1,,0.0,7.6441,
20.700000000000003,0.7000000000000001,1.9000000000000001,37.572,2.447,16,glass,0.1,8.7791,0,solar_suspected,0.0,8.7791,
20.700000000000003,0.9,-0.30000000000000004,36.43,1.005,144,concrete,0.65,7.4551,1,,0.0,7.4551,
20.700000000000003,0.9,1.7000000000000002,36.87,1.758,21,glass,0.1,7.9652,1,,0.0,7.9652,
20.700000000000003,0.9,1.9000000000000001,37.586,2.23,16,glass,0.1,8.7954,0,solar_suspected,0.0,8.7954,
20.700000000000003,1.1,-0.30000000000000004,36.385,1.18,129,concrete,0.65,7.4029,1,,0.0,7.4029,
20.700000000000003,1.1,1.7000000000000002,37.114,1.717,20,glass,0.1,8.2481,0,solar_suspected,0.0,8.2481,
20.700000000000003,1.1,1.9000000000000001,36.928,2.023,12,glass,0.1,8.0325,0,solar_suspected,0.0,8.0325,
20.700000000000003,1.3,-0.30000000000000004,36.12,1.443,130,concrete,0.65,7.0957,1,,0.0,7.0957,
20.700000000000003,1.3,1.7000000000000002,37.203,1.955,19,glass,0.1,8.3513,0,solar_suspected,0.0,8.3513,
20.700000000000003,1.3,1.9000000000000001,36.474,2.189,9,glass,0.1,7.5061,1,,0.0,7.5061,
20.700000000000003,1.5,-0.30000000000000004,36.357,1.35,132,concrete,0.65,7.3704,1,,0.0,7.3704,sud_opaque_no_correction
20.700000000000003,1.5,1.7000000000000002,36.745,1.311,17,glass,0.1,7.8203,1,,0.0,7.8203,sud_opaque_no_correction
20.700000000000003,1.5,1.9000000000000001,37.023,1.892,14,glass,0.1,8.1426,0,solar_suspected,0.0,8.1426,sud_opaque_no_correction
20.700000000000003,1.7000000000000002,-0.30000000000000004,36.201,1.284,140,concrete,0.65,7.1896,1,,0.0,7.1896,sud_opaque_no_correction
20.700000000000003,1.7000000000000002,1.7000000000000002,36.74,1.128,10,glass,0.1,7.8145,1,,0.0,7.8145,sud_opaque_no_correction
20.700000000000003,1.7000000000000002,1.9000000000000001,36.603,1.808,21,glass,0.1,7.6557,1,,0.0,7.6557,sud_opaque_no_correction
20.900000000000002,-0.7000000000000001,-0.30000000000000004,35.415,0.719,4,concrete,0.65,6.2783,1,,57.4,-2.0404,nord_diffuse_only
20.900000000000002,-0.7000000000000001,-0.1,35.108,0.879,27,glass,0.1,5.9223,1,,8.83,4.6425,nord_diffuse_only
20.900000000000002,-0.7000000000000001,0.1,35.335,1.059,41,painted_metal,0.65,6.1855,1,,57.4,-2.1332,nord_diffuse_only
20.900000000000002,-0.7000000000000001,0.30000000000000004,35.553,0.942,44,painted_metal,0.65,6.4383,1,,57.4,-1.8804,nord_diffuse_only
20.900000000000002,-0.7000000000000001,0.5,35.926,1.343,66,painted_metal,0.65,6.8707,1,,57.4,-1.4479,nord_diffuse_only
20.900000000000002,-0.7000000000000001,0.7000000000000001,36.318,1.352,94,painted_metal,0.65,7.3252,1,,57.4,-0.9934,nord_diffuse_only
20.900000000000002,-0.7000000000000001,0.9,36.876,1.344,111,painted_metal,0.65,7.9722,1,,57.4,-0.3465,nord_diffuse_only
20.900000000000002,-0.7000000000000001,1.1,36.993,1.358,66,glass,0.1,8.1078,0,solar_suspected,8.83,6.828,nord_diffuse_only
20.900000000000002,-0.7000000000000001,1.3,36.25,1.135,54,glass,0.1,7.2464,1,,8.83,5.9666,nord_diffuse_only
20.900000000000002,-0.7000000000000001,1.5,35.68,1.042,39,glass,0.1,6.5855,1,,8.83,5.3057,nord_diffuse_only
20.900000000000002,-0.7000000000000001,1.7000000000000002,35.561,1.121,20,glass,0.1,6.4475,1,,8.83,5.1677,nord_diffuse_only
20.900000000000002,-0.5,-0.30000000000000004,34.786,1.053,375,concrete,0.65,5.549,1,,0.0,5.549,
20.900000000000002,-0.5,-0.1,34.637,1.005,353,concrete,0.65,5.3762,1,,0.0,5.3762,
20.900000000000002,-0.5,0.1,35.284,1.23,184,painted_metal,0.65,6.1264,1,,0.0,6.1264,
20.900000000000002,-0.5,0.30000000000000004,35.75,1.211,134,painted_metal,0.65,6.6667,1,,0.0,6.6667,
20.900000000000002,-0.5,0.5,36.046,1.188,106,painted_metal,0.65,7.0099,1,,0.0,7.0099,
20.900000000000002,-0.5,0.7000000000000001,36.311,1.093,103,painted_metal,0.65,7.3171,1,,0.0,7.3171,
20.900000000000002,-0.5,0.9,36.864,1.579,54,painted_metal,0.65,7.9583,1,,0.0,7.9583,
20.900000000000002,-0.5,1.1,37.046,2.124,14,glass,0.1,8.1693,0,solar_suspected,0.0,8.1693,
20.900000000000002,-0.5,1.3,35.558,0.938,8,glass,0.1,6.4441,1,,0.0,6.4441,
20.900000000000002,-0.5,1.5,35.719,1.33,4,glass,0.1,6.6307,1,,0.0,6.6307,
20.900000000000002,-0.5,1.7000000000000002,36.497,1.667,21,glass,0.1,7.5328,1,,0.0,7.5328,
20.900000000000002,-0.5,1.9000000000000001,36.0,1.421,16,glass,0.1,6.9565,1,,0.0,6.9565,
20.900000000000002,-0.30000000000000004,-0.30000000000000004,35.142,1.108,185,concrete,0.65,5.9617,1,,0.0,5.9617,
20.900000000000002,-0.30000000000000004,1.7000000000000002,36.655,1.81,9,glass,0.1,7.7159,1,,0.0,7.7159,
20.900000000000002,-0.30000000000000004,1.9000000000000001,36.567,1.601,17,glass,0.1,7.6139,1,,0.0,7.6139,
20.900000000000002,-0.1,-0.30000000000000004,35.568,1.063,192,concrete,0.65,6.4557,1,,0.0,6.4557,
20.900000000000002,-0.1,1.7000000000000002,36.296,1.855,15,glass,0.1,7.2997,1,,0.0,7.2997,
20.900000000000002,-0.1,1.9000000000000001,36.664,1.414,12,glass,0.1,7.7264,1,,0.0,7.7264,
20.900000000000002,0.1,-0.30000000000000004,35.732,0.908,142,concrete,0.65,6.6458,1,,0.0,6.6458,
20.900000000000002,0.1,1.7000000000000002,36.65,1.853,15,glass,0.1,7.7101,1,,0.0,7.7101,
20.900000000000002,0.1,1.9000000000000001,37.199,1.607,13,glass,0.1,8.3467,0,solar_suspected,0.0,8.3467,
20.900000000000002,0.30000000000000004,-0.30000000000000004,36.192,0.812,138,concrete,0.65,7.1791,1,,0.0,7.1791,
20.900000000000002,0.30000000000000004,1.7000000000000002,36.327,2.164,14,glass,0.1,7.3357,1,,0.0,7.3357,
20.900000000000002,0.30000000000000004,1.9000000000000001,37.159,1.216,13,glass,0.1,8.3003,0,solar_suspected,0.0,8.3003,
20.900000000000002,0.5,-0.30000000000000004,36.454,0.782,144,concrete,0.65,7.4829,1,,0.0,7.4829,
20.900000000000002,0.5,1.7000000000000002,36.671,2.099,17,glass,0.1,7.7345,1,,0.0,7.7345,
20.900000000000002,0.5,1.9000000000000001,37.18,1.22,9,glass,0.1,8.3246,0,solar_suspected,0.0,8.3246,
20.900000000000002,0.7000000000000001,-0.30000000000000004,36.574,0.711,122,concrete,0.65,7.622,1,,0.0,7.622,
20.900000000000002,0.7000000000000001,1.7000000000000002,37.02,2.409,14,glass,0.1,8.1391,0,solar_suspected,0.0,8.1391,
20.900000000000002,0.7000000000000001,1.9000000000000001,36.829,1.876,11,glass,0.1,7.9177,1,,0.0,7.9177,
20.900000000000002,0.9,-0.30000000000000004,36.613,0.941,126,concrete,0.65,7.6672,1,,0.0,7.6672,
20.900000000000002,0.9,1.7000000000000002,37.199,2.117,19,glass,0.1,8.3467,0,solar_suspected,0.0,8.3467,
20.900000000000002,0.9,1.9000000000000001,37.079,1.899,8,glass,0.1,8.2075,0,solar_suspected,0.0,8.2075,
20.900000000000002,1.1,-0.30000000000000004,36.696,0.919,146,concrete,0.65,7.7635,1,,0.0,7.7635,
20.900000000000002,1.1,1.7000000000000002,37.153,2.011,16,glass,0.1,8.2933,0,solar_suspected,0.0,8.2933,
20.900000000000002,1.1,1.9000000000000001,36.593,1.984,13,glass,0.1,7.6441,1,,0.0,7.6441,
20.900000000000002,1.3,-0.30000000000000004,36.456,1.209,148,concrete,0.65,7.4852,1,,0.0,7.4852,
20.900000000000002,1.3,1.7000000000000002,37.437,2.045,16,glass,0.1,8.6226,0,solar_suspected,0.0,8.6226,
20.900000000000002,1.3,1.9000000000000001,36.617,1.644,11,glass,0.1,7.6719,1,,0.0,7.6719,
20.900000000000002,1.5,-0.30000000000000004,36.356,1.254,141,concrete,0.65,7.3693,1,,0.0,7.3693,sud_opaque_no_correction
20.900000000000002,1.5,1.7000000000000002,36.986,1.754,16,glass,0.1,8.0997,0,solar_suspected,0.0,8.0997,sud_opaque_no_correction
20.900000000000002,1.5,1.9000000000000001,36.724,1.575,17,glass,0.1,7.7959,1,,0.0,7.7959,sud_opaque_no_correction
20.900000000000002,1.7000000000000002,-0.30000000000000004,35.665,1.415,190,concrete,0.65,6.5681,1,,0.0,6.5681,sud_opaque_no_correction
20.900000000000002,1.7000000000000002,1.7000000000000002,37.182,1.653,11,glass,0.1,8.327,0,solar_suspected,0.0,8.327,sud_opaque_no_correction
20.900000000000002,1.7000000000000002,1.9000000000000001,36.472,1.353,11,glass,0.1,7.5038,1,,0.0,7.5038,sud_opaque_no_correction
21.1,-0.7000000000000001,-0.1,35.272,0.826,14,glass,0.1,6.1125,1,,8.83,4.8327,nord_diffuse_only
21.1,-0.7000000000000001,0.1,35.572,1.067,11,glass,0.1,6.4603,1,,8.83,5.1805,nord_diffuse_only
21.1,-0.7000000000000001,0.30000000000000004,35.841,0.987,13,glass,0.1,6.7722,1,,8.83,5.4924,nord_diffuse_only
21.1,-0.7000000000000001,0.5,35.871,1.253,31,painted_metal,0.65,6.807,1,,57.4,-1.5117,nord_diffuse_only
21.1,-0.7000000000000001,0.7000000000000001,36.663,1.283,23,glass,0.1,7.7252,1,,8.83,6.4454,nord_diffuse_only
21.1,-0.7000000000000001,0.9,36.546,1.267,42,glass,0.1,7.5896,1,,8.83,6.3098,nord_diffuse_only
21.1,-0.7000000000000001,1.1,36.691,1.344,54,glass,0.1,7.7577,1,,8.83,6.4779,nord_diffuse_only
21.1,-0.7000000000000001,1.3,36.04,1.188,37,glass,0.1,7.0029,1,,8.83,5.7231,nord_diffuse_only
21.1,-0.7000000000000001,1.5,36.211,1.116,43,glass,0.1,7.2012,1,,8.83,5.9214,nord_diffuse_only
21.1,-0.7000000000000001,1.7000000000000002,36.422,1.17,14,glass,0.1,7.4458,1,,8.83,6.166,nord_diffuse_only
21.1,-0.5,-0.30000000000000004,34.831,0.993,320,concrete,0.65,5.6012,1,,0.0,5.6012,
21.1,-0.5,-0.1,34.721,1.03,344,painted_metal,0.65,5.4736,1,,0.0,5.4736,
21.1,-0.5,0.1,35.295,1.229,202,painted_metal,0.65,6.1391,1,,0.0,6.1391,
21.1,-0.5,0.30000000000000004,35.587,1.188,161,painted_metal,0.65,6.4777,1,,0.0,6.4777,
21.1,-0.5,0.5,36.219,1.218,132,painted_metal,0.65,7.2104,1,,0.0,7.2104,
21.1,-0.5,0.7000000000000001,36.46,1.223,147,painted_metal,0.65,7.4899,1,,0.0,7.4899,
21.1,-0.5,0.9,36.961,1.34,113,painted_metal,0.65,8.0707,0,solar_suspected,0.0,8.0707,
21.1,-0.5,1.1,37.261,1.642,35,glass,0.1,8.4186,0,solar_suspected,0.0,8.4186,
21.1,-0.5,1.3,36.395,1.326,23,glass,0.1,7.4145,1,,0.0,7.4145,
21.1,-0.5,1.5,36.048,1.047,9,glass,0.1,7.0122,1,,0.0,7.0122,
21.1,-0.5,1.7000000000000002,36.91,1.677,21,glass,0.1,8.0116,0,solar_suspected,0.0,8.0116,
21.1,-0.5,1.9000000000000001,36.63,1.702,19,glass,0.1,7.687,1,,0.0,7.687,
21.1,-0.30000000000000004,-0.30000000000000004,35.2,1.057,119,concrete,0.65,6.029,1,,0.0,6.029,
21.1,-0.30000000000000004,1.7000000000000002,36.819,2.031,7,glass,0.1,7.9061,1,,0.0,7.9061,
21.1,-0.30000000000000004,1.9000000000000001,36.118,1.245,14,glass,0.1,7.0933,1,,0.0,7.0933,
21.1,-0.1,-0.30000000000000004,35.356,1.071,135,concrete,0.65,6.2099,1,,0.0,6.2099,
21.1,-0.1,1.7000000000000002,36.89,1.826,8,glass,0.1,7.9884,1,,0.0,7.9884,
21.1,-0.1,1.9000000000000001,36.107,1.68,10,glass,0.1,7.0806,1,,0.0,7.0806,
21.1,0.1,-0.30000000000000004,35.742,1.186,116,concrete,0.65,6.6574,1,,0.0,6.6574,
21.1,0.1,1.7000000000000002,37.23,1.781,10,glass,0.1,8.3826,0,solar_suspected,0.0,8.3826,
21.1,0.1,1.9000000000000001,36.569,2.11,11,glass,0.1,7.6162,1,,0.0,7.6162,
21.1,0.30000000000000004,-0.30000000000000004,35.928,0.909,121,concrete,0.65,6.873,1,,0.0,6.873,
21.1,0.30000000000000004,1.7000000000000002,37.102,1.746,7,glass,0.1,8.2342,0,solar_suspected,0.0,8.2342,
21.1,0.30000000000000004,1.9000000000000001,35.999,1.645,8,glass,0.1,6.9554,1,,0.0,6.9554,
21.1,0.5,-0.30000000000000004,36.376,0.629,108,concrete,0.65,7.3925,1,,0.0,7.3925,
21.1,0.5,1.7000000000000002,37.065,1.94,5,glass,0.1,8.1913,0,solar_suspected,0.0,8.1913,
21.1,0.5,1.9000000000000001,35.863,1.342,11,glass,0.1,6.7977,1,,0.0,6.7977,
21.1,0.7000000000000001,-0.30000000000000004,36.477,0.836,85,concrete,0.65,7.5096,1,,0.0,7.5096,
21.1,0.7000000000000001,1.7000000000000002,36.952,2.331,9,glass,0.1,8.0603,0,solar_suspected,0.0,8.0603,
21.1,0.7000000000000001,1.9000000000000001,36.171,2.387,9,glass,0.1,7.1548,1,,0.0,7.1548,
21.1,0.9,-0.30000000000000004,36.486,0.928,97,concrete,0.65,7.52,1,,0.0,7.52,
21.1,0.9,1.7000000000000002,35.668,1.188,7,glass,0.1,6.5716,1,,0.0,6.5716,
21.1,0.9,1.9000000000000001,36.533,2.101,14,glass,0.1,7.5745,1,,0.0,7.5745,
21.1,1.1,-0.30000000000000004,36.248,1.083,98,concrete,0.65,7.2441,1,,0.0,7.2441,
21.1,1.1,1.7000000000000002,36.664,2.072,7,glass,0.1,7.7264,1,,0.0,7.7264,
21.1,1.1,1.9000000000000001,36.439,2.039,9,glass,0.1,7.4655,1,,0.0,7.4655,
21.1,1.3,-0.30000000000000004,36.113,1.363,136,concrete,0.65,7.0875,1,,0.0,7.0875,
21.1,1.3,1.7000000000000002,37.909,1.846,8,glass,0.1,9.1699,0,solar_suspected,0.0,9.1699,
21.1,1.3,1.9000000000000001,37.088,2.276,10,glass,0.1,8.218,0,solar_suspected,0.0,8.218,
21.1,1.5,-0.30000000000000004,35.583,1.464,144,concrete,0.65,6.473,1,,0.0,6.473,sud_opaque_no_correction
21.1,1.5,1.7000000000000002,37.556,1.462,7,glass,0.1,8.7606,0,solar_suspected,0.0,8.7606,sud_opaque_no_correction
21.1,1.5,1.9000000000000001,37.394,1.915,10,glass,0.1,8.5728,0,solar_suspected,0.0,8.5728,sud_opaque_no_correction
21.1,1.7000000000000002,-0.30000000000000004,35.423,1.469,152,concrete,0.65,6.2875,1,,0.0,6.2875,sud_opaque_no_correction
21.1,1.7000000000000002,1.7000000000000002,37.101,1.865,4,glass,0.1,8.233,0,solar_suspected,0.0,8.233,sud_opaque_no_correction
21.1,1.7000000000000002,1.9000000000000001,37.577,1.929,10,glass,0.1,8.7849,0,solar_suspected,0.0,8.7849,sud_opaque_no_correction
21.3,-0.7000000000000001,-0.1,33.674,0.0,1,painted_metal,0.65,4.2597,1,,57.4,-4.0589,nord_diffuse_only
21.3,-0.7000000000000001,0.1,34.746,1.539,4,glass,0.1,5.5026,1,,8.83,4.2228,nord_diffuse_only
21.3,-0.7000000000000001,0.30000000000000004,35.48,1.298,8,painted_metal,0.65,6.3536,1,,57.4,-1.965,nord_diffuse_only
21.3,-0.7000000000000001,0.5,35.48,1.523,17,glass,0.1,6.3536,1,,8.83,5.0738,nord_diffuse_only
21.3,-0.7000000000000001,0.7000000000000001,36.106,1.427,14,glass,0.1,7.0794,1,,8.83,5.7996,nord_diffuse_only
21.3,-0.7000000000000001,0.9,36.57,1.272,15,glass,0.1,7.6174,1,,8.83,6.3376,nord_diffuse_only
21.3,-0.7000000000000001,1.1,36.404,1.548,21,glass,0.1,7.4249,1,,8.83,6.1451,nord_diffuse_only
21.3,-0.7000000000000001,1.3,36.267,0.971,11,glass,0.1,7.2661,1,,8.83,5.9863,nord_diffuse_only
21.3,-0.7000000000000001,1.5,35.563,1.242,19,glass,0.1,6.4499,1,,8.83,5.1701,nord_diffuse_only
21.3,-0.7000000000000001,1.7000000000000002,36.099,1.372,5,glass,0.1,7.0713,1,,8.83,5.7915,nord_diffuse_only
21.3,-0.5,-0.30000000000000004,34.975,1.117,310,concrete,0.65,5.7681,1,,0.0,5.7681,
21.3,-0.5,-0.1,34.848,1.002,313,concrete,0.65,5.6209,1,,0.0,5.6209,
21.3,-0.5,0.1,35.309,1.196,177,painted_metal,0.65,6.1554,1,,0.0,6.1554,
21.3,-0.5,0.30000000000000004,35.718,1.134,158,painted_metal,0.65,6.6296,1,,0.0,6.6296,
21.3,-0.5,0.5,36.104,1.198,131,painted_metal,0.65,7.0771,1,,0.0,7.0771,
21.3,-0.5,0.7000000000000001,36.48,1.225,170,painted_metal,0.65,7.513,1,,0.0,7.513,
21.3,-0.5,0.9,36.777,1.187,129,painted_metal,0.65,7.8574,1,,0.0,7.8574,
21.3,-0.5,1.1,37.594,1.28,63,glass,0.1,8.8046,0,solar_suspected,0.0,8.8046,
21.3,-0.5,1.3,36.577,1.364,32,glass,0.1,7.6255,1,,0.0,7.6255,
21.3,-0.5,1.5,36.416,1.62,17,glass,0.1,7.4388,1,,0.0,7.4388,
21.3,-0.5,1.7000000000000002,36.25,1.805,35,glass,0.1,7.2464,1,,0.0,7.2464,
21.3,-0.5,1.9000000000000001,36.61,2.096,19,glass,0.1,7.6638,1,,0.0,7.6638,
21.3,-0.30000000000000004,-0.30000000000000004,35.249,1.19,145,concrete,0.65,6.0858,1,,0.0,6.0858,
21.3,-0.30000000000000004,1.7000000000000002,36.366,2.2,7,glass,0.1,7.3809,1,,0.0,7.3809,
21.3,-0.30000000000000004,1.9000000000000001,37.044,2.193,24,glass,0.1,8.167,0,solar_suspected,0.0,8.167,
21.3,-0.1,-0.30000000000000004,35.29,0.975,109,concrete,0.65,6.1333,1,,0.0,6.1333,
21.3,-0.1,1.7000000000000002,36.302,2.098,8,glass,0.1,7.3067,1,,0.0,7.3067,
21.3,-0.1,1.9000000000000001,36.722,2.392,25,glass,0.1,7.7936,1,,0.0,7.7936,
21.3,0.1,-0.30000000000000004,35.601,0.917,95,concrete,0.65,6.4939,1,,0.0,6.4939,
21.3,0.1,1.7000000000000002,37.679,2.013,15,glass,0.1,8.9032,0,solar_suspected,0.0,8.9032,
21.3,0.1,1.9000000000000001,36.123,2.653,14,glass,0.1,7.0991,1,,0.0,7.0991,
21.3,0.30000000000000004,-0.30000000000000004,36.178,0.952,100,concrete,0.65,7.1629,1,,0.0,7.1629,
21.3,0.30000000000000004,1.7000000000000002,37.346,1.822,18,glass,0.1,8.5171,0,solar_suspected,0.0,8.5171,
21.3,0.30000000000000004,1.9000000000000001,36.449,2.324,22,glass,0.1,7.4771,1,,0.0,7.4771,
21.3,0.5,-0.30000000000000004,36.42,0.8,101,concrete,0.65,7.4435,1,,0.0,7.4435,
21.3,0.5,1.7000000000000002,37.593,1.745,20,glass,0.1,8.8035,0,solar_suspected,0.0,8.8035,
21.3,0.5,1.9000000000000001,36.451,2.421,18,glass,0.1,7.4794,1,,0.0,7.4794,
21.3,0.7000000000000001,-0.30000000000000004,36.704,0.663,118,concrete,0.65,7.7728,1,,0.0,7.7728,
21.3,0.7000000000000001,1.7000000000000002,38.056,2.243,15,glass,0.1,9.3403,0,solar_suspected,0.0,9.3403,
21.3,0.7000000000000001,1.9000000000000001,36.168,2.311,18,glass,0.1,7.1513,1,,0.0,7.1513,
21.3,0.9,-0.30000000000000004,36.646,0.735,113,concrete,0.65,7.7055,1,,0.0,7.7055,
21.3,0.9,1.7000000000000002,37.704,2.164,15,glass,0.1,8.9322,0,solar_suspected,0.0,8.9322,
21.3,0.9,1.9000000000000001,36.87,2.629,17,glass,0.1,7.9652,1,,0.0,7.9652,
21.3,1.1,-0.30000000000000004,36.654,0.791,137,concrete,0.65,7.7148,1,,0.0,7.7148,
21.3,1.1,1.7000000000000002,37.619,2.313,9,glass,0.1,8.8336,0,solar_suspected,0.0,8.8336,
21.3,1.1,1.9000000000000001,36.72,2.418,16,glass,0.1,7.7913,1,,0.0,7.7913,
21.3,1.3,-0.30000000000000004,36.28,1.149,127,concrete,0.65,7.2812,1,,0.0,7.2812,
21.3,1.3,1.7000000000000002,37.687,2.446,11,glass,0.1,8.9125,0,solar_suspected,0.0,8.9125,
21.3,1.3,1.9000000000000001,36.694,2.211,15,glass,0.1,7.7612,1,,0.0,7.7612,
21.3,1.5,-0.30000000000000004,35.656,1.382,114,concrete,0.65,6.5577,1,,0.0,6.5577,sud_opaque_no_correction
21.3,1.5,1.7000000000000002,36.897,1.999,11,glass,0.1,7.9965,1,,0.0,7.9965,sud_opaque_no_correction
21.3,1.5,1.9000000000000001,36.694,1.722,17,glass,0.1,7.7612,1,,0.0,7.7612,sud_opaque_no_correction
21.3,1.7000000000000002,-0.30000000000000004,35.194,1.426,135,concrete,0.65,6.022,1,,0.0,6.022,sud_opaque_no_correction
21.3,1.7000000000000002,1.7000000000000002,36.568,1.485,11,glass,0.1,7.6151,1,,0.0,7.6151,sud_opaque_no_correction
21.3,1.7000000000000002,1.9000000000000001,37.437,1.844,26,glass,0.1,8.6226,0,solar_suspected,0.0,8.6226,sud_opaque_no_correction
21.5,-0.7000000000000001,0.1,33.448,0.0,1,painted_metal,0.65,3.9977,1,,57.4,-4.321,nord_diffuse_only
21.5,-0.7000000000000001,0.30000000000000004,37.097,0.0,1,cardboard,0.75,8.2284,0,implausible,66.23,-1.37,nord_diffuse_only
21.5,-0.7000000000000001,0.5,35.239,1.377,8,painted_metal,0.65,6.0742,1,,57.4,-2.2445,nord_diffuse_only
21.5,-0.7000000000000001,0.7000000000000001,35.955,1.453,12,glass,0.1,6.9043,1,,8.83,5.6246,nord_diffuse_only
21.5,-0.7000000000000001,0.9,35.526,1.822,4,glass,0.1,6.407,1,,8.83,5.1272,nord_diffuse_only
21.5,-0.7000000000000001,1.1,35.888,1.042,6,glass,0.1,6.8267,1,,8.83,5.5469,nord_diffuse_only
21.5,-0.7000000000000001,1.3,36.026,1.233,8,glass,0.1,6.9867,1,,8.83,5.7069,nord_diffuse_only
21.5,-0.7000000000000001,1.5,35.293,0.42,5,glass,0.1,6.1368,1,,8.83,4.857,nord_diffuse_only
21.5,-0.7000000000000001,1.7000000000000002,34.983,0.46,6,glass,0.1,5.7774,1,,8.83,4.4976,nord_diffuse_only
21.5,-0.5,-0.30000000000000004,34.989,1.091,270,concrete,0.65,5.7843,1,,0.0,5.7843,
21.5,-0.5,-0.1,34.863,1.097,280,glass,0.1,5.6383,1,,0.0,5.6383,
21.5,-0.5,0.1,35.512,1.239,159,glass,0.1,6.3907,1,,0.0,6.3907,
21.5,-0.5,0.30000000000000004,35.897,1.156,128,glass,0.1,6.8371,1,,0.0,6.8371,
21.5,-0.5,0.5,36.16,1.303,116,glass,0.1,7.142,1,,0.0,7.142,
21.5,-0.5,0.7000000000000001,36.38,1.307,137,glass,0.1,7.3971,1,,0.0,7.3971,
21.5,-0.5,0.9,36.971,1.237,157,glass,0.1,8.0823,0,solar_suspected,0.0,8.0823,
21.5,-0.5,1.1,37.249,1.622,74,glass,0.1,8.4046,0,solar_suspected,0.0,8.4046,
21.5,-0.5,1.3,36.693,1.282,52,glass,0.1,7.76,1,,0.0,7.76,
21.5,-0.5,1.5,36.219,1.272,40,glass,0.1,7.2104,1,,0.0,7.2104,
21.5,-0.5,1.7000000000000002,36.59,1.732,70,glass,0.1,7.6406,1,,0.0,7.6406,
21.5,-0.5,1.9000000000000001,37.113,2.152,17,glass,0.1,8.247,0,solar_suspected,0.0,8.247,
21.5,-0.30000000000000004,-0.30000000000000004,35.261,1.049,109,concrete,0.65,6.0997,1,,0.0,6.0997,
21.5,-0.30000000000000004,1.7000000000000002,37.31,1.502,15,glass,0.1,8.4754,0,solar_suspected,0.0,8.4754,
21.5,-0.30000000000000004,1.9000000000000001,37.229,2.076,20,glass,0.1,8.3814,0,solar_suspected,0.0,8.3814,
21.5,-0.1,-0.30000000000000004,35.844,1.163,106,concrete,0.65,6.7757,1,,0.0,6.7757,
21.5,-0.1,1.7000000000000002,38.09,1.142,13,glass,0.1,9.3797,0,solar_suspected,0.0,9.3797,
21.5,-0.1,1.9000000000000001,36.745,2.293,19,glass,0.1,7.8203,1,,0.0,7.8203,
21.5,0.1,-0.30000000000000004,36.422,0.832,114,concrete,0.65,7.4458,1,,0.0,7.4458,
21.5,0.1,1.7000000000000002,38.052,1.614,18,glass,0.1,9.3357,0,solar_suspected,0.0,9.3357,
21.5,0.1,1.9000000000000001,37.571,2.689,16,glass,0.1,8.778,0,solar_suspected,0.0,8.778,
21.5,0.30000000000000004,-0.30000000000000004,36.389,0.777,132,concrete,0.65,7.4075,1,,0.0,7.4075,
21.5,0.30000000000000004,1.7000000000000002,38.151,1.3,13,glass,0.1,9.4504,0,solar_suspected,0.0,9.4504,
21.5,0.30000000000000004,1.9000000000000001,37.271,2.294,16,glass,0.1,8.4301,0,solar_suspected,0.0,8.4301,
21.5,0.5,-0.30000000000000004,36.715,0.677,135,concrete,0.65,7.7855,1,,0.0,7.7855,
21.5,0.5,1.7000000000000002,38.31,1.265,15,glass,0.1,9.6348,0,solar_suspected,0.0,9.6348,
21.5,0.5,1.9000000000000001,36.588,2.11,17,glass,0.1,7.6383,1,,0.0,7.6383,
21.5,0.7000000000000001,-0.30000000000000004,36.75,0.763,135,concrete,0.65,7.8261,1,,0.0,7.8261,
21.5,0.7000000000000001,1.7000000000000002,38.468,1.892,14,glass,0.1,9.818,0,solar_suspected,0.0,9.818,
21.5,0.7000000000000001,1.9000000000000001,37.291,2.377,18,glass,0.1,8.4533,0,solar_suspected,0.0,8.4533,
21.5,0.9,-0.30000000000000004,36.479,1.114,157,concrete,0.65,7.5119,1,,0.0,7.5119,
21.5,0.9,1.7000000000000002,38.223,1.841,14,glass,0.1,9.5339,0,solar_suspected,0.0,9.5339,
21.5,0.9,1.9000000000000001,37.062,2.557,18,glass,0.1,8.1878,0,solar_suspected,0.0,8.1878,
21.5,1.1,-0.30000000000000004,36.053,1.424,128,concrete,0.65,7.018,1,,0.0,7.018,
21.5,1.1,1.7000000000000002,37.988,1.857,15,glass,0.1,9.2614,0,solar_suspected,0.0,9.2614,
21.5,1.1,1.9000000000000001,36.961,2.423,19,glass,0.1,8.0707,0,solar_suspected,0.0,8.0707,
21.5,1.3,-0.30000000000000004,35.932,1.269,124,concrete,0.65,6.8777,1,,0.0,6.8777,
21.5,1.3,1.7000000000000002,38.176,2.043,14,glass,0.1,9.4794,0,solar_suspected,0.0,9.4794,
21.5,1.3,1.9000000000000001,36.998,2.058,26,glass,0.1,8.1136,0,solar_suspected,0.0,8.1136,
21.5,1.5,-0.30000000000000004,35.773,1.434,131,concrete,0.65,6.6933,1,,0.0,6.6933,sud_opaque_no_correction
21.5,1.5,1.7000000000000002,38.325,1.283,14,glass,0.1,9.6522,0,solar_suspected,0.0,9.6522,sud_opaque_no_correction
21.5,1.5,1.9000000000000001,37.323,2.266,30,glass,0.1,8.4904,0,solar_suspected,0.0,8.4904,sud_opaque_no_correction
21.5,1.7000000000000002,-0.30000000000000004,35.413,1.543,121,concrete,0.65,6.2759,1,,0.0,6.2759,sud_opaque_no_correction
21.5,1.7000000000000002,1.7000000000000002,37.775,1.525,15,glass,0.1,9.0145,0,solar_suspected,0.0,9.0145,sud_opaque_no_correction
21.5,1.7000000000000002,1.9000000000000001,36.535,1.911,20,glass,0.1,7.5768,1,,0.0,7.5768,sud_opaque_no_correction
21.700000000000003,-0.7000000000000001,0.1,36.652,0.0,1,cardboard,0.75,7.7125,1,,66.23,-1.886,nord_diffuse_only
21.700000000000003,-0.7000000000000001,0.30000000000000004,33.861,0.002,2,painted_metal,0.65,4.4765,1,,57.4,-3.8421,nord_diffuse_only
21.700000000000003,-0.7000000000000001,0.5,35.452,1.499,3,painted_metal,0.65,6.3212,1,,57.4,-1.9975,nord_diffuse_only
21.700000000000003,-0.7000000000000001,0.7000000000000001,34.364,0.0,1,glass,0.1,5.0597,1,,8.83,3.7799,nord_diffuse_only
21.700000000000003,-0.7000000000000001,0.9,35.732,1.623,5,glass,0.1,6.6458,1,,8.83,5.366,nord_diffuse_only
21.700000000000003,-0.7000000000000001,1.1,35.709,0.475,6,glass,0.1,6.6191,1,,8.83,5.3393,nord_diffuse_only
21.700000000000003,-0.7000000000000001,1.3,35.122,0.0,1,glass,0.1,5.9386,1,,8.83,4.6588,nord_diffuse_only
21.700000000000003,-0.7000000000000001,1.5,36.323,0.887,2,glass,0.1,7.331,1,,8.83,6.0512,nord_diffuse_only
21.700000000000003,-0.5,-0.30000000000000004,35.073,1.182,228,concrete,0.65,5.8817,1,,0.0,5.8817,
21.700000000000003,-0.5,-0.1,34.88,1.061,263,glass,0.1,5.658,1,,0.0,5.658,
21.700000000000003,-0.5,0.1,35.514,1.38,185,glass,0.1,6.393,1,,0.0,6.393,
21.700000000000003,-0.5,0.30000000000000004,35.883,1.299,166,glass,0.1,6.8209,1,,0.0,6.8209,
21.700000000000003,-0.5,0.5,36.125,1.442,127,glass,0.1,7.1014,1,,0.0,7.1014,
21.700000000000003,-0.5,0.7000000000000001,36.611,1.388,153,glass,0.1,7.6649,1,,0.0,7.6649,
21.700000000000003,-0.5,0.9,37.032,1.461,147,glass,0.1,8.153,0,solar_suspected,0.0,8.153,
21.700000000000003,-0.5,1.1,37.478,1.724,75,glass,0.1,8.6701,0,solar_suspected,0.0,8.6701,
21.700000000000003,-0.5,1.3,36.8,1.478,64,glass,0.1,7.8841,1,,0.0,7.8841,
21.700000000000003,-0.5,1.5,36.2,1.456,46,glass,0.1,7.1884,1,,0.0,7.1884,
21.700000000000003,-0.5,1.7000000000000002,36.309,1.725,40,glass,0.1,7.3148,1,,0.0,7.3148,
21.700000000000003,-0.5,1.9000000000000001,36.746,2.117,12,glass,0.1,7.8214,1,,0.0,7.8214,
21.700000000000003,-0.30000000000000004,-0.30000000000000004,35.724,1.136,76,concrete,0.65,6.6365,1,,0.0,6.6365,
21.700000000000003,-0.30000000000000004,1.7000000000000002,37.263,1.488,21,glass,0.1,8.4209,0,solar_suspected,0.0,8.4209,
21.700000000000003,-0.30000000000000004,1.9000000000000001,36.794,2.064,13,glass,0.1,7.8771,1,,0.0,7.8771,
21.700000000000003,-0.1,-0.30000000000000004,36.016,0.951,107,concrete,0.65,6.9751,1,,0.0,6.9751,
21.700000000000003,-0.1,1.7000000000000002,37.254,1.405,21,glass,0.1,8.4104,0,solar_suspected,0.0,8.4104,
21.700000000000003,-0.1,1.9000000000000001,37.127,2.069,18,glass,0.1,8.2632,0,solar_suspected,0.0,8.2632,
21.700000000000003,0.1,-0.30000000000000004,36.238,0.654,96,concrete,0.65,7.2325,1,,0.0,7.2325,
21.700000000000003,0.1,1.7000000000000002,37.691,1.563,19,glass,0.1,8.9171,0,solar_suspected,0.0,8.9171,
21.700000000000003,0.1,1.9000000000000001,38.128,2.445,19,glass,0.1,9.4238,0,solar_suspected,0.0,9.4238,
21.700000000000003,0.30000000000000004,-0.30000000000000004,36.643,0.831,139,concrete,0.65,7.702,1,,0.0,7.702,
21.700000000000003,0.30000000000000004,1.7000000000000002,37.565,1.354,21,glass,0.1,8.771,0,solar_suspected,0.0,8.771,
21.700000000000003,0.30000000000000004,1.9000000000000001,38.55,1.945,19,glass,0.1,9.913,0,solar_suspected,0.0,9.913,
21.700000000000003,0.5,-0.30000000000000004,36.691,0.767,135,concrete,0.65,7.7577,1,,0.0,7.7577,
21.700000000000003,0.5,1.7000000000000002,37.436,1.531,20,glass,0.1,8.6214,0,solar_suspected,0.0,8.6214,
21.700000000000003,0.5,1.9000000000000001,38.205,1.987,20,glass,0.1,9.513,0,solar_suspected,0.0,9.513,
21.700000000000003,0.7000000000000001,-0.30000000000000004,36.569,0.922,119,concrete,0.65,7.6162,1,,0.0,7.6162,
21.700000000000003,0.7000000000000001,1.7000000000000002,37.293,1.993,21,glass,0.1,8.4557,0,solar_suspected,0.0,8.4557,
21.700000000000003,0.7000000000000001,1.9000000000000001,38.743,2.178,17,glass,0.1,10.1368,0,solar_suspected,0.0,10.1368,
21.700000000000003,0.9,-0.30000000000000004,36.262,1.35,123,concrete,0.65,7.2603,1,,0.0,7.2603,
21.700000000000003,0.9,1.7000000000000002,37.178,1.767,23,glass,0.1,8.3223,0,solar_suspected,0.0,8.3223,
21.700000000000003,0.9,1.9000000000000001,39.032,2.12,18,glass,0.1,10.4719,0,solar_suspected,0.0,10.4719,
21.700000000000003,1.1,-0.30000000000000004,36.124,1.364,96,concrete,0.65,7.1003,1,,0.0,7.1003,
21.700000000000003,1.1,1.7000000000000002,37.448,1.549,24,glass,0.1,8.6354,0,solar_suspected,0.0,8.6354,
21.700000000000003,1.1,1.9000000000000001,39.009,1.867,17,glass,0.1,10.4452,0,solar_suspected,0.0,10.4452,
21.700000000000003,1.3,-0.30000000000000004,36.041,1.453,109,concrete,0.65,7.0041,1,,0.0,7.0041,
21.700000000000003,1.3,1.7000000000000002,37.784,1.358,22,glass,0.1,9.0249,0,solar_suspected,0.0,9.0249,
21.700000000000003,1.3,1.9000000000000001,38.373,2.282,18,glass,0.1,9.7078,0,solar_suspected,0.0,9.7078,
21.700000000000003,1.5,-0.30000000000000004,35.509,1.53,85,concrete,0.65,6.3872,1,,0.0,6.3872,sud_opaque_no_correction
21.700000000000003,1.5,1.7000000000000002,37.617,0.849,12,glass,0.1,8.8313,0,solar_suspected,0.0,8.8313,sud_opaque_no_correction
21.700000000000003,1.5,1.9000000000000001,38.078,2.105,23,glass,0.1,9.3658,0,solar_suspected,0.0,9.3658,sud_opaque_no_correction
21.700000000000003,1.7000000000000002,-0.30000000000000004,35.498,1.668,120,concrete,0.65,6.3745,1,,0.0,6.3745,sud_opaque_no_correction
21.700000000000003,1.7000000000000002,1.7000000000000002,37.327,0.971,18,glass,0.1,8.4951,0,solar_suspected,0.0,8.4951,sud_opaque_no_correction
21.700000000000003,1.7000000000000002,1.9000000000000001,37.695,1.598,18,glass,0.1,8.9217,0,solar_suspected,0.0,8.9217,sud_opaque_no_correction
21.900000000000002,-0.5,-0.30000000000000004,35.172,1.159,244,concrete,0.65,5.9965,1,,0.0,5.9965,
21.900000000000002,-0.5,-0.1,35.205,1.161,893,glass,0.1,6.0348,1,,0.0,6.0348,
21.900000000000002,-0.5,0.1,35.647,1.487,737,glass,0.1,6.5472,1,,0.0,6.5472,
21.900000000000002,-0.5,0.30000000000000004,35.985,1.511,616,glass,0.1,6.9391,1,,0.0,6.9391,
21.900000000000002,-0.5,0.5,36.442,1.605,562,glass,0.1,7.469,1,,0.0,7.469,
21.900000000000002,-0.5,0.7000000000000001,36.588,1.669,554,glass,0.1,7.6383,1,,0.0,7.6383,
21.900000000000002,-0.5,0.9,36.657,1.419,180,glass,0.1,7.7183,1,,0.0,7.7183,
21.900000000000002,-0.5,1.1,37.843,1.708,84,glass,0.1,9.0933,0,solar_suspected,0.0,9.0933,
21.900000000000002,-0.5,1.3,37.152,1.435,53,glass,0.1,8.2922,0,solar_suspected,0.0,8.2922,
21.900000000000002,-0.5,1.5,36.288,1.644,34,glass,0.1,7.2904,1,,0.0,7.2904,
21.900000000000002,-0.5,1.7000000000000002,36.084,1.499,29,glass,0.1,7.0539,1,,0.0,7.0539,
21.900000000000002,-0.5,1.9000000000000001,37.707,1.927,19,glass,0.1,8.9357,0,solar_suspected,0.0,8.9357,
21.900000000000002,-0.30000000000000004,-0.30000000000000004,35.482,1.026,69,concrete,0.65,6.3559,1,,0.0,6.3559,
21.900000000000002,-0.30000000000000004,-0.1,35.284,1.23,160,glass,0.1,6.1264,1,,0.0,6.1264,
21.900000000000002,-0.30000000000000004,0.1,35.718,1.42,145,glass,0.1,6.6296,1,,0.0,6.6296,
21.900000000000002,-0.30000000000000004,0.30000000000000004,36.12,1.516,127,glass,0.1,7.0957,1,,0.0,7.0957,
21.900000000000002,-0.30000000000000004,0.5,36.577,1.51,84,glass,0.1,7.6255,1,,0.0,7.6255,
21.900000000000002,-0.30000000000000004,0.7000000000000001,36.844,1.594,89,glass,0.1,7.9351,1,,0.0,7.9351,
21.900000000000002,-0.30000000000000004,0.9,36.257,0.151,2,glass,0.1,7.2545,1,,0.0,7.2545,
21.900000000000002,-0.30000000000000004,1.7000000000000002,36.794,1.363,19,glass,0.1,7.8771,1,,0.0,7.8771,
21.900000000000002,-0.30000000000000004,1.9000000000000001,37.49,2.035,22,glass,0.1,8.6841,0,solar_suspected,0.0,8.6841,
21.900000000000002,-0.1,-0.30000000000000004,36.081,1.08,75,concrete,0.65,7.0504,1,,0.0,7.0504,
21.900000000000002,-0.1,0.1,34.925,0.0,1,glass,0.1,5.7101,1,,0.0,5.7101,
21.900000000000002,-0.1,0.30000000000000004,34.53,0.0,1,glass,0.1,5.2522,1,,0.0,5.2522,
21.900000000000002,-0.1,1.7000000000000002,37.025,1.299,21,glass,0.1,8.1449,0,solar_suspected,0.0,8.1449,
21.900000000000002,-0.1,1.9000000000000001,37.324,2.156,19,glass,0.1,8.4916,0,solar_suspected,0.0,8.4916,
21.900000000000002,0.1,-0.30000000000000004,36.488,0.896,95,concrete,0.65,7.5223,1,,0.0,7.5223,
21.900000000000002,0.1,0.1,34.854,0.268,2,glass,0.1,5.6278,1,,0.0,5.6278,
21.900000000000002,0.1,0.30000000000000004,34.53,0.0,1,glass,0.1,5.2522,1,,0.0,5.2522,
21.900000000000002,0.1,1.7000000000000002,37.015,1.533,17,glass,0.1,8.1333,0,solar_suspected,0.0,8.1333,
21.900000000000002,0.1,1.9000000000000001,37.956,2.148,18,glass,0.1,9.2243,0,solar_suspected,0.0,9.2243,
21.900000000000002,0.30000000000000004,-0.30000000000000004,36.755,0.745,110,concrete,0.65,7.8319,1,,0.0,7.8319,
21.900000000000002,0.30000000000000004,0.1,35.207,0.141,2,glass,0.1,6.0371,1,,0.0,6.0371,
21.900000000000002,0.30000000000000004,1.7000000000000002,37.51,1.253,12,glass,0.1,8.7072,0,solar_suspected,0.0,8.7072,
21.900000000000002,0.30000000000000004,1.9000000000000001,36.76,2.1,12,glass,0.1,7.8377,1,,0.0,7.8377,
21.900000000000002,0.5,-0.30000000000000004,36.555,0.785,91,concrete,0.65,7.6,1,,0.0,7.6,
21.900000000000002,0.5,1.7000000000000002,37.171,1.567,13,glass,0.1,8.3142,0,solar_suspected,0.0,8.3142,
21.900000000000002,0.5,1.9000000000000001,36.693,1.967,11,glass,0.1,7.76,1,,0.0,7.76,
21.900000000000002,0.7000000000000001,-0.30000000000000004,36.469,0.944,103,concrete,0.65,7.5003,1,,0.0,7.5003,
21.900000000000002,0.7000000000000001,1.7000000000000002,37.629,1.466,20,glass,0.1,8.8452,0,solar_suspected,0.0,8.8452,
21.900000000000002,0.7000000000000001,1.9000000000000001,37.147,2.34,9,glass,0.1,8.2864,0,solar_suspected,0.0,8.2864,
21.900000000000002,0.9,-0.30000000000000004,36.278,1.398,97,concrete,0.65,7.2788,1,,0.0,7.2788,
21.900000000000002,0.9,1.7000000000000002,38.064,1.371,20,glass,0.1,9.3496,0,solar_suspected,0.0,9.3496,
21.900000000000002,0.9,1.9000000000000001,36.982,2.544,8,glass,0.1,8.0951,0,solar_suspected,0.0,8.0951,
21.900000000000002,1.1,-0.30000000000000004,36.339,1.586,83,concrete,0.65,7.3496,1,,0.0,7.3496,
21.900000000000002,1.1,1.7000000000000002,37.704,1.197,16,glass,0.1,8.9322,0,solar_suspected,0.0,8.9322,
21.900000000000002,1.1,1.9000000000000001,37.564,2.487,8,glass,0.1,8.7699,0,solar_suspected,0.0,8.7699,
21.900000000000002,1.3,-0.30000000000000004,35.906,1.786,73,concrete,0.65,6.8475,1,,0.0,6.8475,
21.900000000000002,1.3,1.7000000000000002,38.077,1.365,22,glass,0.1,9.3646,0,solar_suspected,0.0,9.3646,
21.900000000000002,1.3,1.9000000000000001,37.159,2.219,8,glass,0.1,8.3003,0,solar_suspected,0.0,8.3003,
21.900000000000002,1.5,-0.30000000000000004,35.819,1.743,68,concrete,0.65,6.7467,1,,0.0,6.7467,sud_opaque_no_correction
21.900000000000002,1.5,1.7000000000000002,37.697,1.349,23,glass,0.1,8.9241,0,solar_suspected,0.0,8.9241,sud_opaque_no_correction
21.900000000000002,1.5,1.9000000000000001,37.515,1.901,8,glass,0.1,8.713,0,solar_suspected,0.0,8.713,sud_opaque_no_correction
21.900000000000002,1.7000000000000002,-0.30000000000000004,35.842,1.667,94,concrete,0.65,6.7733,1,,0.0,6.7733,sud_opaque_no_correction
21.900000000000002,1.7000000000000002,1.7000000000000002,37.201,1.294,15,glass,0.1,8.349,0,solar_suspected,0.0,8.349,sud_opaque_no_correction
21.900000000000002,1.7000000000000002,1.9000000000000001,37.593,1.969,11,glass,0.1,8.8035,0,solar_suspected,0.0,8.8035,sud_opaque_no_correction
22.1,-0.7000000000000001,1.7000000000000002,34.343,0.0,1,glass,0.1,5.0354,1,,8.83,3.7556,nord_diffuse_only
22.1,-0.5,-0.30000000000000004,35.178,1.203,204,concrete,0.65,6.0035,1,,0.0,6.0035,
22.1,-0.5,-0.1,35.079,1.151,206,glass,0.1,5.8887,1,,0.0,5.8887,
22.1,-0.5,0.1,35.565,1.458,193,glass,0.1,6.4522,1,,0.0,6.4522,
22.1,-0.5,0.30000000000000004,35.819,1.535,187,glass,0.1,6.7467,1,,0.0,6.7467,
22.1,-0.5,0.5,35.777,1.726,208,glass,0.1,6.698,1,,0.0,6.698,
22.1,-0.5,0.7000000000000001,36.421,1.734,170,glass,0.1,7.4446,1,,0.0,7.4446,
22.1,-0.5,0.9,36.825,1.732,825,glass,0.1,7.913,1,,0.0,7.913,
22.1,-0.5,1.1,37.3,1.884,638,glass,0.1,8.4638,0,solar_suspected,0.0,8.4638,
22.1,-0.5,1.3,36.979,1.715,446,glass,0.1,8.0916,0,solar_suspected,0.0,8.0916,
22.1,-0.5,1.5,36.57,1.602,98,glass,0.1,7.6174,1,,0.0,7.6174,
22.1,-0.5,1.7000000000000002,36.922,1.786,39,glass,0.1,8.0255,0,solar_suspected,0.0,8.0255,
22.1,-0.5,1.9000000000000001,36.365,2.096,18,glass,0.1,7.3797,1,,0.0,7.3797,
22.1,-0.30000000000000004,-0.30000000000000004,35.466,1.384,57,concrete,0.65,6.3374,1,,0.0,6.3374,
22.1,-0.30000000000000004,-0.1,35.344,1.207,138,glass,0.1,6.1959,1,,0.0,6.1959,
22.1,-0.30000000000000004,0.1,35.974,1.502,124,glass,0.1,6.9264,1,,0.0,6.9264,
22.1,-0.30000000000000004,0.30000000000000004,36.23,1.36,113,glass,0.1,7.2232,1,,0.0,7.2232,
22.1,-0.30000000000000004,0.5,36.741,1.608,105,glass,0.1,7.8157,1,,0.0,7.8157,
22.1,-0.30000000000000004,0.7000000000000001,36.774,1.657,73,glass,0.1,7.8539,1,,0.0,7.8539,
22.1,-0.30000000000000004,0.9,37.472,1.442,83,glass,0.1,8.6632,0,solar_suspected,0.0,8.6632,
22.1,-0.30000000000000004,1.1,37.939,1.64,53,glass,0.1,9.2046,0,solar_suspected,0.0,9.2046,
22.1,-0.30000000000000004,1.3,37.222,1.68,37,glass,0.1,8.3733,0,solar_suspected,0.0,8.3733,
22.1,-0.30000000000000004,1.5,37.15,1.766,10,glass,0.1,8.2899,0,solar_suspected,0.0,8.2899,
22.1,-0.30000000000000004,1.7000000000000002,36.982,1.622,26,glass,0.1,8.0951,0,solar_suspected,0.0,8.0951,
22.1,-0.30000000000000004,1.9000000000000001,36.762,2.136,13,glass,0.1,7.84,1,,0.0,7.84,
22.1,-0.1,-0.30000000000000004,35.593,1.017,46,concrete,0.65,6.4846,1,,0.0,6.4846,
22.1,-0.1,1.7000000000000002,37.327,1.7,15,glass,0.1,8.4951,0,solar_suspected,0.0,8.4951,
22.1,-0.1,1.9000000000000001,36.818,2.375,16,glass,0.1,7.9049,1,,0.0,7.9049,
22.1,0.1,-0.30000000000000004,36.577,1.087,41,concrete,0.65,7.6255,1,,0.0,7.6255,
22.1,0.1,1.7000000000000002,37.282,1.772,15,glass,0.1,8.4429,0,solar_suspected,0.0,8.4429,
22.1,0.1,1.9000000000000001,37.563,2.568,20,glass,0.1,8.7687,0,solar_suspected,0.0,8.7687,
22.1,0.30000000000000004,-0.30000000000000004,36.348,0.91,66,concrete,0.65,7.36,1,,0.0,7.36,
22.1,0.30000000000000004,1.7000000000000002,36.676,1.606,15,glass,0.1,7.7403,1,,0.0,7.7403,
22.1,0.30000000000000004,1.9000000000000001,37.893,1.941,22,glass,0.1,9.1513,0,solar_suspected,0.0,9.1513,
22.1,0.5,-0.30000000000000004,36.698,0.716,80,concrete,0.65,7.7658,1,,0.0,7.7658,
22.1,0.5,1.7000000000000002,36.866,1.674,16,glass,0.1,7.9606,1,,0.0,7.9606,
22.1,0.5,1.9000000000000001,38.103,1.798,23,glass,0.1,9.3948,0,solar_suspected,0.0,9.3948,
22.1,0.7000000000000001,-0.30000000000000004,36.581,0.854,74,concrete,0.65,7.6301,1,,0.0,7.6301,
22.1,0.7000000000000001,1.7000000000000002,37.784,2.177,15,glass,0.1,9.0249,0,solar_suspected,0.0,9.0249,
22.1,0.7000000000000001,1.9000000000000001,38.084,2.269,21,glass,0.1,9.3728,0,solar_suspected,0.0,9.3728,
22.1,0.9,-0.30000000000000004,36.351,1.304,73,concrete,0.65,7.3635,1,,0.0,7.3635,
22.1,0.9,1.7000000000000002,38.023,2.126,26,glass,0.1,9.302,0,solar_suspected,0.0,9.302,
22.1,0.9,1.9000000000000001,37.525,2.63,17,glass,0.1,8.7246,0,solar_suspected,0.0,8.7246,
22.1,1.1,-0.30000000000000004,36.07,1.38,70,concrete,0.65,7.0377,1,,0.0,7.0377,
22.1,1.1,1.7000000000000002,38.015,1.855,18,glass,0.1,9.2928,0,solar_suspected,0.0,9.2928,
22.1,1.1,1.9000000000000001,37.236,2.428,20,glass,0.1,8.3896,0,solar_suspected,0.0,8.3896,
22.1,1.3,-0.30000000000000004,35.762,1.358,59,concrete,0.65,6.6806,1,,0.0,6.6806,
22.1,1.3,1.7000000000000002,38.129,1.841,18,glass,0.1,9.4249,0,solar_suspected,0.0,9.4249,
22.1,1.3,1.9000000000000001,37.658,2.177,21,glass,0.1,8.8788,0,solar_suspected,0.0,8.8788,
22.1,1.5,-0.30000000000000004,35.975,1.602,55,concrete,0.65,6.9275,1,,0.0,6.9275,sud_opaque_no_correction
22.1,1.5,1.7000000000000002,38.811,1.391,16,glass,0.1,10.2157,0,solar_suspected,0.0,10.2157,sud_opaque_no_correction
22.1,1.5,1.9000000000000001,37.887,2.193,24,glass,0.1,9.1443,0,solar_suspected,0.0,9.1443,sud_opaque_no_correction
22.1,1.7000000000000002,-0.30000000000000004,36.571,1.3,66,concrete,0.65,7.6186,1,,0.0,7.6186,sud_opaque_no_correction
22.1,1.7000000000000002,1.7000000000000002,38.578,1.025,18,glass,0.1,9.9455,0,solar_suspected,0.0,9.9455,sud_opaque_no_correction
22.1,1.7000000000000002,1.9000000000000001,37.465,1.752,22,glass,0.1,8.6551,0,solar_suspected,0.0,8.6551,sud_opaque_no_correction
22.3,-0.7000000000000001,1.5,38.209,0.0,1,glass,0.1,9.5177,0,solar_suspected,8.83,8.2379,nord_diffuse_only
22.3,-0.7000000000000001,1.7000000000000002,36.93,1.766,5,glass,0.1,8.0348,0,solar_suspected,8.83,6.755,nord_diffuse_only
22.3,-0.7000000000000001,1.9000000000000001,35.384,0.0,1,glass,0.1,6.2423,1,,8.83,4.9625,nord_diffuse_only
22.3,-0.5,-0.30000000000000004,34.979,1.203,188,concrete,0.65,5.7728,1,,0.0,5.7728,
22.3,-0.5,-0.1,35.076,1.244,70,glass,0.1,5.8852,1,,0.0,5.8852,
22.3,-0.5,0.1,35.243,1.497,30,glass,0.1,6.0788,1,,0.0,6.0788,
22.3,-0.5,0.30000000000000004,35.987,1.637,24,glass,0.1,6.9414,1,,0.0,6.9414,
22.3,-0.5,0.5,34.871,1.388,26,glass,0.1,5.6475,1,,0.0,5.6475,
22.3,-0.5,0.7000000000000001,36.39,1.684,13,glass,0.1,7.4087,1,,0.0,7.4087,
22.3,-0.5,0.9,37.267,1.552,92,glass,0.1,8.4255,0,solar_suspected,0.0,8.4255,
22.3,-0.5,1.1,37.991,1.587,63,glass,0.1,9.2649,0,solar_suspected,0.0,9.2649,
22.3,-0.5,1.3,37.45,1.801,46,glass,0.1,8.6377,0,solar_suspected,0.0,8.6377,
22.3,-0.5,1.5,36.23,1.519,44,glass,0.1,7.2232,1,,0.0,7.2232,
22.3,-0.5,1.7000000000000002,36.364,1.803,126,glass,0.1,7.3786,1,,0.0,7.3786,
22.3,-0.5,1.9000000000000001,37.402,1.728,9,glass,0.1,8.582,0,solar_suspected,0.0,8.582,
22.3,-0.30000000000000004,-0.30000000000000004,35.016,0.925,44,concrete,0.65,5.8157,1,,0.0,5.8157,
22.3,-0.30000000000000004,-0.1,35.342,1.156,109,glass,0.1,6.1936,1,,0.0,6.1936,
22.3,-0.30000000000000004,0.1,36.069,1.476,109,glass,0.1,7.0365,1,,0.0,7.0365,
22.3,-0.30000000000000004,0.30000000000000004,36.306,1.55,94,glass,0.1,7.3113,1,,0.0,7.3113,
22.3,-0.30000000000000004,0.5,36.438,1.529,91,glass,0.1,7.4643,1,,0.0,7.4643,
22.3,-0.30000000000000004,0.7000000000000001,37.143,1.504,75,glass,0.1,8.2817,0,solar_suspected,0.0,8.2817,
22.3,-0.30000000000000004,0.9,36.718,1.536,76,glass,0.1,7.789,1,,0.0,7.789,
22.3,-0.30000000000000004,1.1,37.161,1.712,42,glass,0.1,8.3026,0,solar_suspected,0.0,8.3026,
22.3,-0.30000000000000004,1.3,37.288,1.545,46,glass,0.1,8.4499,0,solar_suspected,0.0,8.4499,
22.3,-0.30000000000000004,1.5,38.208,0.0,1,glass,0.1,9.5165,0,solar_suspected,0.0,9.5165,
22.3,-0.30000000000000004,1.7000000000000002,37.057,1.515,19,glass,0.1,8.182,0,solar_suspected,0.0,8.182,
22.3,-0.30000000000000004,1.9000000000000001,37.438,2.137,13,glass,0.1,8.6238,0,solar_suspected,0.0,8.6238,
22.3,-0.1,-0.30000000000000004,35.652,0.984,47,concrete,0.65,6.553,1,,0.0,6.553,
22.3,-0.1,-0.1,35.124,0.0,2,glass,0.1,5.9409,1,,0.0,5.9409,
22.3,-0.1,0.5,34.743,0.099,2,glass,0.1,5.4991,1,,0.0,5.4991,
22.3,-0.1,1.7000000000000002,37.122,1.71,26,glass,0.1,8.2574,0,solar_suspected,0.0,8.2574,
22.3,-0.1,1.9000000000000001,37.268,2.385,12,glass,0.1,8.4267,0,solar_suspected,0.0,8.4267,
22.3,0.1,-0.30000000000000004,35.754,1.053,49,concrete,0.65,6.6713,1,,0.0,6.6713,
22.3,0.1,-0.1,35.377,0.253,2,glass,0.1,6.2342,1,,0.0,6.2342,
22.3,0.1,0.5,34.346,0.071,2,glass,0.1,5.0388,1,,0.0,5.0388,
22.3,0.1,1.7000000000000002,37.716,1.888,26,glass,0.1,8.9461,0,solar_suspected,0.0,8.9461,
22.3,0.1,1.9000000000000001,36.812,2.317,21,glass,0.1,7.898,1,,0.0,7.898,
22.3,0.30000000000000004,-0.30000000000000004,36.24,0.946,51,concrete,0.65,7.2348,1,,0.0,7.2348,
22.3,0.30000000000000004,-0.1,35.546,0.084,2,glass,0.1,6.4301,1,,0.0,6.4301,
22.3,0.30000000000000004,0.5,34.616,0.0,1,glass,0.1,5.3519,1,,0.0,5.3519,
22.3,0.30000000000000004,1.7000000000000002,37.679,1.811,23,glass,0.1,8.9032,0,solar_suspected,0.0,8.9032,
22.3,0.30000000000000004,1.9000000000000001,36.753,2.428,23,glass,0.1,7.8296,1,,0.0,7.8296,
22.3,0.5,-0.30000000000000004,36.758,0.68,46,concrete,0.65,7.8354,1,,0.0,7.8354,
22.3,0.5,-0.1,35.686,0.0,1,glass,0.1,6.5925,1,,0.0,6.5925,
22.3,0.5,0.5,34.701,0.0,1,glass,0.1,5.4504,1,,0.0,5.4504,
22.3,0.5,1.7000000000000002,37.788,1.894,25,glass,0.1,9.0296,0,solar_suspected,0.0,9.0296,
22.3,0.5,1.9000000000000001,36.686,2.209,23,glass,0.1,7.7519,1,,0.0,7.7519,
22.3,0.7000000000000001,-0.30000000000000004,36.799,0.703,57,concrete,0.65,7.8829,1,,0.0,7.8829,
22.3,0.7000000000000001,-0.1,35.596,0.0,1,rubber,0.9,6.4881,1,,0.0,6.4881,
22.3,0.7000000000000001,1.7000000000000002,37.784,2.297,22,glass,0.1,9.0249,0,solar_suspected,0.0,9.0249,
22.3,0.7000000000000001,1.9000000000000001,36.713,2.268,21,glass,0.1,7.7832,1,,0.0,7.7832,
22.3,0.9,-0.30000000000000004,36.726,0.831,56,concrete,0.65,7.7983,1,,0.0,7.7983,
22.3,0.9,1.7000000000000002,37.868,2.23,17,glass,0.1,9.1223,0,solar_suspected,0.0,9.1223,
22.3,0.9,1.9000000000000001,36.771,2.292,16,glass,0.1,7.8504,1,,0.0,7.8504,
22.3,1.1,-0.30000000000000004,36.807,0.865,56,concrete,0.65,7.8922,1,,0.0,7.8922,
22.3,1.1,1.7000000000000002,38.831,1.601,15,glass,0.1,10.2388,0,solar_suspected,0.0,10.2388,
22.3,1.1,1.9000000000000001,36.808,2.313,28,glass,0.1,7.8933,1,,0.0,7.8933,
22.3,1.3,-0.30000000000000004,36.887,1.112,54,concrete,0.65,7.9849,1,,0.0,7.9849,
22.3,1.3,1.7000000000000002,38.671,1.403,15,glass,0.1,10.0533,0,solar_suspected,0.0,10.0533,
22.3,1.3,1.9000000000000001,37.191,2.137,24,glass,0.1,8.3374,0,solar_suspected,0.0,8.3374,
22.3,1.5,-0.30000000000000004,36.884,0.903,54,concrete,0.65,7.9814,1,,0.0,7.9814,sud_opaque_no_correction
22.3,1.5,1.7000000000000002,38.886,1.36,12,glass,0.1,10.3026,0,solar_suspected,0.0,10.3026,sud_opaque_no_correction
22.3,1.5,1.9000000000000001,36.913,1.954,21,glass,0.1,8.0151,0,solar_suspected,0.0,8.0151,sud_opaque_no_correction
22.3,1.7000000000000002,-0.30000000000000004,35.931,1.358,50,concrete,0.65,6.8765,1,,0.0,6.8765,sud_opaque_no_correction
22.3,1.7000000000000002,1.7000000000000002,38.457,1.881,18,glass,0.1,9.8052,0,solar_suspected,0.0,9.8052,sud_opaque_no_correction
22.3,1.7000000000000002,1.9000000000000001,37.19,2.117,24,glass,0.1,8.3362,0,solar_suspected,0.0,8.3362,sud_opaque_no_correction
22.5,-0.7000000000000001,1.7000000000000002,36.533,2.166,6,glass,0.1,7.5745,1,,8.83,6.2947,nord_diffuse_only
22.5,-0.5,-0.30000000000000004,35.161,1.184,192,concrete,0.65,5.9838,1,,0.0,5.9838,
22.5,-0.5,-0.1,35.235,1.211,50,glass,0.1,6.0696,1,,0.0,6.0696,
22.5,-0.5,0.1,34.141,0.599,16,glass,0.1,4.8012,1,,0.0,4.8012,
22.5,-0.5,0.30000000000000004,34.034,0.536,17,glass,0.1,4.6771,1,,0.0,4.6771,
22.5,-0.5,0.5,34.524,0.557,8,glass,0.1,5.2452,1,,0.0,5.2452,
22.5,-0.5,0.7000000000000001,34.648,1.203,10,glass,0.1,5.389,1,,0.0,5.389,
22.5,-0.5,0.9,37.611,1.576,21,glass,0.1,8.8243,0,solar_suspected,0.0,8.8243,
22.5,-0.5,1.1,38.134,1.662,17,glass,0.1,9.4307,0,solar_suspected,0.0,9.4307,
22.5,-0.5,1.3,38.421,2.091,4,glass,0.1,9.7635,0,solar_suspected,0.0,9.7635,
22.5,-0.5,1.5,36.767,1.725,41,glass,0.1,7.8458,1,,0.0,7.8458,
22.5,-0.5,1.7000000000000002,36.203,1.669,27,glass,0.1,7.1919,1,,0.0,7.1919,
22.5,-0.5,1.9000000000000001,36.119,1.984,10,glass,0.1,7.0945,1,,0.0,7.0945,
22.5,-0.30000000000000004,-0.30000000000000004,35.507,1.213,49,concrete,0.65,6.3849,1,,0.0,6.3849,
22.5,-0.30000000000000004,-0.1,35.288,1.132,92,glass,0.1,6.131,1,,0.0,6.131,
22.5,-0.30000000000000004,0.1,35.931,1.414,94,glass,0.1,6.8765,1,,0.0,6.8765,
22.5,-0.30000000000000004,0.30000000000000004,36.483,1.624,74,glass,0.1,7.5165,1,,0.0,7.5165,
22.5,-0.30000000000000004,0.5,36.669,1.659,75,glass,0.1,7.7322,1,,0.0,7.7322,
22.5,-0.30000000000000004,0.7000000000000001,37.216,1.651,61,glass,0.1,8.3664,0,solar_suspected,0.0,8.3664,
22.5,-0.30000000000000004,0.9,37.59,1.503,36,glass,0.1,8.8,0,solar_suspected,0.0,8.8,
22.5,-0.30000000000000004,1.1,37.877,1.751,39,glass,0.1,9.1328,0,solar_suspected,0.0,9.1328,
22.5,-0.30000000000000004,1.3,38.151,1.437,15,glass,0.1,9.4504,0,solar_suspected,0.0,9.4504,
22.5,-0.30000000000000004,1.7000000000000002,37.167,1.898,12,glass,0.1,8.3096,0,solar_suspected,0.0,8.3096,
22.5,-0.30000000000000004,1.9000000000000001,36.549,2.075,14,glass,0.1,7.593,1,,0.0,7.593,
22.5,-0.1,-0.30000000000000004,36.004,1.205,67,concrete,0.65,6.9612,1,,0.0,6.9612,
22.5,-0.1,1.7000000000000002,37.794,1.187,15,glass,0.1,9.0365,0,solar_suspected,0.0,9.0365,
22.5,-0.1,1.9000000000000001,36.521,2.172,12,glass,0.1,7.5606,1,,0.0,7.5606,
22.5,0.1,-0.30000000000000004,36.195,0.946,52,concrete,0.65,7.1826,1,,0.0,7.1826,
22.5,0.1,1.7000000000000002,37.84,1.495,10,glass,0.1,9.0899,0,solar_suspected,0.0,9.0899,
22.5,0.1,1.9000000000000001,37.39,2.501,18,glass,0.1,8.5681,0,solar_suspected,0.0,8.5681,
22.5,0.30000000000000004,-0.30000000000000004,36.45,0.688,28,concrete,0.65,7.4783,1,,0.0,7.4783,
22.5,0.30000000000000004,1.7000000000000002,37.378,1.398,14,glass,0.1,8.5542,0,solar_suspected,0.0,8.5542,
22.5,0.30000000000000004,1.9000000000000001,38.39,1.981,11,glass,0.1,9.7275,0,solar_suspected,0.0,9.7275,
22.5,0.5,-0.30000000000000004,36.521,0.836,32,concrete,0.65,7.5606,1,,0.0,7.5606,
22.5,0.5,1.7000000000000002,37.03,1.532,16,glass,0.1,8.1507,0,solar_suspected,0.0,8.1507,
22.5,0.5,1.9000000000000001,38.234,2.05,13,glass,0.1,9.5467,0,solar_suspected,0.0,9.5467,
22.5,0.7000000000000001,-0.30000000000000004,36.57,0.754,26,concrete,0.65,7.6174,1,,0.0,7.6174,
22.5,0.7000000000000001,1.7000000000000002,36.908,1.687,17,glass,0.1,8.0093,0,solar_suspected,0.0,8.0093,
22.5,0.7000000000000001,1.9000000000000001,38.747,1.83,12,glass,0.1,10.1414,0,solar_suspected,0.0,10.1414,
22.5,0.9,-0.30000000000000004,36.633,1.272,27,concrete,0.65,7.6904,1,,0.0,7.6904,
22.5,0.9,1.7000000000000002,36.968,1.769,22,glass,0.1,8.0788,0,solar_suspected,0.0,8.0788,
22.5,0.9,1.9000000000000001,38.976,1.938,8,glass,0.1,10.407,0,solar_suspected,0.0,10.407,
22.5,1.1,-0.30000000000000004,37.015,1.133,25,concrete,0.65,8.1333,0,implausible,0.0,8.1333,
22.5,1.1,1.7000000000000002,37.326,1.278,11,glass,0.1,8.4939,0,solar_suspected,0.0,8.4939,
22.5,1.1,1.9000000000000001,38.384,1.876,15,glass,0.1,9.7206,0,solar_suspected,0.0,9.7206,
22.5,1.3,-0.30000000000000004,36.762,1.281,33,concrete,0.65,7.84,1,,0.0,7.84,
22.5,1.3,1.7000000000000002,37.402,1.034,15,glass,0.1,8.582,0,solar_suspected,0.0,8.582,
22.5,1.3,1.9000000000000001,38.256,1.872,15,glass,0.1,9.5722,0,solar_suspected,0.0,9.5722,
22.5,1.5,-0.30000000000000004,36.654,1.335,33,concrete,0.65,7.7148,1,,0.0,7.7148,sud_opaque_no_correction
22.5,1.5,1.7000000000000002,37.738,1.788,14,glass,0.1,8.9716,0,solar_suspected,0.0,8.9716,sud_opaque_no_correction
22.5,1.5,1.9000000000000001,38.551,1.851,13,glass,0.1,9.9142,0,solar_suspected,0.0,9.9142,sud_opaque_no_correction
22.5,1.7000000000000002,-0.30000000000000004,36.013,1.516,52,concrete,0.65,6.9716,1,,0.0,6.9716,sud_opaque_no_correction
22.5,1.7000000000000002,1.7000000000000002,37.369,0.808,13,glass,0.1,8.5438,0,solar_suspected,0.0,8.5438,sud_opaque_no_correction
22.5,1.7000000000000002,1.9000000000000001,38.371,1.61,12,glass,0.1,9.7055,0,solar_suspected,0.0,9.7055,sud_opaque_no_correction
22.700000000000003,-0.7000000000000001,1.7000000000000002,35.386,0.0,1,glass,0.1,6.2446,1,,8.83,4.9648,nord_diffuse_only
22.700000000000003,-0.5,-0.30000000000000004,35.193,1.235,139,glass,0.1,6.0209,1,,0.0,6.0209,
22.700000000000003,-0.5,-0.1,35.354,1.236,17,glass,0.1,6.2075,1,,0.0,6.2075,
22.700000000000003,-0.5,0.7000000000000001,37.483,1.531,3,glass,0.1,8.6759,0,solar_suspected,0.0,8.6759,
22.700000000000003,-0.5,0.9,37.052,0.92,8,glass,0.1,8.1762,0,solar_suspected,0.0,8.1762,
22.700000000000003,-0.5,1.5,36.183,1.474,32,glass,0.1,7.1687,1,,0.0,7.1687,
22.700000000000003,-0.5,1.7000000000000002,36.315,1.49,43,glass,0.1,7.3217,1,,0.0,7.3217,
22.700000000000003,-0.5,1.9000000000000001,36.958,2.275,13,glass,0.1,8.0672,0,solar_suspected,0.0,8.0672,
22.700000000000003,-0.30000000000000004,-0.30000000000000004,35.609,1.342,22,concrete,0.65,6.5032,1,,0.0,6.5032,
22.700000000000003,-0.30000000000000004,-0.1,37.557,0.187,3,glass,0.1,8.7617,0,solar_suspected,0.0,8.7617,
22.700000000000003,-0.30000000000000004,0.1,36.301,1.262,4,glass,0.1,7.3055,1,,0.0,7.3055,
22.700000000000003,-0.30000000000000004,0.5,38.116,1.319,3,glass,0.1,9.4099,0,solar_suspected,0.0,9.4099,
22.700000000000003,-0.30000000000000004,0.7000000000000001,34.412,0.725,3,glass,0.1,5.1154,1,,0.0,5.1154,
22.700000000000003,-0.30000000000000004,1.7000000000000002,36.507,1.739,28,glass,0.1,7.5443,1,,0.0,7.5443,
22.700000000000003,-0.30000000000000004,1.9000000000000001,37.997,1.964,11,glass,0.1,9.2719,0,solar_suspected,0.0,9.2719,
22.700000000000003,-0.1,-0.30000000000000004,35.942,1.112,57,concrete,0.65,6.8893,1,,0.0,6.8893,
22.700000000000003,-0.1,1.7000000000000002,36.601,1.501,31,glass,0.1,7.6533,1,,0.0,7.6533,
22.700000000000003,-0.1,1.9000000000000001,37.198,2.035,10,glass,0.1,8.3455,0,solar_suspected,0.0,8.3455,
22.700000000000003,0.1,-0.30000000000000004,36.678,1.113,39,concrete,0.65,7.7426,1,,0.0,7.7426,
22.700000000000003,0.1,1.7000000000000002,37.077,1.881,22,glass,0.1,8.2052,0,solar_suspected,0.0,8.2052,
22.700000000000003,0.1,1.9000000000000001,37.291,2.086,12,glass,0.1,8.4533,0,solar_suspected,0.0,8.4533,
22.700000000000003,0.30000000000000004,-0.30000000000000004,36.96,0.988,26,concrete,0.65,8.0696,0,implausible,0.0,8.0696,
22.700000000000003,0.30000000000000004,1.7000000000000002,36.907,1.741,20,glass,0.1,8.0081,0,solar_suspected,0.0,8.0081,
22.700000000000003,0.30000000000000004,1.9000000000000001,37.098,2.231,13,glass,0.1,8.2296,0,solar_suspected,0.0,8.2296,
22.700000000000003,0.5,-0.30000000000000004,36.977,0.948,28,concrete,0.65,8.0893,0,implausible,0.0,8.0893,
22.700000000000003,0.5,1.7000000000000002,37.302,1.718,22,glass,0.1,8.4661,0,solar_suspected,0.0,8.4661,
22.700000000000003,0.5,1.9000000000000001,36.725,1.898,15,glass,0.1,7.7971,1,,0.0,7.7971,
22.700000000000003,0.7000000000000001,-0.30000000000000004,37.182,0.993,20,concrete,0.65,8.327,0,implausible,0.0,8.327,
22.700000000000003,0.7000000000000001,1.7000000000000002,37.381,1.886,15,glass,0.1,8.5577,0,solar_suspected,0.0,8.5577,
22.700000000000003,0.7000000000000001,1.9000000000000001,37.011,2.328,14,glass,0.1,8.1287,0,solar_suspected,0.0,8.1287,
22.700000000000003,0.9,-0.30000000000000004,37.018,1.128,22,concrete,0.65,8.1368,0,implausible,0.0,8.1368,
22.700000000000003,0.9,1.7000000000000002,38.678,2.294,17,glass,0.1,10.0614,0,solar_suspected,0.0,10.0614,
22.700000000000003,0.9,1.9000000000000001,37.057,2.392,15,glass,0.1,8.182,0,solar_suspected,0.0,8.182,
22.700000000000003,1.1,-0.30000000000000004,36.544,1.375,32,concrete,0.65,7.5872,1,,0.0,7.5872,
22.700000000000003,1.1,1.7000000000000002,37.687,1.81,17,glass,0.1,8.9125,0,solar_suspected,0.0,8.9125,
22.700000000000003,1.1,1.9000000000000001,36.885,2.209,14,glass,0.1,7.9826,1,,0.0,7.9826,
22.700000000000003,1.3,-0.30000000000000004,36.7,1.074,29,concrete,0.65,7.7681,1,,0.0,7.7681,
22.700000000000003,1.3,1.7000000000000002,38.023,2.376,16,glass,0.1,9.302,0,solar_suspected,0.0,9.302,
22.700000000000003,1.3,1.9000000000000001,37.557,2.232,17,glass,0.1,8.7617,0,solar_suspected,0.0,8.7617,
22.700000000000003,1.5,-0.30000000000000004,36.741,1.016,39,concrete,0.65,7.8157,1,,0.0,7.8157,sud_opaque_no_correction
22.700000000000003,1.5,1.7000000000000002,37.375,1.346,14,glass,0.1,8.5507,0,solar_suspected,0.0,8.5507,sud_opaque_no_correction
22.700000000000003,1.5,1.9000000000000001,38.055,2.074,18,glass,0.1,9.3391,0,solar_suspected,0.0,9.3391,sud_opaque_no_correction
22.700000000000003,1.7000000000000002,-0.30000000000000004,35.799,1.332,40,concrete,0.65,6.7235,1,,0.0,6.7235,sud_opaque_no_correction
22.700000000000003,1.7000000000000002,1.7000000000000002,36.556,1.139,20,glass,0.1,7.6012,1,,0.0,7.6012,sud_opaque_no_correction
22.700000000000003,1.7000000000000002,1.9000000000000001,37.793,1.777,20,glass,0.1,9.0354,0,solar_suspected,0.0,9.0354,sud_opaque_no_correction
22.900000000000002,-0.5,-0.30000000000000004,35.357,1.186,58,glass,0.1,6.211,1,,0.0,6.211,
22.900000000000002,-0.5,-0.1,35.018,0.809,10,glass,0.1,5.818,1,,0.0,5.818,
22.900000000000002,-0.5,0.7000000000000001,38.366,0.0,1,glass,0.1,9.6997,0,solar_suspected,0.0,9.6997,
22.900000000000002,-0.5,0.9,37.285,1.405,5,glass,0.1,8.4464,0,solar_suspected,0.0,8.4464,
22.900000000000002,-0.5,1.1,36.756,0.12,2,glass,0.1,7.833,1,,0.0,7.833,
22.900000000000002,-0.5,1.3,37.632,0.0,1,glass,0.1,8.8487,0,solar_suspected,0.0,8.8487,
22.900000000000002,-0.5,1.5,37.422,1.434,2,glass,0.1,8.6052,0,solar_suspected,0.0,8.6052,
22.900000000000002,-0.5,1.7000000000000002,36.896,1.929,35,glass,0.1,7.9954,1,,0.0,7.9954,
22.900000000000002,-0.5,1.9000000000000001,37.142,1.854,12,glass,0.1,8.2806,0,solar_suspected,0.0,8.2806,
22.900000000000002,-0.30000000000000004,-0.30000000000000004,35.936,1.239,18,concrete,0.65,6.8823,1,,0.0,6.8823,
22.900000000000002,-0.30000000000000004,1.7000000000000002,36.949,1.847,34,glass,0.1,8.0568,0,solar_suspected,0.0,8.0568,
22.900000000000002,-0.30000000000000004,1.9000000000000001,37.192,1.975,18,glass,0.1,8.3386,0,solar_suspected,0.0,8.3386,
22.900000000000002,-0.1,-0.30000000000000004,35.992,1.268,32,concrete,0.65,6.9472,1,,0.0,6.9472,
22.900000000000002,-0.1,1.7000000000000002,36.528,1.765,38,glass,0.1,7.5687,1,,0.0,7.5687,
22.900000000000002,-0.1,1.9000000000000001,37.828,2.182,27,glass,0.1,9.0759,0,solar_suspected,0.0,9.0759,
22.900000000000002,0.1,-0.30000000000000004,36.237,1.144,43,concrete,0.65,7.2313,1,,0.0,7.2313,
22.900000000000002,0.1,1.7000000000000002,36.937,2.074,45,glass,0.1,8.0429,0,solar_suspected,0.0,8.0429,
22.900000000000002,0.1,1.9000000000000001,38.113,2.325,20,glass,0.1,9.4064,0,solar_suspected,0.0,9.4064,
22.900000000000002,0.30000000000000004,-0.30000000000000004,36.486,1.074,46,concrete,0.65,7.52,1,,0.0,7.52,
22.900000000000002,0.30000000000000004,1.7000000000000002,37.17,1.855,44,glass,0.1,8.313,0,solar_suspected,0.0,8.313,
22.900000000000002,0.30000000000000004,1.9000000000000001,38.134,2.11,18,glass,0.1,9.4307,0,solar_suspected,0.0,9.4307,
22.900000000000002,0.5,-0.30000000000000004,36.87,0.735,38,concrete,0.65,7.9652,1,,0.0,7.9652,
22.900000000000002,0.5,1.7000000000000002,37.347,1.751,35,glass,0.1,8.5183,0,solar_suspected,0.0,8.5183,
22.900000000000002,0.5,1.9000000000000001,38.31,2.112,18,glass,0.1,9.6348,0,solar_suspected,0.0,9.6348,
22.900000000000002,0.7000000000000001,-0.30000000000000004,36.838,0.613,39,concrete,0.65,7.9281,1,,0.0,7.9281,
22.900000000000002,0.7000000000000001,1.7000000000000002,37.274,1.641,37,glass,0.1,8.4336,0,solar_suspected,0.0,8.4336,
22.900000000000002,0.7000000000000001,1.9000000000000001,38.393,2.184,17,glass,0.1,9.731,0,solar_suspected,0.0,9.731,
22.900000000000002,0.9,-0.30000000000000004,37.097,0.557,28,concrete,0.65,8.2284,0,implausible,0.0,8.2284,
22.900000000000002,0.9,1.7000000000000002,37.588,2.24,33,glass,0.1,8.7977,0,solar_suspected,0.0,8.7977,
22.900000000000002,0.9,1.9000000000000001,38.651,2.227,14,glass,0.1,10.0301,0,solar_suspected,0.0,10.0301,
22.900000000000002,1.1,-0.30000000000000004,36.8,0.678,41,concrete,0.65,7.8841,1,,0.0,7.8841,
22.900000000000002,1.1,1.7000000000000002,37.635,1.942,27,glass,0.1,8.8522,0,solar_suspected,0.0,8.8522,
22.900000000000002,1.1,1.9000000000000001,38.52,2.093,19,glass,0.1,9.8783,0,solar_suspected,0.0,9.8783,
22.900000000000002,1.3,-0.30000000000000004,36.728,0.812,42,concrete,0.65,7.8006,1,,0.0,7.8006,
22.900000000000002,1.3,1.7000000000000002,37.506,1.612,23,glass,0.1,8.7026,0,solar_suspected,0.0,8.7026,
22.900000000000002,1.3,1.9000000000000001,39.092,1.824,15,glass,0.1,10.5414,0,solar_suspected,0.0,10.5414,
22.900000000000002,1.5,-0.30000000000000004,35.932,1.448,45,concrete,0.65,6.8777,1,,0.0,6.8777,sud_opaque_no_correction
22.900000000000002,1.5,1.7000000000000002,37.614,1.627,23,glass,0.1,8.8278,0,solar_suspected,0.0,8.8278,sud_opaque_no_correction
22.900000000000002,1.5,1.9000000000000001,39.195,1.814,16,glass,0.1,10.6609,0,solar_suspected,0.0,10.6609,sud_opaque_no_correction
22.900000000000002,1.7000000000000002,-0.30000000000000004,35.516,1.391,60,concrete,0.65,6.3954,1,,0.0,6.3954,sud_opaque_no_correction
22.900000000000002,1.7000000000000002,1.7000000000000002,37.461,1.249,22,glass,0.1,8.6504,0,solar_suspected,0.0,8.6504,sud_opaque_no_correction
22.900000000000002,1.7000000000000002,1.9000000000000001,39.041,1.762,14,glass,0.1,10.4823,0,solar_suspected,0.0,10.4823,sud_opaque_no_correction
23.1,-0.7000000000000001,-0.30000000000000004,35.144,1.169,5,concrete,0.65,5.9641,1,,57.4,-2.3546,nord_diffuse_only
23.1,-0.5,-0.30000000000000004,35.232,1.048,63,glass,0.1,6.0661,1,,0.0,6.0661,
23.1,-0.5,-0.1,34.296,0.176,4,glass,0.1,4.9809,1,,0.0,4.9809,
23.1,-0.5,0.1,33.897,0.0,1,glass,0.1,4.5183,1,,0.0,4.5183,
23.1,-0.5,0.30000000000000004,36.531,0.0,1,glass,0.1,7.5722,1,,0.0,7.5722,
23.1,-0.5,0.9,36.791,0.886,6,glass,0.1,7.8736,1,,0.0,7.8736,
23.1,-0.5,1.1,36.144,0.0,1,glass,0.1,7.1235,1,,0.0,7.1235,
23.1,-0.5,1.7000000000000002,36.505,1.786,40,glass,0.1,7.542,1,,0.0,7.542,
23.1,-0.5,1.9000000000000001,36.928,0.073,3,painted_metal,0.65,8.0325,0,solar_suspected,0.0,8.0325,
23.1,-0.30000000000000004,-0.30000000000000004,36.004,1.372,21,concrete,0.65,6.9612,1,,0.0,6.9612,
23.1,-0.30000000000000004,1.7000000000000002,35.989,1.597,25,glass,0.1,6.9438,1,,0.0,6.9438,
23.1,-0.30000000000000004,1.9000000000000001,36.644,1.375,7,glass,0.1,7.7032,1,,0.0,7.7032,
23.1,-0.1,-0.30000000000000004,36.737,1.129,36,concrete,0.65,7.811,1,,0.0,7.811,
23.1,-0.1,1.7000000000000002,36.7,1.655,25,glass,0.1,7.7681,1,,0.0,7.7681,
23.1,-0.1,1.9000000000000001,36.437,1.865,6,glass,0.1,7.4632,1,,0.0,7.4632,
23.1,0.1,-0.30000000000000004,36.45,1.252,33,concrete,0.65,7.4783,1,,0.0,7.4783,
23.1,0.1,1.7000000000000002,36.611,1.672,20,glass,0.1,7.6649,1,,0.0,7.6649,
23.1,0.1,1.9000000000000001,38.132,2.505,5,glass,0.1,9.4284,0,solar_suspected,0.0,9.4284,
23.1,0.30000000000000004,-0.30000000000000004,36.874,0.874,30,concrete,0.65,7.9699,1,,0.0,7.9699,
23.1,0.30000000000000004,1.7000000000000002,36.72,1.735,26,glass,0.1,7.7913,1,,0.0,7.7913,
23.1,0.30000000000000004,1.9000000000000001,38.101,2.355,9,glass,0.1,9.3925,0,solar_suspected,0.0,9.3925,
23.1,0.5,-0.30000000000000004,36.572,0.828,36,concrete,0.65,7.6197,1,,0.0,7.6197,
23.1,0.5,1.7000000000000002,36.789,1.44,31,glass,0.1,7.8713,1,,0.0,7.8713,
23.1,0.5,1.9000000000000001,39.481,1.737,7,glass,0.1,10.9925,0,solar_suspected,0.0,10.9925,
23.1,0.7000000000000001,-0.30000000000000004,36.584,0.995,41,concrete,0.65,7.6336,1,,0.0,7.6336,
23.1,0.7000000000000001,1.7000000000000002,37.397,1.669,29,glass,0.1,8.5762,0,solar_suspected,0.0,8.5762,
23.1,0.7000000000000001,1.9000000000000001,38.864,2.116,11,glass,0.1,10.2771,0,solar_suspected,0.0,10.2771,
23.1,0.9,-0.30000000000000004,36.299,1.49,43,concrete,0.65,7.3032,1,,0.0,7.3032,
23.1,0.9,1.7000000000000002,37.873,1.868,27,glass,0.1,9.1281,0,solar_suspected,0.0,9.1281,
23.1,0.9,1.9000000000000001,38.475,2.318,10,glass,0.1,9.8261,0,solar_suspected,0.0,9.8261,
23.1,1.1,-0.30000000000000004,36.027,1.729,40,concrete,0.65,6.9878,1,,0.0,6.9878,
23.1,1.1,1.7000000000000002,37.795,1.503,34,glass,0.1,9.0377,0,solar_suspected,0.0,9.0377,
23.1,1.1,1.9000000000000001,38.227,2.351,16,glass,0.1,9.5386,0,solar_suspected,0.0,9.5386,
23.1,1.3,-0.30000000000000004,36.101,1.448,43,concrete,0.65,7.0736,1,,0.0,7.0736,
23.1,1.3,1.7000000000000002,37.972,1.42,34,glass,0.1,9.2429,0,solar_suspected,0.0,9.2429,
23.1,1.3,1.9000000000000001,37.412,2.138,24,glass,0.1,8.5936,0,solar_suspected,0.0,8.5936,
23.1,1.5,-0.30000000000000004,35.857,1.45,80,concrete,0.65,6.7907,1,,0.0,6.7907,sud_opaque_no_correction
23.1,1.5,1.7000000000000002,38.072,1.129,24,glass,0.1,9.3588,0,solar_suspected,0.0,9.3588,sud_opaque_no_correction
23.1,1.5,1.9000000000000001,38.109,2.031,27,glass,0.1,9.4017,0,solar_suspected,0.0,9.4017,sud_opaque_no_correction
23.1,1.7000000000000002,-0.30000000000000004,35.503,1.465,69,concrete,0.65,6.3803,1,,0.0,6.3803,sud_opaque_no_correction
23.1,1.7000000000000002,1.7000000000000002,38.165,0.937,15,glass,0.1,9.4667,0,solar_suspected,0.0,9.4667,sud_opaque_no_correction
23.1,1.7000000000000002,1.9000000000000001,37.881,1.746,31,glass,0.1,9.1374,0,solar_suspected,0.0,9.1374,sud_opaque_no_correction
23.3,-0.7000000000000001,-0.30000000000000004,35.612,1.264,36,concrete,0.65,6.5067,1,,57.4,-1.812,nord_diffuse_only
23.3,-0.5,-0.30000000000000004,35.314,1.137,83,glass,0.1,6.1612,1,,0.0,6.1612,
23.3,-0.5,-0.1,34.598,0.14,2,glass,0.1,5.331,1,,0.0,5.331,
23.3,-0.5,0.5,35.677,0.0,1,glass,0.1,6.582,1,,0.0,6.582,
23.3,-0.5,0.7000000000000001,35.511,0.0,1,glass,0.1,6.3896,1,,0.0,6.3896,
23.3,-0.5,0.9,36.462,1.018,16,glass,0.1,7.4922,1,,0.0,7.4922,
23.3,-0.5,1.1,36.3,0.3,6,glass,0.1,7.3043,1,,0.0,7.3043,
23.3,-0.5,1.7000000000000002,36.765,1.818,40,glass,0.1,7.8435,1,,0.0,7.8435,
23.3,-0.5,1.9000000000000001,36.893,1.922,4,glass,0.1,7.9919,1,,0.0,7.9919,
23.3,-0.30000000000000004,-0.30000000000000004,36.177,1.106,12,concrete,0.65,7.1617,1,,0.0,7.1617,
23.3,-0.30000000000000004,1.7000000000000002,37.133,1.79,39,glass,0.1,8.2701,0,solar_suspected,0.0,8.2701,
23.3,-0.30000000000000004,1.9000000000000001,37.384,2.27,7,glass,0.1,8.5612,0,solar_suspected,0.0,8.5612,
23.3,-0.1,-0.30000000000000004,36.344,1.103,59,concrete,0.65,7.3554,1,,0.0,7.3554,
23.3,-0.1,1.7000000000000002,37.447,1.915,30,glass,0.1,8.6342,0,solar_suspected,0.0,8.6342,
23.3,-0.1,1.9000000000000001,38.251,2.179,4,glass,0.1,9.5664,0,solar_suspected,0.0,9.5664,
23.3,0.1,-0.30000000000000004,36.512,1.065,68,concrete,0.65,7.5501,1,,0.0,7.5501,
23.3,0.1,1.7000000000000002,37.976,2.127,22,glass,0.1,9.2475,0,solar_suspected,0.0,9.2475,
23.3,0.1,1.9000000000000001,38.483,1.803,10,glass,0.1,9.8354,0,solar_suspected,0.0,9.8354,
23.3,0.30000000000000004,-0.30000000000000004,36.695,0.82,70,concrete,0.65,7.7623,1,,0.0,7.7623,
23.3,0.30000000000000004,1.7000000000000002,37.608,1.724,23,glass,0.1,8.8209,0,solar_suspected,0.0,8.8209,
23.3,0.30000000000000004,1.9000000000000001,38.406,1.322,9,glass,0.1,9.7461,0,solar_suspected,0.0,9.7461,
23.3,0.5,-0.30000000000000004,36.719,0.826,63,concrete,0.65,7.7901,1,,0.0,7.7901,
23.3,0.5,1.7000000000000002,37.919,1.463,19,glass,0.1,9.1814,0,solar_suspected,0.0,9.1814,
23.3,0.5,1.9000000000000001,39.084,1.159,8,glass,0.1,10.5322,0,solar_suspected,0.0,10.5322,
23.3,0.7000000000000001,-0.30000000000000004,36.34,1.001,33,concrete,0.65,7.3507,1,,0.0,7.3507,
23.3,0.7000000000000001,1.7000000000000002,37.502,1.338,9,glass,0.1,8.698,0,solar_suspected,0.0,8.698,
23.3,0.7000000000000001,1.9000000000000001,38.174,1.77,14,glass,0.1,9.4771,0,solar_suspected,0.0,9.4771,
23.3,0.9,-0.30000000000000004,36.059,1.709,40,concrete,0.65,7.0249,1,,0.0,7.0249,
23.3,0.9,1.7000000000000002,37.864,1.49,10,glass,0.1,9.1177,0,solar_suspected,0.0,9.1177,
23.3,0.9,1.9000000000000001,37.994,1.943,16,glass,0.1,9.2684,0,solar_suspected,0.0,9.2684,
23.3,1.1,-0.30000000000000004,35.855,1.575,46,concrete,0.65,6.7884,1,,0.0,6.7884,
23.3,1.1,1.7000000000000002,37.663,1.341,12,glass,0.1,8.8846,0,solar_suspected,0.0,8.8846,
23.3,1.1,1.9000000000000001,38.216,1.558,15,glass,0.1,9.5258,0,solar_suspected,0.0,9.5258,
23.3,1.3,-0.30000000000000004,35.776,1.696,73,concrete,0.65,6.6968,1,,0.0,6.6968,
23.3,1.3,1.7000000000000002,38.162,1.492,7,glass,0.1,9.4632,0,solar_suspected,0.0,9.4632,
23.3,1.3,1.9000000000000001,38.368,1.746,13,glass,0.1,9.702,0,solar_suspected,0.0,9.702,
23.3,1.5,-0.30000000000000004,36.07,1.708,68,concrete,0.65,7.0377,1,,0.0,7.0377,sud_opaque_no_correction
23.3,1.5,1.7000000000000002,37.292,1.018,7,glass,0.1,8.4545,0,solar_suspected,0.0,8.4545,sud_opaque_no_correction
23.3,1.5,1.9000000000000001,39.156,1.744,13,glass,0.1,10.6157,0,solar_suspected,0.0,10.6157,sud_opaque_no_correction
23.3,1.7000000000000002,-0.30000000000000004,36.33,1.451,54,concrete,0.65,7.3391,1,,0.0,7.3391,sud_opaque_no_correction
23.3,1.7000000000000002,1.7000000000000002,36.929,0.524,10,glass,0.1,8.0336,0,solar_suspected,0.0,8.0336,sud_opaque_no_correction
23.3,1.7000000000000002,1.9000000000000001,38.834,1.59,20,glass,0.1,10.2423,0,solar_suspected,0.0,10.2423,sud_opaque_no_correction
23.5,-0.7000000000000001,-0.30000000000000004,35.167,1.131,9,concrete,0.65,5.9907,1,,57.4,-2.3279,nord_diffuse_only
23.5,-0.5,-0.30000000000000004,35.526,1.248,344,concrete,0.65,6.407,1,,0.0,6.407,
23.5,-0.5,-0.1,34.631,0.196,6,glass,0.1,5.3693,1,,0.0,5.3693,
23.5,-0.5,0.1,34.737,0.0,1,glass,0.1,5.4922,1,,0.0,5.4922,
23.5,-0.5,0.30000000000000004,34.987,0.104,3,glass,0.1,5.782,1,,0.0,5.782,
23.5,-0.5,0.5,35.126,0.139,2,glass,0.1,5.9432,1,,0.0,5.9432,
23.5,-0.5,0.7000000000000001,35.689,0.152,5,glass,0.1,6.5959,1,,0.0,6.5959,
23.5,-0.5,0.9,36.699,0.753,16,glass,0.1,7.767,1,,0.0,7.767,
23.5,-0.5,1.1,37.256,1.229,54,glass,0.1,8.4128,0,solar_suspected,0.0,8.4128,
23.5,-0.5,1.3,37.973,1.531,13,glass,0.1,9.2441,0,solar_suspected,0.0,9.2441,
23.5,-0.5,1.5,39.245,1.164,2,glass,0.1,10.7188,0,solar_suspected,0.0,10.7188,
23.5,-0.5,1.7000000000000002,36.722,1.781,75,glass,0.1,7.7936,1,,0.0,7.7936,
23.5,-0.5,1.9000000000000001,36.461,1.216,3,glass,0.1,7.491,1,,0.0,7.491,
23.5,-0.30000000000000004,-0.30000000000000004,35.957,1.242,82,concrete,0.65,6.9067,1,,0.0,6.9067,
23.5,-0.30000000000000004,1.7000000000000002,36.965,1.893,21,glass,0.1,8.0754,0,solar_suspected,0.0,8.0754,
23.5,-0.30000000000000004,1.9000000000000001,37.656,1.903,11,glass,0.1,8.8765,0,solar_suspected,0.0,8.8765,
23.5,-0.1,-0.30000000000000004,36.328,0.99,89,concrete,0.65,7.3368,1,,0.0,7.3368,
23.5,-0.1,1.7000000000000002,37.465,1.804,32,glass,0.1,8.6551,0,solar_suspected,0.0,8.6551,
23.5,-0.1,1.9000000000000001,37.587,1.722,13,glass,0.1,8.7965,0,solar_suspected,0.0,8.7965,
23.5,0.1,-0.30000000000000004,36.562,0.903,75,concrete,0.65,7.6081,1,,0.0,7.6081,
23.5,0.1,1.7000000000000002,38.326,1.902,32,glass,0.1,9.6533,0,solar_suspected,0.0,9.6533,
23.5,0.1,1.9000000000000001,38.456,1.712,17,glass,0.1,9.8041,0,solar_suspected,0.0,9.8041,
23.5,0.30000000000000004,-0.30000000000000004,36.776,0.822,75,concrete,0.65,7.8562,1,,0.0,7.8562,
23.5,0.30000000000000004,1.7000000000000002,38.167,1.695,34,glass,0.1,9.469,0,solar_suspected,0.0,9.469,
23.5,0.30000000000000004,1.9000000000000001,38.442,1.652,17,glass,0.1,9.7878,0,solar_suspected,0.0,9.7878,
23.5,0.5,-0.30000000000000004,36.917,0.857,67,concrete,0.65,8.0197,0,implausible,0.0,8.0197,
23.5,0.5,1.7000000000000002,38.232,1.613,26,glass,0.1,9.5443,0,solar_suspected,0.0,9.5443,
23.5,0.5,1.9000000000000001,38.982,1.666,22,glass,0.1,10.4139,0,solar_suspected,0.0,10.4139,
23.5,0.7000000000000001,-0.30000000000000004,36.643,1.007,69,concrete,0.65,7.702,1,,0.0,7.702,
23.5,0.7000000000000001,1.7000000000000002,38.566,1.691,27,glass,0.1,9.9316,0,solar_suspected,0.0,9.9316,
23.5,0.7000000000000001,1.9000000000000001,38.946,1.66,16,glass,0.1,10.3722,0,solar_suspected,0.0,10.3722,
23.5,0.9,-0.30000000000000004,36.191,1.404,67,concrete,0.65,7.178,1,,0.0,7.178,
23.5,0.9,1.7000000000000002,38.998,2.005,24,glass,0.1,10.4325,0,solar_suspected,0.0,10.4325,
23.5,0.9,1.9000000000000001,38.874,1.626,14,glass,0.1,10.2887,0,solar_suspected,0.0,10.2887,
23.5,1.1,-0.30000000000000004,35.901,1.6,69,concrete,0.65,6.8417,1,,0.0,6.8417,
23.5,1.1,1.7000000000000002,38.887,1.739,30,glass,0.1,10.3038,0,solar_suspected,0.0,10.3038,
23.5,1.1,1.9000000000000001,38.923,1.585,20,glass,0.1,10.3455,0,solar_suspected,0.0,10.3455,
23.5,1.3,-0.30000000000000004,36.469,1.362,70,concrete,0.65,7.5003,1,,0.0,7.5003,
23.5,1.3,1.7000000000000002,38.573,1.562,32,glass,0.1,9.9397,0,solar_suspected,0.0,9.9397,
23.5,1.3,1.9000000000000001,39.019,1.584,19,glass,0.1,10.4568,0,solar_suspected,0.0,10.4568,
23.5,1.5,-0.30000000000000004,36.645,1.384,66,concrete,0.65,7.7043,1,,0.0,7.7043,sud_opaque_no_correction
23.5,1.5,1.7000000000000002,39.097,1.33,31,glass,0.1,10.5472,0,solar_suspected,0.0,10.5472,sud_opaque_no_correction
23.5,1.5,1.9000000000000001,38.971,1.505,24,glass,0.1,10.4012,0,solar_suspected,0.0,10.4012,sud_opaque_no_correction
23.5,1.7000000000000002,-0.30000000000000004,36.299,1.446,68,concrete,0.65,7.3032,1,,0.0,7.3032,sud_opaque_no_correction
23.5,1.7000000000000002,1.7000000000000002,38.809,1.074,29,glass,0.1,10.2133,0,solar_suspected,0.0,10.2133,sud_opaque_no_correction
23.5,1.7000000000000002,1.9000000000000001,38.909,1.656,20,glass,0.1,10.3293,0,solar_suspected,0.0,10.3293,sud_opaque_no_correction
23.700000000000003,-0.5,-0.30000000000000004,35.621,1.208,154,glass,0.1,6.5171,1,,0.0,6.5171,
23.700000000000003,-0.5,-0.1,35.032,0.836,38,glass,0.1,5.8342,1,,0.0,5.8342,
23.700000000000003,-0.5,0.1,34.892,0.368,23,glass,0.1,5.6719,1,,0.0,5.6719,
23.700000000000003,-0.5,0.30000000000000004,35.523,0.559,26,glass,0.1,6.4035,1,,0.0,6.4035,
23.700000000000003,-0.5,0.5,36.221,1.06,21,glass,0.1,7.2128,1,,0.0,7.2128,
23.700000000000003,-0.5,0.7000000000000001,36.518,0.872,15,glass,0.1,7.5571,1,,0.0,7.5571,
23.700000000000003,-0.5,0.9,37.121,1.18,34,glass,0.1,8.2562,0,solar_suspected,0.0,8.2562,
23.700000000000003,-0.5,1.1,37.551,1.532,36,glass,0.1,8.7548,0,solar_suspected,0.0,8.7548,
23.700000000000003,-0.5,1.3,38.056,1.069,24,glass,0.1,9.3403,0,solar_suspected,0.0,9.3403,
23.700000000000003,-0.5,1.5,38.587,1.092,4,glass,0.1,9.9559,0,solar_suspected,0.0,9.9559,
23.700000000000003,-0.5,1.7000000000000002,36.572,1.755,68,glass,0.1,7.6197,1,,0.0,7.6197,
23.700000000000003,-0.5,1.9000000000000001,39.522,0.401,2,glass,0.1,11.04,0,solar_suspected,0.0,11.04,
23.700000000000003,-0.30000000000000004,-0.30000000000000004,36.006,1.059,142,concrete,0.65,6.9635,1,,0.0,6.9635,
23.700000000000003,-0.30000000000000004,1.7000000000000002,37.286,1.99,30,glass,0.1,8.4475,0,solar_suspected,0.0,8.4475,
23.700000000000003,-0.30000000000000004,1.9000000000000001,36.728,0.0,1,glass,0.1,7.8006,1,,0.0,7.8006,
23.700000000000003,-0.1,-0.30000000000000004,36.216,1.019,78,concrete,0.65,7.207,1,,0.0,7.207,
23.700000000000003,-0.1,1.7000000000000002,37.042,2.092,19,glass,0.1,8.1646,0,solar_suspected,0.0,8.1646,
23.700000000000003,-0.1,1.9000000000000001,36.261,0.466,2,glass,0.1,7.2591,1,,0.0,7.2591,
23.700000000000003,0.1,-0.30000000000000004,36.283,0.954,84,concrete,0.65,7.2846,1,,0.0,7.2846,
23.700000000000003,0.1,1.7000000000000002,37.091,1.96,23,glass,0.1,8.2214,0,solar_suspected,0.0,8.2214,
23.700000000000003,0.1,1.9000000000000001,40.25,0.0,1,glass,0.1,11.8841,0,solar_suspected,0.0,11.8841,
23.700000000000003,0.30000000000000004,-0.30000000000000004,36.692,0.621,87,concrete,0.65,7.7588,1,,0.0,7.7588,
23.700000000000003,0.30000000000000004,1.7000000000000002,37.81,1.585,29,glass,0.1,9.0551,0,solar_suspected,0.0,9.0551,
23.700000000000003,0.30000000000000004,1.9000000000000001,40.115,0.0,1,fabric,0.6,11.7275,0,implausible,0.0,11.7275,
23.700000000000003,0.5,-0.30000000000000004,36.803,0.635,107,concrete,0.65,7.8875,1,,0.0,7.8875,
23.700000000000003,0.5,1.7000000000000002,37.764,1.402,18,glass,0.1,9.0017,0,solar_suspected,0.0,9.0017,
23.700000000000003,0.5,1.9000000000000001,38.171,1.575,7,glass,0.1,9.4736,0,solar_suspected,0.0,9.4736,
23.700000000000003,0.7000000000000001,-0.30000000000000004,36.829,0.852,82,concrete,0.65,7.9177,1,,0.0,7.9177,
23.700000000000003,0.7000000000000001,1.7000000000000002,38.607,1.144,15,glass,0.1,9.9791,0,solar_suspected,0.0,9.9791,
23.700000000000003,0.7000000000000001,1.9000000000000001,37.797,1.52,12,glass,0.1,9.04,0,solar_suspected,0.0,9.04,
23.700000000000003,0.9,-0.30000000000000004,36.853,1.044,103,concrete,0.65,7.9455,1,,0.0,7.9455,
23.700000000000003,0.9,1.7000000000000002,38.664,1.356,14,glass,0.1,10.0452,0,solar_suspected,0.0,10.0452,
23.700000000000003,0.9,1.9000000000000001,37.894,1.53,13,glass,0.1,9.1525,0,solar_suspected,0.0,9.1525,
23.700000000000003,1.1,-0.30000000000000004,36.779,1.105,94,concrete,0.65,7.8597,1,,0.0,7.8597,
23.700000000000003,1.1,1.7000000000000002,38.013,1.05,20,glass,0.1,9.2904,0,solar_suspected,0.0,9.2904,
23.700000000000003,1.1,1.9000000000000001,38.538,1.56,8,glass,0.1,9.8991,0,solar_suspected,0.0,9.8991,
23.700000000000003,1.3,-0.30000000000000004,36.869,0.965,111,glass,0.1,7.9641,1,,0.0,7.9641,
23.700000000000003,1.3,1.7000000000000002,38.207,1.081,20,glass,0.1,9.5154,0,solar_suspected,0.0,9.5154,
23.700000000000003,1.3,1.9000000000000001,39.025,1.446,13,glass,0.1,10.4638,0,solar_suspected,0.0,10.4638,
23.700000000000003,1.5,-0.30000000000000004,36.484,1.233,109,concrete,0.65,7.5177,1,,0.0,7.5177,sud_opaque_no_correction
23.700000000000003,1.5,1.7000000000000002,38.026,1.323,19,glass,0.1,9.3055,0,solar_suspected,0.0,9.3055,sud_opaque_no_correction
23.700000000000003,1.5,1.9000000000000001,38.28,1.481,14,glass,0.1,9.6,0,solar_suspected,0.0,9.6,sud_opaque_no_correction
23.700000000000003,1.7000000000000002,-0.30000000000000004,36.313,1.379,106,concrete,0.65,7.3194,1,,0.0,7.3194,sud_opaque_no_correction
23.700000000000003,1.7000000000000002,0.9,36.674,0.0,1,glass,0.1,7.738,1,,0.0,7.738,sud_opaque_no_correction
23.700000000000003,1.7000000000000002,1.7000000000000002,37.882,1.252,20,glass,0.1,9.1386,0,solar_suspected,0.0,9.1386,sud_opaque_no_correction
23.700000000000003,1.7000000000000002,1.9000000000000001,38.125,1.217,15,glass,0.1,9.4203,0,solar_suspected,0.0,9.4203,sud_opaque_no_correction
23.900000000000002,-0.5,-0.30000000000000004,35.479,1.188,200,glass,0.1,6.3525,1,,0.0,6.3525,
23.900000000000002,-0.5,-0.1,35.249,1.044,68,glass,0.1,6.0858,1,,0.0,6.0858,
23.900000000000002,-0.5,0.1,36.11,1.347,45,glass,0.1,7.0841,1,,0.0,7.0841,
23.900000000000002,-0.5,0.30000000000000004,36.265,1.287,40,glass,0.1,7.2638,1,,0.0,7.2638,
23.900000000000002,-0.5,0.5,36.615,1.293,34,glass,0.1,7.6696,1,,0.0,7.6696,
23.900000000000002,-0.5,0.7000000000000001,36.941,1.243,37,glass,0.1,8.0475,0,solar_suspected,0.0,8.0475,
23.900000000000002,-0.5,0.9,37.323,1.317,45,glass,0.1,8.4904,0,solar_suspected,0.0,8.4904,
23.900000000000002,-0.5,1.1,37.224,1.305,59,glass,0.1,8.3757,0,solar_suspected,0.0,8.3757,
23.900000000000002,-0.5,1.3,38.305,1.264,35,glass,0.1,9.629,0,solar_suspected,0.0,9.629,
23.900000000000002,-0.5,1.5,39.02,0.993,18,glass,0.1,10.458,0,solar_suspected,0.0,10.458,
23.900000000000002,-0.5,1.7000000000000002,36.675,1.607,140,glass,0.1,7.7391,1,,0.0,7.7391,
23.900000000000002,-0.30000000000000004,-0.30000000000000004,35.679,1.178,212,glass,0.1,6.5843,1,,0.0,6.5843,
23.900000000000002,-0.30000000000000004,-0.1,35.227,0.668,5,glass,0.1,6.0603,1,,0.0,6.0603,
23.900000000000002,-0.30000000000000004,0.5,36.821,0.0,1,glass,0.1,7.9084,1,,0.0,7.9084,
23.900000000000002,-0.30000000000000004,0.7000000000000001,37.283,1.45,6,glass,0.1,8.4441,0,solar_suspected,0.0,8.4441,
23.900000000000002,-0.30000000000000004,0.9,37.73,2.512,3,glass,0.1,8.9623,0,solar_suspected,0.0,8.9623,
23.900000000000002,-0.30000000000000004,1.1,34.111,0.0,1,glass,0.1,4.7664,1,,0.0,4.7664,
23.900000000000002,-0.30000000000000004,1.3,38.871,0.273,3,glass,0.1,10.2852,0,solar_suspected,0.0,10.2852,
23.900000000000002,-0.30000000000000004,1.7000000000000002,36.461,1.659,45,glass,0.1,7.491,1,,0.0,7.491,
23.900000000000002,-0.30000000000000004,1.9000000000000001,37.739,2.063,5,glass,0.1,8.9728,0,solar_suspected,0.0,8.9728,
23.900000000000002,-0.1,-0.30000000000000004,35.975,1.173,223,glass,0.1,6.9275,1,,0.0,6.9275,
23.900000000000002,-0.1,-0.1,36.031,0.077,8,glass,0.1,6.9925,1,,0.0,6.9925,
23.900000000000002,-0.1,0.5,37.606,0.508,2,glass,0.1,8.8186,0,solar_suspected,0.0,8.8186,
23.900000000000002,-0.1,0.7000000000000001,37.92,1.212,20,glass,0.1,9.1826,0,solar_suspected,0.0,9.1826,
23.900000000000002,-0.1,0.9,38.128,1.635,13,glass,0.1,9.4238,0,solar_suspected,0.0,9.4238,
23.900000000000002,-0.1,1.1,37.832,1.662,14,glass,0.1,9.0806,0,solar_suspected,0.0,9.0806,
23.900000000000002,-0.1,1.3,38.527,1.267,15,glass,0.1,9.8864,0,solar_suspected,0.0,9.8864,
23.900000000000002,-0.1,1.5,37.013,1.765,11,glass,0.1,8.131,0,solar_suspected,0.0,8.131,
23.900000000000002,-0.1,1.7000000000000002,36.804,1.668,55,glass,0.1,7.8887,1,,0.0,7.8887,
23.900000000000002,-0.1,1.9000000000000001,38.985,1.278,5,glass,0.1,10.4174,0,solar_suspected,0.0,10.4174,
23.900000000000002,0.1,-0.30000000000000004,36.332,1.02,234,glass,0.1,7.3414,1,,0.0,7.3414,
23.900000000000002,0.1,-0.1,36.101,0.295,13,glass,0.1,7.0736,1,,0.0,7.0736,
23.900000000000002,0.1,0.1,37.137,0.0,1,glass,0.1,8.2748,0,solar_suspected,0.0,8.2748,
23.900000000000002,0.1,0.30000000000000004,37.64,0.176,2,glass,0.1,8.858,0,solar_suspected,0.0,8.858,
23.900000000000002,0.1,0.5,38.336,0.371,2,glass,0.1,9.6649,0,solar_suspected,0.0,9.6649,
23.900000000000002,0.1,0.7000000000000001,38.621,0.734,20,glass,0.1,9.9954,0,solar_suspected,0.0,9.9954,
23.900000000000002,0.1,0.9,38.196,1.079,16,glass,0.1,9.5026,0,solar_suspected,0.0,9.5026,
23.900000000000002,0.1,1.1,38.085,1.515,27,glass,0.1,9.3739,0,solar_suspected,0.0,9.3739,
23.900000000000002,0.1,1.3,38.608,1.362,23,glass,0.1,9.9803,0,solar_suspected,0.0,9.9803,
23.900000000000002,0.1,1.5,38.424,1.438,11,glass,0.1,9.767,0,solar_suspected,0.0,9.767,
23.900000000000002,0.1,1.7000000000000002,37.297,1.622,52,glass,0.1,8.4603,0,solar_suspected,0.0,8.4603,
23.900000000000002,0.1,1.9000000000000001,39.748,0.124,5,glass,0.1,11.302,0,solar_suspected,0.0,11.302,
23.900000000000002,0.30000000000000004,-0.30000000000000004,36.617,0.826,245,glass,0.1,7.6719,1,,0.0,7.6719,
23.900000000000002,0.30000000000000004,-0.1,36.35,0.471,31,glass,0.1,7.3623,1,,0.0,7.3623,
23.900000000000002,0.30000000000000004,0.1,37.403,0.9,9,glass,0.1,8.5832,0,solar_suspected,0.0,8.5832,
23.900000000000002,0.30000000000000004,0.30000000000000004,37.585,1.134,10,glass,0.1,8.7942,0,solar_suspected,0.0,8.7942,
23.900000000000002,0.30000000000000004,0.5,38.368,0.907,25,glass,0.1,9.702,0,solar_suspected,0.0,9.702,
23.900000000000002,0.30000000000000004,0.7000000000000001,38.479,1.432,87,glass,0.1,9.8307,0,solar_suspected,0.0,9.8307,
23.900000000000002,0.30000000000000004,0.9,39.42,0.229,12,glass,0.1,10.9217,0,solar_suspected,0.0,10.9217,
23.900000000000002,0.30000000000000004,1.1,39.101,0.705,25,plastic,0.6,10.5519,0,implausible,0.0,10.5519,
23.900000000000002,0.30000000000000004,1.3,38.881,1.284,17,glass,0.1,10.2968,0,solar_suspected,0.0,10.2968,
23.900000000000002,0.30000000000000004,1.5,38.198,1.188,4,glass,0.1,9.5049,0,solar_suspected,0.0,9.5049,
23.900000000000002,0.30000000000000004,1.7000000000000002,37.662,1.707,63,glass,0.1,8.8835,0,solar_suspected,0.0,8.8835,
23.900000000000002,0.30000000000000004,1.9000000000000001,38.442,1.819,4,glass,0.1,9.7878,0,solar_suspected,0.0,9.7878,
23.900000000000002,0.5,-0.30000000000000004,36.728,0.727,329,glass,0.1,7.8006,1,,0.0,7.8006,
23.900000000000002,0.5,-0.1,36.64,0.568,42,glass,0.1,7.6986,1,,0.0,7.6986,
23.900000000000002,0.5,0.1,37.376,0.292,5,glass,0.1,8.5519,0,solar_suspected,0.0,8.5519,
23.900000000000002,0.5,0.5,37.463,1.462,51,glass,0.1,8.6528,0,solar_suspected,0.0,8.6528,
23.900000000000002,0.5,0.7000000000000001,38.069,1.663,166,glass,0.1,9.3554,0,solar_suspected,0.0,9.3554,
23.900000000000002,0.5,0.9,39.226,0.459,8,glass,0.1,10.6968,0,solar_suspected,0.0,10.6968,
23.900000000000002,0.5,1.1,38.968,0.159,6,glass,0.1,10.3977,0,solar_suspected,0.0,10.3977,
23.900000000000002,0.5,1.3,37.969,1.212,4,glass,0.1,9.2394,0,solar_suspected,0.0,9.2394,
23.900000000000002,0.5,1.5,38.961,1.488,5,glass,0.1,10.3896,0,solar_suspected,0.0,10.3896,
23.900000000000002,0.5,1.7000000000000002,37.606,1.413,59,glass,0.1,8.8186,0,solar_suspected,0.0,8.8186,
23.900000000000002,0.5,1.9000000000000001,39.068,1.236,11,glass,0.1,10.5136,0,solar_suspected,0.0,10.5136,
23.900000000000002,0.7000000000000001,-0.30000000000000004,36.652,0.878,488,glass,0.1,7.7125,1,,0.0,7.7125,
23.900000000000002,0.7000000000000001,-0.1,36.613,0.458,51,glass,0.1,7.6672,1,,0.0,7.6672,
23.900000000000002,0.7000000000000001,0.1,37.401,0.365,14,glass,0.1,8.5809,0,solar_suspected,0.0,8.5809,
23.900000000000002,0.7000000000000001,0.30000000000000004,37.979,0.0,2,glass,0.1,9.251,0,solar_suspected,0.0,9.251,
23.900000000000002,0.7000000000000001,0.5,37.991,1.382,55,glass,0.1,9.2649,0,solar_suspected,0.0,9.2649,
23.900000000000002,0.7000000000000001,0.7000000000000001,37.941,1.711,170,glass,0.1,9.207,0,solar_suspected,0.0,9.207,
23.900000000000002,0.7000000000000001,0.9,39.148,0.185,12,glass,0.1,10.6064,0,solar_suspected,0.0,10.6064,
23.900000000000002,0.7000000000000001,1.1,38.941,0.792,4,glass,0.1,10.3664,0,solar_suspected,0.0,10.3664,
23.900000000000002,0.7000000000000001,1.3,38.174,0.727,7,glass,0.1,9.4771,0,solar_suspected,0.0,9.4771,
23.900000000000002,0.7000000000000001,1.5,38.724,1.245,11,glass,0.1,10.1148,0,solar_suspected,0.0,10.1148,
23.900000000000002,0.7000000000000001,1.7000000000000002,37.76,1.516,56,glass,0.1,8.9971,0,solar_suspected,0.0,8.9971,
23.900000000000002,0.7000000000000001,1.9000000000000001,38.607,1.454,12,glass,0.1,9.9791,0,solar_suspected,0.0,9.9791,
23.900000000000002,0.9,-0.30000000000000004,36.579,1.18,562,glass,0.1,7.6278,1,,0.0,7.6278,
23.900000000000002,0.9,-0.1,36.917,1.156,278,glass,0.1,8.0197,0,solar_suspected,0.0,8.0197,
23.900000000000002,0.9,0.1,37.228,1.64,175,glass,0.1,8.3803,0,solar_suspected,0.0,8.3803,
23.900000000000002,0.9,0.30000000000000004,37.545,1.438,95,glass,0.1,8.7478,0,solar_suspected,0.0,8.7478,
23.900000000000002,0.9,0.5,38.223,1.233,78,glass,0.1,9.5339,0,solar_suspected,0.0,9.5339,
23.900000000000002,0.9,0.7000000000000001,38.604,1.468,108,glass,0.1,9.9757,0,solar_suspected,0.0,9.9757,
23.900000000000002,0.9,0.9,38.909,1.101,40,glass,0.1,10.3293,0,solar_suspected,0.0,10.3293,
23.900000000000002,0.9,1.1,39.174,1.264,59,glass,0.1,10.6365,0,solar_suspected,0.0,10.6365,
23.900000000000002,0.9,1.3,39.242,1.172,31,glass,0.1,10.7154,0,solar_suspected,0.0,10.7154,
23.900000000000002,0.9,1.5,39.082,1.263,27,glass,0.1,10.5299,0,solar_suspected,0.0,10.5299,
23.900000000000002,0.9,1.7000000000000002,38.128,1.797,105,glass,0.1,9.4238,0,solar_suspected,0.0,9.4238,
23.900000000000002,0.9,1.9000000000000001,38.732,1.31,8,glass,0.1,10.1241,0,solar_suspected,0.0,10.1241,
23.900000000000002,1.1,-0.30000000000000004,36.412,1.334,560,glass,0.1,7.4342,1,,0.0,7.4342,
23.900000000000002,1.1,-0.1,36.798,0.727,86,glass,0.1,7.8817,1,,0.0,7.8817,
23.900000000000002,1.1,0.1,37.574,0.181,15,glass,0.1,8.7814,0,solar_suspected,0.0,8.7814,
23.900000000000002,1.1,0.30000000000000004,37.658,0.333,6,glass,0.1,8.8788,0,solar_suspected,0.0,8.8788,
23.900000000000002,1.1,0.5,37.906,1.549,72,glass,0.1,9.1664,0,solar_suspected,0.0,9.1664,
23.900000000000002,1.1,0.7000000000000001,37.948,1.861,165,glass,0.1,9.2151,0,solar_suspected,0.0,9.2151,
23.900000000000002,1.1,0.9,38.989,0.678,20,glass,0.1,10.422,0,solar_suspected,0.0,10.422,
23.900000000000002,1.1,1.1,39.017,0.77,15,glass,0.1,10.4545,0,solar_suspected,0.0,10.4545,
23.900000000000002,1.1,1.3,38.659,1.709,23,glass,0.1,10.0394,0,solar_suspected,0.0,10.0394,
23.900000000000002,1.1,1.5,38.579,1.564,43,glass,0.1,9.9467,0,solar_suspected,0.0,9.9467,
23.900000000000002,1.1,1.7000000000000002,38.101,1.666,63,glass,0.1,9.3925,0,solar_suspected,0.0,9.3925,
23.900000000000002,1.1,1.9000000000000001,39.035,1.606,9,glass,0.1,10.4754,0,solar_suspected,0.0,10.4754,
23.900000000000002,1.3,-0.30000000000000004,36.363,1.35,533,glass,0.1,7.3774,1,,0.0,7.3774,
23.900000000000002,1.3,-0.1,36.731,0.71,83,glass,0.1,7.8041,1,,0.0,7.8041,
23.900000000000002,1.3,0.1,37.301,0.208,15,glass,0.1,8.4649,0,solar_suspected,0.0,8.4649,
23.900000000000002,1.3,0.30000000000000004,37.809,0.076,7,glass,0.1,9.0539,0,solar_suspected,0.0,9.0539,
23.900000000000002,1.3,0.5,38.049,1.414,80,glass,0.1,9.3322,0,solar_suspected,0.0,9.3322,
23.900000000000002,1.3,0.7000000000000001,37.719,2.033,191,glass,0.1,8.9496,0,solar_suspected,0.0,8.9496,
23.900000000000002,1.3,0.9,39.022,0.26,26,glass,0.1,10.4603,0,solar_suspected,0.0,10.4603,
23.900000000000002,1.3,1.1,38.962,0.295,13,concrete,0.65,10.3907,0,implausible,0.0,10.3907,
23.900000000000002,1.3,1.3,39.459,1.186,17,glass,0.1,10.967,0,solar_suspected,0.0,10.967,
23.900000000000002,1.3,1.5,38.051,1.839,28,glass,0.1,9.3345,0,solar_suspected,0.0,9.3345,
23.900000000000002,1.3,1.7000000000000002,38.193,1.592,92,glass,0.1,9.4991,0,solar_suspected,0.0,9.4991,
23.900000000000002,1.3,1.9000000000000001,40.274,0.0,1,glass,0.1,11.9119,0,solar_suspected,0.0,11.9119,
23.900000000000002,1.5,-0.30000000000000004,36.265,1.345,498,glass,0.1,7.2638,1,,0.0,7.2638,sud_opaque_no_correction
23.900000000000002,1.5,-0.1,36.735,1.234,208,glass,0.1,7.8087,1,,0.0,7.8087,sud_opaque_no_correction
23.900000000000002,1.5,0.1,37.07,1.646,112,glass,0.1,8.1971,0,solar_suspected,0.0,8.1971,sud_opaque_no_correction
23.900000000000002,1.5,0.30000000000000004,37.295,1.501,78,glass,0.1,8.458,0,solar_suspected,0.0,8.458,sud_opaque_no_correction
23.900000000000002,1.5,0.5,37.89,1.459,115,glass,0.1,9.1478,0,solar_suspected,0.0,9.1478,sud_opaque_no_correction
23.900000000000002,1.5,0.7000000000000001,37.584,1.959,211,glass,0.1,8.793,0,solar_suspected,0.0,8.793,sud_opaque_no_correction
23.900000000000002,1.5,0.9,38.725,1.496,88,glass,0.1,10.1159,0,solar_suspected,0.0,10.1159,sud_opaque_no_correction
23.900000000000002,1.5,1.1,38.759,1.279,82,glass,0.1,10.1554,0,solar_suspected,0.0,10.1554,sud_opaque_no_correction
23.900000000000002,1.5,1.3,38.335,1.69,69,glass,0.1,9.6638,0,solar_suspected,0.0,9.6638,sud_opaque_no_correction
23.900000000000002,1.5,1.5,38.077,2.131,40,glass,0.1,9.3646,0,solar_suspected,0.0,9.3646,sud_opaque_no_correction
23.900000000000002,1.5,1.7000000000000002,38.534,1.61,147,glass,0.1,9.8945,0,solar_suspected,0.0,9.8945,sud_opaque_no_correction
23.900000000000002,1.5,1.9000000000000001,38.614,1.199,3,glass,0.1,9.9872,0,solar_suspected,0.0,9.9872,sud_opaque_no_correction
23.900000000000002,1.7000000000000002,-0.30000000000000004,36.204,1.285,478,glass,0.1,7.193,1,,0.0,7.193,sud_opaque_no_correction
23.900000000000002,1.7000000000000002,-0.1,36.448,1.396,310,glass,0.1,7.4759,1,,0.0,7.4759,sud_opaque_no_correction
23.900000000000002,1.7000000000000002,0.1,36.478,1.722,199,glass,0.1,7.5107,1,,0.0,7.5107,sud_opaque_no_correction
23.900000000000002,1.7000000000000002,0.30000000000000004,36.781,1.772,178,glass,0.1,7.862,1,,0.0,7.862,sud_opaque_no_correction
23.900000000000002,1.7000000000000002,0.5,37.428,1.652,166,glass,0.1,8.6122,0,solar_suspected,0.0,8.6122,sud_opaque_no_correction
23.900000000000002,1.7000000000000002,0.7000000000000001,37.779,1.851,175,glass,0.1,9.0191,0,solar_suspected,0.0,9.0191,sud_opaque_no_correction
23.900000000000002,1.7000000000000002,0.9,38.05,1.752,162,glass,0.1,9.3333,0,solar_suspected,0.0,9.3333,sud_opaque_no_correction
23.900000000000002,1.7000000000000002,1.1,38.434,1.656,143,glass,0.1,9.7786,0,solar_suspected,0.0,9.7786,sud_opaque_no_correction
23.900000000000002,1.7000000000000002,1.3,38.549,1.741,107,glass,0.1,9.9119,0,solar_suspected,0.0,9.9119,sud_opaque_no_correction
23.900000000000002,1.7000000000000002,1.5,38.073,1.848,103,glass,0.1,9.36,0,solar_suspected,0.0,9.36,sud_opaque_no_correction
23.900000000000002,1.7000000000000002,1.7000000000000002,38.311,1.624,123,glass,0.1,9.6359,0,solar_suspected,0.0,9.6359,sud_opaque_no_correction
23.900000000000002,1.7000000000000002,1.9000000000000001,39.397,0.929,7,glass,0.1,10.8951,0,solar_suspected,0.0,10.8951,sud_opaque_no_correction
24.1,-0.5,-0.30000000000000004,35.437,1.196,249,glass,0.1,6.3038,1,,0.0,6.3038,
24.1,-0.5,-0.1,35.648,1.297,329,glass,0.1,6.5484,1,,0.0,6.5484,
24.1,-0.5,0.1,36.381,1.54,294,glass,0.1,7.3983,1,,0.0,7.3983,
24.1,-0.5,0.30000000000000004,36.596,1.564,262,glass,0.1,7.6475,1,,0.0,7.6475,
24.1,-0.5,0.5,36.967,1.629,236,glass,0.1,8.0777,0,solar_suspected,0.0,8.0777,
24.1,-0.5,0.7000000000000001,37.386,1.656,209,glass,0.1,8.5635,0,solar_suspected,0.0,8.5635,
24.1,-0.5,0.9,37.46,1.643,226,glass,0.1,8.6493,0,solar_suspected,0.0,8.6493,
24.1,-0.5,1.1,37.614,1.655,284,glass,0.1,8.8278,0,solar_suspected,0.0,8.8278,
24.1,-0.5,1.3,38.066,1.712,254,glass,0.1,9.3519,0,solar_suspected,0.0,9.3519,
24.1,-0.5,1.5,38.12,1.798,163,glass,0.1,9.4145,0,solar_suspected,0.0,9.4145,
24.1,-0.5,1.7000000000000002,36.978,1.735,83,glass,0.1,8.0904,0,solar_suspected,0.0,8.0904,
24.1,-0.30000000000000004,-0.30000000000000004,35.67,1.175,458,glass,0.1,6.5739,1,,0.0,6.5739,
24.1,-0.30000000000000004,-0.1,35.808,1.197,838,glass,0.1,6.7339,1,,0.0,6.7339,
24.1,-0.30000000000000004,0.1,36.314,1.52,698,glass,0.1,7.3206,1,,0.0,7.3206,
24.1,-0.30000000000000004,0.30000000000000004,36.476,1.621,610,glass,0.1,7.5084,1,,0.0,7.5084,
24.1,-0.30000000000000004,0.5,36.839,1.702,580,glass,0.1,7.9293,1,,0.0,7.9293,
24.1,-0.30000000000000004,0.7000000000000001,37.055,1.84,483,glass,0.1,8.1797,0,solar_suspected,0.0,8.1797,
24.1,-0.30000000000000004,0.9,37.454,1.758,454,glass,0.1,8.6423,0,solar_suspected,0.0,8.6423,
24.1,-0.30000000000000004,1.1,37.694,1.754,553,glass,0.1,8.9206,0,solar_suspected,0.0,8.9206,
24.1,-0.30000000000000004,1.3,37.919,1.771,515,glass,0.1,9.1814,0,solar_suspected,0.0,9.1814,
24.1,-0.30000000000000004,1.5,37.634,1.884,366,glass,0.1,8.851,0,solar_suspected,0.0,8.851,
24.1,-0.30000000000000004,1.7000000000000002,36.994,1.699,285,glass,0.1,8.109,0,solar_suspected,0.0,8.109,
24.1,-0.30000000000000004,1.9000000000000001,37.374,1.054,5,glass,0.1,8.5496,0,solar_suspected,0.0,8.5496,
24.1,-0.1,-0.30000000000000004,35.965,1.137,469,glass,0.1,6.9159,1,,0.0,6.9159,
24.1,-0.1,-0.1,36.001,1.191,846,glass,0.1,6.9577,1,,0.0,6.9577,
24.1,-0.1,0.1,36.486,1.555,728,glass,0.1,7.52,1,,0.0,7.52,
24.1,-0.1,0.30000000000000004,36.712,1.643,649,glass,0.1,7.782,1,,0.0,7.782,
24.1,-0.1,0.5,37.068,1.707,567,glass,0.1,8.1948,0,solar_suspected,0.0,8.1948,
24.1,-0.1,0.7000000000000001,37.292,1.864,513,glass,0.1,8.4545,0,solar_suspected,0.0,8.4545,
24.1,-0.1,0.9,37.776,1.784,475,glass,0.1,9.0157,0,solar_suspected,0.0,9.0157,
24.1,-0.1,1.1,38.062,1.7,620,glass,0.1,9.3472,0,solar_suspected,0.0,9.3472,
24.1,-0.1,1.3,38.168,1.841,541,glass,0.1,9.4701,0,solar_suspected,0.0,9.4701,
24.1,-0.1,1.5,38.101,1.898,417,glass,0.1,9.3925,0,solar_suspected,0.0,9.3925,
24.1,-0.1,1.7000000000000002,37.332,1.78,271,glass,0.1,8.5009,0,solar_suspected,0.0,8.5009,
24.1,0.1,-0.30000000000000004,36.185,1.049,461,glass,0.1,7.171,1,,0.0,7.171,
24.1,0.1,-0.1,36.261,1.103,850,glass,0.1,7.2591,1,,0.0,7.2591,
24.1,0.1,0.1,36.729,1.481,717,glass,0.1,7.8017,1,,0.0,7.8017,
24.1,0.1,0.30000000000000004,36.903,1.618,636,glass,0.1,8.0035,0,solar_suspected,0.0,8.0035,
24.1,0.1,0.5,37.383,1.613,576,glass,0.1,8.56,0,solar_suspected,0.0,8.56,
24.1,0.1,0.7000000000000001,37.685,1.673,513,glass,0.1,8.9101,0,solar_suspected,0.0,8.9101,
24.1,0.1,0.9,38.126,1.682,538,glass,0.1,9.4214,0,solar_suspected,0.0,9.4214,
24.1,0.1,1.1,38.331,1.553,600,glass,0.1,9.6591,0,solar_suspected,0.0,9.6591,
24.1,0.1,1.3,38.519,1.667,527,glass,0.1,9.8771,0,solar_suspected,0.0,9.8771,
24.1,0.1,1.5,38.355,1.678,413,glass,0.1,9.687,0,solar_suspected,0.0,9.687,
24.1,0.1,1.7000000000000002,37.845,1.833,296,glass,0.1,9.0957,0,solar_suspected,0.0,9.0957,
24.1,0.30000000000000004,-0.30000000000000004,36.39,0.959,433,glass,0.1,7.4087,1,,0.0,7.4087,
24.1,0.30000000000000004,-0.1,36.487,1.012,841,glass,0.1,7.5212,1,,0.0,7.5212,
24.1,0.30000000000000004,0.1,37.02,1.418,723,glass,0.1,8.1391,0,solar_suspected,0.0,8.1391,
24.1,0.30000000000000004,0.30000000000000004,37.206,1.552,626,glass,0.1,8.3548,0,solar_suspected,0.0,8.3548,
24.1,0.30000000000000004,0.5,37.607,1.558,582,glass,0.1,8.8197,0,solar_suspected,0.0,8.8197,
24.1,0.30000000000000004,0.7000000000000001,37.879,1.641,444,glass,0.1,9.1351,0,solar_suspected,0.0,9.1351,
24.1,0.30000000000000004,0.9,38.44,1.628,531,glass,0.1,9.7855,0,solar_suspected,0.0,9.7855,
24.1,0.30000000000000004,1.1,38.628,1.491,619,glass,0.1,10.0035,0,solar_suspected,0.0,10.0035,
24.1,0.30000000000000004,1.3,38.668,1.704,561,glass,0.1,10.0499,0,solar_suspected,0.0,10.0499,
24.1,0.30000000000000004,1.5,38.512,1.648,434,glass,0.1,9.869,0,solar_suspected,0.0,9.869,
24.1,0.30000000000000004,1.7000000000000002,38.042,1.671,308,glass,0.1,9.3241,0,solar_suspected,0.0,9.3241,
24.1,0.5,-0.30000000000000004,36.385,0.999,332,glass,0.1,7.4029,1,,0.0,7.4029,
24.1,0.5,-0.1,36.563,1.028,826,glass,0.1,7.6093,1,,0.0,7.6093,
24.1,0.5,0.1,37.097,1.454,740,glass,0.1,8.2284,0,solar_suspected,0.0,8.2284,
24.1,0.5,0.30000000000000004,37.273,1.517,627,glass,0.1,8.4325,0,solar_suspected,0.0,8.4325,
24.1,0.5,0.5,37.741,1.52,539,glass,0.1,8.9751,0,solar_suspected,0.0,8.9751,
24.1,0.5,0.7000000000000001,38.037,1.555,378,glass,0.1,9.3183,0,solar_suspected,0.0,9.3183,
24.1,0.5,0.9,38.417,1.645,546,glass,0.1,9.7588,0,solar_suspected,0.0,9.7588,
24.1,0.5,1.1,38.695,1.46,628,glass,0.1,10.0812,0,solar_suspected,0.0,10.0812,
24.1,0.5,1.3,38.768,1.662,547,glass,0.1,10.1658,0,solar_suspected,0.0,10.1658,
24.1,0.5,1.5,38.641,1.578,419,glass,0.1,10.0186,0,solar_suspected,0.0,10.0186,
24.1,0.5,1.7000000000000002,38.114,1.697,320,glass,0.1,9.4075,0,solar_suspected,0.0,9.4075,
24.1,0.7000000000000001,-0.30000000000000004,36.42,1.027,241,glass,0.1,7.4435,1,,0.0,7.4435,
24.1,0.7000000000000001,-0.1,36.585,1.125,824,glass,0.1,7.6348,1,,0.0,7.6348,
24.1,0.7000000000000001,0.1,37.043,1.484,702,glass,0.1,8.1658,0,solar_suspected,0.0,8.1658,
24.1,0.7000000000000001,0.30000000000000004,37.234,1.523,646,glass,0.1,8.3872,0,solar_suspected,0.0,8.3872,
24.1,0.7000000000000001,0.5,37.665,1.533,533,glass,0.1,8.887,0,solar_suspected,0.0,8.887,
24.1,0.7000000000000001,0.7000000000000001,38.236,1.484,366,glass,0.1,9.549,0,solar_suspected,0.0,9.549,
24.1,0.7000000000000001,0.9,38.484,1.578,528,glass,0.1,9.8365,0,solar_suspected,0.0,9.8365,
24.1,0.7000000000000001,1.1,38.723,1.456,640,glass,0.1,10.1136,0,solar_suspected,0.0,10.1136,
24.1,0.7000000000000001,1.3,38.771,1.704,556,glass,0.1,10.1693,0,solar_suspected,0.0,10.1693,
24.1,0.7000000000000001,1.5,38.606,1.594,410,glass,0.1,9.978,0,solar_suspected,0.0,9.978,
24.1,0.7000000000000001,1.7000000000000002,38.056,1.735,300,glass,0.1,9.3403,0,solar_suspected,0.0,9.3403,
24.1,0.9,-0.30000000000000004,36.344,1.094,146,glass,0.1,7.3554,1,,0.0,7.3554,
24.1,0.9,-0.1,36.472,1.239,601,glass,0.1,7.5038,1,,0.0,7.5038,
24.1,0.9,0.1,37.012,1.651,547,glass,0.1,8.1299,0,solar_suspected,0.0,8.1299,
24.1,0.9,0.30000000000000004,37.155,1.724,545,glass,0.1,8.2957,0,solar_suspected,0.0,8.2957,
24.1,0.9,0.5,37.656,1.659,511,glass,0.1,8.8765,0,solar_suspected,0.0,8.8765,
24.1,0.9,0.7000000000000001,37.853,1.76,439,glass,0.1,9.1049,0,solar_suspected,0.0,9.1049,
24.1,0.9,0.9,38.561,1.618,503,glass,0.1,9.9258,0,solar_suspected,0.0,9.9258,
24.1,0.9,1.1,38.769,1.487,611,glass,0.1,10.167,0,solar_suspected,0.0,10.167,
24.1,0.9,1.3,38.75,1.71,524,glass,0.1,10.1449,0,solar_suspected,0.0,10.1449,
24.1,0.9,1.5,38.627,1.562,399,glass,0.1,10.0023,0,solar_suspected,0.0,10.0023,
24.1,0.9,1.7000000000000002,38.515,1.952,253,glass,0.1,9.8725,0,solar_suspected,0.0,9.8725,
24.1,1.1,-0.30000000000000004,36.238,1.048,141,glass,0.1,7.2325,1,,0.0,7.2325,
24.1,1.1,-0.1,36.568,1.85,800,glass,0.1,7.6151,1,,0.0,7.6151,
24.1,1.1,0.1,36.973,1.872,692,glass,0.1,8.0846,0,solar_suspected,0.0,8.0846,
24.1,1.1,0.30000000000000004,37.053,1.791,653,glass,0.1,8.1774,0,solar_suspected,0.0,8.1774,
24.1,1.1,0.5,37.637,1.76,514,glass,0.1,8.8545,0,solar_suspected,0.0,8.8545,
24.1,1.1,0.7000000000000001,37.906,1.791,364,glass,0.1,9.1664,0,solar_suspected,0.0,9.1664,
24.1,1.1,0.9,38.34,1.751,528,glass,0.1,9.6696,0,solar_suspected,0.0,9.6696,
24.1,1.1,1.1,38.693,1.652,629,glass,0.1,10.0788,0,solar_suspected,0.0,10.0788,
24.1,1.1,1.3,38.67,1.751,544,glass,0.1,10.0522,0,solar_suspected,0.0,10.0522,
24.1,1.1,1.5,38.504,1.711,387,glass,0.1,9.8597,0,solar_suspected,0.0,9.8597,
24.1,1.1,1.7000000000000002,38.275,1.882,304,glass,0.1,9.5942,0,solar_suspected,0.0,9.5942,
24.1,1.3,-0.30000000000000004,36.049,0.945,130,glass,0.1,7.0133,1,,0.0,7.0133,
24.1,1.3,-0.1,36.435,1.677,775,glass,0.1,7.4609,1,,0.0,7.4609,
24.1,1.3,0.1,36.895,2.09,704,glass,0.1,7.9942,1,,0.0,7.9942,
24.1,1.3,0.30000000000000004,36.985,1.858,641,glass,0.1,8.0986,0,solar_suspected,0.0,8.0986,
24.1,1.3,0.5,37.476,1.73,521,glass,0.1,8.6678,0,solar_suspected,0.0,8.6678,
24.1,1.3,0.7000000000000001,37.832,1.788,329,glass,0.1,9.0806,0,solar_suspected,0.0,9.0806,
24.1,1.3,0.9,38.315,1.845,529,glass,0.1,9.6406,0,solar_suspected,0.0,9.6406,
24.1,1.3,1.1,38.628,1.667,635,glass,0.1,10.0035,0,solar_suspected,0.0,10.0035,
24.1,1.3,1.3,38.595,1.837,560,glass,0.1,9.9652,0,solar_suspected,0.0,9.9652,
24.1,1.3,1.5,38.47,1.809,393,glass,0.1,9.8203,0,solar_suspected,0.0,9.8203,
24.1,1.3,1.7000000000000002,38.216,1.837,235,glass,0.1,9.5258,0,solar_suspected,0.0,9.5258,
24.1,1.3,1.9000000000000001,40.52,0.0,1,glass,0.1,12.1971,0,solar_suspected,0.0,12.1971,
24.1,1.5,-0.30000000000000004,35.891,1.309,130,glass,0.1,6.8301,1,,0.0,6.8301,sud_opaque_no_correction
24.1,1.5,-0.1,36.317,1.547,657,glass,0.1,7.3241,1,,0.0,7.3241,sud_opaque_no_correction
24.1,1.5,0.1,36.769,1.904,611,glass,0.1,7.8481,1,,0.0,7.8481,sud_opaque_no_correction
24.1,1.5,0.30000000000000004,36.821,1.911,580,glass,0.1,7.9084,1,,0.0,7.9084,sud_opaque_no_correction
24.1,1.5,0.5,37.47,1.811,486,glass,0.1,8.6609,0,solar_suspected,0.0,8.6609,sud_opaque_no_correction
24.1,1.5,0.7000000000000001,37.806,1.738,309,glass,0.1,9.0504,0,solar_suspected,0.0,9.0504,sud_opaque_no_correction
24.1,1.5,0.9,38.151,1.801,476,glass,0.1,9.4504,0,solar_suspected,0.0,9.4504,sud_opaque_no_correction
24.1,1.5,1.1,38.535,1.7,561,glass,0.1,9.8957,0,solar_suspected,0.0,9.8957,sud_opaque_no_correction
24.1,1.5,1.3,38.529,2.028,515,glass,0.1,9.8887,0,solar_suspected,0.0,9.8887,sud_opaque_no_correction
24.1,1.5,1.5,38.399,1.78,392,glass,0.1,9.738,0,solar_suspected,0.0,9.738,sud_opaque_no_correction
24.1,1.5,1.7000000000000002,38.212,1.836,250,glass,0.1,9.5212,0,solar_suspected,0.0,9.5212,sud_opaque_no_correction
24.1,1.5,1.9000000000000001,41.236,0.0,1,glass,0.1,13.0272,0,solar_suspected,0.0,13.0272,sud_opaque_no_correction
24.1,1.7000000000000002,-0.30000000000000004,35.473,1.34,117,glass,0.1,6.3455,1,,0.0,6.3455,sud_opaque_no_correction
24.1,1.7000000000000002,-0.1,36.295,1.42,539,glass,0.1,7.2986,1,,0.0,7.2986,sud_opaque_no_correction
24.1,1.7000000000000002,0.1,36.505,1.775,503,glass,0.1,7.542,1,,0.0,7.542,sud_opaque_no_correction
24.1,1.7000000000000002,0.30000000000000004,36.591,1.807,453,glass,0.1,7.6417,1,,0.0,7.6417,sud_opaque_no_correction
24.1,1.7000000000000002,0.5,37.358,1.843,424,glass,0.1,8.531,0,solar_suspected,0.0,8.531,sud_opaque_no_correction
24.1,1.7000000000000002,0.7000000000000001,37.501,1.778,335,glass,0.1,8.6968,0,solar_suspected,0.0,8.6968,sud_opaque_no_correction
24.1,1.7000000000000002,0.9,38.21,1.814,369,glass,0.1,9.5188,0,solar_suspected,0.0,9.5188,sud_opaque_no_correction
24.1,1.7000000000000002,1.1,38.378,1.705,486,glass,0.1,9.7136,0,solar_suspected,0.0,9.7136,sud_opaque_no_correction
24.1,1.7000000000000002,1.3,38.358,1.874,446,glass,0.1,9.6904,0,solar_suspected,0.0,9.6904,sud_opaque_no_correction
24.1,1.7000000000000002,1.5,38.411,1.792,278,glass,0.1,9.7519,0,solar_suspected,0.0,9.7519,sud_opaque_no_correction
24.1,1.7000000000000002,1.7000000000000002,38.248,1.641,213,glass,0.1,9.5629,0,solar_suspected,0.0,9.5629,sud_opaque_no_correction
24.1,1.7000000000000002,1.9000000000000001,40.573,0.053,2,glass,0.1,12.2586,0,solar_suspected,0.0,12.2586,sud_opaque_no_correction
24.3,-0.5,0.7000000000000001,37.322,1.965,3,glass,0.1,8.4893,0,solar_suspected,0.0,8.4893,
24.3,-0.5,0.9,37.103,0.727,3,glass,0.1,8.2354,0,solar_suspected,0.0,8.2354,
24.3,-0.5,1.1,38.343,1.926,3,glass,0.1,9.673,0,solar_suspected,0.0,9.673,
24.3,-0.5,1.3,38.477,1.337,3,glass,0.1,9.8284,0,solar_suspected,0.0,9.8284,
24.3,-0.5,1.5,35.138,0.0,1,glass,0.1,5.9571,1,,0.0,5.9571,
24.3,-0.5,1.7000000000000002,39.257,0.0,1,glass,0.1,10.7328,0,solar_suspected,0.0,10.7328,
24.3,-0.30000000000000004,0.7000000000000001,38.26,0.0,1,glass,0.1,9.5768,0,solar_suspected,0.0,9.5768,
24.3,-0.30000000000000004,0.9,33.929,0.0,1,glass,0.1,4.5554,1,,0.0,4.5554,
24.3,-0.30000000000000004,1.1,38.347,1.073,2,glass,0.1,9.6777,0,solar_suspected,0.0,9.6777,
24.3,-0.30000000000000004,1.3,36.473,0.0,1,glass,0.1,7.5049,1,,0.0,7.5049,
24.3,-0.30000000000000004,1.5,38.074,2.005,12,glass,0.1,9.3612,0,solar_suspected,0.0,9.3612,
24.3,-0.30000000000000004,1.7000000000000002,37.905,1.977,24,glass,0.1,9.1652,0,solar_suspected,0.0,9.1652,
24.3,-0.1,0.7000000000000001,39.014,0.0,1,glass,0.1,10.451,0,solar_suspected,0.0,10.451,
24.3,-0.1,0.9,37.438,1.633,2,glass,0.1,8.6238,0,solar_suspected,0.0,8.6238,
24.3,-0.1,1.1,36.02,0.212,2,glass,0.1,6.9797,1,,0.0,6.9797,
24.3,-0.1,1.5,39.664,0.0,1,glass,0.1,11.2046,0,solar_suspected,0.0,11.2046,
24.3,-0.1,1.7000000000000002,38.364,1.994,19,glass,0.1,9.6974,0,solar_suspected,0.0,9.6974,
24.3,0.1,1.1,36.661,0.209,2,glass,0.1,7.7229,1,,0.0,7.7229,
24.3,0.1,1.3,40.302,0.0,1,fabric,0.6,11.9443,0,implausible,0.0,11.9443,
24.3,0.1,1.5,39.82,0.445,2,glass,0.1,11.3855,0,solar_suspected,0.0,11.3855,
24.3,0.1,1.7000000000000002,38.94,1.557,19,glass,0.1,10.3652,0,solar_suspected,0.0,10.3652,
24.3,0.30000000000000004,1.3,37.148,0.0,1,glass,0.1,8.2875,0,solar_suspected,0.0,8.2875,
24.3,0.30000000000000004,1.7000000000000002,39.876,1.25,10,glass,0.1,11.4504,0,solar_suspected,0.0,11.4504,
24.3,0.5,1.1,39.087,0.0,1,glass,0.1,10.5357,0,solar_suspected,0.0,10.5357,
24.3,0.5,1.3,39.83,0.522,2,glass,0.1,11.3971,0,solar_suspected,0.0,11.3971,
24.3,0.5,1.5,36.725,0.0,1,glass,0.1,7.7971,1,,0.0,7.7971,
24.3,0.5,1.7000000000000002,39.897,1.073,9,glass,0.1,11.4748,0,solar_suspected,0.0,11.4748,
24.3,0.7000000000000001,1.1,40.002,0.969,2,glass,0.1,11.5965,0,solar_suspected,0.0,11.5965,
24.3,0.7000000000000001,1.3,39.737,0.483,2,glass,0.1,11.2893,0,solar_suspected,0.0,11.2893,
24.3,0.7000000000000001,1.7000000000000002,39.708,1.131,10,glass,0.1,11.2557,0,solar_suspected,0.0,11.2557,
24.3,0.9,1.7000000000000002,40.761,0.284,4,glass,0.1,12.4765,0,solar_suspected,0.0,12.4765,
24.3,1.1,0.7000000000000001,39.423,0.0,1,glass,0.1,10.9252,0,solar_suspected,0.0,10.9252,
24.3,1.1,0.9,39.357,0.339,4,glass,0.1,10.8487,0,solar_suspected,0.0,10.8487,
24.3,1.1,1.1,39.581,0.0,1,fabric,0.6,11.1084,0,implausible,0.0,11.1084,
24.3,1.1,1.3,40.819,0.0,1,plastic,0.6,12.5438,0,implausible,0.0,12.5438,
24.3,1.1,1.7000000000000002,39.386,1.767,7,glass,0.1,10.8823,0,solar_suspected,0.0,10.8823,
24.3,1.3,0.9,39.464,0.023,3,glass,0.1,10.9728,0,solar_suspected,0.0,10.9728,
24.3,1.3,1.1,39.494,0.104,2,concrete,0.65,11.0075,0,implausible,0.0,11.0075,
24.3,1.3,1.3,39.992,0.155,3,glass,0.1,11.5849,0,solar_suspected,0.0,11.5849,
24.3,1.3,1.7000000000000002,39.088,1.369,5,glass,0.1,10.5368,0,solar_suspected,0.0,10.5368,
24.3,1.5,1.7000000000000002,40.773,0.13,3,glass,0.1,12.4904,0,solar_suspected,0.0,12.4904,sud_opaque_no_correction
24.3,1.7000000000000002,1.1,37.413,0.0,1,glass,0.1,8.5948,0,solar_suspected,0.0,8.5948,sud_opaque_no_correction
24.3,1.7000000000000002,1.5,39.813,0.0,1,glass,0.1,11.3774,0,solar_suspected,0.0,11.3774,sud_opaque_no_correction
24.3,1.7000000000000002,1.7000000000000002,40.056,0.0,1,glass,0.1,11.6591,0,solar_suspected,0.0,11.6591,sud_opaque_no_correction
24.5,-0.5,0.7000000000000001,38.038,1.135,2,glass,0.1,9.3194,0,solar_suspected,0.0,9.3194,
24.5,-0.5,0.9,37.825,0.575,4,glass,0.1,9.0725,0,solar_suspected,0.0,9.0725,
24.5,-0.5,1.1,37.57,0.281,2,glass,0.1,8.7768,0,solar_suspected,0.0,8.7768,
24.5,-0.5,1.3,38.501,0.0,1,glass,0.1,9.8562,0,solar_suspected,0.0,9.8562,
24.5,-0.5,1.5,38.946,1.074,6,glass,0.1,10.3722,0,solar_suspected,0.0,10.3722,
24.5,-0.5,1.7000000000000002,38.764,0.803,2,glass,0.1,10.1612,0,solar_suspected,0.0,10.1612,
24.5,-0.30000000000000004,1.5,40.039,0.0,1,painted_metal,0.65,11.6394,0,solar_suspected,0.0,11.6394,
24.5,-0.30000000000000004,1.7000000000000002,38.309,1.656,15,glass,0.1,9.6336,0,solar_suspected,0.0,9.6336,
24.5,-0.1,1.7000000000000002,39.427,0.717,10,glass,0.1,10.9299,0,solar_suspected,0.0,10.9299,
24.5,0.1,1.7000000000000002,39.57,0.756,6,glass,0.1,11.0957,0,solar_suspected,0.0,11.0957,
24.5,0.30000000000000004,1.7000000000000002,39.763,0.992,5,glass,0.1,11.3194,0,solar_suspected,0.0,11.3194,
24.5,0.5,0.7000000000000001,39.306,0.0,1,glass,0.1,10.7896,0,solar_suspected,0.0,10.7896,
24.5,0.5,1.3,39.66,0.661,3,glass,0.1,11.2,0,solar_suspected,0.0,11.2,
24.5,0.5,1.7000000000000002,41.686,0.0,1,fabric,0.6,13.549,0,implausible,0.0,13.549,
24.5,0.9,1.7000000000000002,40.625,0.0,1,glass,0.1,12.3188,0,solar_suspected,0.0,12.3188,
24.5,1.1,1.1,39.464,0.0,1,concrete,0.65,10.9728,0,implausible,0.0,10.9728,
24.5,1.1,1.7000000000000002,37.775,0.0,1,glass,0.1,9.0145,0,solar_suspected,0.0,9.0145,
24.5,1.3,1.1,39.624,0.0,1,concrete,0.65,11.1583,0,implausible,0.0,11.1583,
24.5,1.3,1.3,39.671,0.0,1,painted_metal,0.65,11.2128,0,solar_suspected,0.0,11.2128,
24.5,1.3,1.7000000000000002,40.792,0.6,4,glass,0.1,12.5125,0,solar_suspected,0.0,12.5125,
24.5,1.5,1.7000000000000002,40.886,0.0,1,glass,0.1,12.6214,0,solar_suspected,0.0,12.6214,sud_opaque_no_correction
24.5,1.7000000000000002,1.7000000000000002,38.747,2.05,6,glass,0.1,10.1414,0,solar_suspected,0.0,10.1414,sud_opaque_no_correction
24.700000000000003,-0.5,0.7000000000000001,37.343,0.966,2,glass,0.1,8.5136,0,solar_suspected,0.0,8.5136,
24.700000000000003,-0.5,0.9,35.635,0.056,2,glass,0.1,6.5333,1,,0.0,6.5333,
24.700000000000003,-0.5,1.1,37.701,2.072,4,glass,0.1,8.9287,0,solar_suspected,0.0,8.9287,
24.700000000000003,-0.5,1.5,38.108,0.0,1,glass,0.1,9.4006,0,solar_suspected,0.0,9.4006,
24.700000000000003,-0.5,1.7000000000000002,38.267,0.83,10,glass,0.1,9.5849,0,solar_suspected,0.0,9.5849,
24.700000000000003,-0.30000000000000004,1.7000000000000002,39.168,0.707,10,glass,0.1,10.6296,0,solar_suspected,0.0,10.6296,
24.700000000000003,-0.1,1.7000000000000002,39.678,0.651,6,glass,0.1,11.2209,0,solar_suspected,0.0,11.2209,
24.700000000000003,0.1,1.7000000000000002,39.279,0.896,10,fabric,0.6,10.7583,0,implausible,0.0,10.7583,
24.700000000000003,0.30000000000000004,1.7000000000000002,39.255,0.081,2,glass,0.1,10.7304,0,solar_suspected,0.0,10.7304,
24.700000000000003,1.3,1.7000000000000002,37.405,2.032,7,glass,0.1,8.5855,0,solar_suspected,0.0,8.5855,
24.700000000000003,1.7000000000000002,1.7000000000000002,38.543,1.957,4,glass,0.1,9.9049,0,solar_suspected,0.0,9.9049,sud_opaque_no_correction
24.900000000000002,-0.5,0.7000000000000001,38.617,0.071,3,glass,0.1,9.9907,0,solar_suspected,0.0,9.9907,
24.900000000000002,-0.5,0.9,37.664,1.482,31,glass,0.1,8.8858,0,solar_suspected,0.0,8.8858,
24.900000000000002,-0.5,1.1,37.446,1.524,44,glass,0.1,8.633,0,solar_suspected,0.0,8.633,
24.900000000000002,-0.5,1.3,37.57,1.442,45,glass,0.1,8.7768,0,solar_suspected,0.0,8.7768,
24.900000000000002,-0.5,1.5,38.536,1.208,32,glass,0.1,9.8968,0,solar_suspected,0.0,9.8968,
24.900000000000002,-0.5,1.7000000000000002,38.003,1.734,12,glass,0.1,9.2788,0,solar_suspected,0.0,9.2788,
24.900000000000002,-0.30000000000000004,1.5,39.132,0.0,1,glass,0.1,10.5878,0,solar_suspected,0.0,10.5878,
24.900000000000002,-0.30000000000000004,1.7000000000000002,39.193,0.773,2,glass,0.1,10.6586,0,solar_suspected,0.0,10.6586,
24.900000000000002,-0.30000000000000004,1.9000000000000001,37.996,0.0,1,glass,0.1,9.2707,0,solar_suspected,0.0,9.2707,
24.900000000000002,-0.1,1.7000000000000002,38.789,0.659,5,glass,0.1,10.1901,0,solar_suspected,0.0,10.1901,
24.900000000000002,0.1,1.7000000000000002,38.393,0.0,1,glass,0.1,9.731,0,solar_suspected,0.0,9.731,
24.900000000000002,1.3,1.7000000000000002,41.506,0.0,1,glass,0.1,13.3403,0,solar_suspected,0.0,13.3403,
24.900000000000002,1.5,1.7000000000000002,40.543,0.0,1,glass,0.1,12.2238,0,solar_suspected,0.0,12.2238,sud_opaque_no_correction
25.1,-0.5,0.7000000000000001,38.346,0.0,1,glass,0.1,9.6765,0,solar_suspected,0.0,9.6765,
25.1,-0.5,0.9,37.681,1.501,12,glass,0.1,8.9055,0,solar_suspected,0.0,8.9055,
25.1,-0.5,1.1,38.356,1.699,16,glass,0.1,9.6881,0,solar_suspected,0.0,9.6881,
25.1,-0.5,1.3,37.689,1.062,20,glass,0.1,8.9148,0,solar_suspected,0.0,8.9148,
25.1,-0.5,1.5,38.077,1.571,8,glass,0.1,9.3646,0,solar_suspected,0.0,9.3646,
25.1,-0.5,1.7000000000000002,38.723,0.453,3,glass,0.1,10.1136,0,solar_suspected,0.0,10.1136,
25.1,-0.30000000000000004,1.7000000000000002,39.019,1.168,4,glass,0.1,10.4568,0,solar_suspected,0.0,10.4568,
25.1,-0.1,1.7000000000000002,39.674,0.762,5,glass,0.1,11.2162,0,solar_suspected,0.0,11.2162,
25.1,0.1,1.7000000000000002,40.379,0.0,1,fabric,0.6,12.0336,0,implausible,0.0,12.0336,
25.1,1.5,1.7000000000000002,40.325,0.0,1,glass,0.1,11.971,0,solar_suspected,16.97,9.5122,sud_direct_diffuse
25.1,1.7000000000000002,1.9000000000000001,40.416,0.0,1,concrete,0.65,12.0765,0,implausible,110.28,-3.9056,sud_direct_diffuse
25.3,-0.5,0.9,37.09,1.39,10,glass,0.1,8.2203,0,solar_suspected,0.0,8.2203,
25.3,-0.5,1.1,38.21,1.422,10,glass,0.1,9.5188,0,solar_suspected,0.0,9.5188,
25.3,-0.5,1.3,37.502,1.353,21,glass,0.1,8.698,0,solar_suspected,0.0,8.698,
25.3,-0.5,1.5,38.742,1.796,9,glass,0.1,10.1357,0,solar_suspected,0.0,10.1357,
25.3,-0.5,1.7000000000000002,39.201,1.128,5,glass,0.1,10.6678,0,solar_suspected,0.0,10.6678,
25.3,-0.30000000000000004,1.7000000000000002,37.658,1.742,9,glass,0.1,8.8788,0,solar_suspected,0.0,8.8788,
25.3,-0.30000000000000004,1.9000000000000001,37.755,0.0,1,glass,0.1,8.9913,0,solar_suspected,0.0,8.9913,
25.3,-0.1,1.7000000000000002,37.874,1.967,10,glass,0.1,9.1293,0,solar_suspected,0.0,9.1293,
25.3,-0.1,1.9000000000000001,37.591,0.0,1,glass,0.1,8.8012,0,solar_suspected,0.0,8.8012,
25.3,1.7000000000000002,1.7000000000000002,40.939,0.0,1,glass,0.1,12.6829,0,solar_suspected,16.97,10.2241,sud_direct_diffuse
25.5,-0.5,1.7000000000000002,39.31,1.098,14,glass,0.1,10.7942,0,solar_suspected,0.0,10.7942,
25.5,-0.30000000000000004,1.7000000000000002,38.892,1.875,6,glass,0.1,10.3096,0,solar_suspected,0.0,10.3096,
25.5,-0.1,1.7000000000000002,38.747,1.808,5,glass,0.1,10.1414,0,solar_suspected,0.0,10.1414,
25.700000000000003,-0.5,0.9,37.351,1.295,2,glass,0.1,8.5229,0,solar_suspected,0.0,8.5229,
25.700000000000003,-0.5,1.7000000000000002,38.767,0.0,1,glass,0.1,10.1646,0,solar_suspected,0.0,10.1646,
25.700000000000003,-0.30000000000000004,0.9,37.811,1.338,3,glass,0.1,9.0562,0,solar_suspected,0.0,9.0562,
25.700000000000003,-0.30000000000000004,1.1,37.777,1.424,12,glass,0.1,9.0168,0,solar_suspected,0.0,9.0168,
25.700000000000003,-0.30000000000000004,1.3,38.497,1.606,3,glass,0.1,9.8516,0,solar_suspected,0.0,9.8516,
26.1,-0.30000000000000004,0.9,37.217,1.379,2,glass,0.1,8.3675,0,solar_suspected,0.0,8.3675,
26.1,-0.30000000000000004,1.1,37.59,1.257,12,glass,0.1,8.8,0,solar_suspected,0.0,8.8,
26.1,-0.30000000000000004,1.3,38.924,0.651,3,glass,0.1,10.3467,0,solar_suspected,0.0,10.3467,
26.1,0.5,1.9000000000000001,39.844,0.97,9,glass,0.1,11.4133,0,solar_suspected,0.0,11.4133,
26.1,0.7000000000000001,1.5,39.075,0.0,1,glass,0.1,10.5217,0,solar_suspected,0.0,10.5217,
26.1,0.7000000000000001,1.7000000000000002,37.959,0.808,3,glass,0.1,9.2278,0,solar_suspected,0.0,9.2278,
26.1,0.7000000000000001,1.9000000000000001,39.451,1.134,33,glass,0.1,10.9577,0,solar_suspected,0.0,10.9577,
26.1,0.9,1.7000000000000002,34.802,0.0,1,glass,0.1,5.5675,1,,0.0,5.5675,
26.1,0.9,1.9000000000000001,40.172,0.894,5,glass,0.1,11.7936,0,solar_suspected,0.0,11.7936,
26.1,1.1,1.9000000000000001,39.477,1.924,22,glass,0.1,10.9878,0,solar_suspected,0.0,10.9878,
26.1,1.3,1.5,37.741,0.0,1,glass,0.1,8.9751,0,solar_suspected,0.0,8.9751,
26.1,1.3,1.7000000000000002,35.762,0.0,1,glass,0.1,6.6806,1,,0.0,6.6806,
26.1,1.3,1.9000000000000001,39.092,1.946,45,glass,0.1,10.5414,0,solar_suspected,0.0,10.5414,
26.1,1.5,1.9000000000000001,40.77,0.272,4,glass,0.1,12.487,0,solar_suspected,16.97,10.0282,sud_direct_diffuse
26.5,0.30000000000000004,1.9000000000000001,40.895,0.0,1,glass,0.1,12.6319,0,solar_suspected,0.0,12.6319,
26.900000000000002,-0.30000000000000004,1.7000000000000002,35.076,0.0,1,glass,0.1,5.8852,1,,0.0,5.8852,
27.5,-0.30000000000000004,1.7000000000000002,36.588,2.023,2,glass,0.1,7.6383,1,,0.0,7.6383,
27.700000000000003,-0.30000000000000004,1.1,40.692,0.0,1,glass,0.1,12.3965,0,solar_suspected,0.0,12.3965,
27.700000000000003,-0.30000000000000004,1.3,39.183,0.488,2,glass,0.1,10.647,0,solar_suspected,0.0,10.647,
27.700000000000003,-0.30000000000000004,1.5,40.931,0.0,1,glass,0.1,12.6736,0,solar_suspected,0.0,12.6736,
27.700000000000003,-0.30000000000000004,1.7000000000000002,38.551,0.0,1,painted_metal,0.65,9.9142,0,solar_suspected,0.0,9.9142,
27.900000000000002,-0.30000000000000004,1.3,37.78,1.651,2,glass,0.1,9.0203,0,solar_suspected,0.0,9.0203,
28.1,-0.30000000000000004,1.1,40.229,0.0,1,glass,0.1,11.8597,0,solar_suspected,0.0,11.8597,
28.1,-0.30000000000000004,1.3,38.539,0.05,2,glass,0.1,9.9003,0,solar_suspected,0.0,9.9003,
28.1,-0.30000000000000004,1.5,40.138,0.0,1,glass,0.1,11.7542,0,solar_suspected,0.0,11.7542,
28.1,-0.30000000000000004,1.7000000000000002,39.73,0.0,1,glass,0.1,11.2812,0,solar_suspected,0.0,11.2812,
28.1,-0.1,1.7000000000000002,39.731,0.0,1,glass,0.1,11.2823,0,solar_suspected,0.0,11.2823,
29.700000000000003,-0.7000000000000001,1.5,37.306,1.248,2,glass,0.1,8.4707,0,solar_suspected,8.83,7.1909,nord_diffuse_only
29.700000000000003,-0.5,1.7000000000000002,36.512,0.041,2,glass,0.1,7.5501,1,,0.0,7.5501,
29.900000000000002,-0.7000000000000001,1.7000000000000002,36.909,0.0,1,painted_metal,0.65,8.0104,0,solar_suspected,57.4,-0.3082,nord_diffuse_only
29.900000000000002,-0.5,1.3,38.539,0.014,2,glass,0.1,9.9003,0,solar_suspected,0.0,9.9003,
29.900000000000002,-0.30000000000000004,1.5,39.723,0.0,1,glass,0.1,11.273,0,solar_suspected,0.0,11.273,
29.900000000000002,-0.30000000000000004,1.7000000000000002,36.364,0.0,1,glass,0.1,7.3786,1,,0.0,7.3786,
29.900000000000002,-0.30000000000000004,1.9000000000000001,36.874,0.0,1,glass,0.1,7.9699,1,,0.0,7.9699,
29.900000000000002,-0.1,1.1,36.82,0.731,2,glass,0.1,7.9072,1,,0.0,7.9072,
29.900000000000002,-0.1,1.3,36.256,0.0,1,glass,0.1,7.2533,1,,0.0,7.2533,
29.900000000000002,-0.1,1.5,35.788,0.943,2,glass,0.1,6.7107,1,,0.0,6.7107,
29.900000000000002,-0.1,1.7000000000000002,35.29,0.0,1,glass,0.1,6.1333,1,,0.0,6.1333,
29.900000000000002,-0.1,1.9000000000000001,37.778,0.0,1,glass,0.1,9.018,0,solar_suspected,0.0,9.018,
29.900000000000002,0.1,1.3,36.144,0.0,1,glass,0.1,7.1235,1,,0.0,7.1235,
29.900000000000002,0.1,1.5,36.739,0.742,8,glass,0.1,7.8133,1,,0.0,7.8133,
29.900000000000002,0.1,1.9000000000000001,36.05,0.0,1,glass,0.1,7.0145,1,,0.0,7.0145,
29.900000000000002,0.30000000000000004,1.7000000000000002,37.404,0.0,1,glass,0.1,8.5843,0,solar_suspected,0.0,8.5843,
